obj1,obj2,seed,wall_time_min,point_index
4.0927788705457,-330.35189974059693,1781379615,159.31666666666666,0
-3.992475739064995,-336.6585760960983,1781379615,159.31666666666666,1
-1.0372396623888371,-333.5924883534514,1781379615,159.31666666666666,2
-1.0242713841079158,-335.49073594808567,1781379615,159.31666666666666,3
-4.698954850400222,-332.810787757238,1781379615,159.31666666666666,4
0.8680975983568409,-361.16259590784665,1781379615,159.31666666666666,5
-3.1567084000320618,-353.23244042197865,1781379615,159.31666666666666,6
-9.874636315663157,-343.09672149022407,1781379615,159.31666666666666,7
4.446643541029356,-347.2577110379932,1781379615,159.31666666666666,8
-7.795669465946107,-345.81908449033824,1781379615,159.31666666666666,9
-7.556638632867251,-343.9872054109963,1781379615,159.31666666666666,10
-3.632294609066097,-336.60515317693296,1781379615,159.31666666666666,11
1.409465174879002,-336.07424763838446,1781379615,159.31666666666666,12
-0.897271183199551,-322.22068443894364,1781379615,159.31666666666666,13
3.837612175334576,-326.2689010699588,1781379615,159.31666666666666,14
-0.8974355349734474,-318.9310699452959,1781379615,159.31666666666666,15
-4.770600042912526,-317.8860367387535,1781379615,159.31666666666666,16
-8.30840252580372,-301.02516838287306,1781379615,159.31666666666666,17
-4.7449416901361365,-291.4607124874992,1781379615,159.31666666666666,18
-7.090899176825883,-290.7570953021446,1781379615,159.31666666666666,19
-7.2032080374142975,-279.82677947357297,1781379615,159.31666666666666,20
-1.2874063134648717,-260.73110279937595,1781379615,159.31666666666666,21
0.6930671248438249,-245.54659988979515,1781379615,159.31666666666666,22
6.0422078211559125,-236.3531875250243,1781379615,159.31666666666666,23
7.590682392808365,-224.45572888975332,1781379615,159.31666666666666,24
-0.7493560170427073,-197.591301626836,1781379615,159.31666666666666,25
6.306889338762015,-193.6444995875161,1781379615,159.31666666666666,26
13.3955229136997,-164.20943478556978,1781379615,159.31666666666666,27
11.335126325293214,-149.062824493895,1781379615,159.31666666666666,28
5.049137483660209,-142.00953421990067,1781379615,159.31666666666666,29
18.86492994178935,-119.16050862645112,1781379615,159.31666666666666,30
23.79335011850632,-108.78611462935795,1781379615,159.31666666666666,31
13.791529169495949,-258.9301565339169,1781379615,159.31666666666666,32
15.984136242128338,-252.83380837614337,1781379615,159.31666666666666,33
40.77842417480413,-260.0957862933479,1781379615,159.31666666666666,34
63.59143703983051,-261.38602626572066,1781379615,159.31666666666666,35
150.16413790193735,-312.5919001003107,1781379615,159.31666666666666,36
160.73559923514358,-323.3013715942698,1781379615,159.31666666666666,37
165.8715384196176,-339.45397484054195,1781379615,159.31666666666666,38
199.08447322640245,-394.1470473557709,1781379615,159.31666666666666,39
222.45985632422563,-422.87219694753503,1781379615,159.31666666666666,40
223.9852907273589,-461.12226765851216,1781379615,159.31666666666666,41
110.79482533103008,-315.07341281821374,1781379615,159.31666666666666,42
262.34564882961854,-475.81836139162345,1781379615,159.31666666666666,43
259.62211208215297,-500.1388595104217,1781379615,159.31666666666666,44
275.3207924202303,-512.4422762195265,1781379615,159.31666666666666,45
266.8581324045791,-522.3372174799438,1781379615,159.31666666666666,46
272.8738616284742,-519.1214425414795,1781379615,159.31666666666666,47
291.9867915959397,-533.8586403777202,1781379615,159.31666666666666,48
154.59470699177737,-371.7311856200299,1781379615,159.31666666666666,49
303.0217311152368,-529.5913237296045,1781379615,159.31666666666666,50
307.4405167460622,-543.0609675943851,1781379615,159.31666666666666,51
316.3609284452514,-531.5818626036252,1781379615,159.31666666666666,52
320.65860406859974,-536.7332903395095,1781379615,159.31666666666666,53
326.65332164205,-547.8349332747363,1781379615,159.31666666666666,54
337.507048232034,-532.5635688900948,1781379615,159.31666666666666,55
357.87516986145755,-524.2830508599673,1781379615,159.31666666666666,56
242.3642171217072,-397.4227437342829,1781379615,159.31666666666666,57
339.6064812935684,-513.1906832704935,1781379615,159.31666666666666,58
342.36395417467503,-491.6056650231284,1781379615,159.31666666666666,59
350.8125538827121,-492.13114204257687,1781379615,159.31666666666666,60
355.53709649057066,-482.726558356235,1781379615,159.31666666666666,61
350.0089001895497,-459.2935929683347,1781379615,159.31666666666666,62
339.13730596093745,-443.9585576703154,1781379615,159.31666666666666,63
340.23064491042953,-422.8922053103644,1781379615,159.31666666666666,64
327.481360134719,-413.8928454058863,1781379615,159.31666666666666,65
331.3217237475195,-398.6227901342014,1781379615,159.31666666666666,66
327.3077779300233,-376.6875442912181,1781379615,159.31666666666666,67
329.74618417813133,-353.9159413563716,1781379615,159.31666666666666,68
318.9955871849048,-345.5585309962427,1781379615,159.31666666666666,69
309.0879592514783,-328.3850016792616,1781379615,159.31666666666666,70
307.22564774025574,-321.296246652802,1781379615,159.31666666666666,71
310.9145649996355,-313.3012981961171,1781379615,159.31666666666666,72
312.3730597214188,-302.3445619223643,1781379615,159.31666666666666,73
313.50881886322054,-308.2319117536147,1781379615,159.31666666666666,74
298.44431879972365,-300.16764077326906,1781379615,159.31666666666666,75
304.58415833218515,-299.5202248245477,1781379615,159.31666666666666,76
310.0157116908159,-301.6641349121923,1781379615,159.31666666666666,77
311.29698275158864,-303.6521989429987,1781379615,159.31666666666666,78
316.3043345994745,-306.2260865885765,1781379615,159.31666666666666,79
312.42246881235565,-297.04169099964207,1781379615,159.31666666666666,80
326.547130620091,-303.3686987559,1781379615,159.31666666666666,81
320.6622063028917,-309.6560410186654,1781379615,159.31666666666666,82
322.17823595069274,-309.7835675428314,1781379615,159.31666666666666,83
331.05487635121693,-318.42965274925047,1781379615,159.31666666666666,84
324.7450849946114,-315.362190189461,1781379615,159.31666666666666,85
324.0406536929588,-317.3966239225119,1781379615,159.31666666666666,86
342.9978445845753,-333.4223004207016,1781379615,159.31666666666666,87
333.36206931613253,-334.3485391748444,1781379615,159.31666666666666,88
349.9958713924424,-343.8903779226046,1781379615,159.31666666666666,89
351.81033901137323,-349.69286549588065,1781379615,159.31666666666666,90
361.87228676193536,-363.5736809770267,1781379615,159.31666666666666,91
358.55236540857766,-363.1960313469176,1781379615,159.31666666666666,92
365.3707391256905,-361.4911271731064,1781379615,159.31666666666666,93
361.4778619863071,-372.1464630439879,1781379615,159.31666666666666,94
370.60885909414026,-367.6879297147195,1781379615,159.31666666666666,95
361.1253454256232,-367.0180742194253,1781379615,159.31666666666666,96
369.3071854419608,-372.7725646942851,1781379615,159.31666666666666,97
367.8098737255488,-372.6527588218452,1781379615,159.31666666666666,98
362.72993787564906,-376.7505376736325,1781379615,159.31666666666666,99
384.27313583149305,-379.6463337962825,1781379615,159.31666666666666,100
382.75062650800487,-370.2724767550827,1781379615,159.31666666666666,101
388.8922302455288,-381.37355718016624,1781379615,159.31666666666666,102
380.0839932581789,-378.294268488884,1781379615,159.31666666666666,103
392.5064470169072,-375.4549113462369,1781379615,159.31666666666666,104
397.4287632148123,-372.78246998786966,1781379615,159.31666666666666,105
393.2082105856374,-371.69373659292825,1781379615,159.31666666666666,106
397.9371128387392,-380.1990068852903,1781379615,159.31666666666666,107
405.1499949159239,-381.0134715909756,1781379615,159.31666666666666,108
396.55388009594094,-376.2074604307611,1781379615,159.31666666666666,109
408.8554735010836,-379.2460601528479,1781379615,159.31666666666666,110
412.8987973046042,-378.34699360281166,1781379615,159.31666666666666,111
417.16584994459777,-373.3605333144464,1781379615,159.31666666666666,112
430.3714909626545,-382.2686349352194,1781379615,159.31666666666666,113
425.0794335384173,-386.354195155203,1781379615,159.31666666666666,114
432.8571669351434,-377.1382342229291,1781379615,159.31666666666666,115
442.0454078738946,-380.3556319971885,1781379615,159.31666666666666,116
431.63403199663753,-388.8754407068094,1781379615,159.31666666666666,117
422.4934136004424,-393.6928234274186,1781379615,159.31666666666666,118
452.7197567747551,-387.9521012504893,1781379615,159.31666666666666,119
443.85256244681926,-388.4187540809315,1781379615,159.31666666666666,120
370.5890713450084,-363.5245745579402,1781379615,159.31666666666666,121
433.0798568298379,-397.9171097179256,1781379615,159.31666666666666,122
442.61704021440016,-403.7926833182573,1781379615,159.31666666666666,123
470.4469703498128,-398.3810235013567,1781379615,159.31666666666666,124
474.1181359763492,-387.9744416077931,1781379615,159.31666666666666,125
476.9300663724577,-393.2098274926343,1781379615,159.31666666666666,126
477.29552392417526,-390.98393872628617,1781379615,159.31666666666666,127
473.76095997723576,-394.16686929265705,1781379615,159.31666666666666,128
473.9530914188642,-394.34037193656,1781379615,159.31666666666666,129
487.0643950413117,-399.5101083417739,1781379615,159.31666666666666,130
506.6219422948151,-402.63548775265633,1781379615,159.31666666666666,131
470.72214379028014,-407.2596404254433,1781379615,159.31666666666666,132
499.8264160126757,-394.2001716693239,1781379615,159.31666666666666,133
505.32913715100034,-402.4553670535484,1781379615,159.31666666666666,134
508.6706751803167,-398.46941607693833,1781379615,159.31666666666666,135
493.5895504121802,-390.6497344126305,1781379615,159.31666666666666,136
500.1352000347175,-393.0028201738997,1781379615,159.31666666666666,137
510.18079508471584,-387.4677011917038,1781379615,159.31666666666666,138
502.6919710245915,-379.6278042445577,1781379615,159.31666666666666,139
523.6436758425326,-390.553119301796,1781379615,159.31666666666666,140
513.4204050599797,-386.3272505303215,1781379615,159.31666666666666,141
510.140381489399,-389.6428025638061,1781379615,159.31666666666666,142
504.9231708543713,-381.9358919262884,1781379615,159.31666666666666,143
518.2483018619445,-375.0543934951232,1781379615,159.31666666666666,144
508.3061512939437,-372.0156005347769,1781379615,159.31666666666666,145
532.6104566104286,-375.6426087419197,1781379615,159.31666666666666,146
524.7240073172379,-368.8582981899379,1781379615,159.31666666666666,147
522.8602215966005,-379.76675303777057,1781379615,159.31666666666666,148
514.3225258271003,-369.9420049215354,1781379615,159.31666666666666,149
521.1077626831205,-370.46331124256056,1781379615,159.31666666666666,150
520.2454775800957,-360.0903784185654,1781379615,159.31666666666666,151
533.1334457546026,-342.86426806201524,1781379615,159.31666666666666,152
537.0336263496865,-351.643856920302,1781379615,159.31666666666666,153
534.6545859323769,-341.31375895688905,1781379615,159.31666666666666,154
516.5850797246967,-339.920037592451,1781379615,159.31666666666666,155
503.16580499871856,-341.59197143713646,1781379615,159.31666666666666,156
523.7660763517206,-339.47829194366955,1781379615,159.31666666666666,157
529.8243251797408,-340.6836556009952,1781379615,159.31666666666666,158
539.0626051192133,-336.3088534933827,1781379615,159.31666666666666,159
546.7836744126206,-346.91997699936275,1781379615,159.31666666666666,160
531.7556194629088,-338.0491302932307,1781379615,159.31666666666666,161
519.3702096653741,-337.307171984265,1781379615,159.31666666666666,162
561.2492718990366,-344.60074965034914,1781379615,159.31666666666666,163
512.3585481587727,-349.9211535106102,1781379615,159.31666666666666,164
569.8603731321274,-354.8534071079136,1781379615,159.31666666666666,165
532.3066604916584,-350.24093976865186,1781379615,159.31666666666666,166
518.45167895897,-347.02907311171305,1781379615,159.31666666666666,167
529.5485698088714,-345.7677144072949,1781379615,159.31666666666666,168
551.4326912128846,-350.76349698503805,1781379615,159.31666666666666,169
536.6420771444625,-345.9212871740264,1781379615,159.31666666666666,170
566.3071404857833,-356.62218775476,1781379615,159.31666666666666,171
543.4104600235305,-355.18208360796217,1781379615,159.31666666666666,172
544.509783965772,-348.4009515767298,1781379615,159.31666666666666,173
545.9403420838312,-351.16089249650577,1781379615,159.31666666666666,174
535.901809943149,-339.3992072728772,1781379615,159.31666666666666,175
556.1293177817985,-338.00632406274434,1781379615,159.31666666666666,176
550.4292800750611,-331.7979363929482,1781379615,159.31666666666666,177
565.8845312614914,-342.810699113955,1781379615,159.31666666666666,178
558.0333569829882,-338.78078210726386,1781379615,159.31666666666666,179
557.3119536173515,-333.6661767810583,1781379615,159.31666666666666,180
565.4493029984415,-330.13384887017287,1781379615,159.31666666666666,181
568.2130692315981,-329.8615142162889,1781379615,159.31666666666666,182
575.0962193247253,-324.7180246226493,1781379615,159.31666666666666,183
556.7498461537502,-330.060484778757,1781379615,159.31666666666666,184
574.2249024569013,-325.5834677169723,1781379615,159.31666666666666,185
583.9234202505693,-324.2681161686777,1781379615,159.31666666666666,186
591.6406818200793,-329.911640105769,1781379615,159.31666666666666,187
573.5511868028667,-330.0689871832729,1781379615,159.31666666666666,188
573.5531798191489,-335.3040715083483,1781379615,159.31666666666666,189
588.0146174123513,-327.4157729695238,1781379615,159.31666666666666,190
583.2800255436362,-323.0961375584204,1781379615,159.31666666666666,191
564.3095848104866,-331.73618361291807,1781379615,159.31666666666666,192
575.8908998314593,-323.84516108718987,1781379615,159.31666666666666,193
558.3738469432685,-330.34309107437747,1781379615,159.31666666666666,194
565.7916292278522,-327.1516306015352,1781379615,159.31666666666666,195
580.4604182616458,-338.1133949297172,1781379615,159.31666666666666,196
594.5846295278243,-329.18794324373204,1781379615,159.31666666666666,197
599.1398862652428,-319.8113588994987,1781379615,159.31666666666666,198
569.9868236233763,-316.761573693404,1781379615,159.31666666666666,199
568.2478713921571,-346.4546991145853,1781379615,159.31666666666666,200
584.9031244515099,-324.1808785349129,1781379615,159.31666666666666,201
569.9407748067426,-347.4049781517439,1781379615,159.31666666666666,202
563.4082623928587,-326.3418363978462,1781379615,159.31666666666666,203
543.3767205051286,-306.0918653712921,1781379615,159.31666666666666,204
577.3907714274899,-316.3914519889902,1781379615,159.31666666666666,205
230.4901132294085,-343.68279573321314,1781379615,159.31666666666666,206
557.298052101117,-313.1921833008528,1781379615,159.31666666666666,207
573.5155618115379,-309.1776568349451,1781379615,159.31666666666666,208
570.9450258903113,-324.7623853807646,1781379615,159.31666666666666,209
594.6003226850471,-334.0237473100419,1781379615,159.31666666666666,210
554.0000048122483,-338.6253660569587,1781379615,159.31666666666666,211
580.5356278566617,-321.80694577594574,1781379615,159.31666666666666,212
597.4469969567087,-322.1709047115094,1781379615,159.31666666666666,213
591.2226260329415,-325.75714620451134,1781379615,159.31666666666666,214
587.9430163192429,-314.9096230609963,1781379615,159.31666666666666,215
572.5726375800245,-333.58358494068176,1781379615,159.31666666666666,216
579.6677952859876,-326.6835578841465,1781379615,159.31666666666666,217
573.6236958379058,-331.90602274363204,1781379615,159.31666666666666,218
582.635248738095,-332.6224394887683,1781379615,159.31666666666666,219
580.6240789811941,-323.68493285154307,1781379615,159.31666666666666,220
589.0930699978984,-327.2760674431924,1781379615,159.31666666666666,221
567.4413099848638,-336.2689329211909,1781379615,159.31666666666666,222
391.8410846401209,-287.0254902640977,1781379615,159.31666666666666,223
570.4026943436945,-306.2078636648755,1781379615,159.31666666666666,224
570.2226445980077,-323.92423881590344,1781379615,159.31666666666666,225
578.6086020214659,-325.7531950461372,1781379615,159.31666666666666,226
585.1386132580618,-335.8978952138376,1781379615,159.31666666666666,227
541.1923688968238,-349.3289178057264,1781379615,159.31666666666666,228
560.5971895409652,-343.903101220727,1781379615,159.31666666666666,229
572.9141840550677,-327.2642092580596,1781379615,159.31666666666666,230
597.3819791174697,-325.4978112466637,1781379615,159.31666666666666,231
577.3848731971243,-336.3401925588648,1781379615,159.31666666666666,232
599.0892996416565,-344.89554903780413,1781379615,159.31666666666666,233
574.3315020821656,-334.89629588772846,1781379615,159.31666666666666,234
592.4710253345131,-335.3893314289556,1781379615,159.31666666666666,235
600.2172033407263,-336.6740624681114,1781379615,159.31666666666666,236
595.0164620740692,-334.22744423896086,1781379615,159.31666666666666,237
600.7638012323704,-353.45611348251504,1781379615,159.31666666666666,238
568.764452750387,-348.89290765548736,1781379615,159.31666666666666,239
537.3576349181798,-360.9195432662962,1781379615,159.31666666666666,240
574.5051130515819,-335.5770692974327,1781379615,159.31666666666666,241
592.4013894459497,-343.75536906595033,1781379615,159.31666666666666,242
583.0993873325722,-338.9147009700537,1781379615,159.31666666666666,243
560.1082687099725,-340.72751489654195,1781379615,159.31666666666666,244
580.1677894939918,-329.34270762279607,1781379615,159.31666666666666,245
568.5840751893828,-323.688871529574,1781379615,159.31666666666666,246
560.9319186339291,-303.15664361044844,1781379615,159.31666666666666,247
582.0495210702061,-308.95490847093384,1781379615,159.31666666666666,248
580.6785327803409,-316.9378378521651,1781379615,159.31666666666666,249
543.4561274740724,-321.2062761969861,1781379615,159.31666666666666,250
605.5750519051107,-318.3919182891645,1781379615,159.31666666666666,251
584.4408911331612,-336.12634800001973,1781379615,159.31666666666666,252
585.0765291532427,-323.65272236553375,1781379615,159.31666666666666,253
546.4265398164631,-326.4258568882942,1781379615,159.31666666666666,254
581.8511014133437,-314.89838138408953,1781379615,159.31666666666666,255
588.5572368933513,-323.78785193401063,1781379615,159.31666666666666,256
572.7641350290405,-312.39438679876406,1781379615,159.31666666666666,257
586.7334054816048,-317.79290951229586,1781379615,159.31666666666666,258
589.034440793364,-319.6056079057355,1781379615,159.31666666666666,259
591.7229399459939,-317.6686688512565,1781379615,159.31666666666666,260
580.3823381224468,-317.2845235591135,1781379615,159.31666666666666,261
592.9356522134352,-320.522542582825,1781379615,159.31666666666666,262
541.9386687132499,-332.8594079017638,1781379615,159.31666666666666,263
583.3640785963387,-322.2312438935045,1781379615,159.31666666666666,264
599.1799420485636,-335.6284367193775,1781379615,159.31666666666666,265
595.5787012916784,-334.795101602872,1781379615,159.31666666666666,266
607.6336264897302,-350.63683393535445,1781379615,159.31666666666666,267
580.2826699688729,-342.7575980288288,1781379615,159.31666666666666,268
582.3271558291586,-341.51049787675385,1781379615,159.31666666666666,269
590.5238497622106,-325.6082096699004,1781379615,159.31666666666666,270
603.7304639035065,-332.470379130294,1781379615,159.31666666666666,271
590.5049238604298,-322.058245398104,1781379615,159.31666666666666,272
586.7593110443871,-331.1381045778595,1781379615,159.31666666666666,273
585.9090423651285,-320.1009996446475,1781379615,159.31666666666666,274
597.4355132927524,-328.7631456951298,1781379615,159.31666666666666,275
585.7038480560867,-318.45970283945354,1781379615,159.31666666666666,276
586.1342959380594,-325.3691583822172,1781379615,159.31666666666666,277
582.5884496315412,-325.65518790483503,1781379615,159.31666666666666,278
592.0207480111231,-337.21218921554583,1781379615,159.31666666666666,279
603.6068631165393,-338.259164839983,1781379615,159.31666666666666,280
616.2777122399665,-345.69365779915825,1781379615,159.31666666666666,281
625.1407741956756,-355.51372667774524,1781379615,159.31666666666666,282
579.6889434261353,-340.3337473869327,1781379615,159.31666666666666,283
602.6192535140759,-334.1030082876482,1781379615,159.31666666666666,284
581.0053741562895,-347.5196953391039,1781379615,159.31666666666666,285
616.9652417999146,-331.1741745745142,1781379615,159.31666666666666,286
411.3100976318708,-395.0802747383714,1781379615,159.31666666666666,287
578.0446829863505,-330.3332717828454,1781379615,159.31666666666666,288
134.23916639592724,-386.7854100664456,1781379615,159.31666666666666,289
536.9262956229253,-332.6618189935884,1781379615,159.31666666666666,290
574.402276735673,-340.9966090619563,1781379615,159.31666666666666,291
592.6190533586772,-329.4390737904855,1781379615,159.31666666666666,292
588.7782386835167,-319.6008601784707,1781379615,159.31666666666666,293
598.680929453845,-318.6368239534403,1781379615,159.31666666666666,294
563.488107159527,-321.9978710133582,1781379615,159.31666666666666,295
583.7445072548016,-323.7343923921387,1781379615,159.31666666666666,296
603.358961515826,-333.9654784972468,1781379615,159.31666666666666,297
595.9053969407579,-315.97854502995784,1781379615,159.31666666666666,298
566.0686175462212,-326.8370357130964,1781379615,159.31666666666666,299
574.0519920869664,-340.88406137377007,1781379615,159.31666666666666,300
610.8045739220456,-329.17204151550953,1781379615,159.31666666666666,301
588.329013559014,-324.120777433118,1781379615,159.31666666666666,302
548.4216223810788,-348.0967034921052,1781379615,159.31666666666666,303
565.8282406581911,-318.30790708214033,1781379615,159.31666666666666,304
559.5954733641397,-319.2070372855914,1781379615,159.31666666666666,305
588.9469725976271,-329.46624257291364,1781379615,159.31666666666666,306
570.484293743759,-340.68075853834546,1781379615,159.31666666666666,307
577.4844721418676,-345.845282990486,1781379615,159.31666666666666,308
578.636127998564,-314.07858457540465,1781379615,159.31666666666666,309
582.4190913199969,-329.5016466733064,1781379615,159.31666666666666,310
584.0803310236972,-336.39897604410845,1781379615,159.31666666666666,311
582.4417808165083,-321.6658895698687,1781379615,159.31666666666666,312
578.5883036243586,-326.82086190270894,1781379615,159.31666666666666,313
590.6881457242769,-320.3604011374211,1781379615,159.31666666666666,314
598.7416459100695,-323.4081039838494,1781379615,159.31666666666666,315
584.1623669869442,-321.29403870056075,1781379615,159.31666666666666,316
596.3694099398011,-317.154881045843,1781379615,159.31666666666666,317
567.30698291617,-310.59013051912206,1781379615,159.31666666666666,318
601.4118414753248,-326.60223574687984,1781379615,159.31666666666666,319
574.496453884143,-316.36036353558325,1781379615,159.31666666666666,320
594.6923456631434,-319.8639767784627,1781379615,159.31666666666666,321
602.2196384079047,-330.6491971686482,1781379615,159.31666666666666,322
590.789239201102,-332.2338776079313,1781379615,159.31666666666666,323
591.9437487574993,-329.0887006136279,1781379615,159.31666666666666,324
584.4123705432679,-342.43335079525855,1781379615,159.31666666666666,325
590.6627349914446,-324.80805959179986,1781379615,159.31666666666666,326
594.7260662088138,-325.2770027685912,1781379615,159.31666666666666,327
602.0216145944437,-327.0539763395983,1781379615,159.31666666666666,328
596.1504110521361,-312.8320272925,1781379615,159.31666666666666,329
608.9553986992622,-331.57740974053706,1781379615,159.31666666666666,330
610.7337994605646,-325.7292135941493,1781379615,159.31666666666666,331
600.9138701583615,-320.84549306333054,1781379615,159.31666666666666,332
611.0268580286112,-317.3150398929914,1781379615,159.31666666666666,333
586.2213695240165,-336.44799247508183,1781379615,159.31666666666666,334
620.5145393089209,-330.5274629189328,1781379615,159.31666666666666,335
590.2706928481555,-330.33002634594914,1781379615,159.31666666666666,336
551.3088092335181,-335.947990766416,1781379615,159.31666666666666,337
597.9120452464983,-333.77331734386536,1781379615,159.31666666666666,338
596.6952575118494,-347.4975898756338,1781379615,159.31666666666666,339
604.286540583638,-317.38334066855447,1781379615,159.31666666666666,340
605.391342727035,-324.49318128762104,1781379615,159.31666666666666,341
602.9499201547198,-331.4973133529228,1781379615,159.31666666666666,342
594.6422799759735,-318.577407502259,1781379615,159.31666666666666,343
596.8493252380566,-328.9422996317349,1781379615,159.31666666666666,344
602.820197456536,-321.2018604946012,1781379615,159.31666666666666,345
602.020872504291,-324.6364203852911,1781379615,159.31666666666666,346
601.8529295977645,-323.2496253556263,1781379615,159.31666666666666,347
603.9423897894737,-317.2829561394946,1781379615,159.31666666666666,348
604.7615148965688,-323.30050845692523,1781379615,159.31666666666666,349
616.5487054967202,-333.1769798230377,1781379615,159.31666666666666,350
602.1539702298169,-310.37315375606227,1781379615,159.31666666666666,351
600.9841420615963,-310.87041727236146,1781379615,159.31666666666666,352
607.8604598127746,-314.7563196954632,1781379615,159.31666666666666,353
569.7125010032977,-323.51223384775204,1781379615,159.31666666666666,354
589.8159926972727,-320.11407077126194,1781379615,159.31666666666666,355
615.5669756444969,-326.41857118904574,1781379615,159.31666666666666,356
593.3537022854741,-308.80127693961094,1781379615,159.31666666666666,357
590.0341511036739,-319.5364472093061,1781379615,159.31666666666666,358
603.1737761407556,-303.4096027997633,1781379615,159.31666666666666,359
612.6490605467959,-313.76317965425505,1781379615,159.31666666666666,360
593.021423179293,-312.2309304839005,1781379615,159.31666666666666,361
608.3183458616048,-305.6475062202664,1781379615,159.31666666666666,362
615.9859509329508,-308.6409832301235,1781379615,159.31666666666666,363
588.0979708954087,-310.9571021211642,1781379615,159.31666666666666,364
616.6699270205046,-322.5120696807279,1781379615,159.31666666666666,365
618.4937407786658,-317.5545654806,1781379615,159.31666666666666,366
633.9092681087707,-324.67462846698885,1781379615,159.31666666666666,367
621.2847200113498,-334.2170708825189,1781379615,159.31666666666666,368
610.3919380544829,-328.5308983201782,1781379615,159.31666666666666,369
614.1813745124614,-329.8589004017414,1781379615,159.31666666666666,370
626.4979622413698,-317.9675049707292,1781379615,159.31666666666666,371
605.2774677774187,-315.56306723753653,1781379615,159.31666666666666,372
619.6929443253663,-328.55596678766074,1781379615,159.31666666666666,373
625.5813734634482,-345.3158677701524,1781379615,159.31666666666666,374
610.5202978872729,-326.3329736739399,1781379615,159.31666666666666,375
629.4862529938631,-340.2607404738662,1781379615,159.31666666666666,376
586.2188832308353,-337.4993764813988,1781379615,159.31666666666666,377
618.2196480011702,-338.0436900258069,1781379615,159.31666666666666,378
605.0901249428689,-354.22182348991385,1781379615,159.31666666666666,379
593.7351433857368,-333.65220506613394,1781379615,159.31666666666666,380
586.5926227283206,-356.016734927893,1781379615,159.31666666666666,381
615.2926706555004,-326.2002460310863,1781379615,159.31666666666666,382
615.5796942785821,-327.296746045817,1781379615,159.31666666666666,383
617.832903982101,-312.1266139919554,1781379615,159.31666666666666,384
615.0820939852216,-320.02397786577507,1781379615,159.31666666666666,385
580.061223199131,-340.6869668004415,1781379615,159.31666666666666,386
608.4235872917892,-327.0310562954591,1781379615,159.31666666666666,387
610.5568375456785,-337.0236952453851,1781379615,159.31666666666666,388
395.4455221053697,-436.2504963626467,1781379615,159.31666666666666,389
620.7903555122052,-319.60710619141673,1781379615,159.31666666666666,390
588.0183330842785,-326.4919647388158,1781379615,159.31666666666666,391
630.8546796395203,-333.8883539953581,1781379615,159.31666666666666,392
607.8082266107324,-337.9730918134255,1781379615,159.31666666666666,393
603.1806279928859,-324.39668967947347,1781379615,159.31666666666666,394
591.4056376999632,-326.67413464995724,1781379615,159.31666666666666,395
599.9609678266384,-324.5389209600789,1781379615,159.31666666666666,396
612.6292691825686,-319.6695045543211,1781379615,159.31666666666666,397
615.6812280479149,-309.2697242572907,1781379615,159.31666666666666,398
598.3770737301523,-327.9934018719945,1781379615,159.31666666666666,399
610.2931726887488,-324.749756254256,1781379615,159.31666666666666,400
601.747501938362,-311.7723483747491,1781379615,159.31666666666666,401
634.127634019963,-324.1940991828839,1781379615,159.31666666666666,402
616.8459482330891,-324.9938418219485,1781379615,159.31666666666666,403
605.8707056561516,-311.1525803996876,1781379615,159.31666666666666,404
598.2775672000198,-315.2431495301426,1781379615,159.31666666666666,405
621.263964432907,-317.63718231146527,1781379615,159.31666666666666,406
610.7556512574979,-329.70954854662216,1781379615,159.31666666666666,407
619.9695822011499,-326.06626006339985,1781379615,159.31666666666666,408
623.2269546822546,-325.13390060390026,1781379615,159.31666666666666,409
618.2700837113684,-318.7563325899346,1781379615,159.31666666666666,410
611.5111455197753,-335.8256609439848,1781379615,159.31666666666666,411
615.4695200625079,-334.20888820942446,1781379615,159.31666666666666,412
631.8623724806014,-328.6201016753905,1781379615,159.31666666666666,413
614.98861160992,-322.09032498920965,1781379615,159.31666666666666,414
622.009276757926,-324.6964741274718,1781379615,159.31666666666666,415
624.5817742916972,-313.7473926196493,1781379615,159.31666666666666,416
612.0795980776629,-315.5031378741071,1781379615,159.31666666666666,417
632.1676717687238,-319.9259861968458,1781379615,159.31666666666666,418
630.431467652168,-316.1873986000818,1781379615,159.31666666666666,419
623.3335131632974,-323.7366934331751,1781379615,159.31666666666666,420
613.15704572659,-311.75209641704987,1781379615,159.31666666666666,421
626.1678800738406,-332.4174296756586,1781379615,159.31666666666666,422
622.523998996624,-320.701324527462,1781379615,159.31666666666666,423
620.9630551984425,-323.18759527802445,1781379615,159.31666666666666,424
620.6013690903021,-321.57484005764144,1781379615,159.31666666666666,425
633.3891418917111,-321.3819774718331,1781379615,159.31666666666666,426
618.6251489367359,-317.5807698592545,1781379615,159.31666666666666,427
636.2094902166781,-322.41249008538745,1781379615,159.31666666666666,428
605.2265245585044,-322.2015755871932,1781379615,159.31666666666666,429
623.5345469708743,-329.6178312494104,1781379615,159.31666666666666,430
623.7259614565946,-309.71314563105483,1781379615,159.31666666666666,431
619.4656668364237,-307.5834539309145,1781379615,159.31666666666666,432
503.8565203153162,-326.5243986708424,1781379615,159.31666666666666,433
610.522553325784,-320.608046403776,1781379615,159.31666666666666,434
597.013749617292,-314.59599487669806,1781379615,159.31666666666666,435
633.0350584236402,-318.92632430419314,1781379615,159.31666666666666,436
611.4768398705471,-323.86998315031303,1781379615,159.31666666666666,437
591.4098760125958,-320.7795679476115,1781379615,159.31666666666666,438
625.5791363507225,-315.55183166762225,1781379615,159.31666666666666,439
427.9043683635821,-304.2203120477495,1781379615,159.31666666666666,440
623.6595700904783,-322.20414427667873,1781379615,159.31666666666666,441
619.7832108034529,-327.2298590186983,1781379615,159.31666666666666,442
648.2619331900215,-333.5768418808779,1781379615,159.31666666666666,443
625.4668640001636,-323.0345550191895,1781379615,159.31666666666666,444
637.5718518269825,-348.829637944698,1781379615,159.31666666666666,445
627.042662511989,-337.552727161906,1781379615,159.31666666666666,446
636.3599657928146,-329.163932232807,1781379615,159.31666666666666,447
634.6673003087427,-331.4275928946834,1781379615,159.31666666666666,448
240.95446943111304,-379.44131213550753,1781379615,159.31666666666666,449
642.5941978171752,-326.57985446788376,1781379615,159.31666666666666,450
650.0007623770888,-336.9894540489962,1781379615,159.31666666666666,451
629.7805019487748,-331.01808320079,1781379615,159.31666666666666,452
635.781170893281,-342.3891978835068,1781379615,159.31666666666666,453
636.5766638827627,-347.71030509968574,1781379615,159.31666666666666,454
607.7723185466343,-357.4621235678597,1781379615,159.31666666666666,455
604.9414658262439,-342.2074355507896,1781379615,159.31666666666666,456
634.3707945826371,-328.33185170032056,1781379615,159.31666666666666,457
629.5120811841748,-333.9754898423949,1781379615,159.31666666666666,458
629.2377800487156,-330.97692716432124,1781379615,159.31666666666666,459
622.3640174570656,-327.83339051281376,1781379615,159.31666666666666,460
631.64573087291,-334.6272869308792,1781379615,159.31666666666666,461
621.3987032276143,-333.4611575913925,1781379615,159.31666666666666,462
628.8810125260958,-326.2709732695173,1781379615,159.31666666666666,463
629.8455122937373,-324.4953343582647,1781379615,159.31666666666666,464
622.236974502402,-317.273348425825,1781379615,159.31666666666666,465
641.5995315617678,-329.4841996108495,1781379615,159.31666666666666,466
627.9936806547537,-328.42225483680795,1781379615,159.31666666666666,467
613.787104307485,-319.07923504834383,1781379615,159.31666666666666,468
608.7934016034694,-312.62471664821106,1781379615,159.31666666666666,469
627.0535344448248,-329.6705093470712,1781379615,159.31666666666666,470
642.2097747716908,-328.02935279781616,1781379615,159.31666666666666,471
628.3384948919244,-313.0599067099396,1781379615,159.31666666666666,472
609.3460048762938,-316.8132993200177,1781379615,159.31666666666666,473
614.1050776958185,-321.211945702633,1781379615,159.31666666666666,474
634.8462297967649,-318.1766793541613,1781379615,159.31666666666666,475
595.2494982250566,-329.4030945772924,1781379615,159.31666666666666,476
630.0848098588455,-327.60563651720673,1781379615,159.31666666666666,477
618.8447810160701,-321.90577889606385,1781379615,159.31666666666666,478
629.9935936088625,-329.3244797935086,1781379615,159.31666666666666,479
626.9992915940715,-335.37112816174823,1781379615,159.31666666666666,480
632.8499372257832,-325.2581263780599,1781379615,159.31666666666666,481
641.6467550825028,-322.53497366110435,1781379615,159.31666666666666,482
636.6469432444484,-331.7436254310108,1781379615,159.31666666666666,483
629.6856149798285,-341.4457875241834,1781379615,159.31666666666666,484
630.3841950943181,-321.7940368664764,1781379615,159.31666666666666,485
635.4278232929834,-327.188438400626,1781379615,159.31666666666666,486
630.6506418462897,-330.6389988909166,1781379615,159.31666666666666,487
624.6380174399593,-320.7015113184848,1781379615,159.31666666666666,488
633.2545383714894,-327.4609854631128,1781379615,159.31666666666666,489
630.4506209290953,-326.1687937304377,1781379615,159.31666666666666,490
613.731686158807,-324.55582152927906,1781379615,159.31666666666666,491
629.0120127020466,-335.96638936549454,1781379615,159.31666666666666,492
637.3752036208996,-332.901335945974,1781379615,159.31666666666666,493
659.979700784349,-333.6828017930192,1781379615,159.31666666666666,494
651.1648451896122,-338.61599577342486,1781379615,159.31666666666666,495
641.1048473797066,-326.118762926509,1781379615,159.31666666666666,496
623.174661154397,-327.3642938087387,1781379615,159.31666666666666,497
598.9148636935406,-335.01491433257814,1781379615,159.31666666666666,498
655.353323980552,-334.7657521367074,1781379615,159.31666666666666,499
-3.1828886066562787,-334.3040544092656,1781379610,159.4,0
0.9165857561767374,-331.4958721250297,1781379610,159.4,1
-2.53943388608213,-341.4911286532883,1781379610,159.4,2
-1.6039172429709354,-336.24922423561407,1781379610,159.4,3
-6.945625314539776,-331.5390400836864,1781379610,159.4,4
0.9943966410580886,-355.99153330425423,1781379610,159.4,5
-17.421387586485025,-357.7162139241897,1781379610,159.4,6
-7.172559618848542,-355.6853974610568,1781379610,159.4,7
-8.402566387675982,-342.8343593676889,1781379610,159.4,8
-2.552677807864892,-338.8565432826673,1781379610,159.4,9
-1.842241024249112,-330.69367890308337,1781379610,159.4,10
-9.669808686516037,-334.1014326289296,1781379610,159.4,11
3.967306320624589,-330.40427837272483,1781379610,159.4,12
-6.273382112228829,-328.6696958442531,1781379610,159.4,13
-3.3972264769570133,-327.53794377048786,1781379610,159.4,14
-4.821453982202432,-319.6863576695323,1781379610,159.4,15
-8.421979186611678,-307.4570801109076,1781379610,159.4,16
-2.3131502257815915,-305.4209828625119,1781379610,159.4,17
-5.086104931601409,-294.1001154755555,1781379610,159.4,18
-8.504327675972476,-279.87565463036293,1781379610,159.4,19
2.025033678927308,-275.16052403549355,1781379610,159.4,20
4.611552477186766,-262.06039375315106,1781379610,159.4,21
-4.233802358043659,-246.80185069640493,1781379610,159.4,22
-0.3917699474561066,-239.7012784915663,1781379610,159.4,23
-1.121227254643154,-218.1470611914989,1781379610,159.4,24
4.395397946335446,-200.39627626289905,1781379610,159.4,25
-1.0688055431903718,-190.62110918015227,1781379610,159.4,26
10.22011477561214,-168.3748157645266,1781379610,159.4,27
11.77517011143648,-151.4022582881151,1781379610,159.4,28
11.746633137954497,-136.32915451253444,1781379610,159.4,29
18.565950886464027,-124.60731096441538,1781379610,159.4,30
17.018717977692493,-110.3979164436459,1781379610,159.4,31
12.63958756027956,-261.77544792741537,1781379610,159.4,32
10.815937782190016,-252.54098744193703,1781379610,159.4,33
26.702189823786767,-240.58925346750797,1781379610,159.4,34
20.999153900560355,-220.9849678128954,1781379610,159.4,35
100.19827908998288,-248.5689429566264,1781379610,159.4,36
23.385669918278044,-219.0440652370453,1781379610,159.4,37
141.86835679879258,-272.3255889068044,1781379610,159.4,38
156.8103043284528,-296.9752816011508,1781379610,159.4,39
178.55163937491176,-331.5615402112406,1781379610,159.4,40
193.7985630289332,-346.9850159237782,1781379610,159.4,41
211.42289319782896,-397.300144466261,1781379610,159.4,42
222.87032891010855,-439.97431047260727,1781379610,159.4,43
245.2852515686418,-463.3304878547786,1781379610,159.4,44
236.8990801462995,-469.8107415139668,1781379610,159.4,45
249.34667845030577,-467.331667860349,1781379610,159.4,46
263.2092457098526,-502.51843991875626,1781379610,159.4,47
269.7829738677783,-513.0693524281181,1781379610,159.4,48
285.0939292522361,-526.5581133216618,1781379610,159.4,49
288.3149096434905,-542.8830614735688,1781379610,159.4,50
257.7561489340676,-495.5809820964937,1781379610,159.4,51
309.9117042474978,-567.132871195674,1781379610,159.4,52
304.5623325057627,-559.0500856439269,1781379610,159.4,53
250.5488981485259,-482.5819453323879,1781379610,159.4,54
311.6947849433194,-554.9809835950533,1781379610,159.4,55
132.22815878550222,-326.35635820155386,1781379610,159.4,56
308.6646159995514,-553.4624968916181,1781379610,159.4,57
305.29328755903543,-548.7985377113017,1781379610,159.4,58
316.4457687955623,-534.7058467467629,1781379610,159.4,59
319.55051795665173,-534.5215916732944,1781379610,159.4,60
316.38228316352945,-522.7263930092246,1781379610,159.4,61
327.8511555868195,-521.1372273614008,1781379610,159.4,62
323.4239814077532,-498.4081335092584,1781379610,159.4,63
324.8084434493585,-479.3235464058818,1781379610,159.4,64
332.03117343726285,-479.4378210778036,1781379610,159.4,65
314.982416840173,-445.3042508512734,1781379610,159.4,66
325.4926681045417,-443.1808248609311,1781379610,159.4,67
324.4830291752899,-415.6736666982374,1781379610,159.4,68
314.366616610129,-395.7030621096489,1781379610,159.4,69
307.31403250855374,-383.7116890052958,1781379610,159.4,70
318.4403001161176,-380.9025093366698,1781379610,159.4,71
302.48458263069585,-349.18152034779445,1781379610,159.4,72
303.2868342137732,-335.5850790565213,1781379610,159.4,73
303.9068470944641,-328.8884469370042,1781379610,159.4,74
308.3323505779136,-331.8269265592097,1781379610,159.4,75
300.71124804620587,-312.8958587211866,1781379610,159.4,76
284.0552305323416,-295.72547007910936,1781379610,159.4,77
286.16530743049464,-284.9589584798866,1781379610,159.4,78
282.3506812508303,-281.1079223851364,1781379610,159.4,79
280.2926223967357,-282.0617592210569,1781379610,159.4,80
292.2105571199094,-293.6466239318251,1781379610,159.4,81
295.8196867138965,-292.427519908796,1781379610,159.4,82
286.8212442741989,-285.4415812579296,1781379610,159.4,83
292.9782580883935,-294.5201776487136,1781379610,159.4,84
288.49515827861615,-290.4783226866275,1781379610,159.4,85
288.091075455118,-285.41170849247555,1781379610,159.4,86
292.894548170156,-288.3481337316335,1781379610,159.4,87
304.67129710685015,-291.84341179827857,1781379610,159.4,88
304.4628208171874,-296.054299790412,1781379610,159.4,89
304.72588056403526,-296.93670029814047,1781379610,159.4,90
303.20920120215004,-297.9454150392364,1781379610,159.4,91
308.51144355037064,-303.3667777801549,1781379610,159.4,92
306.3288103020984,-295.8972500860692,1781379610,159.4,93
310.6793136994859,-303.07092969367847,1781379610,159.4,94
314.50847558217407,-315.15744715929014,1781379610,159.4,95
314.7030784689834,-323.10532447447406,1781379610,159.4,96
317.5580390391074,-317.6549529135225,1781379610,159.4,97
315.02456365603604,-314.9121273656682,1781379610,159.4,98
324.091912825747,-320.84850042375393,1781379610,159.4,99
322.7359562804856,-331.7335153967143,1781379610,159.4,100
315.7756641496107,-323.84397907430935,1781379610,159.4,101
312.9851616910731,-326.02198924372647,1781379610,159.4,102
321.5773996523173,-328.69960322231066,1781379610,159.4,103
325.89323642449585,-335.575068179518,1781379610,159.4,104
321.6810007240515,-337.79791890084766,1781379610,159.4,105
333.3290564857388,-346.8456581011412,1781379610,159.4,106
331.524891857605,-352.07478156685875,1781379610,159.4,107
336.30947134320616,-373.4836208298802,1781379610,159.4,108
333.7053173590643,-361.8776543798544,1781379610,159.4,109
239.10191837265285,-409.6911175772546,1781379610,159.4,110
330.84679103015293,-379.7310163577399,1781379610,159.4,111
333.1557221974698,-371.7966511050862,1781379610,159.4,112
348.73343341347527,-373.0807306468485,1781379610,159.4,113
333.93440825465365,-370.8924008483684,1781379610,159.4,114
356.4295187818899,-376.073328572015,1781379610,159.4,115
353.2302598756997,-375.7687537185845,1781379610,159.4,116
350.6060359705525,-370.0634007478748,1781379610,159.4,117
348.5044438522472,-366.47836071252846,1781379610,159.4,118
351.3823042783646,-370.5315456688404,1781379610,159.4,119
354.6061377872757,-370.2253588264192,1781379610,159.4,120
356.3150140819519,-364.3622846057021,1781379610,159.4,121
357.10222000180727,-360.7202499123911,1781379610,159.4,122
354.4753720425163,-362.0209947054581,1781379610,159.4,123
358.5110723027637,-362.0378494039175,1781379610,159.4,124
350.93834126245486,-356.55390209952947,1781379610,159.4,125
356.1942316003767,-352.02016977717403,1781379610,159.4,126
352.77844238559265,-351.83433970871056,1781379610,159.4,127
357.54070415910314,-354.0079279268783,1781379610,159.4,128
355.4141159153596,-348.3925216781597,1781379610,159.4,129
360.51216327944536,-353.1297735696037,1781379610,159.4,130
364.0949552965264,-350.62768252193985,1781379610,159.4,131
356.52333628609904,-347.8178468694293,1781379610,159.4,132
361.8058617150713,-344.91064713647023,1781379610,159.4,133
356.4902654656888,-345.29743599891646,1781379610,159.4,134
363.9435112812462,-348.5270835782092,1781379610,159.4,135
352.20313760207193,-344.10234219829266,1781379610,159.4,136
351.4224679707035,-341.7707893438637,1781379610,159.4,137
358.7081593539692,-340.0474198535082,1781379610,159.4,138
357.8034541219514,-341.4794646799565,1781379610,159.4,139
359.50757869510306,-338.16910398006445,1781379610,159.4,140
364.1614769048841,-334.58612225080583,1781379610,159.4,141
360.3327137058496,-333.9771344698969,1781379610,159.4,142
366.7986336966872,-332.82610397289204,1781379610,159.4,143
360.96373027122513,-328.6477100191017,1781379610,159.4,144
357.347790896851,-325.153347916902,1781379610,159.4,145
362.63605251897593,-326.5901751865945,1781379610,159.4,146
358.5062969377543,-322.4296342618761,1781379610,159.4,147
369.32259951553976,-337.3144759067021,1781379610,159.4,148
362.7763568293453,-328.72296554626297,1781379610,159.4,149
360.01357960353613,-330.9721972470488,1781379610,159.4,150
361.1363346817273,-328.9898402268687,1781379610,159.4,151
374.71438519698427,-332.7886381068578,1781379610,159.4,152
372.8016729583986,-338.52941522126406,1781379610,159.4,153
372.6405612858238,-335.84930712481344,1781379610,159.4,154
371.3424870003573,-337.92888291676843,1781379610,159.4,155
370.3242726313193,-332.3637679753203,1781379610,159.4,156
372.39866052300886,-331.152299254512,1781379610,159.4,157
371.86249946148087,-336.52083025003543,1781379610,159.4,158
372.8517360823428,-339.39079495953985,1781379610,159.4,159
368.87992213858166,-334.8939825793113,1781379610,159.4,160
370.27235526810216,-331.73796200007166,1781379610,159.4,161
372.723000417536,-336.20523619279294,1781379610,159.4,162
376.2049841215536,-342.3428894641494,1781379610,159.4,163
378.0407688538668,-335.821776541571,1781379610,159.4,164
375.5205162317168,-336.94376996904595,1781379610,159.4,165
376.6167915416417,-341.8255066970983,1781379610,159.4,166
364.9848895195324,-331.0165718719361,1781379610,159.4,167
383.5911632525642,-345.54921349386353,1781379610,159.4,168
381.52698198777216,-338.21388353407417,1781379610,159.4,169
375.4085262201806,-335.60116054614383,1781379610,159.4,170
373.9064889693394,-331.98176059996064,1781379610,159.4,171
376.264746872259,-334.1172502090531,1781379610,159.4,172
380.3726435255685,-341.08455337584,1781379610,159.4,173
378.5456468185748,-333.85798471420986,1781379610,159.4,174
378.739006465465,-337.07175573085726,1781379610,159.4,175
379.8918494589177,-336.3945457960168,1781379610,159.4,176
388.008610195453,-337.5867100742954,1781379610,159.4,177
382.7008232450298,-337.846940834075,1781379610,159.4,178
385.2994643971677,-345.8498308869699,1781379610,159.4,179
383.8990622734659,-337.90811790774256,1781379610,159.4,180
382.4602218373509,-341.4693728076919,1781379610,159.4,181
385.24539334278313,-343.84907931958605,1781379610,159.4,182
389.1029605950309,-347.71459160248446,1781379610,159.4,183
389.1976451169908,-344.45066067948915,1781379610,159.4,184
389.2825416752582,-341.7353514358406,1781379610,159.4,185
392.6986433413224,-344.292632413407,1781379610,159.4,186
393.7776943277913,-344.3201165596648,1781379610,159.4,187
388.7595801735779,-342.6058479696511,1781379610,159.4,188
379.6089966349265,-339.8637883104385,1781379610,159.4,189
387.1647369764543,-341.88870130727685,1781379610,159.4,190
388.4782370163904,-341.1602363524338,1781379610,159.4,191
392.3133856609261,-343.3074643307682,1781379610,159.4,192
386.930667280586,-339.2016351061559,1781379610,159.4,193
391.1922558976668,-345.1297247956192,1781379610,159.4,194
390.5659207308283,-339.6398306526242,1781379610,159.4,195
390.693542050631,-340.40319932873047,1781379610,159.4,196
381.8491078454363,-342.3882929918664,1781379610,159.4,197
389.0526734924254,-339.2668072941396,1781379610,159.4,198
387.8323188403635,-337.3554716072977,1781379610,159.4,199
389.8051397986743,-339.37979792927723,1781379610,159.4,200
390.7145868948005,-335.9668574258688,1781379610,159.4,201
389.0015971424957,-338.95854010929634,1781379610,159.4,202
389.45698599091736,-343.34087998544203,1781379610,159.4,203
390.40646774134376,-339.885055466244,1781379610,159.4,204
391.34040353695184,-340.5868071975804,1781379610,159.4,205
391.056749997991,-342.2211008158816,1781379610,159.4,206
381.7933848494151,-336.4423475302756,1781379610,159.4,207
393.2399507660764,-338.7358290627601,1781379610,159.4,208
383.36333467431206,-331.5238721556959,1781379610,159.4,209
388.9309255535361,-336.0774819950257,1781379610,159.4,210
385.2883059755181,-334.1696471385655,1781379610,159.4,211
385.278846583854,-337.41030356784665,1781379610,159.4,212
388.5751890646263,-330.6864285220701,1781379610,159.4,213
389.196074783215,-328.5595687851304,1781379610,159.4,214
384.2217365856008,-329.4617770314221,1781379610,159.4,215
393.85792978916834,-336.03394123166817,1781379610,159.4,216
383.5116667597868,-337.8756030239169,1781379610,159.4,217
387.5669249112953,-333.69112487261555,1781379610,159.4,218
388.4543504708851,-341.8536348820975,1781379610,159.4,219
399.49854816169153,-338.6402683866523,1781379610,159.4,220
393.3610720714659,-344.4491026848553,1781379610,159.4,221
396.30001614856286,-349.20686795935,1781379610,159.4,222
400.6456486913747,-347.4285554103549,1781379610,159.4,223
394.9509363484312,-340.3621782201036,1781379610,159.4,224
395.3101590443242,-343.9058518124121,1781379610,159.4,225
400.4341343600967,-353.06556727985554,1781379610,159.4,226
388.037506572906,-340.78567401940626,1781379610,159.4,227
394.0955954167976,-340.86975371589267,1781379610,159.4,228
390.3481731419874,-338.2738770172002,1781379610,159.4,229
388.4067366415748,-344.83728015050264,1781379610,159.4,230
400.7401532924516,-349.6834692917764,1781379610,159.4,231
397.5395320740613,-347.6187620038798,1781379610,159.4,232
390.97618083319975,-340.6768890929715,1781379610,159.4,233
392.0807939716431,-339.21852543701675,1781379610,159.4,234
382.21132291108495,-345.1887867525216,1781379610,159.4,235
396.44849958326256,-341.3200120404361,1781379610,159.4,236
395.3757967562271,-346.0962766433759,1781379610,159.4,237
398.647648267861,-345.9308479614552,1781379610,159.4,238
394.26374114776905,-346.2072243429718,1781379610,159.4,239
395.6849966952861,-345.4582628620169,1781379610,159.4,240
393.2799075517608,-343.7599715044103,1781379610,159.4,241
399.2658595523637,-341.94541909793975,1781379610,159.4,242
393.4817384168631,-342.0295177064838,1781379610,159.4,243
392.8953432447534,-340.5160450922943,1781379610,159.4,244
391.2531521414842,-334.7096579621235,1781379610,159.4,245
400.1390489465999,-341.4651160500944,1781379610,159.4,246
400.70379095359294,-347.4420810863372,1781379610,159.4,247
395.5765734844025,-340.0717512841026,1781379610,159.4,248
392.6399383470298,-337.5653348316752,1781379610,159.4,249
393.2357121502034,-339.3665888234969,1781379610,159.4,250
394.5309354346076,-335.71155162528146,1781379610,159.4,251
395.9604881856787,-340.2299101452036,1781379610,159.4,252
400.2821071882816,-340.72894622012967,1781379610,159.4,253
403.3951912927128,-338.1432219222188,1781379610,159.4,254
391.8114720027337,-335.6479729693383,1781379610,159.4,255
399.4442608292547,-342.40003799771284,1781379610,159.4,256
400.8606626752408,-342.7741978168492,1781379610,159.4,257
401.34664519292346,-337.6472099597256,1781379610,159.4,258
398.22096100021366,-336.887118740628,1781379610,159.4,259
400.93010402308414,-339.4116489123559,1781379610,159.4,260
396.8557554297496,-341.5675807775311,1781379610,159.4,261
400.1641000037061,-343.02210114896286,1781379610,159.4,262
402.1898662205285,-342.94055487960605,1781379610,159.4,263
401.3954494514471,-338.4710423164072,1781379610,159.4,264
400.3527091485729,-341.0791282492381,1781379610,159.4,265
401.9341798553543,-344.72458587835195,1781379610,159.4,266
401.0741035603381,-347.9834305122492,1781379610,159.4,267
401.72363017596143,-342.7082387271025,1781379610,159.4,268
398.8346556764391,-343.4548797197633,1781379610,159.4,269
397.97925358037,-338.06080011899246,1781379610,159.4,270
399.8168410593776,-339.9589919671414,1781379610,159.4,271
401.6122116111619,-336.92189154401444,1781379610,159.4,272
395.9703396030431,-341.75221609137947,1781379610,159.4,273
396.7544375804373,-338.7838345219693,1781379610,159.4,274
402.2222792935821,-342.5376139134166,1781379610,159.4,275
404.7038174828805,-346.32278650502315,1781379610,159.4,276
407.832542685958,-342.93358692775126,1781379610,159.4,277
403.9793798664263,-348.4604767039412,1781379610,159.4,278
403.3611285244421,-342.188174277544,1781379610,159.4,279
409.79279594546193,-346.4091981723903,1781379610,159.4,280
405.882167084468,-340.121706002702,1781379610,159.4,281
406.24675795868,-346.8886628945669,1781379610,159.4,282
407.11407223032336,-350.1390354416024,1781379610,159.4,283
402.6705442320474,-341.6245713302242,1781379610,159.4,284
403.6173726445397,-342.0007738533124,1781379610,159.4,285
405.8358283756197,-342.0474935049812,1781379610,159.4,286
410.6337807385127,-349.2513125302888,1781379610,159.4,287
411.9081872991114,-352.60070034302794,1781379610,159.4,288
412.9104227603909,-358.0855968147517,1781379610,159.4,289
403.1245090861117,-347.4087958099944,1781379610,159.4,290
411.1736764799677,-346.4539225026965,1781379610,159.4,291
405.6046133280266,-351.1794774445393,1781379610,159.4,292
403.07284705969465,-346.9280501343305,1781379610,159.4,293
406.761340691894,-348.15683914224303,1781379610,159.4,294
402.5591901621281,-349.8067926590648,1781379610,159.4,295
406.6248092420497,-344.9108419666688,1781379610,159.4,296
403.060777715058,-345.2541700384271,1781379610,159.4,297
412.8426317249916,-349.20745784416783,1781379610,159.4,298
404.9519768005677,-345.43882918854547,1781379610,159.4,299
400.6140577369117,-338.1718505633375,1781379610,159.4,300
408.1832817265514,-342.3886962110801,1781379610,159.4,301
402.9105906700133,-337.09598001092616,1781379610,159.4,302
408.8552843310234,-343.6862872025617,1781379610,159.4,303
399.96510817759344,-339.98174847662466,1781379610,159.4,304
407.4308382631655,-342.5697512204448,1781379610,159.4,305
414.6585103986557,-342.6411138127244,1781379610,159.4,306
412.2756839050232,-342.3359001167115,1781379610,159.4,307
395.8029395407691,-331.9128530013065,1781379610,159.4,308
406.2142167140159,-336.2715985812253,1781379610,159.4,309
410.1524829645329,-345.0137105211611,1781379610,159.4,310
411.8608684659297,-342.1607046499845,1781379610,159.4,311
408.93879622589776,-345.97824475417565,1781379610,159.4,312
398.20759836192406,-338.6164520109696,1781379610,159.4,313
398.8673439564641,-332.95284943655173,1781379610,159.4,314
401.20160185616345,-337.79673769945896,1781379610,159.4,315
404.39849752779696,-336.5829749405383,1781379610,159.4,316
402.7213851847087,-338.4237981395176,1781379610,159.4,317
407.1324131054533,-342.2579158507286,1781379610,159.4,318
413.1702964338051,-341.61310966995893,1781379610,159.4,319
409.700982661517,-343.95486868048727,1781379610,159.4,320
405.1559906459775,-339.9678776667768,1781379610,159.4,321
410.4827686466905,-343.95209033663065,1781379610,159.4,322
410.5961613936674,-339.6834110481038,1781379610,159.4,323
408.5063181185671,-339.85977313667536,1781379610,159.4,324
410.11051623446406,-337.6192970337964,1781379610,159.4,325
412.225872076383,-343.4841226451098,1781379610,159.4,326
413.3423413699875,-351.29443616792605,1781379610,159.4,327
411.5903063822702,-341.71457728991936,1781379610,159.4,328
404.8141418970273,-339.9477243671817,1781379610,159.4,329
406.70207397763534,-348.9720022082336,1781379610,159.4,330
415.2344704840238,-349.8570326815049,1781379610,159.4,331
415.7774486476561,-350.4734779770176,1781379610,159.4,332
413.5157554233886,-347.6568806345262,1781379610,159.4,333
414.4279894238752,-348.2771398300924,1781379610,159.4,334
412.2323409852506,-349.23450291032583,1781379610,159.4,335
414.8136033016669,-348.1122793381414,1781379610,159.4,336
415.4142495016261,-350.0802451719843,1781379610,159.4,337
414.0514298291665,-345.9660242299232,1781379610,159.4,338
415.9926765634792,-355.73877560347296,1781379610,159.4,339
412.47192862364346,-347.3704953268173,1781379610,159.4,340
412.7751671867083,-350.35108166560514,1781379610,159.4,341
410.1000982164444,-345.72507351885247,1781379610,159.4,342
411.96651300183817,-347.21001728499897,1781379610,159.4,343
416.96072717780055,-345.1186146425705,1781379610,159.4,344
410.1393944573522,-345.5069638167822,1781379610,159.4,345
416.9802909593144,-339.5170206303397,1781379610,159.4,346
413.42379323472784,-343.8767545887575,1781379610,159.4,347
411.1378868693024,-345.63793645923386,1781379610,159.4,348
417.46124996897646,-344.66516842755186,1781379610,159.4,349
421.6291537466119,-348.54380512485886,1781379610,159.4,350
417.3439328561501,-345.35125715906406,1781379610,159.4,351
410.0869240261408,-344.9800289925185,1781379610,159.4,352
411.8166819206838,-341.4095198785266,1781379610,159.4,353
414.8977117543792,-341.94541928917187,1781379610,159.4,354
415.4217802894823,-340.7633644180995,1781379610,159.4,355
411.8407301920623,-343.99368593220885,1781379610,159.4,356
416.11360775693953,-346.404008679092,1781379610,159.4,357
419.2292501579135,-346.0314119135337,1781379610,159.4,358
416.7389165624875,-345.0945651431876,1781379610,159.4,359
421.3915677253932,-352.7832618355756,1781379610,159.4,360
415.7969958921975,-347.5643341268099,1781379610,159.4,361
425.54419515556685,-357.2481406206885,1781379610,159.4,362
415.71439804527097,-357.8011518915497,1781379610,159.4,363
423.9514631127372,-358.850671395659,1781379610,159.4,364
420.1190241234214,-353.31101746733026,1781379610,159.4,365
423.0675815160725,-352.5680108840268,1781379610,159.4,366
421.3506523775295,-351.0304719954731,1781379610,159.4,367
416.1840981202879,-347.0466155745088,1781379610,159.4,368
410.00560011750855,-340.3276180972656,1781379610,159.4,369
414.39732692469806,-347.87115643918514,1781379610,159.4,370
412.6971842975646,-341.1599572114646,1781379610,159.4,371
414.8629486001623,-351.50512817998765,1781379610,159.4,372
425.6585499450275,-346.27150058622175,1781379610,159.4,373
422.15560759331,-355.5537889202435,1781379610,159.4,374
421.16525091739015,-352.5038277180866,1781379610,159.4,375
415.15133117486346,-361.53649725827086,1781379610,159.4,376
414.63567320334096,-366.6658168484767,1781379610,159.4,377
425.2923194229971,-367.7777196255824,1781379610,159.4,378
430.6081507624552,-364.8013235976295,1781379610,159.4,379
430.9524951894192,-361.2799501046532,1781379610,159.4,380
422.8968662493447,-358.8220448357356,1781379610,159.4,381
436.0093387651396,-360.2746970430017,1781379610,159.4,382
431.7245926953293,-358.2020262964068,1781379610,159.4,383
419.7477472185874,-355.512833454646,1781379610,159.4,384
426.0055764093034,-352.5835955552756,1781379610,159.4,385
426.7152682402945,-360.3095860872418,1781379610,159.4,386
421.91031558192753,-353.28313130450783,1781379610,159.4,387
421.75934720415967,-354.3817998208105,1781379610,159.4,388
430.76901527450855,-349.39775071789865,1781379610,159.4,389
428.8569564128577,-355.66200748210133,1781379610,159.4,390
433.858424218706,-354.2596180786688,1781379610,159.4,391
424.20757064324937,-351.64466212938225,1781379610,159.4,392
431.87572506337415,-357.579939033836,1781379610,159.4,393
435.4404104517888,-357.5984174335998,1781379610,159.4,394
435.5716442273403,-356.30919315790163,1781379610,159.4,395
429.82009723409806,-359.9040566993258,1781379610,159.4,396
433.7728486267808,-357.85471271226794,1781379610,159.4,397
433.97371883334927,-361.3911541650693,1781379610,159.4,398
426.8769375427464,-356.0959495070075,1781379610,159.4,399
431.7817761357721,-354.9900991221265,1781379610,159.4,400
428.5077350091269,-352.37765413646866,1781379610,159.4,401
424.5088848917926,-360.1574473741153,1781379610,159.4,402
422.0014225289715,-349.5379267490161,1781379610,159.4,403
432.8841181606626,-352.73704730346805,1781379610,159.4,404
440.7319890767489,-357.4376438415295,1781379610,159.4,405
436.0884305749495,-353.6197802945977,1781379610,159.4,406
440.3288710632204,-365.4387836791579,1781379610,159.4,407
432.7706323683525,-362.7459450693182,1781379610,159.4,408
430.0976607732039,-361.8580763737357,1781379610,159.4,409
434.6385085048037,-363.6692430519812,1781379610,159.4,410
436.1159677066567,-355.0311536341904,1781379610,159.4,411
421.8896328059908,-353.83421232303067,1781379610,159.4,412
440.01202058011705,-356.94009762955824,1781379610,159.4,413
428.7860449993116,-359.80597756306344,1781379610,159.4,414
437.567660465166,-358.78191154512285,1781379610,159.4,415
438.5571435406848,-364.44557964801777,1781379610,159.4,416
446.47118926998064,-365.7576074060056,1781379610,159.4,417
447.5990960150234,-365.2388888821004,1781379610,159.4,418
427.9541594824129,-357.09088523189206,1781379610,159.4,419
431.7882734645063,-360.6621313430367,1781379610,159.4,420
449.3859805792285,-362.5666847061364,1781379610,159.4,421
451.9691208618765,-376.5371403495476,1781379610,159.4,422
447.9235861800668,-368.05710972410975,1781379610,159.4,423
448.4121171064728,-365.608077884962,1781379610,159.4,424
449.5034790442129,-365.3433120784658,1781379610,159.4,425
447.1469638989388,-362.5942240587125,1781379610,159.4,426
448.4182964911773,-369.9930750032271,1781379610,159.4,427
441.43440271097865,-366.65615647907,1781379610,159.4,428
448.5678148695934,-369.1382535124816,1781379610,159.4,429
465.2467998632437,-374.41941270356335,1781379610,159.4,430
448.391097590118,-360.6271563954653,1781379610,159.4,431
455.9518244532947,-362.35560408110393,1781379610,159.4,432
453.0852090442857,-362.79136042669415,1781379610,159.4,433
458.2980009926697,-371.5311808704089,1781379610,159.4,434
448.43522580245,-366.6637478421137,1781379610,159.4,435
457.3714158585326,-371.3659423353768,1781379610,159.4,436
455.4991319482683,-365.2513888006412,1781379610,159.4,437
441.8479713480999,-359.5311049061519,1781379610,159.4,438
451.9315081477688,-357.4195870148639,1781379610,159.4,439
458.6199282496346,-373.33354661924153,1781379610,159.4,440
450.03309719966006,-361.44882149311417,1781379610,159.4,441
458.06690430569,-364.7315387961775,1781379610,159.4,442
445.3032911591024,-359.1643725180376,1781379610,159.4,443
449.8853199138544,-363.0143059038865,1781379610,159.4,444
455.83346557265,-363.71534968043335,1781379610,159.4,445
448.3477836467454,-361.5041641381874,1781379610,159.4,446
455.1737006875777,-364.5648691812532,1781379610,159.4,447
455.0001993133202,-366.1179227766892,1781379610,159.4,448
449.3688818111759,-357.2387538806843,1781379610,159.4,449
466.9661109497538,-362.45312314294256,1781379610,159.4,450
456.0817982173205,-363.9924258651831,1781379610,159.4,451
461.0264475996101,-367.09588471800095,1781379610,159.4,452
466.0127976397973,-368.7781517207625,1781379610,159.4,453
456.356105273066,-363.6058520438772,1781379610,159.4,454
452.6360175001244,-364.8802267784876,1781379610,159.4,455
459.4769358847024,-367.2516036486874,1781379610,159.4,456
465.8210189039599,-372.7359360462676,1781379610,159.4,457
463.7979081795269,-366.3643411323428,1781379610,159.4,458
465.6476296771211,-371.0417859877152,1781379610,159.4,459
468.3640208387656,-372.138760497793,1781379610,159.4,460
452.02621070108665,-356.9528680449972,1781379610,159.4,461
462.3849153209255,-363.1409405122204,1781379610,159.4,462
456.2443589513764,-362.6691399402917,1781379610,159.4,463
462.2104684617816,-364.75497158865096,1781379610,159.4,464
459.9032625593642,-361.2867629509417,1781379610,159.4,465
461.3279979982391,-364.1101064166675,1781379610,159.4,466
465.6477026619268,-367.5824432981511,1781379610,159.4,467
463.0997231471516,-366.2866699472076,1781379610,159.4,468
458.9642684129162,-362.44927587608487,1781379610,159.4,469
466.11932755013936,-366.79967880869873,1781379610,159.4,470
464.4243646364384,-359.16731463000167,1781379610,159.4,471
462.8786300568738,-363.6414768050119,1781379610,159.4,472
471.3450877822605,-364.99945135663,1781379610,159.4,473
460.47010317600393,-367.43303838682647,1781379610,159.4,474
452.1537139611084,-365.1979442791389,1781379610,159.4,475
459.02873507965927,-358.92963101094,1781379610,159.4,476
458.1756840430184,-363.0442822556943,1781379610,159.4,477
470.0141770689728,-364.56446445981646,1781379610,159.4,478
461.6638241451289,-357.4399252049626,1781379610,159.4,479
466.9137418666088,-363.7814160281173,1781379610,159.4,480
464.48298285553017,-364.206909696261,1781379610,159.4,481
457.50405207763566,-361.66971679963183,1781379610,159.4,482
466.8790609988384,-365.13758134407306,1781379610,159.4,483
462.4664666965083,-360.2740393777688,1781379610,159.4,484
469.2271428267308,-365.2814315396048,1781379610,159.4,485
467.4010839832047,-364.1241321377453,1781379610,159.4,486
469.6352161816898,-368.71222278227407,1781379610,159.4,487
452.562821457019,-363.1361371862389,1781379610,159.4,488
478.4792513450504,-366.1670373355346,1781379610,159.4,489
466.2049634944564,-362.4114788112544,1781379610,159.4,490
465.9133102089568,-359.7125539196035,1781379610,159.4,491
465.7712774620018,-362.6559403768434,1781379610,159.4,492
474.1335978144939,-362.1622224623957,1781379610,159.4,493
465.7029593479424,-363.4514059461657,1781379610,159.4,494
465.1764641469696,-364.1279590170207,1781379610,159.4,495
469.7615212336079,-365.7761205409963,1781379610,159.4,496
460.16417843380447,-360.5232525539275,1781379610,159.4,497
472.6861292441823,-359.26106403892265,1781379610,159.4,498
458.78314705437936,-360.8397399124995,1781379610,159.4,499
4.1463456670263925,-338.4589725981159,1781379605,159.48333333333332,0
-7.0382420868051785,-332.8605660448472,1781379605,159.48333333333332,1
-0.512796920622759,-338.8474182958405,1781379605,159.48333333333332,2
-6.434891359927597,-337.8089201773208,1781379605,159.48333333333332,3
-7.562693036755164,-336.0780097519359,1781379605,159.48333333333332,4
-8.14441240698289,-356.66489968200506,1781379605,159.48333333333332,5
3.318508995339944,-357.91174325346987,1781379605,159.48333333333332,6
-5.2753455926209165,-350.5573140655952,1781379605,159.48333333333332,7
-11.693308092052618,-346.1860653435185,1781379605,159.48333333333332,8
-0.5928560304795413,-332.10114401330554,1781379605,159.48333333333332,9
-1.0561084108835028,-331.67741776754445,1781379605,159.48333333333332,10
-2.374015708698404,-331.4966707155106,1781379605,159.48333333333332,11
-0.6056932394533259,-327.83912187317986,1781379605,159.48333333333332,12
-7.639109385168875,-328.77450788269454,1781379605,159.48333333333332,13
-7.779390537661463,-315.71111223349936,1781379605,159.48333333333332,14
-6.297732992112865,-319.3558943768343,1781379605,159.48333333333332,15
-4.043699799304298,-312.3547719120981,1781379605,159.48333333333332,16
-2.374545733268072,-308.0947825082892,1781379605,159.48333333333332,17
-1.7464172907118454,-295.5162528802954,1781379605,159.48333333333332,18
-1.4230008099396103,-287.65156396726786,1781379605,159.48333333333332,19
-3.1677494249212037,-276.0733873794481,1781379605,159.48333333333332,20
1.4908936857629118,-263.51518329481263,1781379605,159.48333333333332,21
-5.145200865585172,-249.79150254031023,1781379605,159.48333333333332,22
-0.5514944139636172,-234.95962413648752,1781379605,159.48333333333332,23
5.52919267151531,-223.58441213642567,1781379605,159.48333333333332,24
3.591670597688524,-204.2293668861192,1781379605,159.48333333333332,25
3.816389597969393,-191.5492213790617,1781379605,159.48333333333332,26
14.51056207040684,-169.58154866347672,1781379605,159.48333333333332,27
14.20511369006577,-154.4609197129807,1781379605,159.48333333333332,28
14.079374927669503,-136.61132915380125,1781379605,159.48333333333332,29
23.4187329923796,-127.58902380242952,1781379605,159.48333333333332,30
24.87954309804928,-113.42153373360642,1781379605,159.48333333333332,31
9.73769395158258,-254.12365525712573,1781379605,159.48333333333332,32
8.71252375020299,-244.524502585332,1781379605,159.48333333333332,33
1.6480076783491118,-240.0516154145202,1781379605,159.48333333333332,34
94.80007996963194,-292.1927748968203,1781379605,159.48333333333332,35
144.00969115517208,-319.6741660075885,1781379605,159.48333333333332,36
108.92535012499832,-303.72575518488884,1781379605,159.48333333333332,37
166.39316116168214,-364.6947989438976,1781379605,159.48333333333332,38
182.81820565810307,-387.1154871781666,1781379605,159.48333333333332,39
196.9041693391532,-441.36794301867496,1781379605,159.48333333333332,40
210.24617634906085,-425.75901942700176,1781379605,159.48333333333332,41
222.02849095945717,-432.1207855194806,1781379605,159.48333333333332,42
227.33690005780952,-421.38903744518734,1781379605,159.48333333333332,43
251.4440404209532,-459.57442994167405,1781379605,159.48333333333332,44
245.9258086762251,-493.1190925687542,1781379605,159.48333333333332,45
267.1593852823067,-495.7750356396034,1781379605,159.48333333333332,46
259.6947559762744,-501.39775236447525,1781379605,159.48333333333332,47
273.51838803803,-508.3616662174461,1781379605,159.48333333333332,48
271.6675001241878,-507.60973387149454,1781379605,159.48333333333332,49
280.4732947311177,-512.0180149972446,1781379605,159.48333333333332,50
300.50397440487626,-549.4122473994893,1781379605,159.48333333333332,51
287.5575297082796,-542.5886037449039,1781379605,159.48333333333332,52
296.2791583123692,-537.9945147161683,1781379605,159.48333333333332,53
310.8028669643664,-552.6478992899263,1781379605,159.48333333333332,54
301.6423079606192,-563.5245949973659,1781379605,159.48333333333332,55
304.0053207647965,-561.174722579619,1781379605,159.48333333333332,56
309.8786952189381,-536.2147302726902,1781379605,159.48333333333332,57
320.0309296517021,-520.0684432114161,1781379605,159.48333333333332,58
320.42810683577204,-508.9567059352988,1781379605,159.48333333333332,59
312.90795990663366,-484.3587280412516,1781379605,159.48333333333332,60
317.08313671263863,-480.7334494367236,1781379605,159.48333333333332,61
309.71854402101394,-431.6652521416543,1781379605,159.48333333333332,62
312.1774490745796,-412.642715026935,1781379605,159.48333333333332,63
311.58329797291515,-384.28435234352975,1781379605,159.48333333333332,64
309.77980339930593,-367.3372952441368,1781379605,159.48333333333332,65
307.7338437422943,-351.6193284330266,1781379605,159.48333333333332,66
300.7042071624253,-341.0650906016423,1781379605,159.48333333333332,67
290.7891431980484,-325.9958848394453,1781379605,159.48333333333332,68
300.5478691832702,-318.73237591904234,1781379605,159.48333333333332,69
289.1492074432366,-300.0550489760936,1781379605,159.48333333333332,70
291.1014628366497,-293.91009329507773,1781379605,159.48333333333332,71
282.2619082839402,-278.4432446689655,1781379605,159.48333333333332,72
284.5078281542758,-281.1347416875262,1781379605,159.48333333333332,73
283.99802795510504,-271.27691201400023,1781379605,159.48333333333332,74
281.37302804344995,-267.7727564948143,1781379605,159.48333333333332,75
278.1787066759661,-256.97666121088025,1781379605,159.48333333333332,76
280.8470741975417,-260.78300840004044,1781379605,159.48333333333332,77
279.1243445519713,-256.8838331128161,1781379605,159.48333333333332,78
284.67822850242044,-262.4605874298138,1781379605,159.48333333333332,79
285.36308527151425,-255.4498639864225,1781379605,159.48333333333332,80
284.93856898306194,-257.8790200452007,1781379605,159.48333333333332,81
290.71368969949606,-258.7708819688612,1781379605,159.48333333333332,82
288.2734991556979,-262.7396304570139,1781379605,159.48333333333332,83
286.76893261949544,-262.63319529096304,1781379605,159.48333333333332,84
295.1603972241339,-271.77711122793454,1781379605,159.48333333333332,85
296.81572954311315,-274.6008974760771,1781379605,159.48333333333332,86
303.8046170601978,-276.1433969363572,1781379605,159.48333333333332,87
304.1306764057346,-281.43749158829434,1781379605,159.48333333333332,88
310.7309260744477,-290.1714411703869,1781379605,159.48333333333332,89
314.8724450475669,-295.60736694497376,1781379605,159.48333333333332,90
320.57287836041485,-305.3258903191113,1781379605,159.48333333333332,91
327.7921600176844,-313.37754090564937,1781379605,159.48333333333332,92
321.94775936428897,-317.18656834308035,1781379605,159.48333333333332,93
323.3595230173036,-328.62479625269765,1781379605,159.48333333333332,94
337.27104995654406,-341.77892707847053,1781379605,159.48333333333332,95
339.0451957426327,-343.7607276805989,1781379605,159.48333333333332,96
337.3807479357906,-350.56949353714714,1781379605,159.48333333333332,97
338.9837216679673,-356.2388274011511,1781379605,159.48333333333332,98
340.22744276310874,-362.611123959224,1781379605,159.48333333333332,99
343.36391792401844,-374.611749775708,1781379605,159.48333333333332,100
353.7150058904703,-372.3065435898809,1781379605,159.48333333333332,101
350.4766217222023,-370.717242094378,1781379605,159.48333333333332,102
347.7257635793823,-369.9886823594569,1781379605,159.48333333333332,103
352.732949718543,-372.81664797415306,1781379605,159.48333333333332,104
355.9891948107049,-383.2465498720609,1781379605,159.48333333333332,105
360.7557600778175,-381.08309007187694,1781379605,159.48333333333332,106
355.87335486861514,-376.9601991263527,1781379605,159.48333333333332,107
362.4329843236725,-370.4394155380624,1781379605,159.48333333333332,108
355.9742666349493,-369.1393502578144,1781379605,159.48333333333332,109
362.1116257316145,-367.6218560362855,1781379605,159.48333333333332,110
364.7153985514408,-380.35800315439707,1781379605,159.48333333333332,111
367.9682118600074,-378.8673698653784,1781379605,159.48333333333332,112
373.5086246060328,-375.8271104954183,1781379605,159.48333333333332,113
363.1496682934867,-366.5011143324277,1781379605,159.48333333333332,114
363.56510879574114,-356.77986659606364,1781379605,159.48333333333332,115
362.150082499544,-362.8322190071145,1781379605,159.48333333333332,116
370.1459826168327,-365.2634728935859,1781379605,159.48333333333332,117
370.60990648340055,-357.4827578241626,1781379605,159.48333333333332,118
361.4009488037969,-349.9974857748805,1781379605,159.48333333333332,119
371.3356145946251,-360.4162172799304,1781379605,159.48333333333332,120
380.6629621394491,-363.9810448139904,1781379605,159.48333333333332,121
372.4571335310883,-360.247460587571,1781379605,159.48333333333332,122
380.38536425509307,-360.8078232568996,1781379605,159.48333333333332,123
382.2284573739677,-367.65168103016873,1781379605,159.48333333333332,124
386.7717889484732,-369.5198857101298,1781379605,159.48333333333332,125
381.13328149269233,-369.6865234039725,1781379605,159.48333333333332,126
379.9305360370325,-365.0110724071663,1781379605,159.48333333333332,127
383.2114159253495,-369.3136977280178,1781379605,159.48333333333332,128
384.9635532150859,-368.28972029810166,1781379605,159.48333333333332,129
392.0018231561715,-371.2211467021455,1781379605,159.48333333333332,130
379.3044315570501,-357.71723492195184,1781379605,159.48333333333332,131
385.0303510096136,-360.11417602623504,1781379605,159.48333333333332,132
389.85776837334856,-357.8869609460228,1781379605,159.48333333333332,133
383.0832631598716,-351.12321818868327,1781379605,159.48333333333332,134
390.6847287160856,-356.5351762616386,1781379605,159.48333333333332,135
382.3181625918006,-343.9590790234501,1781379605,159.48333333333332,136
391.0214602080294,-350.9145433070759,1781379605,159.48333333333332,137
381.6002304751108,-340.05971642273187,1781379605,159.48333333333332,138
382.5400779712006,-337.5040413492049,1781379605,159.48333333333332,139
390.8023494438014,-349.3008041729529,1781379605,159.48333333333332,140
388.95249609732366,-344.46608734130905,1781379605,159.48333333333332,141
388.0418877118599,-344.0161713783943,1781379605,159.48333333333332,142
390.2816815413703,-344.02364282930915,1781379605,159.48333333333332,143
390.9578714744835,-346.4124573866524,1781379605,159.48333333333332,144
398.4936935063356,-348.86714553398355,1781379605,159.48333333333332,145
394.83743043840735,-348.32181571299844,1781379605,159.48333333333332,146
397.99715793414737,-349.21142561361154,1781379605,159.48333333333332,147
390.4929838336591,-345.38266839087004,1781379605,159.48333333333332,148
393.0843002244769,-342.7051841778061,1781379605,159.48333333333332,149
389.2603291742783,-339.94696510955697,1781379605,159.48333333333332,150
396.4416374740299,-350.0212186776727,1781379605,159.48333333333332,151
393.55047701797,-340.3189357798548,1781379605,159.48333333333332,152
400.6788858644032,-351.02791766387696,1781379605,159.48333333333332,153
394.83896920354346,-347.70071126272273,1781379605,159.48333333333332,154
404.1307884685313,-350.3061124626544,1781379605,159.48333333333332,155
398.1534949919526,-348.86674296607595,1781379605,159.48333333333332,156
399.44069344944967,-343.4559968058022,1781379605,159.48333333333332,157
398.0757751836569,-346.6401603718596,1781379605,159.48333333333332,158
401.0681207176224,-349.3389603383841,1781379605,159.48333333333332,159
398.60007652533216,-345.3040337264537,1781379605,159.48333333333332,160
405.77274818981726,-351.8917187439903,1781379605,159.48333333333332,161
404.2446527562394,-352.5081132377191,1781379605,159.48333333333332,162
403.60358992568376,-349.80827962110413,1781379605,159.48333333333332,163
407.0478500278233,-350.23300242796466,1781379605,159.48333333333332,164
405.00603183788974,-350.82400960971864,1781379605,159.48333333333332,165
404.1406084613495,-348.839907679086,1781379605,159.48333333333332,166
406.6884413357157,-349.499070534483,1781379605,159.48333333333332,167
403.1757541236813,-343.38739078367735,1781379605,159.48333333333332,168
400.9423108920776,-338.8843843974173,1781379605,159.48333333333332,169
400.6194949059756,-335.7330678682772,1781379605,159.48333333333332,170
408.530687624514,-346.77968339001166,1781379605,159.48333333333332,171
393.623715122316,-338.60909906464303,1781379605,159.48333333333332,172
405.2356654226847,-343.991570229331,1781379605,159.48333333333332,173
400.2359727661345,-346.9403753954294,1781379605,159.48333333333332,174
401.7599123315183,-342.7409339969358,1781379605,159.48333333333332,175
396.2600771496557,-337.3762129445868,1781379605,159.48333333333332,176
407.1453552368447,-346.10359598944507,1781379605,159.48333333333332,177
404.8820808913034,-342.89057415227126,1781379605,159.48333333333332,178
408.26593629001553,-346.5489722664157,1781379605,159.48333333333332,179
402.2181035509575,-343.2540184929971,1781379605,159.48333333333332,180
401.67231264561406,-346.68270462999794,1781379605,159.48333333333332,181
407.0260510529434,-345.5558571591978,1781379605,159.48333333333332,182
402.43788265282734,-344.6905135139818,1781379605,159.48333333333332,183
411.4106772480874,-345.6433430860439,1781379605,159.48333333333332,184
405.6831471876412,-340.8007787875826,1781379605,159.48333333333332,185
407.3036949632027,-337.52325612306583,1781379605,159.48333333333332,186
403.7649170011484,-338.5403916370133,1781379605,159.48333333333332,187
413.0631697780075,-341.9063050517191,1781379605,159.48333333333332,188
404.5031648362608,-340.2392561621965,1781379605,159.48333333333332,189
405.1674569703709,-339.42230752607185,1781379605,159.48333333333332,190
411.5854821267985,-340.04653214973706,1781379605,159.48333333333332,191
410.7898525001396,-342.9291554881885,1781379605,159.48333333333332,192
413.6650254077075,-339.41504817642254,1781379605,159.48333333333332,193
408.58249844947625,-342.3204303781186,1781379605,159.48333333333332,194
409.6419738667949,-336.55915522823733,1781379605,159.48333333333332,195
404.1839620052547,-332.84881816183525,1781379605,159.48333333333332,196
411.9185362253013,-338.1030641657605,1781379605,159.48333333333332,197
407.9065762934777,-337.7402471260479,1781379605,159.48333333333332,198
406.9099817831571,-333.7912945918117,1781379605,159.48333333333332,199
420.0993172543593,-342.8849047102654,1781379605,159.48333333333332,200
414.18841489780806,-343.0910383307684,1781379605,159.48333333333332,201
421.6273626826922,-337.70008640239627,1781379605,159.48333333333332,202
409.961728421262,-334.2889354520786,1781379605,159.48333333333332,203
411.8654856304983,-340.93659811342786,1781379605,159.48333333333332,204
426.37666141916617,-346.4059308841822,1781379605,159.48333333333332,205
422.4317743157575,-345.5111114615579,1781379605,159.48333333333332,206
418.6364770303729,-346.572459557404,1781379605,159.48333333333332,207
424.40881964053233,-348.60764913012554,1781379605,159.48333333333332,208
416.1227882609232,-345.1644336717827,1781379605,159.48333333333332,209
417.58772626428265,-341.41716700295586,1781379605,159.48333333333332,210
416.7258693435263,-339.6773724009592,1781379605,159.48333333333332,211
424.85723795838,-354.06046781068056,1781379605,159.48333333333332,212
417.9583011075965,-343.08863949403224,1781379605,159.48333333333332,213
419.32806784731775,-354.47541125180834,1781379605,159.48333333333332,214
419.2694519656097,-354.60672028859466,1781379605,159.48333333333332,215
420.3813004375995,-358.3181087200836,1781379605,159.48333333333332,216
415.0439177732424,-359.6337264186393,1781379605,159.48333333333332,217
427.60628079722414,-359.5327735394238,1781379605,159.48333333333332,218
415.97984337411015,-355.0603833757335,1781379605,159.48333333333332,219
425.7109546593157,-363.1364928943416,1781379605,159.48333333333332,220
424.0350527997902,-363.9518969282509,1781379605,159.48333333333332,221
427.2958513427773,-365.9167219127218,1781379605,159.48333333333332,222
422.13921624186486,-355.599146340974,1781379605,159.48333333333332,223
418.369553445671,-357.40343704664457,1781379605,159.48333333333332,224
414.6576965908968,-355.12049250925554,1781379605,159.48333333333332,225
433.2671749410523,-361.1958602716528,1781379605,159.48333333333332,226
428.438570125231,-355.2288591191174,1781379605,159.48333333333332,227
428.4939659415778,-359.6378290001306,1781379605,159.48333333333332,228
437.9011173391423,-357.5130047059308,1781379605,159.48333333333332,229
437.2291407539335,-359.9135025537887,1781379605,159.48333333333332,230
429.1781581587927,-353.68666597393656,1781379605,159.48333333333332,231
432.5852119051498,-359.0139291603116,1781379605,159.48333333333332,232
430.09971828226975,-346.367888142665,1781379605,159.48333333333332,233
430.1177919492061,-355.36593714108045,1781379605,159.48333333333332,234
431.9617437155202,-350.8884762426219,1781379605,159.48333333333332,235
418.0491055405138,-345.47140195469063,1781379605,159.48333333333332,236
435.6496385670519,-346.7824249534559,1781379605,159.48333333333332,237
427.4364038210006,-349.5362979037065,1781379605,159.48333333333332,238
435.263004326927,-346.9208430318782,1781379605,159.48333333333332,239
439.8046987532192,-348.8577821291988,1781379605,159.48333333333332,240
438.9075344217879,-349.59573853450536,1781379605,159.48333333333332,241
440.790005715283,-352.0884619678056,1781379605,159.48333333333332,242
449.1712718788774,-361.2029215712101,1781379605,159.48333333333332,243
435.0934662609361,-355.75871110210807,1781379605,159.48333333333332,244
433.9653250782461,-351.4807709809392,1781379605,159.48333333333332,245
447.9184388479901,-355.95690455039335,1781379605,159.48333333333332,246
436.21586162945727,-353.27909115329373,1781379605,159.48333333333332,247
442.8498887707566,-352.8871489334849,1781379605,159.48333333333332,248
452.0810499889128,-360.8623777478936,1781379605,159.48333333333332,249
442.955232128251,-356.24346935128153,1781379605,159.48333333333332,250
452.39738714577504,-356.97431776424264,1781379605,159.48333333333332,251
449.26390326690256,-352.4003013198578,1781379605,159.48333333333332,252
63.10404585806606,-180.6349461947879,1781379605,159.48333333333332,253
441.88530423497485,-353.461824330191,1781379605,159.48333333333332,254
447.2493999647426,-355.8822362224263,1781379605,159.48333333333332,255
454.9375631334193,-356.08977108821244,1781379605,159.48333333333332,256
459.1846964760956,-366.945198201885,1781379605,159.48333333333332,257
446.8132094662743,-354.2986109126364,1781379605,159.48333333333332,258
451.50924248635874,-353.2268244569815,1781379605,159.48333333333332,259
453.9643474197789,-354.1032965993504,1781379605,159.48333333333332,260
454.8617298196848,-357.8973324609297,1781379605,159.48333333333332,261
463.6899577232255,-365.091104744623,1781379605,159.48333333333332,262
460.085525608419,-368.6395790205957,1781379605,159.48333333333332,263
452.9947811637567,-360.00467501829104,1781379605,159.48333333333332,264
464.2622093777464,-364.2994755549971,1781379605,159.48333333333332,265
462.3405786295732,-364.5023166884976,1781379605,159.48333333333332,266
460.513222407676,-364.72417200853454,1781379605,159.48333333333332,267
471.29466870503205,-378.1190924247109,1781379605,159.48333333333332,268
451.36034096466005,-369.16206491986935,1781379605,159.48333333333332,269
470.3662427472709,-372.7062365890791,1781379605,159.48333333333332,270
457.5165523568048,-374.85824379076456,1781379605,159.48333333333332,271
474.93731527900286,-368.9568593526879,1781379605,159.48333333333332,272
465.8338540772958,-364.7776368620496,1781379605,159.48333333333332,273
473.6547289300772,-370.1954350993035,1781379605,159.48333333333332,274
473.2295352852296,-364.1193210432929,1781379605,159.48333333333332,275
466.4327443774055,-361.6774833612145,1781379605,159.48333333333332,276
462.3730816229987,-364.1952072878673,1781379605,159.48333333333332,277
458.2295497301699,-359.6443606168029,1781379605,159.48333333333332,278
464.0261216759704,-360.6662334476909,1781379605,159.48333333333332,279
472.9766550074926,-372.1846236623829,1781379605,159.48333333333332,280
460.63164815509776,-362.3951891747612,1781379605,159.48333333333332,281
465.1447552404371,-357.1146012830239,1781379605,159.48333333333332,282
453.49899640487246,-358.646122314036,1781379605,159.48333333333332,283
476.0411212323321,-365.7524051417907,1781379605,159.48333333333332,284
460.7941104224116,-362.58312044913583,1781379605,159.48333333333332,285
470.58618179904624,-362.326038087408,1781379605,159.48333333333332,286
459.233106891921,-366.5978143975759,1781379605,159.48333333333332,287
458.9155368101728,-359.0386142159503,1781379605,159.48333333333332,288
463.0574362226271,-359.43707595393045,1781379605,159.48333333333332,289
445.967383238028,-360.82979055121535,1781379605,159.48333333333332,290
471.0694674051642,-363.9717272122703,1781379605,159.48333333333332,291
469.00376958812535,-366.0353517569601,1781379605,159.48333333333332,292
455.558073881043,-361.547980322503,1781379605,159.48333333333332,293
457.57193997474064,-364.9615448613961,1781379605,159.48333333333332,294
460.2186513534059,-361.0657896896199,1781379605,159.48333333333332,295
205.39155786852663,-268.0215300892792,1781379605,159.48333333333332,296
456.8983823460308,-361.0606985899312,1781379605,159.48333333333332,297
463.9068254299775,-360.6961941160261,1781379605,159.48333333333332,298
477.4162852812215,-369.718045433362,1781379605,159.48333333333332,299
455.6539262969226,-352.7877897974104,1781379605,159.48333333333332,300
463.5065948945501,-359.1909011962518,1781379605,159.48333333333332,301
464.4616965740692,-365.4215651418395,1781379605,159.48333333333332,302
467.4903427811286,-358.1924472413952,1781379605,159.48333333333332,303
448.27089118057376,-357.14763370404603,1781379605,159.48333333333332,304
461.9198029662399,-357.4773619311548,1781379605,159.48333333333332,305
462.11693570891134,-357.8455335246393,1781379605,159.48333333333332,306
164.4051005387101,-193.64197363580257,1781379605,159.48333333333332,307
460.3684018891144,-357.8944221027196,1781379605,159.48333333333332,308
461.9528485038617,-360.8063560041291,1781379605,159.48333333333332,309
475.3012459243314,-355.2464831185833,1781379605,159.48333333333332,310
466.5001522097839,-357.66046407570474,1781379605,159.48333333333332,311
465.3412494414584,-360.8544182777404,1781379605,159.48333333333332,312
478.3255739138134,-368.71922604988,1781379605,159.48333333333332,313
474.1959727904758,-357.96284637351823,1781379605,159.48333333333332,314
482.5054683359233,-364.3816374552744,1781379605,159.48333333333332,315
468.9363791738262,-354.5991866489251,1781379605,159.48333333333332,316
478.3561143791829,-365.0015552459903,1781379605,159.48333333333332,317
472.7610638085844,-363.3241764828562,1781379605,159.48333333333332,318
472.4599366955644,-358.92014933750073,1781379605,159.48333333333332,319
474.2722746505767,-364.3155587998529,1781379605,159.48333333333332,320
485.36936084719423,-362.9767277681581,1781379605,159.48333333333332,321
467.6135807895255,-354.9344866269578,1781379605,159.48333333333332,322
481.0707723215749,-360.29396854092687,1781379605,159.48333333333332,323
474.2129619423061,-357.9036299831546,1781379605,159.48333333333332,324
491.0892137486494,-368.06818335751706,1781379605,159.48333333333332,325
476.8167238783005,-359.4453277032196,1781379605,159.48333333333332,326
483.06412341241287,-362.83217917879415,1781379605,159.48333333333332,327
483.9127340078394,-362.00875295139855,1781379605,159.48333333333332,328
484.2022017353619,-357.7409285176548,1781379605,159.48333333333332,329
487.0200478013773,-358.6878128473957,1781379605,159.48333333333332,330
472.722705095172,-356.4436127754552,1781379605,159.48333333333332,331
477.6599890309962,-355.46742544819915,1781379605,159.48333333333332,332
486.21156328901446,-370.3503850810228,1781379605,159.48333333333332,333
486.3321687441814,-362.4452265128488,1781379605,159.48333333333332,334
281.3283083190146,-268.1844175246854,1781379605,159.48333333333332,335
500.5018528400088,-376.8109119646253,1781379605,159.48333333333332,336
499.1043574674501,-375.72341575597767,1781379605,159.48333333333332,337
498.8824556764234,-372.2134297365941,1781379605,159.48333333333332,338
495.2605080476095,-371.6648135570189,1781379605,159.48333333333332,339
486.6003396059051,-365.8499078222855,1781379605,159.48333333333332,340
486.8949580194304,-371.3845959678292,1781379605,159.48333333333332,341
488.3530417362455,-383.6337956798571,1781379605,159.48333333333332,342
498.0902094465976,-375.5472407663862,1781379605,159.48333333333332,343
481.5786263887715,-368.6142886132005,1781379605,159.48333333333332,344
492.7260667556337,-365.5629881061614,1781379605,159.48333333333332,345
488.8150427844665,-365.100261474649,1781379605,159.48333333333332,346
490.6389638669063,-367.384578973676,1781379605,159.48333333333332,347
489.812622412518,-373.5089035406709,1781379605,159.48333333333332,348
494.16766153054857,-377.4432389127711,1781379605,159.48333333333332,349
484.9901926239395,-370.0967570357028,1781379605,159.48333333333332,350
490.9591441654439,-363.95700991898735,1781379605,159.48333333333332,351
488.1643691880929,-370.5402457341547,1781379605,159.48333333333332,352
490.3446370541121,-366.3273261444019,1781379605,159.48333333333332,353
492.1130339163778,-360.9860776079196,1781379605,159.48333333333332,354
490.9174153212294,-361.5311283748595,1781379605,159.48333333333332,355
488.416684190857,-366.4146454284591,1781379605,159.48333333333332,356
487.8202331493338,-366.7525130131589,1781379605,159.48333333333332,357
495.1306950038138,-364.98444686085,1781379605,159.48333333333332,358
502.2698605560158,-366.2479739623762,1781379605,159.48333333333332,359
503.4038083112848,-370.4822943750772,1781379605,159.48333333333332,360
498.3847137013978,-366.4514851011336,1781379605,159.48333333333332,361
462.46905008814576,-371.60361703361104,1781379605,159.48333333333332,362
480.5341438849246,-370.3169694890578,1781379605,159.48333333333332,363
489.6344806258926,-367.87461981425713,1781379605,159.48333333333332,364
496.6656105057164,-363.4636808459952,1781379605,159.48333333333332,365
484.22440249060105,-366.1785629106061,1781379605,159.48333333333332,366
489.25191454945445,-368.5018564673762,1781379605,159.48333333333332,367
483.58997913549535,-364.2349628160397,1781379605,159.48333333333332,368
470.54629406591664,-373.8716038440666,1781379605,159.48333333333332,369
493.16831607770416,-366.9677261536317,1781379605,159.48333333333332,370
480.75008027530873,-381.1689649187031,1781379605,159.48333333333332,371
503.8268114459969,-368.146683221062,1781379605,159.48333333333332,372
488.2127390936378,-370.65611628443,1781379605,159.48333333333332,373
494.10927188653545,-371.9743011506897,1781379605,159.48333333333332,374
491.76297551714345,-368.32441123326623,1781379605,159.48333333333332,375
171.27695250199926,-204.7293589416269,1781379605,159.48333333333332,376
473.312872537566,-359.4408845740058,1781379605,159.48333333333332,377
502.7189515388848,-372.0500034615399,1781379605,159.48333333333332,378
499.2244453898287,-378.9289922093353,1781379605,159.48333333333332,379
476.2065977554096,-368.5764856524765,1781379605,159.48333333333332,380
485.04563162011,-379.5822777301071,1781379605,159.48333333333332,381
503.2482103036207,-381.8029077760876,1781379605,159.48333333333332,382
502.67269294222046,-378.2534541289014,1781379605,159.48333333333332,383
501.6617179215245,-373.2356832313042,1781379605,159.48333333333332,384
503.53123156360846,-381.1615087067084,1781379605,159.48333333333332,385
498.3820251809826,-375.69066408959503,1781379605,159.48333333333332,386
502.074610944466,-374.69118216199234,1781379605,159.48333333333332,387
497.78351399952703,-380.1203407496212,1781379605,159.48333333333332,388
484.393703479908,-368.4179034282765,1781379605,159.48333333333332,389
503.678148268595,-363.5292087271809,1781379605,159.48333333333332,390
501.8461929510345,-369.79911528776057,1781379605,159.48333333333332,391
477.6206471518066,-364.67175911863706,1781379605,159.48333333333332,392
498.1201239666319,-369.5172696163252,1781379605,159.48333333333332,393
509.90515524705177,-369.7180898692461,1781379605,159.48333333333332,394
482.28049116965394,-363.7677662080774,1781379605,159.48333333333332,395
495.2447491309194,-365.9882110233109,1781379605,159.48333333333332,396
500.2867506792073,-366.5464227842171,1781379605,159.48333333333332,397
498.670277795962,-369.6219796985391,1781379605,159.48333333333332,398
497.6790039041681,-366.0183442210159,1781379605,159.48333333333332,399
506.5614170167413,-379.38003521909314,1781379605,159.48333333333332,400
516.0962006142013,-381.2118629130232,1781379605,159.48333333333332,401
516.4886422287733,-383.14706402520335,1781379605,159.48333333333332,402
494.5407449687468,-374.0378455445175,1781379605,159.48333333333332,403
486.2995369164663,-368.1068491749463,1781379605,159.48333333333332,404
504.2446121441045,-370.78825150802703,1781379605,159.48333333333332,405
508.3306995085181,-367.4760600502293,1781379605,159.48333333333332,406
505.916137052901,-366.4304091433685,1781379605,159.48333333333332,407
487.8021456589413,-355.5506009943779,1781379605,159.48333333333332,408
509.1230110034648,-368.6991897262631,1781379605,159.48333333333332,409
486.2184593515998,-362.07918085934,1781379605,159.48333333333332,410
492.8621047718202,-361.9610600223142,1781379605,159.48333333333332,411
501.7289186201873,-361.0756497271364,1781379605,159.48333333333332,412
497.9052444365607,-369.9933356779316,1781379605,159.48333333333332,413
501.8829292413304,-369.5667251572017,1781379605,159.48333333333332,414
501.60912278924167,-366.3583279363812,1781379605,159.48333333333332,415
498.8956529190552,-361.578829998771,1781379605,159.48333333333332,416
500.9910117456519,-363.29999804621,1781379605,159.48333333333332,417
515.5218575875069,-376.53253837053927,1781379605,159.48333333333332,418
512.5820559505488,-366.16949074342887,1781379605,159.48333333333332,419
506.5429217773817,-364.4081212170415,1781379605,159.48333333333332,420
478.47323250941866,-364.8110685658958,1781379605,159.48333333333332,421
489.3475479769213,-378.8019907052325,1781379605,159.48333333333332,422
510.7173187296039,-389.9532190908989,1781379605,159.48333333333332,423
508.2779069243454,-369.99666396404274,1781379605,159.48333333333332,424
503.9325142732015,-390.9933083889381,1781379605,159.48333333333332,425
516.0908590102134,-378.4015368657812,1781379605,159.48333333333332,426
520.6810007247313,-378.1318499582511,1781379605,159.48333333333332,427
501.24077642185057,-374.8845364600422,1781379605,159.48333333333332,428
503.9940506192523,-379.3327832842867,1781379605,159.48333333333332,429
516.7881393003526,-379.141963385356,1781379605,159.48333333333332,430
511.2130677548874,-370.5167214572428,1781379605,159.48333333333332,431
512.040195841177,-360.6462870550652,1781379605,159.48333333333332,432
514.264199255037,-370.2640466044353,1781379605,159.48333333333332,433
505.3003964026364,-368.5249890026947,1781379605,159.48333333333332,434
509.7074862874968,-360.8731259157258,1781379605,159.48333333333332,435
516.8558135196639,-369.3040074942015,1781379605,159.48333333333332,436
70.02013071738415,-116.75022981936732,1781379605,159.48333333333332,437
501.03155646547,-369.15870758518577,1781379605,159.48333333333332,438
483.6313093629825,-381.2271191148706,1781379605,159.48333333333332,439
521.6657659102996,-370.30933741355983,1781379605,159.48333333333332,440
501.7053643818138,-373.7933931946757,1781379605,159.48333333333332,441
499.2831736432483,-364.36407940089686,1781379605,159.48333333333332,442
505.0165021543267,-362.53558161606367,1781379605,159.48333333333332,443
509.0039741196418,-363.7146097781757,1781379605,159.48333333333332,444
513.0852985040125,-362.0229315273462,1781379605,159.48333333333332,445
499.5151398488855,-362.3386727459732,1781379605,159.48333333333332,446
518.4461174932421,-370.26387125998747,1781379605,159.48333333333332,447
513.0576742091945,-366.5868572145697,1781379605,159.48333333333332,448
511.7220689646026,-365.54254681617033,1781379605,159.48333333333332,449
511.539949669319,-366.98522058129305,1781379605,159.48333333333332,450
491.3826057177646,-371.1385445632038,1781379605,159.48333333333332,451
498.0774895062515,-366.8058010873696,1781379605,159.48333333333332,452
504.92548643889313,-357.40507261517155,1781379605,159.48333333333332,453
498.8653504048224,-356.616398076837,1781379605,159.48333333333332,454
503.1261876936048,-362.55946147317695,1781379605,159.48333333333332,455
501.65547771858553,-363.318801966806,1781379605,159.48333333333332,456
497.4114984002308,-369.0915657977264,1781379605,159.48333333333332,457
518.2006159591982,-362.4362865984439,1781379605,159.48333333333332,458
519.0568610345183,-366.49224852398027,1781379605,159.48333333333332,459
503.614429473764,-358.69776847896526,1781379605,159.48333333333332,460
521.8027144254868,-363.9140521511432,1781379605,159.48333333333332,461
500.3698314430402,-360.0615080197656,1781379605,159.48333333333332,462
505.8096534045216,-360.5865691695365,1781379605,159.48333333333332,463
521.6064494832632,-369.9892540015274,1781379605,159.48333333333332,464
515.6900646623945,-366.4985534095518,1781379605,159.48333333333332,465
510.6388721820448,-371.9517702857663,1781379605,159.48333333333332,466
533.0235380460888,-374.3679781307766,1781379605,159.48333333333332,467
499.5990226005099,-370.5301095917817,1781379605,159.48333333333332,468
506.4238313241137,-369.7519529970985,1781379605,159.48333333333332,469
511.7204564319284,-363.506467753401,1781379605,159.48333333333332,470
520.4474967246207,-364.8345111031086,1781379605,159.48333333333332,471
507.6443733761847,-363.67956838446366,1781379605,159.48333333333332,472
522.4119566875876,-371.4808259507026,1781379605,159.48333333333332,473
530.6205301886956,-362.9443753808738,1781379605,159.48333333333332,474
529.0832533622706,-370.1121765623493,1781379605,159.48333333333332,475
525.0070088552297,-364.6827289325503,1781379605,159.48333333333332,476
533.2453036828529,-370.0303658818205,1781379605,159.48333333333332,477
517.6360307959719,-375.94072914185625,1781379605,159.48333333333332,478
524.0634268639631,-366.8800205054387,1781379605,159.48333333333332,479
519.7410719560289,-363.3772404839592,1781379605,159.48333333333332,480
523.7433851857143,-366.1654645651576,1781379605,159.48333333333332,481
518.1134448749508,-377.3775821961466,1781379605,159.48333333333332,482
531.6353392059127,-376.219044116636,1781379605,159.48333333333332,483
528.3417987787002,-371.9315435687695,1781379605,159.48333333333332,484
520.9108419509178,-365.5463193568095,1781379605,159.48333333333332,485
514.8753415275951,-363.88294707859546,1781379605,159.48333333333332,486
530.4793887507632,-369.2258147721494,1781379605,159.48333333333332,487
511.71998599408863,-363.06532893205656,1781379605,159.48333333333332,488
522.1782165122579,-357.64350712842645,1781379605,159.48333333333332,489
529.8409147682254,-367.4931649627789,1781379605,159.48333333333332,490
518.7388004071795,-366.551524632921,1781379605,159.48333333333332,491
521.9520095443991,-359.45987343912395,1781379605,159.48333333333332,492
531.7220407816924,-361.80864687263954,1781379605,159.48333333333332,493
529.5558693156945,-363.2993629028399,1781379605,159.48333333333332,494
517.0065826690103,-367.0990602386493,1781379605,159.48333333333332,495
528.5362795732167,-368.7449518231052,1781379605,159.48333333333332,496
521.6278363131798,-360.55360011073407,1781379605,159.48333333333332,497
529.7805127681772,-366.6728540739665,1781379605,159.48333333333332,498
531.7277523097306,-371.6396065503362,1781379605,159.48333333333332,499
0.5730681265022254,-328.5778062939642,1781379600,159.56666666666666,0
-15.958911149754533,-329.65430541833217,1781379600,159.56666666666666,1
-7.768235490658558,-331.52652031679975,1781379600,159.56666666666666,2
-7.349173700051058,-340.29984164237965,1781379600,159.56666666666666,3
-0.6318418415732601,-337.6500309556722,1781379600,159.56666666666666,4
-13.76262245578581,-360.394683942199,1781379600,159.56666666666666,5
-8.451362372375234,-359.9657423347239,1781379600,159.56666666666666,6
0.2149484329649119,-353.8413786813613,1781379600,159.56666666666666,7
0.7798426840327357,-338.84179724007856,1781379600,159.56666666666666,8
-5.402454752253762,-343.21954309443674,1781379600,159.56666666666666,9
2.5117624036973334,-339.435708031058,1781379600,159.56666666666666,10
0.781001998215203,-329.52756342043523,1781379600,159.56666666666666,11
-8.360887290714953,-331.7440741807219,1781379600,159.56666666666666,12
-9.2286525657328,-326.3145311201612,1781379600,159.56666666666666,13
-4.96919884966237,-317.99330573280656,1781379600,159.56666666666666,14
-12.082574785386717,-320.5157326534392,1781379600,159.56666666666666,15
-2.1925300148471853,-310.875500207146,1781379600,159.56666666666666,16
-2.5061641709067497,-303.4492914279303,1781379600,159.56666666666666,17
3.486649440110668,-298.24639254560043,1781379600,159.56666666666666,18
-5.967854760354075,-289.0569721789409,1781379600,159.56666666666666,19
-1.8890497186948487,-278.6678119438386,1781379600,159.56666666666666,20
-2.355580485124136,-266.12212861329283,1781379600,159.56666666666666,21
-2.023365998986869,-249.94372906039175,1781379600,159.56666666666666,22
2.987846430913188,-242.5736081302172,1781379600,159.56666666666666,23
0.5187694587887093,-221.53546075026205,1781379600,159.56666666666666,24
5.178774944026863,-207.52812938392148,1781379600,159.56666666666666,25
5.193389224833613,-186.73225820064556,1781379600,159.56666666666666,26
6.23013874769106,-166.56852773018178,1781379600,159.56666666666666,27
11.344699077456502,-149.46422915719464,1781379600,159.56666666666666,28
11.663655037504224,-140.31929655497282,1781379600,159.56666666666666,29
15.640249411578337,-124.76899935056764,1781379600,159.56666666666666,30
18.935744256633143,-112.27316837819929,1781379600,159.56666666666666,31
6.196162572713625,-250.23026204357552,1781379600,159.56666666666666,32
12.66610942353056,-262.8600831478833,1781379600,159.56666666666666,33
16.197081972484572,-239.89123816291468,1781379600,159.56666666666666,34
61.67780474238344,-265.90887682636566,1781379600,159.56666666666666,35
57.72116361261504,-251.22774832198996,1781379600,159.56666666666666,36
69.88090562188529,-253.46480222543084,1781379600,159.56666666666666,37
182.37989073198213,-377.7060371960208,1781379600,159.56666666666666,38
215.5078936791718,-432.60144271949935,1781379600,159.56666666666666,39
192.01728622665632,-410.3319578841329,1781379600,159.56666666666666,40
170.08692161439188,-416.4683560679361,1781379600,159.56666666666666,41
220.04852048822477,-526.6386046707635,1781379600,159.56666666666666,42
242.36651608792667,-510.57053522268905,1781379600,159.56666666666666,43
245.88535521022,-483.92199547588825,1781379600,159.56666666666666,44
258.46216616137764,-495.8024206757542,1781379600,159.56666666666666,45
267.4708433586145,-502.4599011540411,1781379600,159.56666666666666,46
285.32300612692313,-516.4423272411024,1781379600,159.56666666666666,47
295.2795078711513,-496.37074296673137,1781379600,159.56666666666666,48
254.50617782171503,-442.2340477729841,1781379600,159.56666666666666,49
334.6377461638232,-549.6405356725055,1781379600,159.56666666666666,50
335.1307916616431,-550.9682319263616,1781379600,159.56666666666666,51
336.66815020955244,-558.3386953671767,1781379600,159.56666666666666,52
358.5659082161927,-564.6799596647414,1781379600,159.56666666666666,53
337.64789359393075,-555.2564742267132,1781379600,159.56666666666666,54
351.6856459704546,-564.8836098015311,1781379600,159.56666666666666,55
340.15711238941844,-549.6219179928308,1781379600,159.56666666666666,56
342.68575433645435,-548.9681273400779,1781379600,159.56666666666666,57
369.8492399188227,-537.9090592364474,1781379600,159.56666666666666,58
359.6759484855976,-536.0565803051003,1781379600,159.56666666666666,59
357.5135314538711,-527.2422852168473,1781379600,159.56666666666666,60
357.5997446946496,-521.993376687169,1781379600,159.56666666666666,61
369.5198999590456,-522.7996104756985,1781379600,159.56666666666666,62
362.8257648027602,-522.5584745705123,1781379600,159.56666666666666,63
377.3076041923631,-514.9573318759604,1781379600,159.56666666666666,64
370.29572602806576,-497.67214144766285,1781379600,159.56666666666666,65
376.808759574588,-490.0027453402679,1781379600,159.56666666666666,66
366.69685115426665,-474.23833248515945,1781379600,159.56666666666666,67
369.0633264104844,-464.0937809397777,1781379600,159.56666666666666,68
360.9551947038096,-442.0514689038195,1781379600,159.56666666666666,69
354.9028178926922,-434.0746532777942,1781379600,159.56666666666666,70
355.2012844033679,-431.12851183116464,1781379600,159.56666666666666,71
355.96415904336175,-409.1715938014292,1781379600,159.56666666666666,72
337.39144945809187,-399.905511451264,1781379600,159.56666666666666,73
332.0360375670647,-371.7595685223736,1781379600,159.56666666666666,74
324.2673315628058,-361.1458916564782,1781379600,159.56666666666666,75
319.3806043296226,-360.5731364861133,1781379600,159.56666666666666,76
316.930664461486,-343.74072852234053,1781379600,159.56666666666666,77
303.75426762288146,-330.6014037554462,1781379600,159.56666666666666,78
304.18382911768083,-331.15238417685026,1781379600,159.56666666666666,79
295.73124762789496,-311.5248679866392,1781379600,159.56666666666666,80
300.4863148593159,-308.12611914674414,1781379600,159.56666666666666,81
297.6636180867891,-308.3153808464608,1781379600,159.56666666666666,82
306.27290873720926,-310.7034463609257,1781379600,159.56666666666666,83
290.93185705053247,-296.72487970938295,1781379600,159.56666666666666,84
293.4029347860234,-293.96210347861074,1781379600,159.56666666666666,85
288.00694819399587,-292.49310807666427,1781379600,159.56666666666666,86
294.6178034966783,-300.55527190119034,1781379600,159.56666666666666,87
299.3457704871328,-297.8370626916485,1781379600,159.56666666666666,88
305.21443250995486,-306.3614541341864,1781379600,159.56666666666666,89
312.5295146252355,-309.1631643871464,1781379600,159.56666666666666,90
320.2209013883324,-318.3205357392627,1781379600,159.56666666666666,91
329.14989360896175,-332.59376565118606,1781379600,159.56666666666666,92
333.2553779091577,-335.1080321222543,1781379600,159.56666666666666,93
337.0216997953576,-341.4558224231009,1781379600,159.56666666666666,94
338.3393356383241,-342.09796424458466,1781379600,159.56666666666666,95
351.7322945431145,-359.848715382318,1781379600,159.56666666666666,96
349.75659185010784,-363.90907623867184,1781379600,159.56666666666666,97
355.6479953474628,-363.42459483941406,1781379600,159.56666666666666,98
361.8538966876697,-385.329633181294,1781379600,159.56666666666666,99
364.9429637441415,-386.2079821576672,1781379600,159.56666666666666,100
359.3355351820787,-383.6809232433637,1781379600,159.56666666666666,101
370.8769309104045,-392.5576582079132,1781379600,159.56666666666666,102
373.2947713563643,-391.0139287511509,1781379600,159.56666666666666,103
382.16205950138726,-402.5987043927114,1781379600,159.56666666666666,104
381.9886067977753,-405.527306693296,1781379600,159.56666666666666,105
381.8935868811938,-408.9230357731391,1781379600,159.56666666666666,106
379.5315325767801,-409.1437580188121,1781379600,159.56666666666666,107
385.3995454048735,-412.93660906950623,1781379600,159.56666666666666,108
391.12804232795736,-417.1334751670561,1781379600,159.56666666666666,109
385.5585007344062,-414.1316772152981,1781379600,159.56666666666666,110
392.4403261522314,-420.3815016647181,1781379600,159.56666666666666,111
392.1151353802715,-415.6553802539906,1781379600,159.56666666666666,112
399.1554206447976,-406.64213321854623,1781379600,159.56666666666666,113
400.2450777052304,-401.5897959321742,1781379600,159.56666666666666,114
394.6849047834402,-406.62407139937113,1781379600,159.56666666666666,115
394.4502595892593,-405.8783870935446,1781379600,159.56666666666666,116
393.4781059600164,-405.8973348041376,1781379600,159.56666666666666,117
415.311325586856,-406.85917979975545,1781379600,159.56666666666666,118
396.7267902439293,-402.1742762823898,1781379600,159.56666666666666,119
391.7833800564231,-395.0238196402789,1781379600,159.56666666666666,120
401.040886828051,-400.90560212731424,1781379600,159.56666666666666,121
380.7621641511266,-381.3530676364905,1781379600,159.56666666666666,122
387.9989796005147,-374.25578691313655,1781379600,159.56666666666666,123
396.3328808900634,-380.46540539463393,1781379600,159.56666666666666,124
393.1829377994068,-372.2717446461317,1781379600,159.56666666666666,125
391.8206652269779,-375.7317825059097,1781379600,159.56666666666666,126
391.5742429867796,-368.19730267425376,1781379600,159.56666666666666,127
392.7885026007512,-367.373535625637,1781379600,159.56666666666666,128
395.761432343315,-367.0887156675257,1781379600,159.56666666666666,129
393.1250790938077,-356.2063222974534,1781379600,159.56666666666666,130
386.9868106742505,-346.6367273777724,1781379600,159.56666666666666,131
394.1823957774863,-357.5721251169844,1781379600,159.56666666666666,132
399.0150173724427,-361.9215709120035,1781379600,159.56666666666666,133
395.8990608439794,-354.29177160188567,1781379600,159.56666666666666,134
393.1117386837385,-351.54552305738144,1781379600,159.56666666666666,135
403.0973529031355,-355.2393681580814,1781379600,159.56666666666666,136
398.2052730651478,-349.5361398632332,1781379600,159.56666666666666,137
404.39248958484274,-354.16698241233865,1781379600,159.56666666666666,138
404.7922168246855,-346.0422457531092,1781379600,159.56666666666666,139
411.5411965602364,-359.6541889781752,1781379600,159.56666666666666,140
419.0594893198288,-359.0398933192096,1781379600,159.56666666666666,141
413.5522153306461,-358.91507989664854,1781379600,159.56666666666666,142
421.2369688779879,-365.77527497212105,1781379600,159.56666666666666,143
408.6333368401108,-353.6729066769283,1781379600,159.56666666666666,144
421.42533372732686,-358.8585453405975,1781379600,159.56666666666666,145
422.16432641264754,-353.82051420708484,1781379600,159.56666666666666,146
426.9318073527449,-360.2909240176284,1781379600,159.56666666666666,147
444.6698228701986,-357.6117029488085,1781379600,159.56666666666666,148
435.7140283003317,-362.9160315344734,1781379600,159.56666666666666,149
448.5065520861693,-375.2393579185006,1781379600,159.56666666666666,150
440.945219464586,-373.9521239275732,1781379600,159.56666666666666,151
449.2414652839973,-372.19848500937246,1781379600,159.56666666666666,152
451.99667008145775,-374.8837130765119,1781379600,159.56666666666666,153
450.5998806870597,-370.7423041711256,1781379600,159.56666666666666,154
466.5848939722312,-377.9163245856759,1781379600,159.56666666666666,155
456.1719681251366,-380.5613062332073,1781379600,159.56666666666666,156
476.03389194145086,-383.4731977805491,1781379600,159.56666666666666,157
466.8988031971021,-388.46644807855273,1781379600,159.56666666666666,158
486.3268344209444,-393.0337209130321,1781379600,159.56666666666666,159
481.5083575774623,-386.1076600402595,1781379600,159.56666666666666,160
482.82809382468497,-388.32404174158944,1781379600,159.56666666666666,161
498.5928039321181,-388.91123390197697,1781379600,159.56666666666666,162
488.5438070322153,-383.7976603060961,1781379600,159.56666666666666,163
500.1064911123731,-389.0658090934157,1781379600,159.56666666666666,164
485.0792874990445,-377.65832087273344,1781379600,159.56666666666666,165
474.5668109020005,-384.7378491883476,1781379600,159.56666666666666,166
505.1581619322765,-382.5153602709376,1781379600,159.56666666666666,167
512.7409947969262,-387.5497087811426,1781379600,159.56666666666666,168
474.7375527090278,-374.8554365336898,1781379600,159.56666666666666,169
524.3447601959007,-381.52829802036274,1781379600,159.56666666666666,170
508.9302796108629,-394.5008511741952,1781379600,159.56666666666666,171
524.9178220500371,-380.8487826188408,1781379600,159.56666666666666,172
526.8424018612349,-388.4649440149463,1781379600,159.56666666666666,173
505.57398700223047,-381.6092343231045,1781379600,159.56666666666666,174
512.9543298932231,-379.6694694111741,1781379600,159.56666666666666,175
506.2927511470901,-388.1082581753528,1781379600,159.56666666666666,176
537.026326818461,-387.9035503591112,1781379600,159.56666666666666,177
520.9011765439712,-383.60559577370657,1781379600,159.56666666666666,178
538.1539664634702,-386.10128349065775,1781379600,159.56666666666666,179
515.263918128215,-377.7645739242429,1781379600,159.56666666666666,180
524.2607050913325,-373.158731576055,1781379600,159.56666666666666,181
520.7873074326358,-364.0737340177097,1781379600,159.56666666666666,182
516.1531671164877,-361.25178897132446,1781379600,159.56666666666666,183
549.8141857247226,-367.1119882911449,1781379600,159.56666666666666,184
506.91263355225817,-360.6286616163952,1781379600,159.56666666666666,185
525.1799267473623,-362.2648213058706,1781379600,159.56666666666666,186
537.7868517519008,-355.9725221594168,1781379600,159.56666666666666,187
537.7229116961041,-348.1797022049624,1781379600,159.56666666666666,188
538.1691634664925,-362.76916942248727,1781379600,159.56666666666666,189
563.2638024143419,-358.501177318394,1781379600,159.56666666666666,190
549.7145756978025,-355.74945143361896,1781379600,159.56666666666666,191
537.431729358188,-345.8976214677096,1781379600,159.56666666666666,192
547.7438518888555,-354.02914585669834,1781379600,159.56666666666666,193
547.0591329843545,-348.0765693411229,1781379600,159.56666666666666,194
533.681884598449,-357.21458596487776,1781379600,159.56666666666666,195
560.9588277302893,-359.1044162511824,1781379600,159.56666666666666,196
546.1322018388784,-352.1236911639571,1781379600,159.56666666666666,197
556.4030196864605,-354.8729116742805,1781379600,159.56666666666666,198
553.6323945635166,-361.4096571778258,1781379600,159.56666666666666,199
549.8518398936492,-351.596315788726,1781379600,159.56666666666666,200
559.1655339705372,-359.3682374979052,1781379600,159.56666666666666,201
559.089218493633,-358.6718438006938,1781379600,159.56666666666666,202
569.111501380777,-358.4241495964428,1781379600,159.56666666666666,203
559.5046263306571,-355.8450437734527,1781379600,159.56666666666666,204
561.4554022610147,-353.13859741141385,1781379600,159.56666666666666,205
561.0515981851422,-353.27570395419974,1781379600,159.56666666666666,206
561.7769495659841,-361.7466303010783,1781379600,159.56666666666666,207
566.5303861591457,-351.3641198649999,1781379600,159.56666666666666,208
549.7694426409586,-352.2022064452368,1781379600,159.56666666666666,209
574.100244468017,-354.4883819768831,1781379600,159.56666666666666,210
587.9126102081209,-355.2635492049156,1781379600,159.56666666666666,211
571.4894518194938,-366.6011082703864,1781379600,159.56666666666666,212
562.9624844482555,-359.3074183799328,1781379600,159.56666666666666,213
560.0253957354272,-367.4849740639337,1781379600,159.56666666666666,214
546.5451011870903,-355.0524567763007,1781379600,159.56666666666666,215
567.6906293762088,-354.43854667494696,1781379600,159.56666666666666,216
543.8306495944521,-359.88644589483744,1781379600,159.56666666666666,217
575.1950698017068,-351.6417333409192,1781379600,159.56666666666666,218
558.010574364721,-356.7889895265299,1781379600,159.56666666666666,219
570.1059833633155,-358.2595388808595,1781379600,159.56666666666666,220
587.0576876071831,-353.86976534376555,1781379600,159.56666666666666,221
520.4500869932428,-349.6893602547544,1781379600,159.56666666666666,222
588.2002451337547,-349.85368720814574,1781379600,159.56666666666666,223
543.1951394466457,-352.521096996963,1781379600,159.56666666666666,224
567.668936451934,-357.6033979952333,1781379600,159.56666666666666,225
580.0558350743481,-359.2474343944334,1781379600,159.56666666666666,226
562.3960676345769,-347.44802558546246,1781379600,159.56666666666666,227
568.6085863208732,-354.4054661989211,1781379600,159.56666666666666,228
571.2494847038486,-342.8637944261236,1781379600,159.56666666666666,229
542.3043916910789,-354.9244037369885,1781379600,159.56666666666666,230
579.720354925657,-341.652545098216,1781379600,159.56666666666666,231
578.3463725293784,-360.27002273251674,1781379600,159.56666666666666,232
581.48036642658,-346.0302243456243,1781379600,159.56666666666666,233
549.656910859873,-335.4234725038212,1781379600,159.56666666666666,234
565.1423075387579,-339.4638363147777,1781379600,159.56666666666666,235
540.2904706283737,-329.4173702547947,1781379600,159.56666666666666,236
538.1836747800023,-327.5751415453849,1781379600,159.56666666666666,237
563.9866571737865,-328.7911396200457,1781379600,159.56666666666666,238
568.703874201419,-327.1381808388974,1781379600,159.56666666666666,239
558.1274139927121,-335.2103868524237,1781379600,159.56666666666666,240
564.7802246098843,-331.2806657080849,1781379600,159.56666666666666,241
553.0817116689636,-321.7347705786425,1781379600,159.56666666666666,242
547.5077674577456,-316.5517353241638,1781379600,159.56666666666666,243
547.948623746629,-313.9859660031902,1781379600,159.56666666666666,244
557.4883236044857,-332.2047141008078,1781379600,159.56666666666666,245
560.1349610742574,-329.2561608801285,1781379600,159.56666666666666,246
582.7237803888869,-331.8147390391675,1781379600,159.56666666666666,247
565.8816715002463,-327.9989416897297,1781379600,159.56666666666666,248
554.5942386542081,-339.02428821722674,1781379600,159.56666666666666,249
597.69010382498,-341.0212258764854,1781379600,159.56666666666666,250
560.6709665565555,-324.5891459447642,1781379600,159.56666666666666,251
568.9149059641137,-337.4804564366738,1781379600,159.56666666666666,252
569.8631091164347,-343.5960073222716,1781379600,159.56666666666666,253
567.4933422979198,-333.3675646024442,1781379600,159.56666666666666,254
580.2931750839788,-333.6852334737781,1781379600,159.56666666666666,255
573.1258742716718,-340.07944253832096,1781379600,159.56666666666666,256
570.0529397242793,-317.04168045396625,1781379600,159.56666666666666,257
574.7505029510603,-315.5569672212006,1781379600,159.56666666666666,258
551.4923549413438,-328.79186820114603,1781379600,159.56666666666666,259
579.6565436429241,-340.1108123473828,1781379600,159.56666666666666,260
569.0210069952516,-345.6601081142828,1781379600,159.56666666666666,261
578.674140160191,-338.9218133526542,1781379600,159.56666666666666,262
589.2365195594912,-344.20231940535183,1781379600,159.56666666666666,263
582.788385024888,-347.0206928544988,1781379600,159.56666666666666,264
578.0098824517979,-328.44826955534506,1781379600,159.56666666666666,265
582.8799291364013,-326.3660472768047,1781379600,159.56666666666666,266
582.5729705833126,-334.9028996390604,1781379600,159.56666666666666,267
595.80866054841,-335.3545620515946,1781379600,159.56666666666666,268
588.6786228370606,-343.07106638203004,1781379600,159.56666666666666,269
597.0285768376386,-333.9554338262727,1781379600,159.56666666666666,270
593.6091397125874,-325.60623214673217,1781379600,159.56666666666666,271
552.8804632419575,-336.4663414061071,1781379600,159.56666666666666,272
563.6013517957126,-324.19853687441594,1781379600,159.56666666666666,273
591.4232621554701,-332.5162783972917,1781379600,159.56666666666666,274
600.9267945485822,-328.50007054706424,1781379600,159.56666666666666,275
577.7204889730406,-343.44245046128844,1781379600,159.56666666666666,276
577.6820287851369,-329.4670958332716,1781379600,159.56666666666666,277
588.2915063538968,-325.603536104163,1781379600,159.56666666666666,278
585.5536026573742,-334.0535275582226,1781379600,159.56666666666666,279
570.4051575497756,-337.12140964965056,1781379600,159.56666666666666,280
600.9860522735491,-337.3245211193961,1781379600,159.56666666666666,281
197.9801661647163,-533.2737031566601,1781379600,159.56666666666666,282
598.0318655037194,-331.9983318063124,1781379600,159.56666666666666,283
576.3208965803072,-341.8800831896564,1781379600,159.56666666666666,284
611.0401057963525,-338.1105451509356,1781379600,159.56666666666666,285
572.915884872777,-344.9426142026978,1781379600,159.56666666666666,286
579.1970143613811,-354.6064365142953,1781379600,159.56666666666666,287
595.0623791369961,-345.6295257285236,1781379600,159.56666666666666,288
593.846342385001,-350.8483383667968,1781379600,159.56666666666666,289
596.4591614079718,-348.9928438998755,1781379600,159.56666666666666,290
603.3560728714293,-359.444294809674,1781379600,159.56666666666666,291
584.8476430615315,-352.14000002294773,1781379600,159.56666666666666,292
585.3021799038063,-356.9425443224606,1781379600,159.56666666666666,293
590.252666593099,-347.80069203178,1781379600,159.56666666666666,294
588.2369610943856,-355.995343325039,1781379600,159.56666666666666,295
582.9823698145549,-342.4772593664625,1781379600,159.56666666666666,296
585.594425833215,-348.7067321514086,1781379600,159.56666666666666,297
529.195022864267,-354.42127453659987,1781379600,159.56666666666666,298
554.4275148858268,-344.4176616271336,1781379600,159.56666666666666,299
583.2874662689469,-348.0798134654763,1781379600,159.56666666666666,300
589.6790820404925,-339.6869062775127,1781379600,159.56666666666666,301
576.7266627480847,-330.13391981522244,1781379600,159.56666666666666,302
553.7299012059203,-335.6392074351514,1781379600,159.56666666666666,303
561.5773578556399,-330.8348793114222,1781379600,159.56666666666666,304
559.363912101993,-337.4952214881778,1781379600,159.56666666666666,305
579.9427878756112,-333.17190339913003,1781379600,159.56666666666666,306
564.6356221588145,-309.4205526293566,1781379600,159.56666666666666,307
561.3294231187001,-324.8298325402041,1781379600,159.56666666666666,308
540.3512147244154,-329.6584593765441,1781379600,159.56666666666666,309
605.3808447402987,-333.3013356166584,1781379600,159.56666666666666,310
587.2107907063471,-320.4920214563606,1781379600,159.56666666666666,311
553.5322667734944,-346.83084633698024,1781379600,159.56666666666666,312
577.8431922553398,-318.8059844958279,1781379600,159.56666666666666,313
581.5665010301408,-331.7665968773265,1781379600,159.56666666666666,314
582.2576204321471,-340.3882409731545,1781379600,159.56666666666666,315
594.4024963547134,-345.58286841462063,1781379600,159.56666666666666,316
585.7906738941717,-337.1398259078461,1781379600,159.56666666666666,317
581.9961521924452,-327.8761959796152,1781379600,159.56666666666666,318
579.0459430999998,-347.14928597646457,1781379600,159.56666666666666,319
575.6874967191092,-332.5658018141986,1781379600,159.56666666666666,320
578.8113722148858,-316.58454601342487,1781379600,159.56666666666666,321
571.8034648612004,-343.397550563018,1781379600,159.56666666666666,322
560.435728577414,-337.85819886655827,1781379600,159.56666666666666,323
588.7477163633799,-324.3292628936467,1781379600,159.56666666666666,324
571.0799817789724,-341.2489493334044,1781379600,159.56666666666666,325
557.780222360921,-331.8236080805462,1781379600,159.56666666666666,326
548.3888710988676,-345.83324158440035,1781379600,159.56666666666666,327
549.6091362120488,-338.18571127578645,1781379600,159.56666666666666,328
559.0042937905708,-336.80160526745,1781379600,159.56666666666666,329
596.9090769279788,-328.0125956957536,1781379600,159.56666666666666,330
588.1956362596601,-341.83315020178736,1781379600,159.56666666666666,331
588.1290276891217,-337.71335725610453,1781379600,159.56666666666666,332
555.1515742923524,-339.429798020671,1781379600,159.56666666666666,333
562.6393222590503,-329.8138030779859,1781379600,159.56666666666666,334
568.7262997179473,-329.2828223854303,1781379600,159.56666666666666,335
585.9633116871412,-332.52368760729854,1781379600,159.56666666666666,336
585.869164349549,-338.5592084452512,1781379600,159.56666666666666,337
581.4138534145475,-339.8341153810423,1781379600,159.56666666666666,338
573.3758270788811,-321.0712279168269,1781379600,159.56666666666666,339
567.7070307668082,-354.9455460608005,1781379600,159.56666666666666,340
599.5846482013354,-328.7176080041875,1781379600,159.56666666666666,341
547.5655969480565,-322.941526523481,1781379600,159.56666666666666,342
592.768181474113,-339.0196134718132,1781379600,159.56666666666666,343
583.2259027076973,-342.4315570493541,1781379600,159.56666666666666,344
608.3073121400772,-342.3674045726659,1781379600,159.56666666666666,345
590.6925686988502,-324.46291536403226,1781379600,159.56666666666666,346
598.2777772307559,-325.0933472278215,1781379600,159.56666666666666,347
602.7696867317471,-325.4004617271326,1781379600,159.56666666666666,348
597.0718185834769,-333.8910687739652,1781379600,159.56666666666666,349
569.3346339518598,-316.34197457662475,1781379600,159.56666666666666,350
587.2582404409366,-341.87266126771806,1781379600,159.56666666666666,351
602.2504294157072,-332.33931437258934,1781379600,159.56666666666666,352
593.5557002916444,-332.3014622417593,1781379600,159.56666666666666,353
603.0917132526607,-336.7244452623028,1781379600,159.56666666666666,354
583.2727058667133,-316.7031673267484,1781379600,159.56666666666666,355
568.262357370578,-335.2765712241328,1781379600,159.56666666666666,356
586.6381673615481,-328.97493084395944,1781379600,159.56666666666666,357
560.4396620782929,-328.2183962265649,1781379600,159.56666666666666,358
568.6450985297541,-317.0977835816638,1781379600,159.56666666666666,359
595.3748328471845,-317.17973566924496,1781379600,159.56666666666666,360
585.1017297908787,-309.0522972910353,1781379600,159.56666666666666,361
574.9212628837098,-314.9193776125706,1781379600,159.56666666666666,362
566.3789378864176,-312.41897857934214,1781379600,159.56666666666666,363
595.4412053567106,-311.8566393647339,1781379600,159.56666666666666,364
595.7608426597077,-308.12313836812973,1781379600,159.56666666666666,365
597.5748635155038,-323.368812802558,1781379600,159.56666666666666,366
584.6624739514,-321.08764522212226,1781379600,159.56666666666666,367
595.301403678015,-319.7213287589453,1781379600,159.56666666666666,368
598.5722643594509,-315.81260627228767,1781379600,159.56666666666666,369
594.3362541431711,-324.32620245590806,1781379600,159.56666666666666,370
598.33572189534,-320.4984162449837,1781379600,159.56666666666666,371
605.1633218883185,-318.80116188029456,1781379600,159.56666666666666,372
601.5897566751956,-314.0646951217207,1781379600,159.56666666666666,373
606.4254504758649,-331.89477174729075,1781379600,159.56666666666666,374
619.4693789694551,-318.59199785317,1781379600,159.56666666666666,375
598.2573429032888,-318.3188236082596,1781379600,159.56666666666666,376
600.5553705025175,-313.4752406701448,1781379600,159.56666666666666,377
609.026019258499,-325.67344513163,1781379600,159.56666666666666,378
608.1465089191253,-326.9936745837328,1781379600,159.56666666666666,379
609.1990722491821,-319.06160866096604,1781379600,159.56666666666666,380
598.0745090092073,-321.46263973787404,1781379600,159.56666666666666,381
613.5849868086809,-318.9455466829239,1781379600,159.56666666666666,382
624.620287821832,-333.4143409232297,1781379600,159.56666666666666,383
607.4771059030162,-329.15328181659186,1781379600,159.56666666666666,384
605.9013165028234,-332.0227791840832,1781379600,159.56666666666666,385
608.8166436289015,-334.3312130384147,1781379600,159.56666666666666,386
610.1338083858109,-336.8957362013551,1781379600,159.56666666666666,387
611.7031570776978,-322.2725244623919,1781379600,159.56666666666666,388
603.154637148367,-320.9923513562734,1781379600,159.56666666666666,389
617.8080220013514,-333.3444880048434,1781379600,159.56666666666666,390
596.9066348394377,-334.9254133192202,1781379600,159.56666666666666,391
555.5492217851458,-346.7818867924313,1781379600,159.56666666666666,392
591.2493954413535,-338.566682028274,1781379600,159.56666666666666,393
597.7736621507497,-337.6804528161885,1781379600,159.56666666666666,394
608.5418766274897,-337.67124294737965,1781379600,159.56666666666666,395
603.5989806736942,-327.24740809202194,1781379600,159.56666666666666,396
585.2056794318648,-347.3147301711142,1781379600,159.56666666666666,397
590.4293046159152,-334.2258274027457,1781379600,159.56666666666666,398
603.0229007921788,-320.3423931238554,1781379600,159.56666666666666,399
594.3151628422701,-320.48218431820493,1781379600,159.56666666666666,400
591.2049005728722,-320.782575532794,1781379600,159.56666666666666,401
612.4736613183088,-323.4044785884521,1781379600,159.56666666666666,402
610.1367162726381,-318.4603722101701,1781379600,159.56666666666666,403
597.7532907552504,-318.5694711189714,1781379600,159.56666666666666,404
608.1747293456878,-332.4183416180311,1781379600,159.56666666666666,405
590.0908018384397,-322.5901514533901,1781379600,159.56666666666666,406
615.9049827410377,-344.20911131426726,1781379600,159.56666666666666,407
616.3404988984821,-338.3895844295623,1781379600,159.56666666666666,408
617.6113886802997,-326.50546722486627,1781379600,159.56666666666666,409
597.956085350106,-341.7728306849804,1781379600,159.56666666666666,410
582.6539867871791,-309.9994158682721,1781379600,159.56666666666666,411
569.7115003327035,-318.4762423485518,1781379600,159.56666666666666,412
587.2095633320156,-342.356536965817,1781379600,159.56666666666666,413
610.6484381337086,-325.7030253540725,1781379600,159.56666666666666,414
563.5544664426344,-336.2019250467422,1781379600,159.56666666666666,415
564.8453881195705,-334.0270413321755,1781379600,159.56666666666666,416
597.1184490533296,-311.6646082345396,1781379600,159.56666666666666,417
582.8035277216017,-316.726202705565,1781379600,159.56666666666666,418
594.4754470689163,-322.2401929479091,1781379600,159.56666666666666,419
598.7471055769688,-313.42929454955,1781379600,159.56666666666666,420
532.5969884737796,-309.8566236992672,1781379600,159.56666666666666,421
577.8284006571721,-306.9790847313898,1781379600,159.56666666666666,422
607.222526839588,-325.0870837581651,1781379600,159.56666666666666,423
613.5045830313742,-323.9461424816402,1781379600,159.56666666666666,424
590.696005368816,-320.4368519742666,1781379600,159.56666666666666,425
620.7447266308777,-327.87965733185376,1781379600,159.56666666666666,426
613.770777269014,-329.7253659019863,1781379600,159.56666666666666,427
583.2886403002311,-314.4339861335852,1781379600,159.56666666666666,428
606.0856435547483,-316.61376192606986,1781379600,159.56666666666666,429
601.826949970225,-318.74540328606975,1781379600,159.56666666666666,430
595.0455144334762,-326.2340147892634,1781379600,159.56666666666666,431
621.3830051853088,-333.3833479521177,1781379600,159.56666666666666,432
608.8954814831899,-334.19614905367314,1781379600,159.56666666666666,433
613.752722033057,-333.66587334622926,1781379600,159.56666666666666,434
600.2501740301593,-322.2604925818737,1781379600,159.56666666666666,435
608.3769115376988,-349.22313314552093,1781379600,159.56666666666666,436
606.15749089637,-349.36778761073924,1781379600,159.56666666666666,437
610.6087343604083,-337.6270634445049,1781379600,159.56666666666666,438
583.3705611601438,-326.7815008126201,1781379600,159.56666666666666,439
616.3715847659422,-337.47908991388937,1781379600,159.56666666666666,440
605.089173068106,-337.9966165671746,1781379600,159.56666666666666,441
606.4425091213703,-316.9968796409667,1781379600,159.56666666666666,442
593.6263192324365,-324.74752092547726,1781379600,159.56666666666666,443
621.3338712500909,-333.6429957002401,1781379600,159.56666666666666,444
621.2378060808209,-329.5768040617308,1781379600,159.56666666666666,445
593.4244982190742,-321.42822668639315,1781379600,159.56666666666666,446
592.4925264105984,-320.2315029688177,1781379600,159.56666666666666,447
621.5827953314056,-328.97471917048097,1781379600,159.56666666666666,448
599.908857552215,-323.3603569759681,1781379600,159.56666666666666,449
605.0021886612022,-326.8654005577162,1781379600,159.56666666666666,450
603.6857388657792,-327.3282722687973,1781379600,159.56666666666666,451
611.7343787524214,-322.5414689456423,1781379600,159.56666666666666,452
589.5227122921193,-315.706669261058,1781379600,159.56666666666666,453
587.8794436350531,-304.37751823291205,1781379600,159.56666666666666,454
608.5799616245969,-312.159001161655,1781379600,159.56666666666666,455
603.9855732370936,-311.7788803627096,1781379600,159.56666666666666,456
603.1118489226782,-314.7323230650893,1781379600,159.56666666666666,457
579.8528423613554,-303.81152448430646,1781379600,159.56666666666666,458
580.6582304257087,-298.7977445578828,1781379600,159.56666666666666,459
581.7255032954116,-295.28024383385974,1781379600,159.56666666666666,460
580.0886345707138,-311.6513666051127,1781379600,159.56666666666666,461
592.3716929002431,-313.2567402822899,1781379600,159.56666666666666,462
589.660826998236,-300.7278242434064,1781379600,159.56666666666666,463
600.336790680858,-305.783867326875,1781379600,159.56666666666666,464
602.9750314905442,-304.1840040000773,1781379600,159.56666666666666,465
602.1556060771333,-301.79684199516964,1781379600,159.56666666666666,466
599.5503501421729,-304.3743163893619,1781379600,159.56666666666666,467
606.3691604071496,-311.7137626657877,1781379600,159.56666666666666,468
614.3093749381542,-304.3510586706297,1781379600,159.56666666666666,469
623.8068668717723,-310.2561655590935,1781379600,159.56666666666666,470
619.19665038029,-311.8370400480925,1781379600,159.56666666666666,471
598.8668884488719,-315.2064264242845,1781379600,159.56666666666666,472
606.8727794943254,-316.0152918323876,1781379600,159.56666666666666,473
606.7403849523721,-332.9560369377333,1781379600,159.56666666666666,474
619.3527484020287,-301.6052801556264,1781379600,159.56666666666666,475
622.8025765391219,-331.90643658613163,1781379600,159.56666666666666,476
636.3276360916267,-326.8273978705206,1781379600,159.56666666666666,477
621.1546719315692,-330.85576571399963,1781379600,159.56666666666666,478
615.8349058583207,-336.01788711920403,1781379600,159.56666666666666,479
622.3175456550966,-307.853736734638,1781379600,159.56666666666666,480
637.5202150565588,-319.26441042870294,1781379600,159.56666666666666,481
626.644625280828,-347.09802824010484,1781379600,159.56666666666666,482
620.6818527590657,-323.92535773168004,1781379600,159.56666666666666,483
616.1317631934262,-331.3733937715486,1781379600,159.56666666666666,484
613.551602913912,-328.61432939643686,1781379600,159.56666666666666,485
604.5874817790568,-316.7972323770328,1781379600,159.56666666666666,486
615.6878607503095,-331.2333823889489,1781379600,159.56666666666666,487
635.5564142339454,-313.90723503877746,1781379600,159.56666666666666,488
611.3438256990092,-319.1725925899419,1781379600,159.56666666666666,489
627.7286631601283,-317.2639105195801,1781379600,159.56666666666666,490
639.9148973106082,-320.4471308191616,1781379600,159.56666666666666,491
627.384153919965,-311.16817913825327,1781379600,159.56666666666666,492
617.5911387061653,-315.9034815349925,1781379600,159.56666666666666,493
626.7331882065283,-315.86038754632096,1781379600,159.56666666666666,494
620.6570471494477,-312.7463655931255,1781379600,159.56666666666666,495
621.9883496704409,-306.80341325824486,1781379600,159.56666666666666,496
604.9709593217366,-296.50474940550833,1781379600,159.56666666666666,497
618.9368314708994,-296.8936409664646,1781379600,159.56666666666666,498
606.3045008458287,-295.64698870355863,1781379600,159.56666666666666,499
-10.279319813612975,-340.1545138644672,1781379597,159.61666666666667,0
-3.238920016650149,-330.72119329621336,1781379597,159.61666666666667,1
-2.163515686522898,-336.360950102408,1781379597,159.61666666666667,2
-3.6684309200192087,-336.6539088400701,1781379597,159.61666666666667,3
-10.295552177886217,-340.1687716667852,1781379597,159.61666666666667,4
2.817292353242764,-363.32464089492953,1781379597,159.61666666666667,5
-1.1834697934319145,-357.84759611884783,1781379597,159.61666666666667,6
-13.240190297594596,-345.80000937233405,1781379597,159.61666666666667,7
-3.87135783674234,-342.2542091012,1781379597,159.61666666666667,8
-5.1071705566924805,-342.8762094875174,1781379597,159.61666666666667,9
-1.5360790632655363,-337.2378570586445,1781379597,159.61666666666667,10
-5.282117119603608,-330.800345897674,1781379597,159.61666666666667,11
-8.341694101476175,-329.8646439661584,1781379597,159.61666666666667,12
-12.54286080384135,-323.05740762005286,1781379597,159.61666666666667,13
-5.902621762907232,-320.83987686783087,1781379597,159.61666666666667,14
-4.431154098805056,-315.1356828113393,1781379597,159.61666666666667,15
-18.557516818786706,-307.2693165342012,1781379597,159.61666666666667,16
-2.5411254006740185,-301.3718575984241,1781379597,159.61666666666667,17
1.376922789472351,-293.9957844316957,1781379597,159.61666666666667,18
-10.203675253063556,-291.36859672268247,1781379597,159.61666666666667,19
-1.5429153952954846,-274.6815680762131,1781379597,159.61666666666667,20
1.3524355597060986,-263.361815435191,1781379597,159.61666666666667,21
-4.677408149769616,-252.43908796211056,1781379597,159.61666666666667,22
3.378931675544603,-243.21848223979296,1781379597,159.61666666666667,23
2.354149126086877,-223.355447375526,1781379597,159.61666666666667,24
0.7900223519350459,-200.3788665371637,1781379597,159.61666666666667,25
4.060510156947278,-182.80163006981223,1781379597,159.61666666666667,26
8.005007697400071,-171.7480884703499,1781379597,159.61666666666667,27
9.628758435502297,-156.46629204104332,1781379597,159.61666666666667,28
14.994181278606757,-138.45519085911403,1781379597,159.61666666666667,29
22.67123837221016,-126.89250381228835,1781379597,159.61666666666667,30
27.016170218382538,-110.12905996292828,1781379597,159.61666666666667,31
13.03631104516802,-259.00120428949594,1781379597,159.61666666666667,32
8.69922660798939,-262.72822824244724,1781379597,159.61666666666667,33
19.635488430536636,-246.97120279073692,1781379597,159.61666666666667,34
49.395779906493495,-256.1959698076052,1781379597,159.61666666666667,35
146.2067339392949,-306.798138062159,1781379597,159.61666666666667,36
141.93386339167154,-325.0343863243854,1781379597,159.61666666666667,37
158.52656213065524,-350.87894065678125,1781379597,159.61666666666667,38
156.04382168004727,-398.12359028682135,1781379597,159.61666666666667,39
193.3057357620928,-436.65228329102143,1781379597,159.61666666666667,40
200.5395417877124,-483.8039017245168,1781379597,159.61666666666667,41
216.0836102934853,-421.6713423430921,1781379597,159.61666666666667,42
221.08095662094087,-419.35567713777215,1781379597,159.61666666666667,43
254.47162251790263,-454.6013069053493,1781379597,159.61666666666667,44
252.7884812473647,-430.3203374594448,1781379597,159.61666666666667,45
263.32305859368773,-442.4601623713969,1781379597,159.61666666666667,46
285.1162211636327,-471.1445911477013,1781379597,159.61666666666667,47
288.61432419332533,-492.9924330015983,1781379597,159.61666666666667,48
300.00242626176595,-514.6902364032964,1781379597,159.61666666666667,49
308.04528230573584,-522.6552610546345,1781379597,159.61666666666667,50
295.73907545589,-544.8029845828808,1781379597,159.61666666666667,51
292.35648468043007,-507.5200861195721,1781379597,159.61666666666667,52
219.28535419663305,-407.4647001276411,1781379597,159.61666666666667,53
304.47549683681694,-526.5698149998982,1781379597,159.61666666666667,54
322.2071103513663,-522.598600377639,1781379597,159.61666666666667,55
318.4928441023955,-529.9490047742926,1781379597,159.61666666666667,56
311.7398308466853,-504.34618966778095,1781379597,159.61666666666667,57
322.5975337084892,-503.4298909716311,1781379597,159.61666666666667,58
314.12102373489324,-490.94373917828034,1781379597,159.61666666666667,59
318.9006459554425,-487.51195999234943,1781379597,159.61666666666667,60
321.18976610015346,-474.35620390872106,1781379597,159.61666666666667,61
322.50543945605386,-456.6739882156252,1781379597,159.61666666666667,62
309.50570131347206,-434.8795279016097,1781379597,159.61666666666667,63
327.81283516275727,-432.8298799941941,1781379597,159.61666666666667,64
314.04856272672413,-401.08260300382926,1781379597,159.61666666666667,65
314.68778663225805,-373.9638436958194,1781379597,159.61666666666667,66
309.1791844111751,-356.3611159821353,1781379597,159.61666666666667,67
317.3064849022535,-343.36316138009283,1781379597,159.61666666666667,68
305.659449159987,-320.2904193997384,1781379597,159.61666666666667,69
300.69303909146606,-317.31520501772553,1781379597,159.61666666666667,70
299.83581281368595,-300.0790213948737,1781379597,159.61666666666667,71
304.0192225637216,-303.0076654944569,1781379597,159.61666666666667,72
294.24446304190263,-284.3740911260249,1781379597,159.61666666666667,73
287.80240632241333,-281.79754832014487,1781379597,159.61666666666667,74
290.23032108823844,-277.71222333982587,1781379597,159.61666666666667,75
284.15513574600146,-266.41702877621515,1781379597,159.61666666666667,76
290.1075175774343,-275.9532452623055,1781379597,159.61666666666667,77
278.09227064287046,-260.9771348228677,1781379597,159.61666666666667,78
294.97605466574163,-276.3023832086474,1781379597,159.61666666666667,79
292.9811995843411,-276.323392863075,1781379597,159.61666666666667,80
291.65238593647365,-272.1737224031243,1781379597,159.61666666666667,81
289.02936802036106,-269.3758167997004,1781379597,159.61666666666667,82
298.5395464321029,-281.6858610734344,1781379597,159.61666666666667,83
302.98344858640127,-278.19795096914004,1781379597,159.61666666666667,84
306.72547671595686,-284.59566151599074,1781379597,159.61666666666667,85
301.62408722355394,-280.87799518555363,1781379597,159.61666666666667,86
313.3715101357803,-292.9738590049868,1781379597,159.61666666666667,87
314.07666366738067,-294.7641776700818,1781379597,159.61666666666667,88
314.9972472005761,-298.8603783771392,1781379597,159.61666666666667,89
315.69865168827823,-315.3068254192668,1781379597,159.61666666666667,90
331.34774597386945,-326.1670335456725,1781379597,159.61666666666667,91
320.9256257463177,-310.8380016389613,1781379597,159.61666666666667,92
326.11400849683065,-319.2105052794018,1781379597,159.61666666666667,93
323.9893573322497,-322.72488543763734,1781379597,159.61666666666667,94
331.7038349466134,-328.66062655113603,1781379597,159.61666666666667,95
338.9236237800704,-341.7075594911977,1781379597,159.61666666666667,96
333.2773627117147,-333.59556596788235,1781379597,159.61666666666667,97
342.515043709831,-338.959112801899,1781379597,159.61666666666667,98
354.9363834123887,-353.0451622263837,1781379597,159.61666666666667,99
339.9208054511981,-345.39129661706545,1781379597,159.61666666666667,100
357.3929229837152,-357.9576716894905,1781379597,159.61666666666667,101
356.05171486104695,-360.07358870717366,1781379597,159.61666666666667,102
353.29574689999697,-356.07914417671634,1781379597,159.61666666666667,103
362.34320439828673,-361.8371388788026,1781379597,159.61666666666667,104
350.46273832664826,-363.7110582813621,1781379597,159.61666666666667,105
364.30841242034,-363.2260617017744,1781379597,159.61666666666667,106
366.6111169121529,-363.50445330267183,1781379597,159.61666666666667,107
347.3230725798569,-363.33660790572605,1781379597,159.61666666666667,108
359.3571338122452,-361.37142685924914,1781379597,159.61666666666667,109
363.2284312909002,-365.82822874064266,1781379597,159.61666666666667,110
375.2657611632978,-367.1581168298922,1781379597,159.61666666666667,111
370.8421881459103,-367.0377125218512,1781379597,159.61666666666667,112
377.5168258475403,-377.4634036074085,1781379597,159.61666666666667,113
377.0591943675662,-372.19151159251777,1781379597,159.61666666666667,114
381.812247777064,-373.0675848995644,1781379597,159.61666666666667,115
376.37269698478826,-364.659192362179,1781379597,159.61666666666667,116
384.2190692423853,-366.8687471921246,1781379597,159.61666666666667,117
388.1973762763344,-369.1907341290108,1781379597,159.61666666666667,118
380.7205413772511,-369.8200293083983,1781379597,159.61666666666667,119
384.29312482747775,-369.6402065064759,1781379597,159.61666666666667,120
386.6546522677008,-359.1980960629885,1781379597,159.61666666666667,121
380.2002675843492,-350.8002266505112,1781379597,159.61666666666667,122
384.26374122721575,-357.1761320543785,1781379597,159.61666666666667,123
392.27458303468217,-351.4779941489298,1781379597,159.61666666666667,124
392.8159145698502,-350.54416907702915,1781379597,159.61666666666667,125
396.2660277625899,-360.1862198958791,1781379597,159.61666666666667,126
397.43988541347386,-359.79722827672884,1781379597,159.61666666666667,127
401.7370227520088,-356.9467231594028,1781379597,159.61666666666667,128
401.9826927481903,-363.16831116564543,1781379597,159.61666666666667,129
409.8086979235153,-367.6733106337489,1781379597,159.61666666666667,130
395.9730917090532,-353.9285093278925,1781379597,159.61666666666667,131
407.14524321756295,-368.9863015512624,1781379597,159.61666666666667,132
405.1659489198048,-358.3796033747497,1781379597,159.61666666666667,133
410.46827551886,-368.74481939524446,1781379597,159.61666666666667,134
410.3793310832566,-365.866160467267,1781379597,159.61666666666667,135
407.354338428208,-367.8485732922952,1781379597,159.61666666666667,136
419.206208483905,-361.9750433452422,1781379597,159.61666666666667,137
421.8862507961729,-362.8625966062146,1781379597,159.61666666666667,138
416.4566666397653,-364.2362453329068,1781379597,159.61666666666667,139
414.15013849530345,-368.4793665806448,1781379597,159.61666666666667,140
418.7919663721382,-361.5693050784368,1781379597,159.61666666666667,141
435.51632502781786,-365.6801874606562,1781379597,159.61666666666667,142
433.4287480369892,-361.6720188756778,1781379597,159.61666666666667,143
433.2837782873687,-368.76217096174776,1781379597,159.61666666666667,144
433.81395617816696,-362.3511327194669,1781379597,159.61666666666667,145
415.4400115936808,-355.7905409497514,1781379597,159.61666666666667,146
435.633160961366,-361.4146821461613,1781379597,159.61666666666667,147
444.74252602890704,-363.2415986967584,1781379597,159.61666666666667,148
447.1114107584369,-366.3595724167928,1781379597,159.61666666666667,149
436.83509228782754,-364.95391937221103,1781379597,159.61666666666667,150
447.19353464217374,-369.5506187339004,1781379597,159.61666666666667,151
449.7328248269804,-369.749272380024,1781379597,159.61666666666667,152
465.5403905876569,-375.3665471002465,1781379597,159.61666666666667,153
449.6528092935795,-367.47614588029694,1781379597,159.61666666666667,154
455.8397759335074,-364.1113243065768,1781379597,159.61666666666667,155
457.18090155967286,-365.7751747341828,1781379597,159.61666666666667,156
463.7223091561121,-366.36611796542985,1781379597,159.61666666666667,157
462.7280927042888,-357.67865107643115,1781379597,159.61666666666667,158
463.8001882044136,-364.2048839926717,1781379597,159.61666666666667,159
457.5376248393343,-361.2262362924717,1781379597,159.61666666666667,160
461.6724591514126,-358.5063523941978,1781379597,159.61666666666667,161
459.383722993422,-355.6254906604683,1781379597,159.61666666666667,162
486.158122117162,-366.6212620710338,1781379597,159.61666666666667,163
481.63471434859633,-366.9167537459479,1781379597,159.61666666666667,164
492.01622342944194,-372.33377516766376,1781379597,159.61666666666667,165
492.5295646588388,-373.9482890358199,1781379597,159.61666666666667,166
513.564213873661,-377.23298321850615,1781379597,159.61666666666667,167
515.1296425277067,-376.31892183423054,1781379597,159.61666666666667,168
502.18490109529176,-374.4304413360851,1781379597,159.61666666666667,169
508.0902615290759,-372.44087022542936,1781379597,159.61666666666667,170
498.56750964457024,-371.6616037351385,1781379597,159.61666666666667,171
523.2466911867572,-370.7764897452048,1781379597,159.61666666666667,172
514.5033418032679,-372.40209234009257,1781379597,159.61666666666667,173
506.01002173355806,-368.6487440858035,1781379597,159.61666666666667,174
527.5729493698842,-383.8787348282829,1781379597,159.61666666666667,175
536.8263039283972,-374.8545820185288,1781379597,159.61666666666667,176
548.4033010180666,-368.3541605720919,1781379597,159.61666666666667,177
533.0549141660832,-371.98938528945126,1781379597,159.61666666666667,178
537.9241936508374,-370.1191343814132,1781379597,159.61666666666667,179
530.3012777452068,-361.41443039973575,1781379597,159.61666666666667,180
540.3609856118424,-364.8231005743146,1781379597,159.61666666666667,181
556.387239976875,-370.1434819524492,1781379597,159.61666666666667,182
532.0141000235558,-365.5859323218464,1781379597,159.61666666666667,183
545.4074967917767,-364.4075711295016,1781379597,159.61666666666667,184
544.7657850852239,-363.7666456028815,1781379597,159.61666666666667,185
536.5784907184275,-349.9214984774588,1781379597,159.61666666666667,186
560.4775413799298,-353.8420786509912,1781379597,159.61666666666667,187
550.0984551185834,-351.33245129883267,1781379597,159.61666666666667,188
553.8386590466757,-339.822775661945,1781379597,159.61666666666667,189
556.1875980327633,-342.7719159771998,1781379597,159.61666666666667,190
553.3855162311414,-343.5562435227134,1781379597,159.61666666666667,191
556.017798097836,-343.00047298024094,1781379597,159.61666666666667,192
563.0912629124829,-342.5302464018266,1781379597,159.61666666666667,193
553.8477053000317,-334.1186922192576,1781379597,159.61666666666667,194
562.0845613821208,-336.19196620335185,1781379597,159.61666666666667,195
549.5866712563907,-333.2310951463876,1781379597,159.61666666666667,196
553.9820154461149,-336.20874482641625,1781379597,159.61666666666667,197
561.1079053145598,-330.2546446671086,1781379597,159.61666666666667,198
504.10718626960215,-329.1673279317718,1781379597,159.61666666666667,199
556.2544304414746,-325.8105802995463,1781379597,159.61666666666667,200
559.9725333087536,-321.65750820189726,1781379597,159.61666666666667,201
546.7931054942409,-321.77568290103216,1781379597,159.61666666666667,202
556.2690142727545,-326.7522507458919,1781379597,159.61666666666667,203
559.80294797395,-321.6721664418772,1781379597,159.61666666666667,204
558.5225296452068,-326.35324576993764,1781379597,159.61666666666667,205
558.6426399708996,-322.13975115120337,1781379597,159.61666666666667,206
566.8309412419173,-326.4507191888987,1781379597,159.61666666666667,207
564.1804878415464,-327.308530032635,1781379597,159.61666666666667,208
563.5482307918974,-326.07790955652825,1781379597,159.61666666666667,209
549.3192345238426,-318.79436052342294,1781379597,159.61666666666667,210
539.1837183633426,-326.27290984119,1781379597,159.61666666666667,211
577.5825604897316,-330.2989795456333,1781379597,159.61666666666667,212
567.4477048215795,-329.7282662938039,1781379597,159.61666666666667,213
562.8672100837359,-327.4508061756692,1781379597,159.61666666666667,214
572.5044237034197,-330.2637762526675,1781379597,159.61666666666667,215
570.2927845079646,-335.6024223739903,1781379597,159.61666666666667,216
560.8593695124508,-328.0294663334884,1781379597,159.61666666666667,217
546.9414958035626,-337.2584222791098,1781379597,159.61666666666667,218
556.8114660907473,-327.23273226370486,1781379597,159.61666666666667,219
573.7559483667601,-330.1005802713332,1781379597,159.61666666666667,220
562.6755225320647,-341.86945397158456,1781379597,159.61666666666667,221
581.7451241658323,-337.4568020924931,1781379597,159.61666666666667,222
573.7048878707011,-331.70371622592216,1781379597,159.61666666666667,223
567.1029731009028,-337.10209153592547,1781379597,159.61666666666667,224
553.6086220608904,-358.64342372988665,1781379597,159.61666666666667,225
567.5869752985121,-339.4633603915567,1781379597,159.61666666666667,226
550.4993283551612,-338.7636939948425,1781379597,159.61666666666667,227
536.3500557866171,-343.029943016668,1781379597,159.61666666666667,228
532.8109283508933,-362.9522769898175,1781379597,159.61666666666667,229
488.1879797131812,-368.4458102447296,1781379597,159.61666666666667,230
196.9574069440061,-327.55036540826137,1781379597,159.61666666666667,231
513.3001756277486,-365.0125136909382,1781379597,159.61666666666667,232
542.0981841398705,-340.20159979413023,1781379597,159.61666666666667,233
515.4047228166911,-340.4593852708736,1781379597,159.61666666666667,234
510.9459208740875,-355.8385824734967,1781379597,159.61666666666667,235
534.7817025860581,-347.1173689328129,1781379597,159.61666666666667,236
539.2322457778722,-344.25227459023404,1781379597,159.61666666666667,237
541.9251352296931,-345.14209339891863,1781379597,159.61666666666667,238
532.935651840473,-344.10850832611305,1781379597,159.61666666666667,239
528.7562975481146,-334.35898830245014,1781379597,159.61666666666667,240
550.043876334766,-329.99095003058466,1781379597,159.61666666666667,241
567.0449482627447,-341.47526568422666,1781379597,159.61666666666667,242
511.55432775596296,-335.1806923871238,1781379597,159.61666666666667,243
558.3443412852396,-332.3230757241448,1781379597,159.61666666666667,244
559.8723863257896,-340.1630259454251,1781379597,159.61666666666667,245
568.8863072278247,-337.15316189328786,1781379597,159.61666666666667,246
558.7757716329165,-353.0982776358724,1781379597,159.61666666666667,247
564.8226253319102,-347.7758902460339,1781379597,159.61666666666667,248
571.0716365250082,-336.1235977808639,1781379597,159.61666666666667,249
560.675804861679,-332.1155854798856,1781379597,159.61666666666667,250
574.0540699073547,-335.7033794745798,1781379597,159.61666666666667,251
561.9455264462648,-329.4203647573789,1781379597,159.61666666666667,252
556.1873666171751,-334.5861231635009,1781379597,159.61666666666667,253
576.1745573669555,-342.2435103033984,1781379597,159.61666666666667,254
583.0900454832849,-344.58468252792966,1781379597,159.61666666666667,255
579.5546439918592,-338.7924594283103,1781379597,159.61666666666667,256
563.5971478780816,-342.9727241825313,1781379597,159.61666666666667,257
581.5904332032912,-343.0122223868964,1781379597,159.61666666666667,258
564.280689759318,-353.0022055543948,1781379597,159.61666666666667,259
569.1197319291502,-337.89265811194963,1781379597,159.61666666666667,260
570.7231418476589,-331.7335044766465,1781379597,159.61666666666667,261
592.293647153972,-339.5662051315107,1781379597,159.61666666666667,262
572.4379504003962,-336.59993686201045,1781379597,159.61666666666667,263
575.9334117797348,-330.4057742394505,1781379597,159.61666666666667,264
570.1031603071165,-341.25706342607737,1781379597,159.61666666666667,265
585.9988714930107,-328.6281726608673,1781379597,159.61666666666667,266
566.0157314652405,-329.92693645258737,1781379597,159.61666666666667,267
586.5399250822832,-335.4807650210955,1781379597,159.61666666666667,268
573.615613700729,-329.978774994612,1781379597,159.61666666666667,269
592.1708028457651,-332.5252617311974,1781379597,159.61666666666667,270
596.4485546331822,-337.1281022218367,1781379597,159.61666666666667,271
589.7295937881372,-321.76910022397846,1781379597,159.61666666666667,272
598.8833787740891,-340.1954623355214,1781379597,159.61666666666667,273
591.5097209505969,-334.4817874059082,1781379597,159.61666666666667,274
597.8885982854525,-340.0615322316687,1781379597,159.61666666666667,275
590.5470119861866,-330.9426555174087,1781379597,159.61666666666667,276
603.2808624825973,-337.7894155581793,1781379597,159.61666666666667,277
583.8325992038386,-336.27071292077545,1781379597,159.61666666666667,278
600.2121457305215,-330.6539521068335,1781379597,159.61666666666667,279
600.218690108604,-334.3891669958828,1781379597,159.61666666666667,280
591.2890901722708,-329.9328969468673,1781379597,159.61666666666667,281
593.9071160191663,-328.20201946298306,1781379597,159.61666666666667,282
589.5316727118928,-330.3109286166729,1781379597,159.61666666666667,283
578.5805452051662,-329.6248922372862,1781379597,159.61666666666667,284
595.3692179985258,-335.131935462356,1781379597,159.61666666666667,285
607.1546448406655,-333.6511946457127,1781379597,159.61666666666667,286
597.2771466680942,-334.1266147692999,1781379597,159.61666666666667,287
598.9350462974512,-325.893143021502,1781379597,159.61666666666667,288
608.7529378383614,-325.2979634876056,1781379597,159.61666666666667,289
602.9346644770849,-320.5924307157596,1781379597,159.61666666666667,290
599.390594442441,-325.34259164581675,1781379597,159.61666666666667,291
607.4316572741817,-320.756536990404,1781379597,159.61666666666667,292
604.5687052011035,-323.0265401241679,1781379597,159.61666666666667,293
618.0839114579994,-326.92894543707354,1781379597,159.61666666666667,294
601.1484961323417,-325.9945444564025,1781379597,159.61666666666667,295
619.6340323382585,-327.52761507779337,1781379597,159.61666666666667,296
613.2715703852258,-327.61579213043075,1781379597,159.61666666666667,297
615.871102190591,-321.0337849768497,1781379597,159.61666666666667,298
632.7039393158321,-325.83044548829395,1781379597,159.61666666666667,299
351.94921335563924,-325.7701726785549,1781379597,159.61666666666667,300
623.6113375280579,-321.7669131159779,1781379597,159.61666666666667,301
634.8116791561117,-324.24427425116306,1781379597,159.61666666666667,302
630.2126421773519,-320.51229191819834,1781379597,159.61666666666667,303
633.0017813031285,-326.97168298065645,1781379597,159.61666666666667,304
638.819026369284,-320.7827377617358,1781379597,159.61666666666667,305
629.5631771199681,-316.95351845771125,1781379597,159.61666666666667,306
628.0202864676891,-325.6984538671871,1781379597,159.61666666666667,307
630.0489272868563,-323.4461303899686,1781379597,159.61666666666667,308
643.4759774839873,-327.9538341412939,1781379597,159.61666666666667,309
639.373785049039,-321.6591089616217,1781379597,159.61666666666667,310
621.7328229762751,-323.26299239198335,1781379597,159.61666666666667,311
624.1392151154448,-320.910663440823,1781379597,159.61666666666667,312
623.0345798268585,-329.58107398947084,1781379597,159.61666666666667,313
633.2562210140027,-325.5884806464115,1781379597,159.61666666666667,314
640.6405040678831,-318.538395687938,1781379597,159.61666666666667,315
642.9951227885836,-323.45062935849,1781379597,159.61666666666667,316
642.5568534253292,-325.82975483188994,1781379597,159.61666666666667,317
607.5068995528878,-326.7491764873267,1781379597,159.61666666666667,318
635.1256352366987,-320.6839446810384,1781379597,159.61666666666667,319
642.0931723153749,-320.31111299991653,1781379597,159.61666666666667,320
615.7482249014142,-334.2194477518402,1781379597,159.61666666666667,321
616.13520752288,-331.3338086927933,1781379597,159.61666666666667,322
634.6749236008293,-330.5595201241473,1781379597,159.61666666666667,323
611.0540767108114,-337.1968065127731,1781379597,159.61666666666667,324
609.5411145429326,-322.54118582109606,1781379597,159.61666666666667,325
554.3706477218323,-346.0969379891952,1781379597,159.61666666666667,326
436.6030983746401,-341.14608832200366,1781379597,159.61666666666667,327
600.8934163040936,-323.28464117894566,1781379597,159.61666666666667,328
622.4315233001972,-327.6813681075963,1781379597,159.61666666666667,329
591.2771395950643,-346.0540850013497,1781379597,159.61666666666667,330
218.4119791966537,-336.38266753156967,1781379597,159.61666666666667,331
609.2027114981765,-321.2985674614712,1781379597,159.61666666666667,332
609.0789624938753,-321.1693493053318,1781379597,159.61666666666667,333
584.3653312102033,-329.5692314729095,1781379597,159.61666666666667,334
620.6410309060166,-343.13308822860296,1781379597,159.61666666666667,335
585.0352554952088,-345.92263870437927,1781379597,159.61666666666667,336
589.4239808202506,-328.70796624695265,1781379597,159.61666666666667,337
599.3359646160154,-322.262894148628,1781379597,159.61666666666667,338
586.102914947112,-335.5165062869588,1781379597,159.61666666666667,339
541.9424107331996,-343.07952364658325,1781379597,159.61666666666667,340
563.3582591378398,-343.97033390899514,1781379597,159.61666666666667,341
580.6309043698893,-356.53029725576425,1781379597,159.61666666666667,342
535.6471249738361,-361.2748886384064,1781379597,159.61666666666667,343
577.4853156037852,-350.1614451128992,1781379597,159.61666666666667,344
588.059538144998,-356.4781020755571,1781379597,159.61666666666667,345
573.263923303177,-346.9377985497318,1781379597,159.61666666666667,346
590.7290064497874,-337.4567573890091,1781379597,159.61666666666667,347
604.850041527512,-340.8930980823933,1781379597,159.61666666666667,348
584.8107006199724,-347.8526388059066,1781379597,159.61666666666667,349
615.4948686990127,-361.300363483528,1781379597,159.61666666666667,350
574.4136794884591,-365.1906739175324,1781379597,159.61666666666667,351
609.8640403197512,-356.8610749791062,1781379597,159.61666666666667,352
628.0787107159233,-354.45002760613954,1781379597,159.61666666666667,353
578.1192322282177,-351.71419893701835,1781379597,159.61666666666667,354
624.4294031410312,-338.8923718159397,1781379597,159.61666666666667,355
633.0277716644615,-337.1469473640125,1781379597,159.61666666666667,356
608.6502511313394,-358.5326504583164,1781379597,159.61666666666667,357
599.5888948753309,-348.6241057341295,1781379597,159.61666666666667,358
617.5938081235497,-349.20797168215165,1781379597,159.61666666666667,359
634.8658308800087,-342.32916099578097,1781379597,159.61666666666667,360
607.0866294372436,-357.6247487366205,1781379597,159.61666666666667,361
616.1172943841084,-338.95832185695576,1781379597,159.61666666666667,362
621.4667876811459,-349.7206965312358,1781379597,159.61666666666667,363
619.2567432080295,-348.0408447881542,1781379597,159.61666666666667,364
656.5418604087141,-352.91645178198854,1781379597,159.61666666666667,365
621.2512387307386,-346.91670163596706,1781379597,159.61666666666667,366
638.8207096161045,-359.0082843527192,1781379597,159.61666666666667,367
623.8059102196128,-366.24251865719714,1781379597,159.61666666666667,368
622.148312144829,-357.89868795126705,1781379597,159.61666666666667,369
624.5837840654988,-355.4374833305679,1781379597,159.61666666666667,370
648.706187709872,-357.08921195194137,1781379597,159.61666666666667,371
617.6117333231321,-354.05434691285075,1781379597,159.61666666666667,372
617.6025830467415,-331.4090356081729,1781379597,159.61666666666667,373
620.5470190272406,-341.21903264025826,1781379597,159.61666666666667,374
604.5290978112571,-335.9414676837628,1781379597,159.61666666666667,375
635.1523949843809,-353.3958659321071,1781379597,159.61666666666667,376
628.206339805903,-347.3065306581556,1781379597,159.61666666666667,377
633.3857564397174,-343.3812902743616,1781379597,159.61666666666667,378
637.4251748982812,-338.8432406832774,1781379597,159.61666666666667,379
596.9864916285158,-335.8429863750934,1781379597,159.61666666666667,380
610.5551107809118,-327.768674311538,1781379597,159.61666666666667,381
593.8549826574977,-315.04537990316766,1781379597,159.61666666666667,382
620.2288892305227,-335.9464719047146,1781379597,159.61666666666667,383
587.7464174422498,-328.03785246734793,1781379597,159.61666666666667,384
583.6127333325462,-320.8890921336906,1781379597,159.61666666666667,385
613.8993752838076,-328.0819498325388,1781379597,159.61666666666667,386
636.8810574839459,-335.29636748631793,1781379597,159.61666666666667,387
609.0735278354585,-325.7431115756434,1781379597,159.61666666666667,388
595.0794991853804,-322.63103056699015,1781379597,159.61666666666667,389
621.5579807601707,-331.16602377593546,1781379597,159.61666666666667,390
614.248342034981,-327.5820582881568,1781379597,159.61666666666667,391
587.1499177977237,-321.1284859130782,1781379597,159.61666666666667,392
633.471673989314,-339.61120586345635,1781379597,159.61666666666667,393
646.5477580837853,-332.1044386823973,1781379597,159.61666666666667,394
617.9392860269195,-324.8061599135396,1781379597,159.61666666666667,395
616.3152997378456,-327.51637388393243,1781379597,159.61666666666667,396
635.2177532132972,-328.3156840503216,1781379597,159.61666666666667,397
630.5876170138735,-327.88718701899,1781379597,159.61666666666667,398
619.1258410503875,-324.0363184735181,1781379597,159.61666666666667,399
576.6783200753481,-329.9661603346468,1781379597,159.61666666666667,400
635.5326510443675,-318.7289731875064,1781379597,159.61666666666667,401
634.0844718805354,-319.23070160796215,1781379597,159.61666666666667,402
622.0358060434093,-316.3202088351051,1781379597,159.61666666666667,403
631.4772423824256,-322.68674343576066,1781379597,159.61666666666667,404
655.1430633688014,-324.9972218448916,1781379597,159.61666666666667,405
643.5072397768251,-321.4738804635901,1781379597,159.61666666666667,406
653.2715110867578,-336.64201310277,1781379597,159.61666666666667,407
636.9340261915714,-345.3697918728,1781379597,159.61666666666667,408
654.6609409127764,-325.4276876760027,1781379597,159.61666666666667,409
631.7819178458324,-329.6503485217692,1781379597,159.61666666666667,410
651.8708466135531,-340.9768447577952,1781379597,159.61666666666667,411
655.7610064143009,-335.36822494616166,1781379597,159.61666666666667,412
640.1686158608279,-330.6209258288144,1781379597,159.61666666666667,413
647.5497566378674,-331.89812339097284,1781379597,159.61666666666667,414
645.542042762735,-331.298647883038,1781379597,159.61666666666667,415
659.9992308818871,-333.68780210862565,1781379597,159.61666666666667,416
635.7931736906152,-344.4605493371687,1781379597,159.61666666666667,417
661.0859185775671,-341.15589719514065,1781379597,159.61666666666667,418
617.211279153468,-341.5530945522091,1781379597,159.61666666666667,419
624.4537784592005,-332.5232677583894,1781379597,159.61666666666667,420
558.0458693225095,-355.6613857696453,1781379597,159.61666666666667,421
669.0450300802031,-344.4802155842387,1781379597,159.61666666666667,422
657.9826398334689,-337.4482182984549,1781379597,159.61666666666667,423
657.8946866738625,-337.3637979626658,1781379597,159.61666666666667,424
642.3914959609922,-333.64017225056807,1781379597,159.61666666666667,425
669.4355433764644,-346.30178415775293,1781379597,159.61666666666667,426
661.8574617224455,-337.0880383799476,1781379597,159.61666666666667,427
641.9341338125037,-333.59408163030974,1781379597,159.61666666666667,428
662.0668081849415,-340.53278459360195,1781379597,159.61666666666667,429
657.7970929469022,-338.16150963554816,1781379597,159.61666666666667,430
666.585158793842,-340.29374967018737,1781379597,159.61666666666667,431
686.1570816493829,-349.4233771748842,1781379597,159.61666666666667,432
658.877852132928,-340.1401610374452,1781379597,159.61666666666667,433
644.190732427998,-333.62448431427305,1781379597,159.61666666666667,434
650.8211031712478,-340.9500274335346,1781379597,159.61666666666667,435
650.0895969417555,-336.7893399074679,1781379597,159.61666666666667,436
643.3456407415982,-337.47123365600874,1781379597,159.61666666666667,437
663.0503663887024,-321.61640455822146,1781379597,159.61666666666667,438
649.7729521904492,-329.5191378866632,1781379597,159.61666666666667,439
657.1133310468551,-329.6164169460536,1781379597,159.61666666666667,440
624.1576990666205,-328.52013377348607,1781379597,159.61666666666667,441
663.6146003793868,-338.94794449458504,1781379597,159.61666666666667,442
672.2380649048004,-330.08691169073194,1781379597,159.61666666666667,443
662.5928880942312,-340.688024101158,1781379597,159.61666666666667,444
648.4744807644408,-330.7986380706233,1781379597,159.61666666666667,445
673.3526003207769,-331.97140926743583,1781379597,159.61666666666667,446
658.6336661858973,-333.1057912856342,1781379597,159.61666666666667,447
638.918695735567,-334.1678184395034,1781379597,159.61666666666667,448
656.7026138704289,-328.74319824576435,1781379597,159.61666666666667,449
648.7059066805253,-331.9325880457958,1781379597,159.61666666666667,450
652.0260269237278,-335.22860273470496,1781379597,159.61666666666667,451
653.1030048159375,-328.83647077778977,1781379597,159.61666666666667,452
661.7689710852288,-322.02515186866134,1781379597,159.61666666666667,453
645.0068627510602,-320.9242228344086,1781379597,159.61666666666667,454
666.5498445438021,-340.1466762448353,1781379597,159.61666666666667,455
652.71936632984,-331.5228212773805,1781379597,159.61666666666667,456
656.8886833091913,-341.3573726589482,1781379597,159.61666666666667,457
672.2638624910708,-339.14195246249443,1781379597,159.61666666666667,458
654.5504684675868,-324.38076479733,1781379597,159.61666666666667,459
650.0188904658762,-322.3642736760279,1781379597,159.61666666666667,460
653.0526367865756,-332.5606388474507,1781379597,159.61666666666667,461
642.1307616756194,-326.85675316552334,1781379597,159.61666666666667,462
621.4858217596797,-330.0600155591962,1781379597,159.61666666666667,463
618.6791636472185,-322.4726992112897,1781379597,159.61666666666667,464
655.540063760042,-316.5631672665475,1781379597,159.61666666666667,465
652.3426567235613,-320.77084413667563,1781379597,159.61666666666667,466
640.6765661022347,-318.80270722011704,1781379597,159.61666666666667,467
630.2550747219533,-320.70631618425216,1781379597,159.61666666666667,468
643.0453394472819,-332.82153537372744,1781379597,159.61666666666667,469
654.9575473289635,-333.2942436759671,1781379597,159.61666666666667,470
656.9751294278299,-336.63199570278306,1781379597,159.61666666666667,471
644.8131206794081,-323.8622037619352,1781379597,159.61666666666667,472
624.7753626256675,-328.4808814128237,1781379597,159.61666666666667,473
641.5351440704635,-333.15648280084133,1781379597,159.61666666666667,474
659.0415825210414,-332.86361606046535,1781379597,159.61666666666667,475
634.2122089584961,-330.6496375178301,1781379597,159.61666666666667,476
668.3946554571793,-331.57738110298936,1781379597,159.61666666666667,477
646.8609161442168,-323.74986883935816,1781379597,159.61666666666667,478
660.6100979469062,-333.7412315942343,1781379597,159.61666666666667,479
638.6672571794547,-335.82255027815694,1781379597,159.61666666666667,480
676.207900288202,-331.9542916553714,1781379597,159.61666666666667,481
672.8486454161647,-355.3902991314733,1781379597,159.61666666666667,482
676.1941226880806,-347.06807883828884,1781379597,159.61666666666667,483
673.8673523052853,-338.0728897266092,1781379597,159.61666666666667,484
680.4483862119873,-344.3409397229551,1781379597,159.61666666666667,485
641.979459969863,-358.32928077504016,1781379597,159.61666666666667,486
669.509482154675,-343.0485814710456,1781379597,159.61666666666667,487
645.7759978038315,-334.629702525834,1781379597,159.61666666666667,488
652.0522313714412,-323.8261851184072,1781379597,159.61666666666667,489
664.0984465981044,-324.70548231651344,1781379597,159.61666666666667,490
654.9712229056195,-341.59393695245245,1781379597,159.61666666666667,491
660.5703320060823,-332.02889434993216,1781379597,159.61666666666667,492
659.037754081479,-333.7903081451857,1781379597,159.61666666666667,493
647.4417283615388,-329.9650807132323,1781379597,159.61666666666667,494
659.2250019191695,-330.59653621539445,1781379597,159.61666666666667,495
660.9227649720972,-351.54055393238866,1781379597,159.61666666666667,496
628.1021298886517,-342.8480186735589,1781379597,159.61666666666667,497
664.7918429667471,-336.659375783056,1781379597,159.61666666666667,498
659.6203246815946,-330.2627850174896,1781379597,159.61666666666667,499
-3.7128193895844666,-335.0979814517001,1778498961,135.84986018023332,0
-2.3439129633437,-332.0124160970253,1778498961,135.84986018023332,1
-4.772588166095581,-335.17229555795586,1778498961,135.84986018023332,2
-9.467758403757596,-331.0022355814773,1778498961,135.84986018023332,3
-4.269182268936737,-334.21360505123897,1778498961,135.84986018023332,4
-7.681208629582853,-359.29043396810687,1778498961,135.84986018023332,5
-10.096921216630523,-350.319132249803,1778498961,135.84986018023332,6
0.5978719499081742,-350.2280356834335,1778498961,135.84986018023332,7
-4.5285304466232805,-339.019854379197,1778498961,135.84986018023332,8
-2.70569236429818,-343.7642248123888,1778498961,135.84986018023332,9
-9.635079111743432,-338.5367014420528,1778498961,135.84986018023332,10
1.2951117372487586,-331.7629035736122,1778498961,135.84986018023332,11
-9.76804244235029,-332.6059935490292,1778498961,135.84986018023332,12
-3.066003360151816,-323.31888200963573,1778498961,135.84986018023332,13
-6.142720263711479,-322.1753272513548,1778498961,135.84986018023332,14
5.530095059491217,-319.79426215092315,1778498961,135.84986018023332,15
-7.502251412622675,-314.8981056784588,1778498961,135.84986018023332,16
0.3676356017056842,-304.6159914135933,1778498961,135.84986018023332,17
-2.322961246658344,-295.68741564204294,1778498961,135.84986018023332,18
-1.792583480107501,-289.4150971230123,1778498961,135.84986018023332,19
-7.697493282737166,-276.14270948370284,1778498961,135.84986018023332,20
-7.360275242247109,-263.4394879837829,1778498961,135.84986018023332,21
2.5198030564170564,-256.0267207672199,1778498961,135.84986018023332,22
-2.9042366236535497,-238.03841075549545,1778498961,135.84986018023332,23
1.912763600286736,-225.726697695752,1778498961,135.84986018023332,24
0.6115907076340031,-205.0288525155436,1778498961,135.84986018023332,25
1.5173028434789764,-185.77761926501972,1778498961,135.84986018023332,26
11.056284642613765,-170.89231037658962,1778498961,135.84986018023332,27
9.24719296554433,-147.65616478770986,1778498961,135.84986018023332,28
15.375207004644132,-135.92373162818458,1778498961,135.84986018023332,29
22.459233816796345,-124.09052475417636,1778498961,135.84986018023332,30
13.273972931559742,-113.81901827578736,1778498961,135.84986018023332,31
10.429138548773135,-260.7471480692428,1778498961,135.84986018023332,32
14.239314066414126,-244.6537139788271,1778498961,135.84986018023332,33
3.28120618578597,-236.68988951295623,1778498961,135.84986018023332,34
12.170234905234498,-221.69064586857957,1778498961,135.84986018023332,35
51.38919939803001,-221.05998549982897,1778498961,135.84986018023332,36
33.84780194386502,-235.50247088819748,1778498961,135.84986018023332,37
152.7648441165873,-256.9995945480964,1778498961,135.84986018023332,38
163.63820920951807,-278.6191354580227,1778498961,135.84986018023332,39
183.93862187388328,-314.9690921703971,1778498961,135.84986018023332,40
194.882955940704,-334.4654029545688,1778498961,135.84986018023332,41
207.16375683325944,-359.9380468800662,1778498961,135.84986018023332,42
222.98234032232588,-387.1394163047275,1778498961,135.84986018023332,43
248.41059059436807,-415.6974182327584,1778498961,135.84986018023332,44
273.72632054599086,-472.1274705330531,1778498961,135.84986018023332,45
263.5411943728374,-528.917553946376,1778498961,135.84986018023332,46
280.7767013367165,-525.771311223507,1778498961,135.84986018023332,47
296.3031727893066,-563.4596701587238,1778498961,135.84986018023332,48
290.6601128058289,-569.6977859983846,1778498961,135.84986018023332,49
287.4911674711475,-530.7793888126818,1778498961,135.84986018023332,50
311.9615160073833,-538.0054399669174,1778498961,135.84986018023332,51
297.57995927392534,-539.3148153995471,1778498961,135.84986018023332,52
303.3170059273483,-529.0572347926595,1778498961,135.84986018023332,53
313.2069497939151,-538.364023153981,1778498961,135.84986018023332,54
330.85838150155735,-535.8769276253882,1778498961,135.84986018023332,55
333.3284834560612,-533.6787691265349,1778498961,135.84986018023332,56
337.22288738300097,-523.6758462811507,1778498961,135.84986018023332,57
324.5952684112008,-519.1161836596823,1778498961,135.84986018023332,58
334.22614024956613,-499.111796205242,1778498961,135.84986018023332,59
326.1275301089688,-493.82420997073234,1778498961,135.84986018023332,60
334.32862507094086,-492.2353748306628,1778498961,135.84986018023332,61
333.50148121799793,-468.8360913644229,1778498961,135.84986018023332,62
333.3686108528216,-457.9018280009431,1778498961,135.84986018023332,63
333.02503838478856,-441.7823009143273,1778498961,135.84986018023332,64
327.4800434733798,-427.6474908913179,1778498961,135.84986018023332,65
323.4811610024583,-405.0276069765289,1778498961,135.84986018023332,66
323.3147444524508,-392.42351977030427,1778498961,135.84986018023332,67
320.93915124991645,-373.31865072995447,1778498961,135.84986018023332,68
322.13963032063657,-351.68191118165913,1778498961,135.84986018023332,69
317.50582578529725,-339.5345926135778,1778498961,135.84986018023332,70
314.1875217124256,-329.0315918388468,1778498961,135.84986018023332,71
310.2608686220464,-317.8664573803542,1778498961,135.84986018023332,72
313.5654573236578,-305.2247514948249,1778498961,135.84986018023332,73
306.8750809020348,-296.62431909889,1778498961,135.84986018023332,74
298.39389843703475,-282.5818350004652,1778498961,135.84986018023332,75
297.8518143689591,-280.9760738921664,1778498961,135.84986018023332,76
297.15100449363405,-272.5693472754212,1778498961,135.84986018023332,77
293.79100999748664,-267.22675794487174,1778498961,135.84986018023332,78
292.3324119480456,-259.2381976240624,1778498961,135.84986018023332,79
300.10268418383515,-266.07239638020565,1778498961,135.84986018023332,80
291.2997764103326,-257.81142651910574,1778498961,135.84986018023332,81
299.81341712719274,-262.8091421962405,1778498961,135.84986018023332,82
301.49376934486804,-262.6753197008123,1778498961,135.84986018023332,83
311.30111470847544,-273.2519652489573,1778498961,135.84986018023332,84
305.7008514595249,-269.2565266887348,1778498961,135.84986018023332,85
304.0255124211112,-267.19580479214585,1778498961,135.84986018023332,86
317.70453736905586,-283.05761673674,1778498961,135.84986018023332,87
317.2148039932175,-281.6882130283242,1778498961,135.84986018023332,88
320.4570835331714,-290.7964531530937,1778498961,135.84986018023332,89
322.71317087719655,-291.6654728824892,1778498961,135.84986018023332,90
326.7126922824593,-295.5412013089901,1778498961,135.84986018023332,91
336.7852431392219,-308.7430844567716,1778498961,135.84986018023332,92
336.16021515881755,-307.44646123796696,1778498961,135.84986018023332,93
330.92464146099746,-308.5336053706708,1778498961,135.84986018023332,94
341.269923614884,-315.1884959278002,1778498961,135.84986018023332,95
342.6538014066838,-329.5285083198301,1778498961,135.84986018023332,96
345.92286584802605,-327.486489482224,1778498961,135.84986018023332,97
344.7274736458189,-335.56578920781635,1778498961,135.84986018023332,98
351.76329375725294,-348.60800627246493,1778498961,135.84986018023332,99
359.95518567578296,-347.4821330420672,1778498961,135.84986018023332,100
365.0691406725383,-356.0199297244349,1778498961,135.84986018023332,101
360.6767859112042,-361.8168330229819,1778498961,135.84986018023332,102
358.1864169828175,-368.20269741055887,1778498961,135.84986018023332,103
367.3034247731526,-373.95584469288576,1778498961,135.84986018023332,104
361.2923081231495,-365.97455386196566,1778498961,135.84986018023332,105
369.4536397118301,-373.76169511675806,1778498961,135.84986018023332,106
367.94320154934366,-370.6382426321511,1778498961,135.84986018023332,107
373.7915254145148,-365.5383441584803,1778498961,135.84986018023332,108
369.3882563498639,-360.1817354920007,1778498961,135.84986018023332,109
368.6392389950095,-384.6066810948149,1778498961,135.84986018023332,110
378.3407868292056,-370.0415405693153,1778498961,135.84986018023332,111
375.8656017228581,-378.6582620951036,1778498961,135.84986018023332,112
371.1072624336092,-368.4575840122999,1778498961,135.84986018023332,113
380.2491759855852,-374.8740124950806,1778498961,135.84986018023332,114
381.2697009056873,-366.0272916158042,1778498961,135.84986018023332,115
372.4463257199328,-366.4248493115106,1778498961,135.84986018023332,116
382.88066866645534,-377.50035408511735,1778498961,135.84986018023332,117
387.26432463895145,-375.0189888949196,1778498961,135.84986018023332,118
384.1145716652897,-376.0418510983392,1778498961,135.84986018023332,119
387.3310063493315,-370.29098511363065,1778498961,135.84986018023332,120
385.914800665445,-364.2478197515016,1778498961,135.84986018023332,121
387.94780144778446,-365.5661254127817,1778498961,135.84986018023332,122
382.336482943486,-360.0611562008658,1778498961,135.84986018023332,123
382.7608396008123,-364.582003091772,1778498961,135.84986018023332,124
382.1482427885999,-361.10915184020985,1778498961,135.84986018023332,125
382.7172550229642,-358.19147999087943,1778498961,135.84986018023332,126
394.52043273560895,-367.1065521885952,1778498961,135.84986018023332,127
386.69104576405255,-364.7532649909456,1778498961,135.84986018023332,128
387.5900153080067,-364.1111557583016,1778498961,135.84986018023332,129
390.4408192989548,-362.3183987264832,1778498961,135.84986018023332,130
397.8739080300105,-363.7209530770781,1778498961,135.84986018023332,131
394.1995799715765,-364.1859567413726,1778498961,135.84986018023332,132
388.2200719971796,-349.193148730944,1778498961,135.84986018023332,133
394.6709637316279,-350.29986677939684,1778498961,135.84986018023332,134
385.70911212863183,-343.7950216618679,1778498961,135.84986018023332,135
398.470460763015,-352.41064870605874,1778498961,135.84986018023332,136
393.5788407166612,-350.50024497260625,1778498961,135.84986018023332,137
402.85361421980286,-349.1285978232822,1778498961,135.84986018023332,138
412.3535170269092,-357.04113395884616,1778498961,135.84986018023332,139
394.2923548842368,-344.36324892068933,1778498961,135.84986018023332,140
395.28079212585817,-343.139886190494,1778498961,135.84986018023332,141
405.5111604252528,-351.7452687174082,1778498961,135.84986018023332,142
409.4618240226535,-349.53727497036243,1778498961,135.84986018023332,143
411.525715323648,-347.8902018976711,1778498961,135.84986018023332,144
404.0557508641351,-346.05915769065507,1778498961,135.84986018023332,145
409.005224252874,-343.6365778868401,1778498961,135.84986018023332,146
410.8688071388861,-347.3394511900844,1778498961,135.84986018023332,147
411.5442175610905,-341.6888509951532,1778498961,135.84986018023332,148
412.401086602543,-351.55566113131704,1778498961,135.84986018023332,149
413.1749071864797,-344.9352192766969,1778498961,135.84986018023332,150
423.2535616855554,-354.48241449892487,1778498961,135.84986018023332,151
413.5505530624369,-354.4632537687816,1778498961,135.84986018023332,152
418.8426038771738,-354.24322689697107,1778498961,135.84986018023332,153
420.25664500536,-356.65597434466054,1778498961,135.84986018023332,154
423.12964284745885,-359.92926620195294,1778498961,135.84986018023332,155
412.88527657906,-353.92869101961514,1778498961,135.84986018023332,156
418.3943963234431,-352.04683688903856,1778498961,135.84986018023332,157
425.21242318927045,-360.5064026986557,1778498961,135.84986018023332,158
429.5000051561933,-362.8909826974075,1778498961,135.84986018023332,159
426.9198633415371,-361.7422580855587,1778498961,135.84986018023332,160
425.3640325331157,-353.7326381777723,1778498961,135.84986018023332,161
425.1280510580178,-353.05876448253747,1778498961,135.84986018023332,162
424.3230970527509,-358.6073160652693,1778498961,135.84986018023332,163
430.6764493082137,-356.8258745024602,1778498961,135.84986018023332,164
427.4838175283303,-357.00493506838865,1778498961,135.84986018023332,165
429.160673687724,-358.3960454277688,1778498961,135.84986018023332,166
427.1020379578382,-363.02121745298297,1778498961,135.84986018023332,167
437.00081975629286,-356.2227740765861,1778498961,135.84986018023332,168
430.1050719568709,-355.1141120158143,1778498961,135.84986018023332,169
430.8823579114854,-359.520258759459,1778498961,135.84986018023332,170
439.4388831758076,-361.828791802128,1778498961,135.84986018023332,171
446.8875172086471,-362.9121350944043,1778498961,135.84986018023332,172
449.0528568411879,-364.6060334083936,1778498961,135.84986018023332,173
449.62219850386265,-364.3354600233337,1778498961,135.84986018023332,174
431.5240546801666,-359.7796929298588,1778498961,135.84986018023332,175
451.164480970547,-367.9331415581207,1778498961,135.84986018023332,176
452.5117911533295,-368.1611802863578,1778498961,135.84986018023332,177
455.5566828119175,-373.1892024564248,1778498961,135.84986018023332,178
445.8309742280486,-370.038590227564,1778498961,135.84986018023332,179
452.90904415802646,-379.0010766511163,1778498961,135.84986018023332,180
454.75589406029366,-376.31512598817534,1778498961,135.84986018023332,181
453.27837184787256,-376.4646177956219,1778498961,135.84986018023332,182
470.0677278104237,-377.2744317017501,1778498961,135.84986018023332,183
458.97679202923626,-382.6592626869681,1778498961,135.84986018023332,184
287.6554772273102,-387.6606490413348,1778498961,135.84986018023332,185
446.42628225856106,-380.0817190135522,1778498961,135.84986018023332,186
446.36522597061554,-382.51219611118194,1778498961,135.84986018023332,187
431.7289934376875,-380.01602085555527,1778498961,135.84986018023332,188
450.3489454728956,-385.4080106206239,1778498961,135.84986018023332,189
436.46081671401896,-378.2993038967252,1778498961,135.84986018023332,190
455.47572022619113,-373.8700997283064,1778498961,135.84986018023332,191
444.8803087223952,-371.8795303454002,1778498961,135.84986018023332,192
457.45844398738666,-374.7621816570559,1778498961,135.84986018023332,193
473.14290050399103,-388.54595049346494,1778498961,135.84986018023332,194
460.2602042392012,-375.65194019426906,1778498961,135.84986018023332,195
461.6541319023055,-379.8745170359805,1778498961,135.84986018023332,196
455.8090537259935,-378.239971439044,1778498961,135.84986018023332,197
458.52845566110295,-374.6407355554401,1778498961,135.84986018023332,198
460.8864837822506,-367.0980950618781,1778498961,135.84986018023332,199
457.6160889957183,-370.1614477938657,1778498961,135.84986018023332,200
462.0549966236807,-367.06744507700233,1778498961,135.84986018023332,201
459.1953923759128,-369.840412192047,1778498961,135.84986018023332,202
455.3858705050162,-366.528001379222,1778498961,135.84986018023332,203
452.3952237598492,-365.3391167571143,1778498961,135.84986018023332,204
451.9805588117631,-365.55685224259935,1778498961,135.84986018023332,205
459.0782195357695,-365.8382992533347,1778498961,135.84986018023332,206
459.4655024155927,-368.1884009614591,1778498961,135.84986018023332,207
465.740742083881,-369.22829253102384,1778498961,135.84986018023332,208
463.3739592498752,-369.5889732589323,1778498961,135.84986018023332,209
467.5807580244245,-368.1714863479136,1778498961,135.84986018023332,210
453.7250373383791,-369.9043666341651,1778498961,135.84986018023332,211
459.05175559064185,-361.7936478617284,1778498961,135.84986018023332,212
458.7379938404059,-365.99724250410975,1778498961,135.84986018023332,213
455.26399378165024,-356.31932908917486,1778498961,135.84986018023332,214
471.5022387509061,-368.0986677085358,1778498961,135.84986018023332,215
464.7660519737983,-364.0436897414424,1778498961,135.84986018023332,216
462.0179902229983,-363.3164777010685,1778498961,135.84986018023332,217
458.23104857132455,-359.9063696252804,1778498961,135.84986018023332,218
448.2040717022863,-357.2460797491174,1778498961,135.84986018023332,219
472.75043681929776,-367.2191671406233,1778498961,135.84986018023332,220
466.8687883426901,-362.9217184527464,1778498961,135.84986018023332,221
461.0262364709057,-363.0174787739916,1778498961,135.84986018023332,222
450.9954120269013,-363.51463226663526,1778498961,135.84986018023332,223
453.9212374696728,-362.1933282762764,1778498961,135.84986018023332,224
463.169201331097,-364.4480563439431,1778498961,135.84986018023332,225
473.7727675417877,-362.45609341685946,1778498961,135.84986018023332,226
477.5274359984713,-365.24873361364,1778498961,135.84986018023332,227
474.4491211035298,-362.8009671916563,1778498961,135.84986018023332,228
476.3464778352646,-361.6340469780061,1778498961,135.84986018023332,229
479.34537701922176,-365.8861548174174,1778498961,135.84986018023332,230
476.134421697506,-366.7532724204159,1778498961,135.84986018023332,231
468.4549586013288,-363.0164096162965,1778498961,135.84986018023332,232
469.273586322831,-360.5171470629673,1778498961,135.84986018023332,233
482.3187472773541,-376.1138851704697,1778498961,135.84986018023332,234
479.1908101686306,-364.9165295970936,1778498961,135.84986018023332,235
476.9035867959583,-362.5624090085431,1778498961,135.84986018023332,236
479.2725997158685,-369.09449960291374,1778498961,135.84986018023332,237
474.4060930001507,-370.0209618521232,1778498961,135.84986018023332,238
491.03805705541777,-367.9961327339208,1778498961,135.84986018023332,239
493.4454829709514,-373.87775701656966,1778498961,135.84986018023332,240
499.32917244153685,-375.3049870176861,1778498961,135.84986018023332,241
478.65242248764383,-375.23286310459184,1778498961,135.84986018023332,242
500.1771360000325,-381.5124617616339,1778498961,135.84986018023332,243
493.8100512271965,-369.107298981398,1778498961,135.84986018023332,244
497.6481311680234,-375.2541788207988,1778498961,135.84986018023332,245
497.6155733550311,-375.2670794253542,1778498961,135.84986018023332,246
496.7417228252461,-370.147849346201,1778498961,135.84986018023332,247
484.2732557507725,-366.080648864309,1778498961,135.84986018023332,248
496.8744080857304,-369.6775344908239,1778498961,135.84986018023332,249
499.3929821490136,-369.80333469745983,1778498961,135.84986018023332,250
498.346940927529,-363.7449615026509,1778498961,135.84986018023332,251
493.97190060763046,-369.2816409145792,1778498961,135.84986018023332,252
498.9302756427793,-364.6163364375633,1778498961,135.84986018023332,253
499.822393240948,-359.8709755403305,1778498961,135.84986018023332,254
495.4883633969279,-363.5456759519877,1778498961,135.84986018023332,255
511.12694867997175,-366.2882810657217,1778498961,135.84986018023332,256
499.5314215905956,-363.9897926884388,1778498961,135.84986018023332,257
519.5255579191339,-365.4758081628632,1778498961,135.84986018023332,258
498.1519036855072,-360.1867461477722,1778498961,135.84986018023332,259
508.1122650600216,-363.9707662711538,1778498961,135.84986018023332,260
511.6893604004844,-363.7911318273588,1778498961,135.84986018023332,261
510.24984193492855,-370.41324315468495,1778498961,135.84986018023332,262
522.9279247345004,-366.678244095296,1778498961,135.84986018023332,263
500.3064661782654,-365.6237304322426,1778498961,135.84986018023332,264
529.0827822694739,-367.4775599154337,1778498961,135.84986018023332,265
502.99231066176463,-371.1680604865155,1778498961,135.84986018023332,266
507.0589837546921,-372.54128619283466,1778498961,135.84986018023332,267
509.1395619948136,-374.7468091895182,1778498961,135.84986018023332,268
511.3123376462679,-362.2667606001101,1778498961,135.84986018023332,269
520.5023500287161,-373.8561932245889,1778498961,135.84986018023332,270
499.77985968293217,-371.3977825057999,1778498961,135.84986018023332,271
516.1672206490869,-371.02570349971467,1778498961,135.84986018023332,272
511.4629575918056,-365.05530048906814,1778498961,135.84986018023332,273
533.3836272797707,-368.0447258179383,1778498961,135.84986018023332,274
518.1564527423692,-375.6028183934588,1778498961,135.84986018023332,275
532.883777267389,-371.5597829048836,1778498961,135.84986018023332,276
513.5427566627538,-374.8739540800448,1778498961,135.84986018023332,277
533.9610113679086,-367.4968431542314,1778498961,135.84986018023332,278
518.8810257832507,-369.4802959151567,1778498961,135.84986018023332,279
535.4578610554616,-365.2490702718496,1778498961,135.84986018023332,280
519.7962558268488,-366.18585768466136,1778498961,135.84986018023332,281
531.4612675841175,-363.6419677734369,1778498961,135.84986018023332,282
534.5486558892222,-361.073660689096,1778498961,135.84986018023332,283
534.8770594330902,-363.78282586236776,1778498961,135.84986018023332,284
533.4953678544066,-362.5829523601569,1778498961,135.84986018023332,285
521.8023203225263,-365.4343711386127,1778498961,135.84986018023332,286
535.9022894883417,-369.5661196211973,1778498961,135.84986018023332,287
533.2940756452133,-360.9392373232793,1778498961,135.84986018023332,288
535.5616809834047,-353.7346227516731,1778498961,135.84986018023332,289
536.1798165349356,-367.8198265458149,1778498961,135.84986018023332,290
532.9747423717931,-366.5746425439918,1778498961,135.84986018023332,291
505.0146011614868,-360.2565338388083,1778498961,135.84986018023332,292
526.7674454852067,-358.9560865784683,1778498961,135.84986018023332,293
536.4406034620546,-360.6968545913696,1778498961,135.84986018023332,294
539.5423122244736,-360.257365234196,1778498961,135.84986018023332,295
535.3906509108281,-358.86833118274745,1778498961,135.84986018023332,296
527.2981012904897,-359.1287507414816,1778498961,135.84986018023332,297
529.8455349005038,-366.9817832956711,1778498961,135.84986018023332,298
530.6071523026826,-361.82325455794734,1778498961,135.84986018023332,299
520.196695446551,-365.5285697331026,1778498961,135.84986018023332,300
533.3006405394062,-365.00998926038585,1778498961,135.84986018023332,301
526.8072702455067,-365.8906101783119,1778498961,135.84986018023332,302
539.7158980329003,-366.7066205888987,1778498961,135.84986018023332,303
536.2953962718392,-366.6851297790815,1778498961,135.84986018023332,304
509.0775098136364,-365.6983535202842,1778498961,135.84986018023332,305
515.3529764588038,-358.25896319001873,1778498961,135.84986018023332,306
533.2926615479169,-363.7583076457183,1778498961,135.84986018023332,307
532.729892822518,-365.5813757802047,1778498961,135.84986018023332,308
534.7739145151277,-358.68167536705687,1778498961,135.84986018023332,309
528.6720941658563,-368.0529487083355,1778498961,135.84986018023332,310
540.845779564903,-367.6200143744552,1778498961,135.84986018023332,311
537.0505224372139,-365.06632467856014,1778498961,135.84986018023332,312
535.1006126610657,-375.09062735239615,1778498961,135.84986018023332,313
532.3926091720749,-360.3687047064306,1778498961,135.84986018023332,314
537.5594195690842,-363.9289629211023,1778498961,135.84986018023332,315
531.0846872849934,-363.02753616869416,1778498961,135.84986018023332,316
528.9512933895078,-374.4228429868809,1778498961,135.84986018023332,317
519.2544472911832,-357.9068307032194,1778498961,135.84986018023332,318
537.4144140403057,-360.8856491371992,1778498961,135.84986018023332,319
539.9348976443359,-368.6417996237672,1778498961,135.84986018023332,320
522.3415817298574,-369.56804192562873,1778498961,135.84986018023332,321
531.2785878406298,-365.454130334159,1778498961,135.84986018023332,322
542.2650995148715,-376.4745954523482,1778498961,135.84986018023332,323
527.5244129061232,-378.8988523110753,1778498961,135.84986018023332,324
530.625029486509,-373.9008439704774,1778498961,135.84986018023332,325
433.3379465756665,-363.2280360485116,1778498961,135.84986018023332,326
524.0954388247263,-360.02176348989235,1778498961,135.84986018023332,327
528.8000486510675,-368.4405041063826,1778498961,135.84986018023332,328
494.43861866018665,-372.16545777271176,1778498961,135.84986018023332,329
535.4256274371908,-366.00053009639146,1778498961,135.84986018023332,330
540.7282205283653,-364.9451708222427,1778498961,135.84986018023332,331
520.7924116049157,-382.170166507363,1778498961,135.84986018023332,332
518.6321611512894,-371.731402374804,1778498961,135.84986018023332,333
542.0661229724826,-371.4915603324768,1778498961,135.84986018023332,334
530.6171798992817,-362.9652143456038,1778498961,135.84986018023332,335
531.8936978645509,-370.14785536626965,1778498961,135.84986018023332,336
524.0914088853057,-370.5002500613527,1778498961,135.84986018023332,337
529.3977473694353,-364.1636182939013,1778498961,135.84986018023332,338
515.8036189046084,-355.74727269262064,1778498961,135.84986018023332,339
528.6156913220168,-362.7530680497485,1778498961,135.84986018023332,340
536.8348625888975,-364.2182410210371,1778498961,135.84986018023332,341
530.6473142731745,-361.8358441442252,1778498961,135.84986018023332,342
536.6266911445241,-365.0534505844111,1778498961,135.84986018023332,343
532.9627701128385,-358.446966146429,1778498961,135.84986018023332,344
531.550649213237,-361.3368249436217,1778498961,135.84986018023332,345
510.1881781502634,-362.5546128799523,1778498961,135.84986018023332,346
36.74035407130837,-129.60098628203073,1778498961,135.84986018023332,347
542.1388296977894,-378.26805767416937,1778498961,135.84986018023332,348
558.4057953326084,-378.1402687268946,1778498961,135.84986018023332,349
553.2436627002712,-370.0441929027442,1778498961,135.84986018023332,350
538.3292174227904,-367.964619850119,1778498961,135.84986018023332,351
552.8708438221145,-370.097719793518,1778498961,135.84986018023332,352
524.059116346334,-370.7052875558537,1778498961,135.84986018023332,353
552.4565828032387,-371.7562564834951,1778498961,135.84986018023332,354
537.0256143038413,-370.25428795566137,1778498961,135.84986018023332,355
536.7909240403363,-375.8578361396995,1778498961,135.84986018023332,356
521.8584128367926,-359.6348335618772,1778498961,135.84986018023332,357
542.7934134386526,-377.4309052651125,1778498961,135.84986018023332,358
526.6928650856682,-364.7915530602136,1778498961,135.84986018023332,359
545.2529603670739,-365.9398389408986,1778498961,135.84986018023332,360
540.3637513300657,-373.4003575568399,1778498961,135.84986018023332,361
532.4027513556597,-357.18091857930045,1778498961,135.84986018023332,362
531.3420091020271,-371.3011529743671,1778498961,135.84986018023332,363
550.5042483215659,-380.747067535917,1778498961,135.84986018023332,364
276.668419383269,-249.6597258461021,1778498961,135.84986018023332,365
540.4057874901611,-375.50621369108507,1778498961,135.84986018023332,366
552.7087593124548,-370.5454732378324,1778498961,135.84986018023332,367
232.03131615391544,-224.96974871183448,1778498961,135.84986018023332,368
548.0864128246803,-368.28123180071503,1778498961,135.84986018023332,369
546.7585094407855,-374.0729780495165,1778498961,135.84986018023332,370
548.7599474214078,-368.4056654100618,1778498961,135.84986018023332,371
535.0806913646799,-381.64325390259415,1778498961,135.84986018023332,372
549.3055075283296,-369.4361536900199,1778498961,135.84986018023332,373
535.2973807330324,-371.1844017257288,1778498961,135.84986018023332,374
526.9567897045094,-368.0505785519876,1778498961,135.84986018023332,375
526.0725993879109,-360.94587726394326,1778498961,135.84986018023332,376
535.3174685402554,-362.3295185963311,1778498961,135.84986018023332,377
534.9620798118731,-356.80217918753607,1778498961,135.84986018023332,378
537.8721920686563,-352.8870830759407,1778498961,135.84986018023332,379
527.5331221445724,-368.8331519526732,1778498961,135.84986018023332,380
531.0584846462849,-359.37924402952234,1778498961,135.84986018023332,381
532.4889930328997,-364.5049240315952,1778498961,135.84986018023332,382
516.7570625090598,-357.0085679168505,1778498961,135.84986018023332,383
531.5418077297134,-343.59120107193786,1778498961,135.84986018023332,384
528.4412324103359,-347.8169382313883,1778498961,135.84986018023332,385
535.6393239998902,-359.1891484980781,1778498961,135.84986018023332,386
518.2573504912243,-345.63654161741334,1778498961,135.84986018023332,387
539.2351227875756,-351.87546579291416,1778498961,135.84986018023332,388
530.4109259949669,-360.6181347618503,1778498961,135.84986018023332,389
521.2630490933816,-370.8449630737305,1778498961,135.84986018023332,390
518.1692828950848,-360.5155079116426,1778498961,135.84986018023332,391
531.7319633299032,-361.3968306804696,1778498961,135.84986018023332,392
530.0143312313213,-363.3321326896548,1778498961,135.84986018023332,393
519.1658167194807,-351.3969483847421,1778498961,135.84986018023332,394
543.3230196027956,-354.95195421700674,1778498961,135.84986018023332,395
539.8979202557986,-362.16453963021416,1778498961,135.84986018023332,396
564.1062009117841,-371.31355480849777,1778498961,135.84986018023332,397
532.7751109244973,-377.69209412733727,1778498961,135.84986018023332,398
525.4726733675653,-355.0205291720727,1778498961,135.84986018023332,399
557.3163220820967,-371.9074888974425,1778498961,135.84986018023332,400
484.69002431206974,-347.97707409163297,1778498961,135.84986018023332,401
545.4919552454865,-369.7939284592868,1778498961,135.84986018023332,402
541.4226840048818,-373.3676970402399,1778498961,135.84986018023332,403
537.569601221381,-362.2558367699389,1778498961,135.84986018023332,404
547.8805149486946,-367.4590322797498,1778498961,135.84986018023332,405
555.1636811358765,-367.3429201940692,1778498961,135.84986018023332,406
538.3540572496466,-352.1569254373508,1778498961,135.84986018023332,407
551.1247674982917,-364.8484413872168,1778498961,135.84986018023332,408
557.5310243125163,-358.4478381052612,1778498961,135.84986018023332,409
534.3069930777772,-362.2164990107214,1778498961,135.84986018023332,410
542.7886866882745,-351.2695032805204,1778498961,135.84986018023332,411
537.4273102822864,-355.3281243493158,1778498961,135.84986018023332,412
538.6831118656224,-372.01202069222967,1778498961,135.84986018023332,413
545.3584430770309,-366.3562545354166,1778498961,135.84986018023332,414
543.0950301064086,-358.2137662197151,1778498961,135.84986018023332,415
542.1317749827605,-354.12329121679085,1778498961,135.84986018023332,416
555.9760022737742,-362.5785412738724,1778498961,135.84986018023332,417
569.3617765151444,-369.4569304337098,1778498961,135.84986018023332,418
564.1785372236488,-361.0319653501117,1778498961,135.84986018023332,419
563.9850514940282,-371.99978368481,1778498961,135.84986018023332,420
540.3177319387403,-354.8765956188242,1778498961,135.84986018023332,421
535.7589252339241,-352.8349719171724,1778498961,135.84986018023332,422
542.0110097574384,-360.5205019339924,1778498961,135.84986018023332,423
532.466836237417,-352.0864888355134,1778498961,135.84986018023332,424
550.6943546902371,-356.4859943936263,1778498961,135.84986018023332,425
563.5657609201326,-364.1457498446109,1778498961,135.84986018023332,426
542.0089910031952,-360.7366271292167,1778498961,135.84986018023332,427
547.2579289569883,-359.00221761564427,1778498961,135.84986018023332,428
548.9962991272898,-356.8675864413386,1778498961,135.84986018023332,429
532.4411297135778,-362.1098045433561,1778498961,135.84986018023332,430
556.0678360741141,-353.6850413233042,1778498961,135.84986018023332,431
550.9862212644302,-360.4340596695738,1778498961,135.84986018023332,432
538.1646844429978,-353.492930278182,1778498961,135.84986018023332,433
250.19432397570125,-218.9035499033828,1778498961,135.84986018023332,434
543.4825977942595,-351.1423880457882,1778498961,135.84986018023332,435
548.0038514815315,-353.6278900206092,1778498961,135.84986018023332,436
557.2447558920934,-362.80645586053566,1778498961,135.84986018023332,437
527.2169681821915,-348.4882365639011,1778498961,135.84986018023332,438
550.252169381275,-359.32589836915355,1778498961,135.84986018023332,439
543.9884929977605,-351.6504329144955,1778498961,135.84986018023332,440
553.0252023440746,-356.69766508042784,1778498961,135.84986018023332,441
567.9260317471886,-358.9247722104193,1778498961,135.84986018023332,442
540.5278335916768,-353.47179332623887,1778498961,135.84986018023332,443
538.2514906319074,-351.42688174049084,1778498961,135.84986018023332,444
533.9576956899998,-349.5214087292555,1778498961,135.84986018023332,445
529.3500394462023,-355.38843399782974,1778498961,135.84986018023332,446
552.6283426817655,-361.29102607071394,1778498961,135.84986018023332,447
561.8812561813172,-366.0764079093929,1778498961,135.84986018023332,448
559.4243681787127,-367.3035299479965,1778498961,135.84986018023332,449
551.7765964301929,-370.85375461727375,1778498961,135.84986018023332,450
549.846502049452,-371.7800243174031,1778498961,135.84986018023332,451
408.1462373204944,-311.41786563023976,1778498961,135.84986018023332,452
555.1152909745585,-364.1108319709701,1778498961,135.84986018023332,453
559.2467081073505,-366.6716751207909,1778498961,135.84986018023332,454
541.0166954422402,-366.3000669827064,1778498961,135.84986018023332,455
536.0980755183782,-361.3286717260875,1778498961,135.84986018023332,456
538.2069408858871,-355.79905740047525,1778498961,135.84986018023332,457
546.3131183741699,-359.37649979442364,1778498961,135.84986018023332,458
539.3648199020311,-361.8821708237125,1778498961,135.84986018023332,459
563.0800758910588,-357.0762845128774,1778498961,135.84986018023332,460
539.9063745662564,-358.23801068216585,1778498961,135.84986018023332,461
539.2185632531456,-347.50219975908595,1778498961,135.84986018023332,462
544.8381864581856,-346.8130820443238,1778498961,135.84986018023332,463
550.0061968142714,-355.20622148613126,1778498961,135.84986018023332,464
554.17403747512,-368.24248890454544,1778498961,135.84986018023332,465
563.0741789010033,-364.3089107101162,1778498961,135.84986018023332,466
558.6944013494091,-357.96332422892294,1778498961,135.84986018023332,467
547.6612535863424,-364.4974483524763,1778498961,135.84986018023332,468
555.7875777473238,-349.3805446475741,1778498961,135.84986018023332,469
540.3576720014728,-351.0928836464886,1778498961,135.84986018023332,470
554.5462616443474,-354.59458232174313,1778498961,135.84986018023332,471
546.6398481380901,-342.681651440759,1778498961,135.84986018023332,472
551.318618927982,-342.070207218329,1778498961,135.84986018023332,473
549.2204263809482,-344.4181241070234,1778498961,135.84986018023332,474
540.1214381198133,-348.88723201801434,1778498961,135.84986018023332,475
552.1045441444364,-348.6383599204319,1778498961,135.84986018023332,476
553.4031370830706,-350.84562629461254,1778498961,135.84986018023332,477
541.420659698414,-351.0790527413289,1778498961,135.84986018023332,478
528.738929531723,-351.81381167968084,1778498961,135.84986018023332,479
539.6895171928377,-342.8266568928954,1778498961,135.84986018023332,480
545.156453189122,-359.17570820823346,1778498961,135.84986018023332,481
549.6928166539066,-353.0252660339074,1778498961,135.84986018023332,482
553.717596477337,-346.2506477311257,1778498961,135.84986018023332,483
544.1116988145427,-347.20561312635783,1778498961,135.84986018023332,484
549.9610392720589,-348.878363405665,1778498961,135.84986018023332,485
549.967527933439,-348.6706208984056,1778498961,135.84986018023332,486
514.5019153282535,-338.4890948068349,1778498961,135.84986018023332,487
542.1852527259937,-350.16651904086297,1778498961,135.84986018023332,488
527.8956419284433,-349.5218490039308,1778498961,135.84986018023332,489
552.4232340155866,-351.1186316162345,1778498961,135.84986018023332,490
563.2795730304143,-358.2513553897541,1778498961,135.84986018023332,491
558.6875369038389,-347.2440306755407,1778498961,135.84986018023332,492
553.3184825054669,-350.3920103410884,1778498961,135.84986018023332,493
559.5650557399224,-351.6618945499264,1778498961,135.84986018023332,494
556.8349574922003,-347.0846916176378,1778498961,135.84986018023332,495
556.3224133315703,-351.9374004552759,1778498961,135.84986018023332,496
571.9149507017593,-360.3260501449302,1778498961,135.84986018023332,497
569.2828005526154,-354.84170193970215,1778498961,135.84986018023332,498
550.0125445354568,-363.18770639350015,1778498961,135.84986018023332,499
-6.1928803238380095,-331.5157309770583,1778498957,135.83239555438334,0
0.415311029393078,-337.6452477797863,1778498957,135.83239555438334,1
-3.16048954461703,-338.43701679756265,1778498957,135.83239555438334,2
-7.265792863140174,-331.64126471181714,1778498957,135.83239555438334,3
-7.292194890419828,-336.4106056938566,1778498957,135.83239555438334,4
-8.673644147388073,-361.87686430414567,1778498957,135.83239555438334,5
-3.810768713287724,-355.2720521390435,1778498957,135.83239555438334,6
-7.068506334317863,-348.44958987086983,1778498957,135.83239555438334,7
3.619426102187208,-344.5393198380871,1778498957,135.83239555438334,8
-11.044348481623937,-345.80122875298025,1778498957,135.83239555438334,9
-3.743887233577956,-343.218715019524,1778498957,135.83239555438334,10
0.0243955125967172,-335.5813486377398,1778498957,135.83239555438334,11
-3.014938044723098,-332.64546305934584,1778498957,135.83239555438334,12
2.978835731064041,-328.14455328385026,1778498957,135.83239555438334,13
-4.681793974083582,-322.125681221485,1778498957,135.83239555438334,14
-1.5413558329400192,-317.340188054989,1778498957,135.83239555438334,15
-7.444608857458059,-315.66201192637266,1778498957,135.83239555438334,16
-7.166930293071081,-301.5130163505675,1778498957,135.83239555438334,17
-3.1626682228145317,-301.8809415648384,1778498957,135.83239555438334,18
-1.855132315079826,-288.8983243082964,1778498957,135.83239555438334,19
-2.2849287062620487,-278.05327819536126,1778498957,135.83239555438334,20
-11.186674794708011,-263.25823400914663,1778498957,135.83239555438334,21
4.444342998872633,-252.5107112551724,1778498957,135.83239555438334,22
-0.6939307046883262,-237.81596244374884,1778498957,135.83239555438334,23
-1.2042582828661017,-219.44754339009523,1778498957,135.83239555438334,24
-1.4717989762167536,-205.04875775178292,1778498957,135.83239555438334,25
3.238175661786121,-188.22711674372343,1778498957,135.83239555438334,26
8.320116492491088,-169.46916040653983,1778498957,135.83239555438334,27
7.494387048503325,-154.89630658179522,1778498957,135.83239555438334,28
14.4828470868875,-133.7263880632818,1778498957,135.83239555438334,29
17.753061582002342,-121.6112691834568,1778498957,135.83239555438334,30
21.0831602821372,-110.76311219856134,1778498957,135.83239555438334,31
15.374332333806867,-255.73745352899027,1778498957,135.83239555438334,32
68.06456155462402,-269.0446087904276,1778498957,135.83239555438334,33
66.78511442663225,-266.7377859801053,1778498957,135.83239555438334,34
24.188919154481777,-245.32146563380948,1778498957,135.83239555438334,35
125.9660912585848,-263.12943477183563,1778498957,135.83239555438334,36
153.26816224194317,-268.6137583355111,1778498957,135.83239555438334,37
164.31840016786578,-301.97492973506445,1778498957,135.83239555438334,38
175.37988874806456,-330.39784717559803,1778498957,135.83239555438334,39
180.8077845013799,-359.6852769106633,1778498957,135.83239555438334,40
199.147219141528,-361.7548597926895,1778498957,135.83239555438334,41
204.30703055978944,-365.7204525594907,1778498957,135.83239555438334,42
217.6749605346131,-382.2060519481702,1778498957,135.83239555438334,43
223.7116833956412,-384.8452064072095,1778498957,135.83239555438334,44
227.21727836830868,-406.72941214963816,1778498957,135.83239555438334,45
238.7821854182937,-414.1448385119436,1778498957,135.83239555438334,46
253.1339296682092,-420.4868882993857,1778498957,135.83239555438334,47
267.9114181575016,-434.0818475882216,1778498957,135.83239555438334,48
276.6942862136595,-453.0893236696722,1778498957,135.83239555438334,49
284.9152715579792,-472.0118214115497,1778498957,135.83239555438334,50
285.354602354216,-485.5502975955608,1778498957,135.83239555438334,51
286.95529372278645,-495.868878717224,1778498957,135.83239555438334,52
292.8951952283364,-506.4924443985022,1778498957,135.83239555438334,53
286.77086009840707,-506.3138889620704,1778498957,135.83239555438334,54
319.29221137692707,-528.9333855335916,1778498957,135.83239555438334,55
313.68489453723504,-513.4711562146739,1778498957,135.83239555438334,56
341.6152315495818,-537.2391917537896,1778498957,135.83239555438334,57
343.679938225624,-542.4839123139778,1778498957,135.83239555438334,58
346.0221998109155,-542.4274503439673,1778498957,135.83239555438334,59
355.8559747373292,-550.3035421073438,1778498957,135.83239555438334,60
360.4060893450725,-535.1637212485069,1778498957,135.83239555438334,61
357.89939377444205,-522.9666056285298,1778498957,135.83239555438334,62
362.3731659019695,-517.3709561228756,1778498957,135.83239555438334,63
360.843857648725,-500.197713886698,1778498957,135.83239555438334,64
348.8060288877461,-483.6030099292592,1778498957,135.83239555438334,65
366.0142834843472,-494.390577107668,1778498957,135.83239555438334,66
375.64690932842433,-495.2852733135229,1778498957,135.83239555438334,67
372.6058932584322,-488.1922669808071,1778498957,135.83239555438334,68
379.5407656449574,-492.880828735729,1778498957,135.83239555438334,69
369.0478476662911,-464.8027647982047,1778498957,135.83239555438334,70
366.114343158355,-455.9501080264643,1778498957,135.83239555438334,71
376.40487231678514,-457.2131744921202,1778498957,135.83239555438334,72
373.1697474091424,-435.5421299835045,1778498957,135.83239555438334,73
373.40566135206814,-429.3089499672252,1778498957,135.83239555438334,74
365.1131577677546,-409.6545966838803,1778498957,135.83239555438334,75
360.56384091616974,-398.6634607066716,1778498957,135.83239555438334,76
358.9649642294017,-391.9381624336044,1778498957,135.83239555438334,77
367.9811884318101,-396.4657091684638,1778498957,135.83239555438334,78
363.07873153566686,-379.70059592276806,1778498957,135.83239555438334,79
360.5240673107586,-360.6657024547459,1778498957,135.83239555438334,80
355.5856195359119,-353.3141397138436,1778498957,135.83239555438334,81
359.4783790698141,-345.8150086613994,1778498957,135.83239555438334,82
354.4000466475503,-336.804870103796,1778498957,135.83239555438334,83
359.9438204616156,-340.5933839331073,1778498957,135.83239555438334,84
354.45367138434125,-335.4919352158902,1778498957,135.83239555438334,85
339.7423396488248,-315.5098791370792,1778498957,135.83239555438334,86
334.40325888874656,-310.2772976768516,1778498957,135.83239555438334,87
337.50313447644527,-317.9350925634306,1778498957,135.83239555438334,88
345.8501096173733,-314.1516431172698,1778498957,135.83239555438334,89
346.8738123369672,-320.7521031548578,1778498957,135.83239555438334,90
350.1449430816552,-324.13891056676675,1778498957,135.83239555438334,91
344.8448929352754,-325.9086674451825,1778498957,135.83239555438334,92
350.7462075638133,-326.27660522361606,1778498957,135.83239555438334,93
353.058520073833,-335.7620333638043,1778498957,135.83239555438334,94
353.4012712179022,-331.5621646344666,1778498957,135.83239555438334,95
361.55756150957416,-336.57147656877794,1778498957,135.83239555438334,96
376.1385567597863,-346.30710579206533,1778498957,135.83239555438334,97
384.85909246146986,-353.1835132241251,1778498957,135.83239555438334,98
378.8304163276081,-350.5293335119885,1778498957,135.83239555438334,99
379.8602266819463,-354.1360022922358,1778498957,135.83239555438334,100
384.821487456249,-352.2580985824262,1778498957,135.83239555438334,101
387.0396477096602,-356.1848887999849,1778498957,135.83239555438334,102
380.32882822665965,-353.7923018236961,1778498957,135.83239555438334,103
378.488924426615,-358.36069610466603,1778498957,135.83239555438334,104
391.0162388034747,-359.0646847287817,1778498957,135.83239555438334,105
394.01963820629504,-364.7031303023304,1778498957,135.83239555438334,106
390.60205008906274,-364.5392536893486,1778498957,135.83239555438334,107
398.515534194861,-371.9735482434431,1778498957,135.83239555438334,108
404.9258138401002,-371.8445716388526,1778498957,135.83239555438334,109
393.9359453616527,-368.5428736458224,1778498957,135.83239555438334,110
399.83139534445263,-371.5194408148528,1778498957,135.83239555438334,111
404.4812074177175,-379.3760732561352,1778498957,135.83239555438334,112
405.3815220855017,-372.4809985955552,1778498957,135.83239555438334,113
401.9929011443455,-382.631837770343,1778498957,135.83239555438334,114
412.47473745140206,-383.1141515647376,1778498957,135.83239555438334,115
418.5323028463611,-384.3745143475628,1778498957,135.83239555438334,116
413.93340118509593,-385.0712829430902,1778498957,135.83239555438334,117
420.8128220869765,-386.7517642776169,1778498957,135.83239555438334,118
418.32422018516064,-381.3920772870385,1778498957,135.83239555438334,119
413.0813430874656,-380.00411359469086,1778498957,135.83239555438334,120
411.3967459192685,-382.7712716460226,1778498957,135.83239555438334,121
415.69114212578666,-381.3785273457559,1778498957,135.83239555438334,122
419.6994878794391,-382.5805237765111,1778498957,135.83239555438334,123
417.0114674092309,-377.8072220037385,1778498957,135.83239555438334,124
419.5600868779781,-385.7096737722553,1778498957,135.83239555438334,125
427.5616586095984,-386.6901447077587,1778498957,135.83239555438334,126
431.1208854135918,-384.66609739263856,1778498957,135.83239555438334,127
429.5316455132188,-372.1715505719183,1778498957,135.83239555438334,128
428.9705758747263,-372.6492068767546,1778498957,135.83239555438334,129
430.04382324861547,-366.03082898755855,1778498957,135.83239555438334,130
435.2608341561341,-367.03541213149833,1778498957,135.83239555438334,131
435.696967099658,-368.7558895076314,1778498957,135.83239555438334,132
429.1008313974832,-358.87703005721124,1778498957,135.83239555438334,133
428.43317429496574,-359.04624079664586,1778498957,135.83239555438334,134
427.53139363361856,-355.16161470611905,1778498957,135.83239555438334,135
429.997124253814,-353.3487786104285,1778498957,135.83239555438334,136
433.5289666208681,-355.4804366280632,1778498957,135.83239555438334,137
420.0901499664625,-350.95546372731553,1778498957,135.83239555438334,138
430.9938353223548,-353.1735485593476,1778498957,135.83239555438334,139
435.7027370075714,-344.8252047200994,1778498957,135.83239555438334,140
436.6511154840201,-343.7184348404405,1778498957,135.83239555438334,141
445.0459413346232,-348.00268523891793,1778498957,135.83239555438334,142
432.4834749872401,-346.00985476374666,1778498957,135.83239555438334,143
422.8842977217308,-336.9376209527258,1778498957,135.83239555438334,144
442.10534297264064,-340.83436301226425,1778498957,135.83239555438334,145
427.0451194772263,-346.3212608496351,1778498957,135.83239555438334,146
436.1057842555333,-350.23903738955624,1778498957,135.83239555438334,147
443.164195944745,-342.0105876574913,1778498957,135.83239555438334,148
445.2335250585514,-343.5271859119332,1778498957,135.83239555438334,149
447.9840462671244,-350.0379783213139,1778498957,135.83239555438334,150
443.2032628414647,-349.13076711446087,1778498957,135.83239555438334,151
435.0239588580568,-346.1728559434415,1778498957,135.83239555438334,152
436.84831125493497,-345.7790328164892,1778498957,135.83239555438334,153
451.9264825125491,-346.55267214278325,1778498957,135.83239555438334,154
445.3953298807541,-343.4375521788992,1778498957,135.83239555438334,155
449.5792915995053,-347.52869994193264,1778498957,135.83239555438334,156
451.9934253657022,-348.9678681641816,1778498957,135.83239555438334,157
445.1084939054022,-339.90896675984044,1778498957,135.83239555438334,158
459.4941346477959,-346.22608997424487,1778498957,135.83239555438334,159
454.3194625166393,-338.83357209215546,1778498957,135.83239555438334,160
460.40504923110336,-352.2440533141294,1778498957,135.83239555438334,161
454.0801884134358,-347.0107034022605,1778498957,135.83239555438334,162
457.4475847780076,-345.08736225465947,1778498957,135.83239555438334,163
453.7438583061866,-345.5619859844445,1778498957,135.83239555438334,164
458.14831016833017,-342.0425875633954,1778498957,135.83239555438334,165
459.4675163800906,-346.7862637390694,1778498957,135.83239555438334,166
462.51751939107146,-346.6575123866392,1778498957,135.83239555438334,167
455.642150199781,-340.43036046624206,1778498957,135.83239555438334,168
460.70806850262335,-340.2817271103463,1778498957,135.83239555438334,169
468.5466094434373,-347.3079305142163,1778498957,135.83239555438334,170
458.9407572188159,-339.5292400916416,1778498957,135.83239555438334,171
464.4932640005357,-339.15537094821514,1778498957,135.83239555438334,172
462.9506729019717,-338.43670636788005,1778498957,135.83239555438334,173
467.3754785345037,-335.65777422736073,1778498957,135.83239555438334,174
465.48962660620566,-338.0681804505489,1778498957,135.83239555438334,175
459.8733151172963,-333.53041255970817,1778498957,135.83239555438334,176
457.18665200029005,-336.6310494914651,1778498957,135.83239555438334,177
465.4271979242066,-335.796905125181,1778498957,135.83239555438334,178
467.39783156765606,-341.0070767551659,1778498957,135.83239555438334,179
466.3237658827411,-335.3450641110536,1778498957,135.83239555438334,180
465.5643843894754,-330.70447282741475,1778498957,135.83239555438334,181
464.348075384907,-339.72150779267184,1778498957,135.83239555438334,182
460.4994164707595,-330.65018727133685,1778498957,135.83239555438334,183
474.17920624823967,-336.65316091477865,1778498957,135.83239555438334,184
474.0783408406012,-336.6300874799492,1778498957,135.83239555438334,185
468.4077836550298,-329.624437188109,1778498957,135.83239555438334,186
474.18971037616905,-330.3828373774882,1778498957,135.83239555438334,187
474.006986805653,-333.5523778858288,1778498957,135.83239555438334,188
469.25645484942174,-336.4449328705671,1778498957,135.83239555438334,189
480.619632145635,-335.837695240974,1778498957,135.83239555438334,190
479.93043624012097,-333.39393936345965,1778498957,135.83239555438334,191
468.9947137177864,-330.5657879859211,1778498957,135.83239555438334,192
475.8684699462255,-334.697246477008,1778498957,135.83239555438334,193
474.1630872539374,-338.0436994706588,1778498957,135.83239555438334,194
476.0582378067292,-335.546580441296,1778498957,135.83239555438334,195
482.7527978163207,-337.18895420432085,1778498957,135.83239555438334,196
483.9276105049628,-338.01373823980447,1778498957,135.83239555438334,197
485.8688931311231,-337.1441778118413,1778498957,135.83239555438334,198
480.8580457594082,-328.8425950196881,1778498957,135.83239555438334,199
483.69369966610606,-333.3471881126362,1778498957,135.83239555438334,200
485.8108380567592,-337.28902765363455,1778498957,135.83239555438334,201
491.41498352823567,-337.82781789451843,1778498957,135.83239555438334,202
491.4932044739891,-339.2450934325655,1778498957,135.83239555438334,203
492.1641294438836,-336.97747029860824,1778498957,135.83239555438334,204
492.7822267466844,-336.31449006249534,1778498957,135.83239555438334,205
485.1927773533301,-339.66351438313706,1778498957,135.83239555438334,206
495.0231377460438,-339.8873257860542,1778498957,135.83239555438334,207
498.0015639800814,-343.20973896731925,1778498957,135.83239555438334,208
493.4264946916057,-342.5088053196668,1778498957,135.83239555438334,209
492.66499130990974,-342.4231866014501,1778498957,135.83239555438334,210
496.67874528247154,-341.9474729982512,1778498957,135.83239555438334,211
483.616881526564,-339.8117722148692,1778498957,135.83239555438334,212
494.3871773849665,-344.1933859090013,1778498957,135.83239555438334,213
484.8278634056641,-336.36041040470235,1778498957,135.83239555438334,214
166.03909695450093,-305.5811034490666,1778498957,135.83239555438334,215
491.81209724829046,-342.56995846331097,1778498957,135.83239555438334,216
490.3601160574429,-344.0478680257993,1778498957,135.83239555438334,217
503.9412140706361,-347.0415762513876,1778498957,135.83239555438334,218
484.59024878206014,-345.0343142921725,1778498957,135.83239555438334,219
481.3880860686602,-343.26586502790457,1778498957,135.83239555438334,220
473.7023694151314,-344.4369180885452,1778498957,135.83239555438334,221
463.4509812964365,-347.05551717057773,1778498957,135.83239555438334,222
473.0089664300786,-342.60459032406385,1778498957,135.83239555438334,223
465.2224774477471,-346.01468225320167,1778498957,135.83239555438334,224
459.2323959146924,-350.94120805710565,1778498957,135.83239555438334,225
413.9940388631766,-340.5669052526354,1778498957,135.83239555438334,226
452.21790144378656,-344.1791803563634,1778498957,135.83239555438334,227
449.2189202856644,-346.14870958030224,1778498957,135.83239555438334,228
474.2326377537365,-349.44096163411893,1778498957,135.83239555438334,229
462.8118567373497,-339.168901599944,1778498957,135.83239555438334,230
465.7606093378241,-358.9723677088815,1778498957,135.83239555438334,231
453.1352632264895,-357.99115371952433,1778498957,135.83239555438334,232
482.61289316049033,-352.0451293339332,1778498957,135.83239555438334,233
468.2940887778336,-347.6523307313519,1778498957,135.83239555438334,234
470.1566920596634,-342.9025739630061,1778498957,135.83239555438334,235
474.5818611141399,-352.1811769654353,1778498957,135.83239555438334,236
469.41401032343737,-342.83037127057696,1778498957,135.83239555438334,237
475.7025899026861,-340.23038967202075,1778498957,135.83239555438334,238
482.3743894837701,-342.4218407608566,1778498957,135.83239555438334,239
479.6123980135249,-352.59038206065696,1778498957,135.83239555438334,240
489.3908660293429,-342.2859850724536,1778498957,135.83239555438334,241
477.6874372440631,-344.4313789457088,1778498957,135.83239555438334,242
466.15023330795947,-340.4599540829662,1778498957,135.83239555438334,243
470.4165754420343,-340.9046502312024,1778498957,135.83239555438334,244
455.3239647000423,-338.4698999002579,1778498957,135.83239555438334,245
474.8407249763469,-343.7202100716532,1778498957,135.83239555438334,246
485.128379193057,-352.4052076215546,1778498957,135.83239555438334,247
471.3671168838558,-340.18169502044725,1778498957,135.83239555438334,248
480.9511756854865,-339.4340809732672,1778498957,135.83239555438334,249
487.3112029994169,-356.56008629749203,1778498957,135.83239555438334,250
497.7576751128213,-344.5056286565958,1778498957,135.83239555438334,251
488.67948041869874,-352.0254555170733,1778498957,135.83239555438334,252
489.28743673226046,-343.1985088686148,1778498957,135.83239555438334,253
492.87751766501,-344.2862804072595,1778498957,135.83239555438334,254
496.71177514720046,-339.041134513915,1778498957,135.83239555438334,255
501.73822796857417,-347.5082912072538,1778498957,135.83239555438334,256
495.79903076804777,-345.5590398932497,1778498957,135.83239555438334,257
501.9628163436989,-347.76333873222273,1778498957,135.83239555438334,258
497.37084068504095,-350.5067973782614,1778498957,135.83239555438334,259
490.1709060505171,-349.73818933342886,1778498957,135.83239555438334,260
493.0570407085157,-341.95913824439003,1778498957,135.83239555438334,261
500.58371467825145,-342.5196667735773,1778498957,135.83239555438334,262
491.10899797190615,-341.30912222713255,1778498957,135.83239555438334,263
508.7062624244463,-353.1768621094524,1778498957,135.83239555438334,264
488.6905186790744,-350.3666582927108,1778498957,135.83239555438334,265
500.1170866812972,-340.8399961118893,1778498957,135.83239555438334,266
501.8161265356,-337.35001930470264,1778498957,135.83239555438334,267
495.4687250203439,-335.7494280338291,1778498957,135.83239555438334,268
494.6445827375736,-327.67308060204,1778498957,135.83239555438334,269
504.0367450002325,-339.0250664887333,1778498957,135.83239555438334,270
496.2361717611293,-336.363819297403,1778498957,135.83239555438334,271
500.0221496630322,-331.9604769982395,1778498957,135.83239555438334,272
502.1330151411865,-339.3639923272032,1778498957,135.83239555438334,273
500.3888792840339,-342.1206563326223,1778498957,135.83239555438334,274
506.9899289114872,-340.8641321174799,1778498957,135.83239555438334,275
498.9772404268416,-344.56541900460905,1778498957,135.83239555438334,276
493.2978622153564,-354.35526088004315,1778498957,135.83239555438334,277
515.4540792843616,-344.3609822044769,1778498957,135.83239555438334,278
511.6558701380896,-348.2058103705454,1778498957,135.83239555438334,279
516.0458022003586,-343.8875979185103,1778498957,135.83239555438334,280
510.4427393814252,-341.2923652281365,1778498957,135.83239555438334,281
507.699825527465,-341.5545450337231,1778498957,135.83239555438334,282
513.946659558106,-343.6938492693007,1778498957,135.83239555438334,283
516.0167479641888,-346.12391127894284,1778498957,135.83239555438334,284
516.7649090002504,-344.2818547549342,1778498957,135.83239555438334,285
504.0369488928235,-339.23437876688934,1778498957,135.83239555438334,286
518.7624910472506,-342.31062140688294,1778498957,135.83239555438334,287
521.8327170363511,-342.27144960189884,1778498957,135.83239555438334,288
511.0454658869752,-336.85749799758213,1778498957,135.83239555438334,289
513.1518611808975,-340.4992540602882,1778498957,135.83239555438334,290
511.85872280067326,-340.2222837122775,1778498957,135.83239555438334,291
513.9974001270823,-350.8325435897952,1778498957,135.83239555438334,292
526.8027219840633,-349.2310852824395,1778498957,135.83239555438334,293
525.2509792649369,-353.12492830927204,1778498957,135.83239555438334,294
521.3565580131274,-351.3307754223542,1778498957,135.83239555438334,295
525.8816845069083,-364.9241504420834,1778498957,135.83239555438334,296
538.0698952661146,-359.9480324611065,1778498957,135.83239555438334,297
530.2970378343799,-350.0406459023552,1778498957,135.83239555438334,298
533.8322566606589,-348.3821608995397,1778498957,135.83239555438334,299
538.4528694184669,-363.0527409041917,1778498957,135.83239555438334,300
521.2940663289452,-369.9279398384192,1778498957,135.83239555438334,301
528.9683252713863,-364.461495158573,1778498957,135.83239555438334,302
485.61483567306266,-366.4121676236393,1778498957,135.83239555438334,303
518.0285874663276,-373.2844706177712,1778498957,135.83239555438334,304
496.5711303007565,-370.836766517411,1778498957,135.83239555438334,305
516.6931556602168,-371.8276998996735,1778498957,135.83239555438334,306
528.5938434721287,-384.1067724463839,1778498957,135.83239555438334,307
543.8983637791954,-376.34595804164815,1778498957,135.83239555438334,308
544.9800704124361,-373.35313106825,1778498957,135.83239555438334,309
528.0752885514963,-350.0180725492544,1778498957,135.83239555438334,310
529.6498345989095,-347.77982959896366,1778498957,135.83239555438334,311
543.5152197751812,-360.9772694458565,1778498957,135.83239555438334,312
518.1395570407723,-348.07383381451183,1778498957,135.83239555438334,313
547.9719483357358,-368.3696320640548,1778498957,135.83239555438334,314
542.4356350322932,-367.6995488901933,1778498957,135.83239555438334,315
535.4254478285798,-358.7959063649177,1778498957,135.83239555438334,316
535.4015810191695,-356.3261176695427,1778498957,135.83239555438334,317
568.5953440850235,-359.8509064291917,1778498957,135.83239555438334,318
547.9189646147677,-346.70499675720936,1778498957,135.83239555438334,319
535.1532638112693,-335.1004825942219,1778498957,135.83239555438334,320
556.7081446887631,-342.6597931285697,1778498957,135.83239555438334,321
528.4846135468179,-349.97904925048334,1778498957,135.83239555438334,322
532.0879419959439,-345.1378498673442,1778498957,135.83239555438334,323
543.8018288624086,-345.2581169543164,1778498957,135.83239555438334,324
544.9704687481419,-344.5657212187847,1778498957,135.83239555438334,325
547.9244280938897,-356.2178727400801,1778498957,135.83239555438334,326
565.5587353112597,-355.28992495437456,1778498957,135.83239555438334,327
555.9326455340479,-363.5592444601153,1778498957,135.83239555438334,328
539.8341553222089,-360.6437348350879,1778498957,135.83239555438334,329
562.5777610609582,-358.67306180049974,1778498957,135.83239555438334,330
557.8924640926666,-370.8014167410636,1778498957,135.83239555438334,331
550.8581297129571,-367.2245111068086,1778498957,135.83239555438334,332
548.8204465492826,-357.30569587647886,1778498957,135.83239555438334,333
546.3235445982269,-356.6013945167264,1778498957,135.83239555438334,334
525.5330498489385,-366.7496739973621,1778498957,135.83239555438334,335
545.8583468040807,-361.9213539088768,1778498957,135.83239555438334,336
554.7739722702314,-368.9362867102032,1778498957,135.83239555438334,337
533.6766185180694,-357.6769053166113,1778498957,135.83239555438334,338
553.3409270042147,-357.7035704428948,1778498957,135.83239555438334,339
556.9310507029318,-345.1253093481065,1778498957,135.83239555438334,340
554.6249938820779,-357.8633909697332,1778498957,135.83239555438334,341
554.843570769361,-364.6212408319112,1778498957,135.83239555438334,342
568.1270994949625,-355.48405437916523,1778498957,135.83239555438334,343
566.6152585741615,-358.1549091351523,1778498957,135.83239555438334,344
538.4238851578303,-360.4618775025007,1778498957,135.83239555438334,345
541.2225733482143,-375.07101120427257,1778498957,135.83239555438334,346
558.8599821677859,-361.49863551929593,1778498957,135.83239555438334,347
534.8610281333624,-367.3439741854872,1778498957,135.83239555438334,348
555.6470419438316,-359.6652345384159,1778498957,135.83239555438334,349
559.1270713463214,-364.89585941657424,1778498957,135.83239555438334,350
550.9515230051978,-357.8477451925479,1778498957,135.83239555438334,351
561.671936720915,-360.10046722119006,1778498957,135.83239555438334,352
562.0324899633788,-360.4378479743994,1778498957,135.83239555438334,353
575.0435346670934,-364.42143080631865,1778498957,135.83239555438334,354
563.6229730196177,-363.5056509580463,1778498957,135.83239555438334,355
501.33580506697353,-356.1902504793056,1778498957,135.83239555438334,356
582.1068864971807,-354.0200730189684,1778498957,135.83239555438334,357
593.8178736428828,-352.96458197757613,1778498957,135.83239555438334,358
592.3019908620622,-364.099599494288,1778498957,135.83239555438334,359
590.6686173748776,-354.2617921034488,1778498957,135.83239555438334,360
578.8887208921727,-348.8008793927727,1778498957,135.83239555438334,361
597.0117091727874,-352.2930130821968,1778498957,135.83239555438334,362
595.6748019429436,-346.6274038963018,1778498957,135.83239555438334,363
582.3556043769966,-351.274560054143,1778498957,135.83239555438334,364
584.3577565360341,-362.4749030862004,1778498957,135.83239555438334,365
608.665804372111,-368.3744918952388,1778498957,135.83239555438334,366
602.3004761055191,-362.6226950014636,1778498957,135.83239555438334,367
623.4551419014264,-358.0530211509512,1778498957,135.83239555438334,368
633.5850812104775,-366.9448745635653,1778498957,135.83239555438334,369
621.9762637302797,-354.45426302403246,1778498957,135.83239555438334,370
618.2379261057258,-361.3245332675673,1778498957,135.83239555438334,371
599.2767614159984,-362.3879141205301,1778498957,135.83239555438334,372
627.2713633921694,-358.52579021453886,1778498957,135.83239555438334,373
620.1018442012484,-348.76835869500945,1778498957,135.83239555438334,374
636.5165808371287,-364.13459681843767,1778498957,135.83239555438334,375
644.7276435381091,-370.34373282144463,1778498957,135.83239555438334,376
617.3780569638176,-367.8370510252815,1778498957,135.83239555438334,377
623.3194506988609,-359.97832952688174,1778498957,135.83239555438334,378
650.3108226468803,-364.22868980467285,1778498957,135.83239555438334,379
320.2840158586072,-249.6514845713973,1778498957,135.83239555438334,380
653.1428976200509,-378.4104932385184,1778498957,135.83239555438334,381
627.5113638108901,-370.77936750898766,1778498957,135.83239555438334,382
618.3553302869336,-367.7522018998864,1778498957,135.83239555438334,383
624.0605541472864,-367.5956782102583,1778498957,135.83239555438334,384
627.2702595856678,-371.3374124442547,1778498957,135.83239555438334,385
628.4798052112737,-355.2535884653529,1778498957,135.83239555438334,386
644.393032320094,-368.0743346040452,1778498957,135.83239555438334,387
634.5982319261273,-358.7022835028668,1778498957,135.83239555438334,388
606.4883624241281,-360.7082300012308,1778498957,135.83239555438334,389
597.9301979738547,-361.09944131722057,1778498957,135.83239555438334,390
464.0671036562836,-411.2985175674164,1778498957,135.83239555438334,391
599.2432039872748,-340.9552977196874,1778498957,135.83239555438334,392
624.2808763654039,-359.72954843565793,1778498957,135.83239555438334,393
599.2717895421932,-366.2772556617855,1778498957,135.83239555438334,394
634.5623334701596,-367.8390970428791,1778498957,135.83239555438334,395
604.8123706025785,-363.9031218588348,1778498957,135.83239555438334,396
602.7708318735278,-348.0329870382943,1778498957,135.83239555438334,397
276.6372473042929,-501.5454024250311,1778498957,135.83239555438334,398
622.6407302730395,-373.80793489267415,1778498957,135.83239555438334,399
636.3260344632336,-367.7354789723954,1778498957,135.83239555438334,400
642.4503980145921,-359.80691410725353,1778498957,135.83239555438334,401
643.7675724161445,-367.7106244489548,1778498957,135.83239555438334,402
615.4632949183858,-373.5306406952446,1778498957,135.83239555438334,403
615.3403825007438,-352.1727306569614,1778498957,135.83239555438334,404
637.2070605359004,-359.0757298767564,1778498957,135.83239555438334,405
621.6538262949764,-353.69389749566733,1778498957,135.83239555438334,406
628.0911028010751,-360.2069899973772,1778498957,135.83239555438334,407
632.8736273482768,-353.8973761635521,1778498957,135.83239555438334,408
644.0827831890356,-367.3776496077584,1778498957,135.83239555438334,409
649.2720188078938,-365.60103388130665,1778498957,135.83239555438334,410
618.2274326160891,-355.8014257761335,1778498957,135.83239555438334,411
600.3206726546875,-352.10283450906456,1778498957,135.83239555438334,412
640.8425158698162,-357.47408545762335,1778498957,135.83239555438334,413
624.7186671451036,-357.2389461174612,1778498957,135.83239555438334,414
609.6722300140644,-355.016260739416,1778498957,135.83239555438334,415
626.0971752708365,-358.1000659093266,1778498957,135.83239555438334,416
571.6408492334077,-352.064911857247,1778498957,135.83239555438334,417
609.3244594108444,-357.5140240577361,1778498957,135.83239555438334,418
632.2512043649117,-353.977608686313,1778498957,135.83239555438334,419
618.9490282561943,-355.86710578637803,1778498957,135.83239555438334,420
630.4382734123352,-358.3289376161996,1778498957,135.83239555438334,421
607.281593952195,-358.21359995504207,1778498957,135.83239555438334,422
589.0258376530672,-366.4258105351276,1778498957,135.83239555438334,423
593.5650129584517,-366.9256949201227,1778498957,135.83239555438334,424
602.4898053337795,-352.3515513353055,1778498957,135.83239555438334,425
601.044462715811,-351.23951502703136,1778498957,135.83239555438334,426
567.9144352765118,-341.64365033308667,1778498957,135.83239555438334,427
606.0747447344363,-364.179427884519,1778498957,135.83239555438334,428
604.2616229724839,-338.0828742645683,1778498957,135.83239555438334,429
621.8293420085829,-348.889262434095,1778498957,135.83239555438334,430
628.620423381975,-346.13151865080005,1778498957,135.83239555438334,431
618.9318798176149,-344.91542691985774,1778498957,135.83239555438334,432
642.3930291640543,-342.51607947175734,1778498957,135.83239555438334,433
639.4306495854377,-344.9178348953521,1778498957,135.83239555438334,434
611.9580097028318,-335.55498298505955,1778498957,135.83239555438334,435
637.8732032731687,-334.8204179232318,1778498957,135.83239555438334,436
632.5052396713352,-324.51320600509644,1778498957,135.83239555438334,437
631.5193505351153,-330.7123864231009,1778498957,135.83239555438334,438
598.0973547388003,-343.37310563400433,1778498957,135.83239555438334,439
607.3632854346511,-343.1828163067499,1778498957,135.83239555438334,440
626.0536632772065,-345.1834079499046,1778498957,135.83239555438334,441
649.1182255836296,-344.06779792284004,1778498957,135.83239555438334,442
623.1131434209419,-345.3146219175928,1778498957,135.83239555438334,443
657.2982292174501,-351.21011118342466,1778498957,135.83239555438334,444
629.8751565348011,-346.05660417675995,1778498957,135.83239555438334,445
612.7593012852507,-348.3735430364802,1778498957,135.83239555438334,446
659.691219002393,-348.7224623610581,1778498957,135.83239555438334,447
652.0998219516667,-339.80293378233955,1778498957,135.83239555438334,448
639.4305074830723,-347.1044962145391,1778498957,135.83239555438334,449
652.0030705794569,-349.03035972764104,1778498957,135.83239555438334,450
644.911343778811,-341.0643678034342,1778498957,135.83239555438334,451
563.7383664050824,-355.0709067111213,1778498957,135.83239555438334,452
612.4632755301376,-339.34294021005445,1778498957,135.83239555438334,453
669.2095806747914,-353.79304632544563,1778498957,135.83239555438334,454
610.2467070552307,-349.74606615180704,1778498957,135.83239555438334,455
598.496524662919,-354.352272852014,1778498957,135.83239555438334,456
656.5765088630149,-342.5949809526407,1778498957,135.83239555438334,457
658.65741234239,-348.34129951149174,1778498957,135.83239555438334,458
611.9880163431783,-356.6322799970708,1778498957,135.83239555438334,459
658.5896721949263,-357.36725560327375,1778498957,135.83239555438334,460
624.8363961034836,-366.3108131264647,1778498957,135.83239555438334,461
643.6879774613838,-360.4127246191108,1778498957,135.83239555438334,462
653.6359105915221,-359.35348026578595,1778498957,135.83239555438334,463
620.5242089331203,-351.33796001598233,1778498957,135.83239555438334,464
635.0015391042559,-364.2369034290315,1778498957,135.83239555438334,465
666.5680122949641,-350.95639423280943,1778498957,135.83239555438334,466
604.7621356016479,-359.297492038458,1778498957,135.83239555438334,467
649.3462128206231,-365.0502150182925,1778498957,135.83239555438334,468
668.3322492965879,-358.04649206499306,1778498957,135.83239555438334,469
658.4040972734883,-350.9850325211883,1778498957,135.83239555438334,470
661.1354779864695,-347.91066234062123,1778498957,135.83239555438334,471
641.4084458393309,-338.3810312449928,1778498957,135.83239555438334,472
648.1083580105299,-343.969549352924,1778498957,135.83239555438334,473
621.0556267235221,-350.32769079754735,1778498957,135.83239555438334,474
633.0348635434976,-347.0034522376956,1778498957,135.83239555438334,475
631.8208239649466,-332.36306695267564,1778498957,135.83239555438334,476
639.4336731405837,-343.1183396503327,1778498957,135.83239555438334,477
590.133366825911,-335.44537750631577,1778498957,135.83239555438334,478
626.7821264826223,-334.60862936327885,1778498957,135.83239555438334,479
626.9931404212919,-329.8793956376614,1778498957,135.83239555438334,480
636.311539836466,-339.3069482731321,1778498957,135.83239555438334,481
635.5760839150803,-337.5382093836864,1778498957,135.83239555438334,482
665.9259531702156,-338.0450405329467,1778498957,135.83239555438334,483
623.9304352055309,-336.6403734817478,1778498957,135.83239555438334,484
626.5619504623869,-328.1629484593869,1778498957,135.83239555438334,485
641.0999481809803,-340.4802129094796,1778498957,135.83239555438334,486
548.3735752018958,-380.1938362171247,1778498957,135.83239555438334,487
638.4795750758375,-357.9291105295222,1778498957,135.83239555438334,488
641.3520956518349,-353.59529880682624,1778498957,135.83239555438334,489
651.4344725082049,-347.1004064281776,1778498957,135.83239555438334,490
641.9493341465435,-356.02212585384643,1778498957,135.83239555438334,491
639.8133519403309,-362.04587960243225,1778498957,135.83239555438334,492
631.2502930217624,-361.8479922016463,1778498957,135.83239555438334,493
495.8868902221445,-362.7939193844791,1778498957,135.83239555438334,494
9.135143055150866,-350.93362624446564,1778498957,135.83239555438334,495
625.7689133941651,-379.4106605276466,1778498957,135.83239555438334,496
622.4709101148612,-363.7632044206063,1778498957,135.83239555438334,497
206.7178776295695,-258.8471524690585,1778498957,135.83239555438334,498
624.4544466560101,-348.5879467725754,1778498957,135.83239555438334,499
-5.364540863907584,-327.39569722612674,1778498946,135.6,0
-5.988233907592984,-327.79641392330245,1778498946,135.6,1
-6.321424297838855,-334.4042118092375,1778498946,135.6,2
-7.600170235519314,-337.8292506734532,1778498946,135.6,3
-1.772140592275435,-332.4137984178962,1778498946,135.6,4
-3.497494160660336,-357.57922253012646,1778498946,135.6,5
-8.269779896907927,-366.9391606698434,1778498946,135.6,6
-2.3605325109926447,-350.28875883420324,1778498946,135.6,7
-3.145246107847939,-344.69981618722204,1778498946,135.6,8
-8.677677299689442,-342.9293888683122,1778498946,135.6,9
-7.056686936220091,-339.3747070978082,1778498946,135.6,10
-2.945340094181893,-330.8140247017145,1778498946,135.6,11
-13.353331901900187,-332.8189585606258,1778498946,135.6,12
-5.32934929620297,-322.77382516364264,1778498946,135.6,13
-14.467957669691916,-321.67313631375663,1778498946,135.6,14
-13.656516571129265,-315.3690351744494,1778498946,135.6,15
-6.05462763401462,-309.67831200361235,1778498946,135.6,16
4.532569169093691,-306.39750072360044,1778498946,135.6,17
-7.059202982930302,-298.07718620946,1778498946,135.6,18
-9.37412292467194,-287.43729377538034,1778498946,135.6,19
-7.696885730286377,-279.1508642186721,1778498946,135.6,20
0.3858841123056152,-269.0005000320572,1778498946,135.6,21
-1.6918235979396918,-251.8081433673701,1778498946,135.6,22
-2.907535076449714,-244.0578832527003,1778498946,135.6,23
-2.9702500192429957,-227.5111354415616,1778498946,135.6,24
2.4382803695494766,-207.75012684613472,1778498946,135.6,25
-0.9069980238262648,-185.5816116308174,1778498946,135.6,26
2.5484612643747875,-169.89247579624254,1778498946,135.6,27
7.516335392712084,-154.11242651194354,1778498946,135.6,28
6.520351069656893,-140.519562933594,1778498946,135.6,29
12.784473550418326,-118.57962067673624,1778498946,135.6,30
18.753118262343623,-108.55130679657064,1778498946,135.6,31
7.670643323474189,-268.0559792742129,1778498946,135.6,32
7.51868046188077,-259.03692900141084,1778498946,135.6,33
13.356376456600938,-247.8712206929924,1778498946,135.6,34
111.040580723186,-289.74430655191367,1778498946,135.6,35
86.67193419136254,-272.0537447755534,1778498946,135.6,36
116.39539597621416,-304.9590033094094,1778498946,135.6,37
128.045148842481,-332.45413155605416,1778498946,135.6,38
177.68359982075884,-374.185897633434,1778498946,135.6,39
191.301941264934,-420.3671341091393,1778498946,135.6,40
200.6176760086584,-394.0279017190129,1778498946,135.6,41
220.01577971136703,-414.3478153000272,1778498946,135.6,42
231.8591847966287,-424.345408077041,1778498946,135.6,43
236.5691258355554,-453.0217326271044,1778498946,135.6,44
260.9348003086431,-463.46052440504224,1778498946,135.6,45
246.39917229077847,-479.6639930506551,1778498946,135.6,46
286.6525668600979,-492.5928365762033,1778498946,135.6,47
272.7567857146749,-500.5774371549485,1778498946,135.6,48
127.35419256012858,-283.8599624636892,1778498946,135.6,49
290.59639880567784,-515.695998348295,1778498946,135.6,50
84.5268720873778,-236.3256500791756,1778498946,135.6,51
294.97809456414154,-525.7417541891336,1778498946,135.6,52
301.42218918886465,-529.9222941547632,1778498946,135.6,53
290.88508992582604,-527.9618865003183,1778498946,135.6,54
336.54803703263644,-522.0727039972942,1778498946,135.6,55
313.49603972539626,-516.1811686928074,1778498946,135.6,56
176.33557586887042,-304.3484832948692,1778498946,135.6,57
330.535381561224,-511.93720359106817,1778498946,135.6,58
343.14434124117304,-513.3046775758266,1778498946,135.6,59
339.78380517194785,-507.5825497160354,1778498946,135.6,60
348.9275966022805,-494.990536805242,1778498946,135.6,61
195.5207017083797,-310.3615321607015,1778498946,135.6,62
351.0544353156443,-477.2419938296086,1778498946,135.6,63
357.0911890295956,-482.2439501310385,1778498946,135.6,64
346.25043896203607,-474.2996846785144,1778498946,135.6,65
352.9967159124496,-458.2747866424423,1778498946,135.6,66
335.19214246673425,-451.3533649723975,1778498946,135.6,67
358.52770439051073,-440.033701469501,1778498946,135.6,68
363.4781276986614,-427.41277990490215,1778498946,135.6,69
368.5927920678906,-424.71551913519664,1778498946,135.6,70
359.7340163284913,-419.7129957067469,1778498946,135.6,71
370.0427299247658,-418.0062447202706,1778498946,135.6,72
371.8705863527183,-412.9827419618769,1778498946,135.6,73
360.0650739296019,-407.5566171705723,1778498946,135.6,74
377.5355767242369,-407.4718984415127,1778498946,135.6,75
370.3063838401256,-410.1567582810917,1778498946,135.6,76
382.1242533149705,-405.2384360631302,1778498946,135.6,77
383.3549820446924,-401.4584751327831,1778498946,135.6,78
380.14050810435447,-387.2047783633077,1778498946,135.6,79
383.21970871334366,-381.0810650562242,1778498946,135.6,80
387.8182343015308,-379.2083796709778,1778498946,135.6,81
384.9435790102376,-381.360745063673,1778498946,135.6,82
380.9181497759898,-371.807069465518,1778498946,135.6,83
383.654557504114,-370.4727204913897,1778498946,135.6,84
386.8932625424924,-371.62988372302345,1778498946,135.6,85
377.7553895473616,-370.40854899585247,1778498946,135.6,86
382.19656091525167,-364.7719249775008,1778498946,135.6,87
382.25994734197184,-363.5496409833431,1778498946,135.6,88
391.64816882629526,-371.8550312419727,1778498946,135.6,89
392.5641248068397,-367.4471450746057,1778498946,135.6,90
384.3728237717402,-356.9918508256473,1778498946,135.6,91
400.3581456626187,-367.85812310998665,1778498946,135.6,92
397.0753474386803,-364.8365161319572,1778498946,135.6,93
391.95886569508735,-363.968277849257,1778498946,135.6,94
391.27384439497695,-358.50845372676844,1778498946,135.6,95
400.319481893263,-363.5916535283132,1778498946,135.6,96
399.90955069811866,-362.1258238057294,1778498946,135.6,97
398.4950230012385,-361.214418416222,1778498946,135.6,98
402.09723770172775,-361.9236192032697,1778498946,135.6,99
400.4096539614952,-365.4692629625399,1778498946,135.6,100
407.8039409748199,-363.2542378256717,1778498946,135.6,101
406.00580399649255,-355.4298564679918,1778498946,135.6,102
410.3554103303983,-360.51282826066097,1778498946,135.6,103
409.7169609860272,-363.2440375487011,1778498946,135.6,104
412.1612553540239,-359.4532780076066,1778498946,135.6,105
404.55025978851023,-363.9987911085288,1778498946,135.6,106
412.682863480047,-368.35662815719866,1778498946,135.6,107
413.6042897049599,-360.6289134571951,1778498946,135.6,108
423.62359655880175,-374.6862961997592,1778498946,135.6,109
424.4485378227444,-366.1500325103598,1778498946,135.6,110
416.8286188010987,-364.4315525765224,1778498946,135.6,111
426.1777483919413,-364.3518533855674,1778498946,135.6,112
426.8042778947134,-360.0145597830417,1778498946,135.6,113
425.28024340777154,-366.7081076552474,1778498946,135.6,114
426.4250433161184,-368.8666810741025,1778498946,135.6,115
433.1173345794282,-375.7894523193431,1778498946,135.6,116
433.97588472320257,-370.65647132322175,1778498946,135.6,117
437.4770871449375,-373.0777639249959,1778498946,135.6,118
433.7631632215097,-368.698084530731,1778498946,135.6,119
431.8411975602986,-366.2811925411221,1778498946,135.6,120
447.6988325754895,-378.5663205881909,1778498946,135.6,121
442.3277343971767,-370.7456420759359,1778498946,135.6,122
429.7902586535116,-360.1915513674419,1778498946,135.6,123
448.7573794555486,-371.9651896158856,1778498946,135.6,124
439.95399877176806,-371.0381192713975,1778498946,135.6,125
442.256736065201,-372.41338819265377,1778498946,135.6,126
451.9386884175884,-371.9063089340926,1778498946,135.6,127
453.3397318697562,-371.14538304011086,1778498946,135.6,128
448.3006657710238,-358.5692597875994,1778498946,135.6,129
442.2868576793113,-346.68825529515703,1778498946,135.6,130
450.5913933279546,-352.0234551280739,1778498946,135.6,131
449.8040172714141,-345.65679627656925,1778498946,135.6,132
452.6741905756754,-351.19966860363894,1778498946,135.6,133
448.6452708847189,-349.0720568646985,1778498946,135.6,134
433.224823464712,-347.76336273551,1778498946,135.6,135
445.3508486165131,-342.1083754996457,1778498946,135.6,136
443.9065392658321,-337.3602766816811,1778498946,135.6,137
445.0978502577512,-340.2340652892988,1778498946,135.6,138
445.622060457353,-336.7065322746833,1778498946,135.6,139
443.445314266458,-334.55641665061296,1778498946,135.6,140
444.5631522047794,-327.881779282044,1778498946,135.6,141
452.1070328165711,-333.96146296958153,1778498946,135.6,142
449.0126903702753,-331.2224644472202,1778498946,135.6,143
447.00342989535983,-334.8930261135101,1778498946,135.6,144
444.404593329356,-324.2353610570232,1778498946,135.6,145
448.8338843427102,-328.09401763478905,1778498946,135.6,146
447.4501289468692,-328.45532113810367,1778498946,135.6,147
448.21284902861976,-325.29869349797593,1778498946,135.6,148
448.3754756739007,-322.2702769016227,1778498946,135.6,149
447.3886335762993,-324.85869128877926,1778498946,135.6,150
456.3302294653451,-324.8750269959372,1778498946,135.6,151
458.4313718789328,-319.8418723245463,1778498946,135.6,152
456.300909224302,-319.37933395306266,1778498946,135.6,153
457.0230764275521,-321.65994432071847,1778498946,135.6,154
458.2594898996428,-314.3184411525727,1778498946,135.6,155
459.1006777447626,-320.987873295943,1778498946,135.6,156
467.0743378379795,-319.0660794824358,1778498946,135.6,157
462.940554477088,-320.24272383252764,1778498946,135.6,158
466.1998494016497,-322.925673102339,1778498946,135.6,159
466.2952917304409,-316.9412208696206,1778498946,135.6,160
466.63019164706,-321.10943104823434,1778498946,135.6,161
469.1152472662712,-314.46677413334464,1778498946,135.6,162
470.4906814541173,-319.50324121365986,1778498946,135.6,163
469.93100499829086,-320.40129656841344,1778498946,135.6,164
477.8638405287522,-314.867569843928,1778498946,135.6,165
471.7060600806056,-318.4513393019637,1778498946,135.6,166
467.27055979980094,-318.4538587120672,1778498946,135.6,167
476.4119342248298,-315.2878394698103,1778498946,135.6,168
475.398945369424,-320.568687277536,1778498946,135.6,169
483.9031629439857,-315.8353000879287,1778498946,135.6,170
491.07688972346,-311.7368686993918,1778498946,135.6,171
485.7938346553696,-316.50777470693,1778498946,135.6,172
483.1157644043876,-320.4354273378848,1778498946,135.6,173
485.4449494774266,-323.53693144271745,1778498946,135.6,174
488.4878254948025,-322.53493493919603,1778498946,135.6,175
490.8266497779363,-320.72895460948337,1778498946,135.6,176
497.02197882037217,-323.44515069325763,1778498946,135.6,177
488.0126687145397,-325.84034950161987,1778498946,135.6,178
503.19202787672776,-319.8167129916457,1778498946,135.6,179
489.7473639368108,-339.2026878148318,1778498946,135.6,180
412.2766788401072,-374.8636057550706,1778498946,135.6,181
465.480454951461,-364.842137120664,1778498946,135.6,182
379.9242133336692,-406.50561828414567,1778498946,135.6,183
85.92747655250386,-467.1664972479147,1778498946,135.6,184
459.2523636489887,-386.2722904682155,1778498946,135.6,185
46.32662129328075,-581.0467325498663,1778498946,135.6,186
466.7950140595588,-375.3601270367703,1778498946,135.6,187
449.9555676002042,-342.8790253773328,1778498946,135.6,188
448.4116507620448,-349.7268799692391,1778498946,135.6,189
457.26991552041824,-366.4874197492994,1778498946,135.6,190
459.33851719626864,-352.8584525473413,1778498946,135.6,191
226.4054366797164,-321.410264365375,1778498946,135.6,192
471.64526353402846,-341.31745536625425,1778498946,135.6,193
465.393326814329,-327.8801609550915,1778498946,135.6,194
471.3036280551225,-320.10105757912027,1778498946,135.6,195
464.7800773546634,-340.26931759218377,1778498946,135.6,196
471.098563531788,-342.29291386653966,1778498946,135.6,197
494.0313600412876,-331.4532573272782,1778498946,135.6,198
474.1980575149871,-327.5969138120614,1778498946,135.6,199
464.80104085136384,-332.64328345159674,1778498946,135.6,200
488.154969958445,-325.6257452728849,1778498946,135.6,201
466.6319111058802,-332.3300427608196,1778498946,135.6,202
464.214700947614,-329.08448144048407,1778498946,135.6,203
476.6864265916252,-319.808532684809,1778498946,135.6,204
479.8425225315649,-317.2201147551337,1778498946,135.6,205
474.7305431094476,-313.1687851486108,1778498946,135.6,206
481.37201246020754,-321.76858644435805,1778498946,135.6,207
498.90650744816793,-315.300060160458,1778498946,135.6,208
502.6089814519762,-317.173559342821,1778498946,135.6,209
491.6003152479013,-327.03426360090543,1778498946,135.6,210
487.3028628244633,-326.6985489030681,1778498946,135.6,211
503.5698637043498,-326.6956528003018,1778498946,135.6,212
513.7729121183461,-324.0814441194137,1778498946,135.6,213
496.6812878175165,-315.0629521856702,1778498946,135.6,214
511.59950724129294,-326.01758615921,1778498946,135.6,215
514.9638232643715,-336.58222876240825,1778498946,135.6,216
504.1136254644112,-333.86102359990343,1778498946,135.6,217
522.4811157032362,-320.2862893814841,1778498946,135.6,218
512.2330144440527,-313.6646277482309,1778498946,135.6,219
526.8215243957709,-322.35539974272285,1778498946,135.6,220
520.7921469587078,-325.7295408323403,1778498946,135.6,221
519.9111796944535,-325.18379535526026,1778498946,135.6,222
541.1993698106637,-328.73893881837523,1778498946,135.6,223
534.7150404274904,-320.5417896981045,1778498946,135.6,224
549.6508684465036,-343.535568453372,1778498946,135.6,225
541.9840146820288,-356.9735264033078,1778498946,135.6,226
545.1569275287411,-348.54922368625785,1778498946,135.6,227
549.0134688915782,-342.72143775472983,1778498946,135.6,228
542.7748433054384,-336.6750308846433,1778498946,135.6,229
527.7489512869016,-362.43583032488806,1778498946,135.6,230
540.5824385773491,-339.43951234221464,1778498946,135.6,231
550.3141606849372,-340.0310360801714,1778498946,135.6,232
532.7839279289093,-338.41990185280633,1778498946,135.6,233
554.3320891507269,-350.0036115075154,1778498946,135.6,234
574.8602560164418,-348.62660155197,1778498946,135.6,235
563.0843664549493,-345.75943565120355,1778498946,135.6,236
551.2117860212227,-336.78425162285566,1778498946,135.6,237
548.1632908383147,-345.79240517318186,1778498946,135.6,238
577.9479850562944,-344.0883496453371,1778498946,135.6,239
555.5358741993979,-342.0083570182322,1778498946,135.6,240
566.356865648258,-339.7850065430009,1778498946,135.6,241
575.3055161399232,-329.62645693371724,1778498946,135.6,242
570.2714437780045,-337.277558453381,1778498946,135.6,243
582.2831677712202,-332.02321766068513,1778498946,135.6,244
578.4602950144739,-341.2757703637084,1778498946,135.6,245
572.0931819270168,-336.92696675037365,1778498946,135.6,246
579.9100050869122,-332.80574471751805,1778498946,135.6,247
596.0358578358513,-332.5542670513193,1778498946,135.6,248
574.7368260551871,-321.436754586796,1778498946,135.6,249
592.7774129262967,-328.97024921824595,1778498946,135.6,250
577.641478160807,-327.5862731821828,1778498946,135.6,251
592.2977935465238,-327.5073042213916,1778498946,135.6,252
575.6638335320432,-335.62690908337623,1778498946,135.6,253
595.6208834945372,-329.38086707393336,1778498946,135.6,254
598.5442034683219,-329.94959895064426,1778498946,135.6,255
568.2306209934537,-337.8323690493902,1778498946,135.6,256
587.9310135145225,-337.1535931030912,1778498946,135.6,257
599.5296455787193,-334.60753899936867,1778498946,135.6,258
575.5980452488416,-325.6004877090452,1778498946,135.6,259
602.1204221633805,-345.32226195683046,1778498946,135.6,260
571.1014497950745,-343.5304958124956,1778498946,135.6,261
575.9187789150143,-336.38095855464576,1778498946,135.6,262
581.0514832025345,-320.5281846250097,1778498946,135.6,263
572.9264772881602,-337.94552706182003,1778498946,135.6,264
580.8748490619045,-325.4071960002188,1778498946,135.6,265
582.0403485767301,-319.79948567847447,1778498946,135.6,266
574.9064461227534,-317.4908326255781,1778498946,135.6,267
591.3102449015859,-313.29788430656026,1778498946,135.6,268
575.7303231159981,-329.7208476948239,1778498946,135.6,269
551.8433775834118,-340.55420917520934,1778498946,135.6,270
594.4863353480313,-323.42122783263574,1778498946,135.6,271
586.3521775982397,-331.0800800807771,1778498946,135.6,272
594.0345812078233,-324.5124502591788,1778498946,135.6,273
587.5843456249521,-325.95491304000154,1778498946,135.6,274
605.5203141191147,-327.7851785048844,1778498946,135.6,275
587.7119973906291,-324.6751045485337,1778498946,135.6,276
610.7414226370784,-328.059079281986,1778498946,135.6,277
587.7687980990751,-323.4084915791952,1778498946,135.6,278
588.1765990873986,-329.88817602023505,1778498946,135.6,279
590.8182560744062,-328.82187966009013,1778498946,135.6,280
612.553137472853,-324.8489584922792,1778498946,135.6,281
589.9944222597967,-318.0557679807145,1778498946,135.6,282
616.9226341042586,-330.20683113485563,1778498946,135.6,283
597.0816195956568,-327.37951358159404,1778498946,135.6,284
576.9558085582677,-329.8211136112611,1778498946,135.6,285
602.2832400967961,-323.8510961482924,1778498946,135.6,286
598.1246728441366,-313.8383503804601,1778498946,135.6,287
618.037701476913,-326.4053371498987,1778498946,135.6,288
606.0035334337671,-322.35202958186443,1778498946,135.6,289
611.7414565085041,-325.6463821331657,1778498946,135.6,290
591.140382722448,-320.7417105175554,1778498946,135.6,291
608.3191518537125,-326.7955441797774,1778498946,135.6,292
614.7697230307467,-330.2621446028356,1778498946,135.6,293
610.2594953112388,-337.730168679108,1778498946,135.6,294
619.483294527288,-330.53914177169406,1778498946,135.6,295
606.4069832545665,-325.5846302645904,1778498946,135.6,296
619.3684166148328,-337.8324687232576,1778498946,135.6,297
605.0126191115928,-333.5044961683451,1778498946,135.6,298
616.5844422420024,-321.58507687101803,1778498946,135.6,299
613.3421723147064,-326.746283462892,1778498946,135.6,300
576.9769002830311,-326.616087178389,1778498946,135.6,301
613.6530471929917,-326.8194681045913,1778498946,135.6,302
569.752807907646,-336.7327965175111,1778498946,135.6,303
604.8311619746295,-326.8366658166052,1778498946,135.6,304
595.6325344711199,-333.76813566436425,1778498946,135.6,305
606.8472761876892,-320.07718778525754,1778498946,135.6,306
28.88737540056889,-427.5847183416281,1778498946,135.6,307
590.0329162944297,-322.1421547184388,1778498946,135.6,308
623.6136854319615,-325.41763770083577,1778498946,135.6,309
599.714035451431,-322.2934809327129,1778498946,135.6,310
605.1097519201961,-321.88099272797507,1778498946,135.6,311
611.5892469763673,-309.6296175196766,1778498946,135.6,312
592.6206021219299,-310.35560746739293,1778498946,135.6,313
588.3794844234591,-323.2661408955855,1778498946,135.6,314
609.1292345100532,-325.00268946836366,1778498946,135.6,315
598.1589085503921,-317.993951837222,1778498946,135.6,316
606.1833386310494,-312.8664288669827,1778498946,135.6,317
615.5882998569286,-316.4886586964129,1778498946,135.6,318
604.891537286972,-314.7776889527839,1778498946,135.6,319
615.8101360331494,-315.9171906411645,1778498946,135.6,320
602.2759616171911,-311.5341765036188,1778498946,135.6,321
618.8606017117331,-317.5744860197107,1778498946,135.6,322
586.5057970104081,-317.25263129671384,1778498946,135.6,323
610.7577655874679,-318.034453590711,1778498946,135.6,324
617.5868598871732,-316.126018988589,1778498946,135.6,325
610.933774479546,-310.52791758130013,1778498946,135.6,326
610.5652276691981,-314.4758179131899,1778498946,135.6,327
600.9891883672307,-325.67995903020136,1778498946,135.6,328
592.7903238332586,-335.0166864494484,1778498946,135.6,329
611.3098651626353,-326.5300243049861,1778498946,135.6,330
609.6788649734889,-323.81559027234755,1778498946,135.6,331
589.5859037858502,-327.5497639738019,1778498946,135.6,332
612.7021477293424,-324.7775090026362,1778498946,135.6,333
603.2976018739348,-321.37034953137254,1778498946,135.6,334
604.5385766937176,-323.6653879632555,1778498946,135.6,335
615.6809113614746,-330.5851296794912,1778498946,135.6,336
630.4076138504481,-314.4783109625179,1778498946,135.6,337
599.2886397514225,-314.2211684510107,1778498946,135.6,338
614.2938257654218,-313.3173309241734,1778498946,135.6,339
610.0848238501164,-318.6569022002318,1778498946,135.6,340
620.2308536722071,-315.0437848716977,1778498946,135.6,341
614.5367222157627,-321.7408823147412,1778498946,135.6,342
605.9340079730778,-329.84927886476146,1778498946,135.6,343
589.6432108408342,-331.0800915608804,1778498946,135.6,344
620.2339415041092,-318.1163772915795,1778498946,135.6,345
607.0204258613064,-323.5967615966995,1778498946,135.6,346
614.7142519306686,-313.3711376426119,1778498946,135.6,347
633.0852692053465,-315.11831240107614,1778498946,135.6,348
601.1663301357053,-328.409979272634,1778498946,135.6,349
623.3043384627289,-319.06131419911986,1778498946,135.6,350
605.7780917340468,-323.3755155801775,1778498946,135.6,351
581.4900163028885,-340.59459813932614,1778498946,135.6,352
600.491366808986,-335.61011030276643,1778498946,135.6,353
613.9768528136277,-329.02229218681657,1778498946,135.6,354
620.2713781894737,-332.9766207064189,1778498946,135.6,355
602.753373990907,-333.36224373802526,1778498946,135.6,356
626.5367539042168,-327.5776839603976,1778498946,135.6,357
613.3685108815141,-310.8864303429923,1778498946,135.6,358
616.237100976851,-316.44213416799874,1778498946,135.6,359
606.9835417721523,-306.11660997321206,1778498946,135.6,360
607.2510804712097,-306.3921319171785,1778498946,135.6,361
606.2783383188328,-304.2383101961265,1778498946,135.6,362
605.6380069373317,-314.2028516593079,1778498946,135.6,363
607.2185388919359,-305.2716299698995,1778498946,135.6,364
610.9273810676501,-306.76238896201073,1778498946,135.6,365
592.8068001240667,-304.5909399551653,1778498946,135.6,366
616.867218597531,-302.5860870542628,1778498946,135.6,367
611.0314314114563,-307.84009528222214,1778498946,135.6,368
603.180879563671,-309.98565844198083,1778498946,135.6,369
615.4055545874515,-304.7736591498057,1778498946,135.6,370
616.1155945632306,-309.83865450819343,1778498946,135.6,371
608.060157702939,-309.3879746546346,1778498946,135.6,372
623.0930588762221,-314.107032351196,1778498946,135.6,373
610.0868496528046,-315.5281903942424,1778498946,135.6,374
620.4167601885109,-312.33408747116727,1778498946,135.6,375
615.1260096695634,-306.6446564719081,1778498946,135.6,376
610.242627845167,-318.23866116628045,1778498946,135.6,377
614.3522041432616,-323.9405207174523,1778498946,135.6,378
599.6243128063826,-325.66578748449695,1778498946,135.6,379
602.9626375636235,-332.25407461822044,1778498946,135.6,380
604.6149189466653,-337.68109512329085,1778498946,135.6,381
551.5485864363598,-344.6361261035007,1778498946,135.6,382
609.8264562486858,-339.1590251326562,1778498946,135.6,383
603.6993117798746,-344.89587638527087,1778498946,135.6,384
563.0507787889578,-358.84805360560625,1778498946,135.6,385
543.4931017001082,-355.72644476220006,1778498946,135.6,386
602.4276114580157,-343.8237271830441,1778498946,135.6,387
576.1855208302754,-334.2852072486029,1778498946,135.6,388
603.2276491122957,-324.81340360393114,1778498946,135.6,389
595.0843497301397,-343.8203390190996,1778498946,135.6,390
617.4156408873247,-341.06950217733777,1778498946,135.6,391
582.4462101462703,-363.4860057489324,1778498946,135.6,392
564.5920169331763,-356.17390117297543,1778498946,135.6,393
611.1351100395627,-343.9762595569096,1778498946,135.6,394
625.3666139635253,-347.4388289426765,1778498946,135.6,395
575.9645274880727,-335.0686674465735,1778498946,135.6,396
631.6175073577484,-336.14629077414656,1778498946,135.6,397
626.2106486194845,-337.4185159578922,1778498946,135.6,398
614.0082264703907,-321.74026692534466,1778498946,135.6,399
622.1134031553455,-320.82499721025414,1778498946,135.6,400
612.6851972613347,-315.0197662704936,1778498946,135.6,401
613.4842614503439,-320.1273142434655,1778498946,135.6,402
594.171393781467,-335.20060199375007,1778498946,135.6,403
614.1941184769945,-314.4356845021248,1778498946,135.6,404
612.8018514410875,-320.67931989828764,1778498946,135.6,405
595.0221920029676,-315.71658607448137,1778498946,135.6,406
625.9459200503371,-310.1139256358147,1778498946,135.6,407
644.1044642018547,-329.4507272293173,1778498946,135.6,408
602.7198438624555,-320.3118085078891,1778498946,135.6,409
623.2988728814033,-313.9543339957796,1778498946,135.6,410
613.2220081093096,-307.9866588239865,1778498946,135.6,411
596.6375037774377,-313.3712956247231,1778498946,135.6,412
582.6592720613469,-305.60344531138736,1778498946,135.6,413
610.6529841170875,-315.1702007073904,1778498946,135.6,414
617.1945457818367,-318.5617433500784,1778498946,135.6,415
596.2201047257221,-314.1052235042058,1778498946,135.6,416
596.902145880587,-308.8915551891557,1778498946,135.6,417
594.6736171487156,-311.9309987798332,1778498946,135.6,418
622.4159247672656,-313.1142994370316,1778498946,135.6,419
617.614266188429,-312.06586877256643,1778498946,135.6,420
615.2057140826944,-316.9244463052602,1778498946,135.6,421
614.0980834953765,-305.6257586181161,1778498946,135.6,422
596.7716961959159,-292.91463754822803,1778498946,135.6,423
591.6653809837893,-311.3233257705965,1778498946,135.6,424
616.616680393112,-309.9971493501213,1778498946,135.6,425
620.2617552200693,-310.8953041781982,1778498946,135.6,426
616.3574258895694,-313.19936399161844,1778498946,135.6,427
599.4950915466806,-324.4818055753909,1778498946,135.6,428
600.9821796050744,-312.6469698064031,1778498946,135.6,429
617.2517421688847,-307.0062762498858,1778498946,135.6,430
627.0848683265394,-309.4971884141368,1778498946,135.6,431
632.8202818962003,-305.7384933407111,1778498946,135.6,432
629.0594897566968,-325.0664670194189,1778498946,135.6,433
606.7832763193855,-317.3234122743207,1778498946,135.6,434
629.5510401292388,-329.9404113839073,1778498946,135.6,435
618.5873068074875,-319.8130182847378,1778498946,135.6,436
607.6032080119128,-312.12247450153046,1778498946,135.6,437
606.951164333905,-305.01882134874626,1778498946,135.6,438
621.5229374521786,-314.92714246114133,1778498946,135.6,439
607.2580242283873,-308.7245861540237,1778498946,135.6,440
624.1498559337011,-311.59658207495994,1778498946,135.6,441
635.9106324023044,-307.1246901328367,1778498946,135.6,442
622.4136341040705,-318.2996300322316,1778498946,135.6,443
625.9937851190004,-310.98688208560174,1778498946,135.6,444
612.1545205792145,-335.3093125994008,1778498946,135.6,445
636.8530979613738,-311.7050247378647,1778498946,135.6,446
624.3544082206604,-313.5159019641578,1778498946,135.6,447
628.2094567149412,-309.87615486482827,1778498946,135.6,448
617.1795683553227,-307.46671111633367,1778498946,135.6,449
611.765060179071,-308.901649667571,1778498946,135.6,450
620.2670973204325,-328.87432430932915,1778498946,135.6,451
635.0757022348183,-305.59990250815906,1778498946,135.6,452
622.9294006142043,-303.4823834573227,1778498946,135.6,453
609.9472302394465,-312.4863347286976,1778498946,135.6,454
619.2385151594058,-301.541420073559,1778498946,135.6,455
610.7337562651833,-314.08529796699656,1778498946,135.6,456
574.477142728056,-338.01950757205475,1778498946,135.6,457
637.5718626192886,-313.4770236089826,1778498946,135.6,458
628.8597620461469,-312.0739614342648,1778498946,135.6,459
575.3875503990606,-342.2657709891598,1778498946,135.6,460
629.0747392250125,-320.49426068117174,1778498946,135.6,461
621.0203672912966,-316.1344095667202,1778498946,135.6,462
608.048130991658,-310.38343873868376,1778498946,135.6,463
594.4656433931659,-318.40537218252814,1778498946,135.6,464
604.9524492654479,-324.1373742048935,1778498946,135.6,465
607.4513506445,-319.0117987288787,1778498946,135.6,466
625.9606271690776,-327.04287053396274,1778498946,135.6,467
609.7031084215213,-333.0133766879636,1778498946,135.6,468
600.3578192501847,-319.7125714048741,1778498946,135.6,469
588.5531257416058,-339.1423424383002,1778498946,135.6,470
593.2172603831677,-341.6951066826782,1778498946,135.6,471
616.0335989733686,-323.3288498533268,1778498946,135.6,472
612.673713176255,-320.57811005910213,1778498946,135.6,473
618.4133850426399,-324.6031970512123,1778498946,135.6,474
580.5849720578158,-314.305585354566,1778498946,135.6,475
611.1932811592199,-316.3469141467162,1778498946,135.6,476
607.3707125811567,-307.9420229718087,1778498946,135.6,477
616.1264731736483,-314.7213025540115,1778498946,135.6,478
630.8285774672579,-327.96699798852234,1778498946,135.6,479
617.7250019552649,-310.9368179688851,1778498946,135.6,480
614.1876883382727,-318.5717811062931,1778498946,135.6,481
608.3351346943319,-326.50012051810825,1778498946,135.6,482
607.0578291349019,-320.31828497598553,1778498946,135.6,483
613.0392201743774,-312.9651806031663,1778498946,135.6,484
615.6009219107833,-322.5582277526456,1778498946,135.6,485
634.3458338956607,-331.0901122763751,1778498946,135.6,486
607.1118589321333,-334.2368799087904,1778498946,135.6,487
615.6936473546834,-311.3471012252071,1778498946,135.6,488
610.162749027193,-326.5353126600382,1778498946,135.6,489
633.080206934568,-316.0857059831421,1778498946,135.6,490
636.9329300633344,-318.7188449663419,1778498946,135.6,491
612.6071053745671,-321.2499340896802,1778498946,135.6,492
609.1237296100755,-316.70442992324627,1778498946,135.6,493
603.274561349217,-322.8768457944193,1778498946,135.6,494
631.313666055721,-314.3181906417011,1778498946,135.6,495
605.6694932362778,-315.4477481395003,1778498946,135.6,496
615.8857708050434,-327.5421711578968,1778498946,135.6,497
622.5903084717572,-313.8573006788888,1778498946,135.6,498
599.354040810135,-312.28902340432035,1778498946,135.6,499
3.8945028710899487,-335.15827966978185,1778498940,135.90558701156667,0
-3.4533189491317846,-334.94502153247555,1778498940,135.90558701156667,1
-9.781113978805497,-335.5844914168121,1778498940,135.90558701156667,2
-1.8493119240648663,-334.046680942178,1778498940,135.90558701156667,3
-2.457979168947441,-340.635931186378,1778498940,135.90558701156667,4
-13.959073669652756,-357.06987868497725,1778498940,135.90558701156667,5
0.3899904223445173,-352.12428391973185,1778498940,135.90558701156667,6
-1.2396317378523198,-348.9805181721848,1778498940,135.90558701156667,7
-10.259274059868444,-355.77331984788174,1778498940,135.90558701156667,8
-15.262591691505904,-342.2811891933279,1778498940,135.90558701156667,9
-6.671635988752562,-338.0738700497889,1778498940,135.90558701156667,10
2.279551605328537,-333.6739038502177,1778498940,135.90558701156667,11
-7.90665499761248,-329.46203321218496,1778498940,135.90558701156667,12
-3.863088043846535,-324.5287538083891,1778498940,135.90558701156667,13
-9.016294589714503,-318.2741488392157,1778498940,135.90558701156667,14
1.1921864501551285,-312.5191189001003,1778498940,135.90558701156667,15
-10.456123600393648,-312.4328864663838,1778498940,135.90558701156667,16
-7.869780233421645,-301.13814282914007,1778498940,135.90558701156667,17
1.8156174038446893,-299.1457839980726,1778498940,135.90558701156667,18
-4.260225809721966,-293.5635818615558,1778498940,135.90558701156667,19
0.7884216499800625,-277.9787811835606,1778498940,135.90558701156667,20
-1.376362429835862,-268.04748351872007,1778498940,135.90558701156667,21
-7.158476171642953,-249.58532359947768,1778498940,135.90558701156667,22
-0.4399580601140373,-240.38887207955105,1778498940,135.90558701156667,23
-0.5150954951619815,-224.00498730316735,1778498940,135.90558701156667,24
-3.0069327728966853,-206.7899731049936,1778498940,135.90558701156667,25
1.2471531162000111,-185.87397475168103,1778498940,135.90558701156667,26
9.986660596637886,-165.98019168153417,1778498940,135.90558701156667,27
9.131619140636698,-150.8774732748668,1778498940,135.90558701156667,28
6.847938168635412,-127.51432405163833,1778498940,135.90558701156667,29
11.82420427506865,-115.08017053455112,1778498940,135.90558701156667,30
16.274148249040696,-105.64053472255664,1778498940,135.90558701156667,31
7.299174486081778,-257.870177838951,1778498940,135.90558701156667,32
21.501627723043597,-265.4675959000985,1778498940,135.90558701156667,33
13.824727022143737,-246.3708988229432,1778498940,135.90558701156667,34
16.391824605088583,-239.4704059499004,1778498940,135.90558701156667,35
32.12819467079793,-228.21322901050289,1778498940,135.90558701156667,36
64.94533086615513,-239.07291923711696,1778498940,135.90558701156667,37
153.24905753819016,-296.16132695476216,1778498940,135.90558701156667,38
182.7560975237695,-322.2614250605309,1778498940,135.90558701156667,39
192.4425030051532,-373.6771513894201,1778498940,135.90558701156667,40
187.8796400941318,-424.8812088419996,1778498940,135.90558701156667,41
216.32732789150816,-448.8555848747488,1778498940,135.90558701156667,42
215.04157133083487,-455.13215167323744,1778498940,135.90558701156667,43
240.0469615173321,-450.3233962021763,1778498940,135.90558701156667,44
253.64129167703567,-487.3088340709606,1778498940,135.90558701156667,45
235.4848432743645,-475.41849561780646,1778498940,135.90558701156667,46
257.1777280448693,-482.5302331993972,1778498940,135.90558701156667,47
254.42289901443425,-485.4510955785706,1778498940,135.90558701156667,48
253.6629133246766,-474.1476573683327,1778498940,135.90558701156667,49
274.28810916855616,-462.6275136793662,1778498940,135.90558701156667,50
117.75152266538184,-261.9772973737371,1778498940,135.90558701156667,51
281.5980919466838,-456.0639121408268,1778498940,135.90558701156667,52
276.31409631335123,-466.52178940176975,1778498940,135.90558701156667,53
280.6555072860407,-460.629581936945,1778498940,135.90558701156667,54
291.0141346337651,-472.0928876549003,1778498940,135.90558701156667,55
298.6001907613695,-493.0922169735028,1778498940,135.90558701156667,56
286.3275866612615,-500.2054180353878,1778498940,135.90558701156667,57
305.6878119877021,-479.3049175168081,1778498940,135.90558701156667,58
307.96284877157314,-473.6010935703914,1778498940,135.90558701156667,59
305.92432604242015,-473.76656787097465,1778498940,135.90558701156667,60
301.3044597899924,-472.5224143962066,1778498940,135.90558701156667,61
307.2121925786251,-455.8815608819328,1778498940,135.90558701156667,62
304.9716069164102,-447.7787409101924,1778498940,135.90558701156667,63
311.64934258485823,-429.2312184423209,1778498940,135.90558701156667,64
312.3038308484828,-425.873746673266,1778498940,135.90558701156667,65
304.73237672632746,-422.1534096250932,1778498940,135.90558701156667,66
319.9269654564521,-406.4767395282786,1778498940,135.90558701156667,67
312.2278423958656,-394.4152510290348,1778498940,135.90558701156667,68
307.0383420036588,-386.3140748664733,1778498940,135.90558701156667,69
303.2707297409626,-376.19518653303385,1778498940,135.90558701156667,70
324.5127323189519,-392.9422977293535,1778498940,135.90558701156667,71
317.6465861259997,-374.2774345859264,1778498940,135.90558701156667,72
294.5532126984722,-350.3522660508748,1778498940,135.90558701156667,73
100.9207402976132,-147.74026476809146,1778498940,135.90558701156667,74
318.9835345846853,-357.35433480640256,1778498940,135.90558701156667,75
323.66606719274114,-354.8239095372456,1778498940,135.90558701156667,76
122.13756662184127,-160.27380777522933,1778498940,135.90558701156667,77
330.9278662518547,-359.0893113563455,1778498940,135.90558701156667,78
324.0387001528513,-351.7023599197471,1778498940,135.90558701156667,79
339.0284355177614,-350.0106010523938,1778498940,135.90558701156667,80
328.0812595095412,-352.9435072988276,1778498940,135.90558701156667,81
355.3163085764047,-363.6441122889522,1778498940,135.90558701156667,82
361.95077140003104,-356.7995624293881,1778498940,135.90558701156667,83
370.0021887195825,-377.6824716801445,1778498940,135.90558701156667,84
355.23663390467505,-361.09542313218105,1778498940,135.90558701156667,85
352.930334226444,-368.6432071539261,1778498940,135.90558701156667,86
364.5121674065932,-383.71788846204674,1778498940,135.90558701156667,87
366.46299589688846,-392.1099239091077,1778498940,135.90558701156667,88
383.2583982725914,-395.3007503387832,1778498940,135.90558701156667,89
374.8464072979168,-387.6053590675197,1778498940,135.90558701156667,90
370.9923124425341,-382.38039731979296,1778498940,135.90558701156667,91
387.7388745556541,-399.1783757482969,1778498940,135.90558701156667,92
389.0989892075957,-404.2488751485943,1778498940,135.90558701156667,93
387.7260522970681,-389.1424255321422,1778498940,135.90558701156667,94
387.2411397063073,-380.299086223046,1778498940,135.90558701156667,95
373.02775399027,-382.2627037142713,1778498940,135.90558701156667,96
380.45724333480194,-391.0374480237562,1778498940,135.90558701156667,97
387.02711749796345,-401.04782539606,1778498940,135.90558701156667,98
402.929915034076,-402.8359940747419,1778498940,135.90558701156667,99
385.5948333890156,-382.20916315913234,1778498940,135.90558701156667,100
397.2294859569066,-387.3531832993029,1778498940,135.90558701156667,101
391.4448407172874,-378.7391567056381,1778498940,135.90558701156667,102
391.965644845872,-383.59359199305374,1778498940,135.90558701156667,103
395.902103918868,-377.7340886940556,1778498940,135.90558701156667,104
389.3609831590518,-380.97208714733534,1778498940,135.90558701156667,105
393.7647915132681,-367.1726259241499,1778498940,135.90558701156667,106
394.6577580684368,-370.35259239251366,1778498940,135.90558701156667,107
382.8868432079904,-367.58046465615473,1778498940,135.90558701156667,108
391.1349116558297,-359.95729074378784,1778498940,135.90558701156667,109
385.6075232690565,-353.1205172389742,1778498940,135.90558701156667,110
396.0019652710705,-363.70583727210726,1778498940,135.90558701156667,111
381.8984763224725,-350.68360582490766,1778498940,135.90558701156667,112
385.9748460016093,-353.730518698692,1778498940,135.90558701156667,113
393.63572740115904,-350.2858594705663,1778498940,135.90558701156667,114
389.2305990678112,-339.0748999218151,1778498940,135.90558701156667,115
387.7692246053322,-338.62101756036265,1778498940,135.90558701156667,116
387.9762944282386,-339.6680689677598,1778498940,135.90558701156667,117
387.3132254220835,-341.65517366553325,1778498940,135.90558701156667,118
398.27437435058187,-339.9970865299305,1778498940,135.90558701156667,119
393.6602467171122,-344.3224165638287,1778498940,135.90558701156667,120
400.07495973213935,-341.5849301069977,1778498940,135.90558701156667,121
402.3584407989077,-337.6915445973474,1778498940,135.90558701156667,122
410.7249252009272,-346.1397130166493,1778498940,135.90558701156667,123
408.5549474817436,-341.06979749351774,1778498940,135.90558701156667,124
420.09908912663695,-349.87229535480355,1778498940,135.90558701156667,125
417.53094427397417,-342.92467012753104,1778498940,135.90558701156667,126
422.222505320166,-343.6149988447627,1778498940,135.90558701156667,127
433.59397997557335,-353.0591826985285,1778498940,135.90558701156667,128
436.3716838295477,-348.8623138119776,1778498940,135.90558701156667,129
434.03567708112246,-343.93538053830474,1778498940,135.90558701156667,130
441.76195563588976,-341.2300658797223,1778498940,135.90558701156667,131
439.5676594608544,-342.7399831886087,1778498940,135.90558701156667,132
443.2647196699352,-340.94949242721026,1778498940,135.90558701156667,133
456.4354059970571,-343.96642702134966,1778498940,135.90558701156667,134
441.7824778595002,-335.57313662767365,1778498940,135.90558701156667,135
443.83289458153774,-342.5460720658303,1778498940,135.90558701156667,136
450.57600156570857,-331.5629976789159,1778498940,135.90558701156667,137
450.3365831434755,-339.1343442723159,1778498940,135.90558701156667,138
457.51747531413935,-337.3079897984861,1778498940,135.90558701156667,139
464.6435423053968,-329.74900119503354,1778498940,135.90558701156667,140
465.23098071344657,-330.74611984690017,1778498940,135.90558701156667,141
469.9598287009038,-324.3824700651068,1778498940,135.90558701156667,142
469.00950352092,-323.9351578131317,1778498940,135.90558701156667,143
477.68088815134814,-328.98735791817296,1778498940,135.90558701156667,144
470.0621825297433,-323.27508200208365,1778498940,135.90558701156667,145
477.60325736618177,-337.4148594910894,1778498940,135.90558701156667,146
481.18555723628657,-328.1345028032861,1778498940,135.90558701156667,147
486.1846957617005,-327.44550945361465,1778498940,135.90558701156667,148
496.7232444970568,-322.9243085806569,1778498940,135.90558701156667,149
472.8226757514277,-329.72656490777894,1778498940,135.90558701156667,150
486.00072547791217,-325.684912063182,1778498940,135.90558701156667,151
493.1528385064914,-312.602132154008,1778498940,135.90558701156667,152
498.0684289172425,-310.9562377581994,1778498940,135.90558701156667,153
506.1407427412587,-310.9311901566882,1778498940,135.90558701156667,154
493.267874473164,-313.20467796176644,1778498940,135.90558701156667,155
504.19568303068496,-315.13584357500093,1778498940,135.90558701156667,156
496.74964422268056,-309.3595074887076,1778498940,135.90558701156667,157
509.0209622526821,-314.6954861556491,1778498940,135.90558701156667,158
513.3682690781537,-320.15617938712296,1778498940,135.90558701156667,159
507.6320412572482,-313.9125992208722,1778498940,135.90558701156667,160
513.9858245239272,-326.61677632480865,1778498940,135.90558701156667,161
517.7897432276928,-334.90264546374453,1778498940,135.90558701156667,162
527.9357081027896,-337.4213873818519,1778498940,135.90558701156667,163
514.8018584169344,-333.216853657116,1778498940,135.90558701156667,164
530.6566626426816,-334.2537151401235,1778498940,135.90558701156667,165
538.1589015150427,-358.707409196844,1778498940,135.90558701156667,166
554.6796180024445,-346.4837033202247,1778498940,135.90558701156667,167
488.6481191414591,-358.654704627271,1778498940,135.90558701156667,168
549.8580965548639,-358.0232571288939,1778498940,135.90558701156667,169
564.435879863025,-366.8795946960648,1778498940,135.90558701156667,170
558.443535411938,-353.48978424320615,1778498940,135.90558701156667,171
558.5736002132056,-358.9161600495373,1778498940,135.90558701156667,172
562.4164994782906,-370.8704234957698,1778498940,135.90558701156667,173
553.0770046491868,-362.3201122817891,1778498940,135.90558701156667,174
566.7054176045845,-363.0568247437477,1778498940,135.90558701156667,175
562.2620154317146,-360.0697539250056,1778498940,135.90558701156667,176
575.653840606634,-353.32364178697264,1778498940,135.90558701156667,177
568.7692722768726,-360.297062318772,1778498940,135.90558701156667,178
585.0271326206187,-358.59271952509863,1778498940,135.90558701156667,179
568.4432444861701,-362.62963995585824,1778498940,135.90558701156667,180
554.8426889303554,-352.8742569560806,1778498940,135.90558701156667,181
581.0444995937966,-356.7598660637928,1778498940,135.90558701156667,182
578.5670898582842,-354.93836425493186,1778498940,135.90558701156667,183
582.896702740526,-347.3769335368024,1778498940,135.90558701156667,184
592.3710948533713,-350.0822218172255,1778498940,135.90558701156667,185
580.7630358811224,-348.54574204236263,1778498940,135.90558701156667,186
577.5473972158898,-354.7952805434665,1778498940,135.90558701156667,187
585.690673326402,-344.2229911784333,1778498940,135.90558701156667,188
569.0424943783368,-343.6880909055474,1778498940,135.90558701156667,189
575.8773087699178,-324.8178832779327,1778498940,135.90558701156667,190
580.5422303518374,-312.7593206018216,1778498940,135.90558701156667,191
562.387867566657,-315.03337321678805,1778498940,135.90558701156667,192
594.2344038785197,-326.1034950638808,1778498940,135.90558701156667,193
579.048920858876,-314.01458013554446,1778498940,135.90558701156667,194
565.8575794782648,-302.3309645180901,1778498940,135.90558701156667,195
557.3843304011789,-310.48686687151627,1778498940,135.90558701156667,196
593.8784139005957,-313.709799099714,1778498940,135.90558701156667,197
563.7259259171738,-303.5624468761184,1778498940,135.90558701156667,198
584.3219078864632,-298.32417126993334,1778498940,135.90558701156667,199
580.6748720219634,-301.64914791285986,1778498940,135.90558701156667,200
564.1378901207713,-289.1719888771574,1778498940,135.90558701156667,201
563.4668661063232,-296.7621846919257,1778498940,135.90558701156667,202
565.8043723450088,-299.98204107582586,1778498940,135.90558701156667,203
571.0858943342914,-290.9190787325308,1778498940,135.90558701156667,204
555.3109873520244,-296.7423735012612,1778498940,135.90558701156667,205
594.5209667802873,-298.7435910205046,1778498940,135.90558701156667,206
572.5334532442048,-288.9444795772435,1778498940,135.90558701156667,207
584.6782008942939,-307.82595614592225,1778498940,135.90558701156667,208
575.0919628368797,-292.45247621337546,1778498940,135.90558701156667,209
583.0050139582289,-299.6079623699192,1778498940,135.90558701156667,210
596.6615828626576,-306.66559897611546,1778498940,135.90558701156667,211
576.587635508712,-310.5964804093044,1778498940,135.90558701156667,212
586.8272710333682,-318.5821683059137,1778498940,135.90558701156667,213
580.4857545048615,-310.91285572449374,1778498940,135.90558701156667,214
606.7212067058142,-310.20802684624965,1778498940,135.90558701156667,215
591.4649788228458,-298.95248585939373,1778498940,135.90558701156667,216
624.6584977738829,-315.009913735092,1778498940,135.90558701156667,217
621.9926525646205,-319.29445835451287,1778498940,135.90558701156667,218
613.8465016551562,-323.1096097206073,1778498940,135.90558701156667,219
619.1839842057427,-314.12520037094777,1778498940,135.90558701156667,220
592.8075317274449,-340.0353009551768,1778498940,135.90558701156667,221
623.9946041768593,-336.6102714811772,1778498940,135.90558701156667,222
628.6850361610815,-336.53816948831025,1778498940,135.90558701156667,223
615.6388971149934,-328.5470413503552,1778498940,135.90558701156667,224
645.0378164805427,-343.9607264697556,1778498940,135.90558701156667,225
625.992091375979,-333.0528390780089,1778498940,135.90558701156667,226
633.5491119919219,-331.3810723548135,1778498940,135.90558701156667,227
630.061137810105,-335.0008615007004,1778498940,135.90558701156667,228
597.9867155509238,-351.30231585601985,1778498940,135.90558701156667,229
607.8485205952268,-336.40825574099995,1778498940,135.90558701156667,230
612.3938970178065,-337.3590153778595,1778498940,135.90558701156667,231
643.4009510917094,-333.412361204624,1778498940,135.90558701156667,232
610.5181984958301,-339.44717504705073,1778498940,135.90558701156667,233
617.4315284630811,-333.6996458284556,1778498940,135.90558701156667,234
625.2020134979997,-322.4313655172784,1778498940,135.90558701156667,235
251.8197819854049,-473.8160440524419,1778498940,135.90558701156667,236
609.3032447909563,-337.016311128934,1778498940,135.90558701156667,237
602.8197303907218,-335.2364708706732,1778498940,135.90558701156667,238
601.6220220600983,-338.2050629432005,1778498940,135.90558701156667,239
609.8775607226904,-327.9732072452699,1778498940,135.90558701156667,240
578.4295291807802,-330.67209790398726,1778498940,135.90558701156667,241
558.2769603769547,-329.2202041645844,1778498940,135.90558701156667,242
582.7646132269225,-319.7983814825613,1778498940,135.90558701156667,243
572.6529896593178,-322.0925042964518,1778498940,135.90558701156667,244
569.5834799530818,-315.74904946362,1778498940,135.90558701156667,245
584.7844067414902,-319.22556060180125,1778498940,135.90558701156667,246
580.7039106123979,-314.1273937548204,1778498940,135.90558701156667,247
544.9977688476735,-361.7962778757016,1778498940,135.90558701156667,248
535.870667589181,-333.80780121808215,1778498940,135.90558701156667,249
551.9846961158609,-336.87261265516287,1778498940,135.90558701156667,250
474.4330274681412,-359.67460388690256,1778498940,135.90558701156667,251
563.7092077059887,-332.8970274801055,1778498940,135.90558701156667,252
532.9745133812785,-346.2121099506814,1778498940,135.90558701156667,253
541.0342087824972,-343.65461016011693,1778498940,135.90558701156667,254
531.6184711863068,-335.6969788298012,1778498940,135.90558701156667,255
540.8814755403524,-341.84512804200284,1778498940,135.90558701156667,256
540.4365867250576,-340.1330521379909,1778498940,135.90558701156667,257
572.7052594896836,-342.7780709216996,1778498940,135.90558701156667,258
564.5475350490724,-353.50143369287224,1778498940,135.90558701156667,259
604.394432118444,-344.8401482999324,1778498940,135.90558701156667,260
578.3549488706503,-368.86156595498295,1778498940,135.90558701156667,261
566.3656212335002,-357.5435630331439,1778498940,135.90558701156667,262
591.6144165146122,-346.44430015484573,1778498940,135.90558701156667,263
597.1351964647902,-357.38954372207286,1778498940,135.90558701156667,264
567.616450787262,-375.252859711647,1778498940,135.90558701156667,265
618.1209137110825,-368.478006648521,1778498940,135.90558701156667,266
607.9431339481748,-386.73693617681664,1778498940,135.90558701156667,267
578.3620105735622,-368.59861702471954,1778498940,135.90558701156667,268
621.931173807971,-372.95924530675006,1778498940,135.90558701156667,269
601.141688179827,-368.88525735338527,1778498940,135.90558701156667,270
620.1186351589968,-377.5898922557634,1778498940,135.90558701156667,271
620.5879339248572,-383.6719882786272,1778498940,135.90558701156667,272
576.5583533760362,-378.72211099912727,1778498940,135.90558701156667,273
552.0800418041134,-393.5733023112016,1778498940,135.90558701156667,274
574.7876320033281,-380.7841817885639,1778498940,135.90558701156667,275
629.1113840800074,-404.88300021737774,1778498940,135.90558701156667,276
596.775159575393,-400.93683907513866,1778498940,135.90558701156667,277
610.8938618758733,-385.3847566246982,1778498940,135.90558701156667,278
593.5241685271747,-389.0689810762808,1778498940,135.90558701156667,279
584.7300803905165,-367.78602432707976,1778498940,135.90558701156667,280
589.057771164033,-374.9814524402224,1778498940,135.90558701156667,281
593.4882086453275,-357.8519778748349,1778498940,135.90558701156667,282
561.4153066354099,-364.7452267383533,1778498940,135.90558701156667,283
594.1469525449832,-369.4218172232301,1778498940,135.90558701156667,284
558.4839734740076,-366.6198143139482,1778498940,135.90558701156667,285
604.3917071796789,-358.27228256811713,1778498940,135.90558701156667,286
566.3968483364616,-347.17760497207485,1778498940,135.90558701156667,287
596.1810277505418,-341.75500673676504,1778498940,135.90558701156667,288
580.0212090200841,-350.2314373062304,1778498940,135.90558701156667,289
560.0505923298498,-334.81892991314305,1778498940,135.90558701156667,290
583.6632575019087,-336.2118387321633,1778498940,135.90558701156667,291
561.525550102135,-335.8919077689449,1778498940,135.90558701156667,292
541.652792910216,-323.05893912663055,1778498940,135.90558701156667,293
571.7706483547319,-325.3090510045486,1778498940,135.90558701156667,294
585.2508946844562,-327.597867247959,1778498940,135.90558701156667,295
564.4444173687858,-326.9174644127487,1778498940,135.90558701156667,296
552.8128225232216,-315.0530441701408,1778498940,135.90558701156667,297
544.4060073605881,-308.4068927423407,1778498940,135.90558701156667,298
544.4562803235603,-308.4746002809456,1778498940,135.90558701156667,299
555.348710614911,-318.475827033321,1778498940,135.90558701156667,300
564.7565021688713,-327.092207245529,1778498940,135.90558701156667,301
571.410524290484,-325.9003177906079,1778498940,135.90558701156667,302
546.2916074793859,-318.3628043519949,1778498940,135.90558701156667,303
538.1849225154776,-326.11062309890974,1778498940,135.90558701156667,304
569.4357497274884,-337.7873225311436,1778498940,135.90558701156667,305
537.8012325612261,-340.29246925314243,1778498940,135.90558701156667,306
530.7982398876671,-334.65241092195106,1778498940,135.90558701156667,307
577.7357382839726,-340.1543360327679,1778498940,135.90558701156667,308
530.2884164291384,-335.2201828335718,1778498940,135.90558701156667,309
555.9402871109473,-330.68673546363914,1778498940,135.90558701156667,310
542.6362737886437,-334.134835522622,1778498940,135.90558701156667,311
570.7255950632842,-354.89551911503105,1778498940,135.90558701156667,312
560.216537104074,-346.27026568104867,1778498940,135.90558701156667,313
589.8793142352425,-340.9944782604775,1778498940,135.90558701156667,314
584.2040553187977,-345.6487059543534,1778498940,135.90558701156667,315
572.3956438511458,-356.18141314884,1778498940,135.90558701156667,316
578.7895219446657,-362.11068551863184,1778498940,135.90558701156667,317
581.386511023882,-365.7264063780509,1778498940,135.90558701156667,318
560.6486158402165,-359.7065990939736,1778498940,135.90558701156667,319
583.2513730436333,-342.8378351231417,1778498940,135.90558701156667,320
570.5148133298479,-340.67167693128147,1778498940,135.90558701156667,321
560.9442452168273,-359.4203513910367,1778498940,135.90558701156667,322
588.0985142965812,-361.48258956025,1778498940,135.90558701156667,323
596.3507361565014,-366.5251628210144,1778498940,135.90558701156667,324
591.0495698447268,-347.50048722202604,1778498940,135.90558701156667,325
565.0768290244743,-341.3525336341311,1778498940,135.90558701156667,326
586.2674259769192,-357.4819787926969,1778498940,135.90558701156667,327
620.3347466762458,-364.485367472594,1778498940,135.90558701156667,328
609.2980800155618,-371.7288140282032,1778498940,135.90558701156667,329
614.94548174444,-357.51879407092935,1778498940,135.90558701156667,330
622.0505860409038,-363.0882222404086,1778498940,135.90558701156667,331
623.3978566559678,-366.4646863266826,1778498940,135.90558701156667,332
618.7775630203998,-371.87420467535696,1778498940,135.90558701156667,333
627.8167915837969,-358.2290597831211,1778498940,135.90558701156667,334
596.7367736198689,-357.82741239915293,1778498940,135.90558701156667,335
614.5883208998162,-341.9240702763201,1778498940,135.90558701156667,336
609.4123573961563,-350.2532848169408,1778498940,135.90558701156667,337
627.5780785243487,-344.92538310090794,1778498940,135.90558701156667,338
611.2332861337559,-336.8081584324438,1778498940,135.90558701156667,339
613.242346055277,-333.0914131713415,1778498940,135.90558701156667,340
626.1328077950792,-324.8105871137229,1778498940,135.90558701156667,341
615.6668426408447,-315.353030515214,1778498940,135.90558701156667,342
619.8653274598421,-323.9125118503967,1778498940,135.90558701156667,343
598.4804774141594,-317.9640608864522,1778498940,135.90558701156667,344
599.5848582307281,-312.6151898652315,1778498940,135.90558701156667,345
607.5372807887707,-317.0692525530852,1778498940,135.90558701156667,346
590.8154885383454,-317.7586895090836,1778498940,135.90558701156667,347
618.9964231616914,-315.4475156068801,1778498940,135.90558701156667,348
595.4751246338119,-311.89772957811715,1778498940,135.90558701156667,349
610.2011554630086,-319.1222027887897,1778498940,135.90558701156667,350
605.4282563204355,-321.0541023481634,1778498940,135.90558701156667,351
601.1562249190313,-319.56585857520486,1778498940,135.90558701156667,352
612.9555509503027,-311.2018551056585,1778498940,135.90558701156667,353
618.776726360692,-315.9238115772602,1778498940,135.90558701156667,354
613.6107314976441,-310.89905643338943,1778498940,135.90558701156667,355
601.5781565851697,-307.809569285562,1778498940,135.90558701156667,356
602.5486861901715,-303.5286581143734,1778498940,135.90558701156667,357
616.23858317907,-305.85980239013765,1778498940,135.90558701156667,358
615.154879757073,-310.49160595859115,1778498940,135.90558701156667,359
618.6883272770311,-314.3769711963833,1778498940,135.90558701156667,360
588.5695425291877,-308.33982166896254,1778498940,135.90558701156667,361
161.87036550768437,-199.6107093070946,1778498940,135.90558701156667,362
606.0601950212327,-314.71412572885544,1778498940,135.90558701156667,363
627.7446721811342,-319.04190053977044,1778498940,135.90558701156667,364
613.9411623939062,-320.7827415975437,1778498940,135.90558701156667,365
607.1284649729255,-316.1756347169481,1778498940,135.90558701156667,366
619.9226669537026,-311.83101212357496,1778498940,135.90558701156667,367
617.2823024652162,-318.040961658582,1778498940,135.90558701156667,368
642.1777913451622,-316.8210516770678,1778498940,135.90558701156667,369
599.5736124553109,-326.0023989665009,1778498940,135.90558701156667,370
631.4304064793532,-319.5935164038086,1778498940,135.90558701156667,371
628.6161310263769,-317.9083847428366,1778498940,135.90558701156667,372
621.80366612529,-315.8479512607059,1778498940,135.90558701156667,373
631.7319487751081,-317.8671344146137,1778498940,135.90558701156667,374
635.8164804392387,-316.5779051942129,1778498940,135.90558701156667,375
645.5542745402051,-316.041280325502,1778498940,135.90558701156667,376
632.0999576555672,-326.8536013700072,1778498940,135.90558701156667,377
642.9836344691288,-325.9442516416311,1778498940,135.90558701156667,378
637.1335034066396,-322.4865208975969,1778498940,135.90558701156667,379
639.1685253540978,-333.3798984674115,1778498940,135.90558701156667,380
633.7240498035694,-330.6806772810713,1778498940,135.90558701156667,381
624.1901270224779,-319.94292629510176,1778498940,135.90558701156667,382
639.5981557732376,-329.4058544660607,1778498940,135.90558701156667,383
631.2916106512662,-331.12391031285097,1778498940,135.90558701156667,384
626.6405973240292,-322.50754166332365,1778498940,135.90558701156667,385
640.5874031987963,-330.9968568856513,1778498940,135.90558701156667,386
630.5584604143157,-321.8271312229337,1778498940,135.90558701156667,387
621.9627474199117,-334.6537018939852,1778498940,135.90558701156667,388
600.8440654203985,-347.4285963947574,1778498940,135.90558701156667,389
627.655281351866,-329.3087628191962,1778498940,135.90558701156667,390
612.8697006408187,-334.28754717359976,1778498940,135.90558701156667,391
625.5255414700563,-322.5471766454479,1778498940,135.90558701156667,392
617.7187077200784,-318.25018471727736,1778498940,135.90558701156667,393
631.6750806218813,-319.9195121924083,1778498940,135.90558701156667,394
632.383739400499,-320.7211618448295,1778498940,135.90558701156667,395
613.9424692650579,-315.286919804911,1778498940,135.90558701156667,396
621.9212881304225,-315.3487209069227,1778498940,135.90558701156667,397
628.0504185836392,-316.73412246008684,1778498940,135.90558701156667,398
619.680965554626,-328.68778780102747,1778498940,135.90558701156667,399
622.3016980954047,-320.34244953716745,1778498940,135.90558701156667,400
628.485409875548,-316.8780479878192,1778498940,135.90558701156667,401
607.5476520104205,-328.8118102625013,1778498940,135.90558701156667,402
620.3806166351029,-316.5530271170041,1778498940,135.90558701156667,403
619.4871899690224,-332.54274308433105,1778498940,135.90558701156667,404
626.145516962395,-311.1124687294165,1778498940,135.90558701156667,405
590.1469510226227,-342.9462236103913,1778498940,135.90558701156667,406
574.0217986718629,-338.2116256654262,1778498940,135.90558701156667,407
607.5386256316302,-317.32563749452413,1778498940,135.90558701156667,408
585.408168281199,-306.476145605246,1778498940,135.90558701156667,409
603.2819387736265,-308.3127343853317,1778498940,135.90558701156667,410
615.8237613433961,-313.9871762643258,1778498940,135.90558701156667,411
591.4623155225497,-307.5067491879067,1778498940,135.90558701156667,412
594.3279681706658,-316.8564313314852,1778498940,135.90558701156667,413
605.3416091553197,-313.2907835108536,1778498940,135.90558701156667,414
615.4470086489098,-312.40909109512955,1778498940,135.90558701156667,415
622.1727683813751,-319.3697747066616,1778498940,135.90558701156667,416
605.6487358672708,-332.17709711939114,1778498940,135.90558701156667,417
621.1609639343869,-323.29676895029826,1778498940,135.90558701156667,418
612.6582377190089,-321.0540298173821,1778498940,135.90558701156667,419
612.3134369973727,-321.72943091144145,1778498940,135.90558701156667,420
589.8325900034652,-331.7662447020412,1778498940,135.90558701156667,421
609.6058998182268,-319.8551095065968,1778498940,135.90558701156667,422
605.9009687001881,-318.48749790589,1778498940,135.90558701156667,423
602.8224358226713,-335.86097785209586,1778498940,135.90558701156667,424
595.386566321263,-323.3702073395256,1778498940,135.90558701156667,425
604.196494425248,-323.8650721448159,1778498940,135.90558701156667,426
621.39386734619,-322.1728843897579,1778498940,135.90558701156667,427
617.0406656052237,-319.74639366070454,1778498940,135.90558701156667,428
634.7329217547001,-334.6494594588877,1778498940,135.90558701156667,429
628.0934703413244,-321.75730738478376,1778498940,135.90558701156667,430
636.8411521680384,-331.57515837748866,1778498940,135.90558701156667,431
621.8893104519069,-335.3890584306795,1778498940,135.90558701156667,432
602.6555338826419,-335.7151852610208,1778498940,135.90558701156667,433
614.4462508163564,-327.9309315284092,1778498940,135.90558701156667,434
633.0435136550652,-329.58720823625725,1778498940,135.90558701156667,435
632.1589757403156,-324.7584133769072,1778498940,135.90558701156667,436
639.1021773228841,-337.0113130137329,1778498940,135.90558701156667,437
642.0610177957918,-325.6593461098772,1778498940,135.90558701156667,438
648.1564628065661,-340.3411796738704,1778498940,135.90558701156667,439
636.6402050109026,-334.4915370158852,1778498940,135.90558701156667,440
626.645272075159,-335.1652169724302,1778498940,135.90558701156667,441
630.9895355134705,-334.92648885895795,1778498940,135.90558701156667,442
638.9628859646839,-338.53549703707284,1778498940,135.90558701156667,443
617.7505735257943,-326.9967986978588,1778498940,135.90558701156667,444
633.4536085004574,-328.8888992990054,1778498940,135.90558701156667,445
621.4965185020513,-325.3928330019117,1778498940,135.90558701156667,446
628.8594768292874,-325.1895362560949,1778498940,135.90558701156667,447
614.4282976609558,-321.8270269222562,1778498940,135.90558701156667,448
632.515405288239,-311.28337076306366,1778498940,135.90558701156667,449
619.5970160789885,-308.7707509696483,1778498940,135.90558701156667,450
630.170601166016,-321.46566157043,1778498940,135.90558701156667,451
624.2079760915274,-321.4329907024899,1778498940,135.90558701156667,452
631.6399144442777,-319.16874380409695,1778498940,135.90558701156667,453
619.8036067494739,-312.7451227431495,1778498940,135.90558701156667,454
618.7670047111633,-315.7594174842042,1778498940,135.90558701156667,455
630.8618857298367,-319.7885067338741,1778498940,135.90558701156667,456
628.8952606198129,-326.5471942238511,1778498940,135.90558701156667,457
611.5997432879033,-313.8150166620813,1778498940,135.90558701156667,458
601.2194427111542,-327.9664553403857,1778498940,135.90558701156667,459
650.4159124115415,-324.64310346171266,1778498940,135.90558701156667,460
636.5995686372353,-330.8734722038112,1778498940,135.90558701156667,461
635.9339006881855,-320.1551316628856,1778498940,135.90558701156667,462
621.175597622499,-324.2005420563119,1778498940,135.90558701156667,463
604.3169549025743,-317.5868743384879,1778498940,135.90558701156667,464
608.342136029968,-311.2165549149114,1778498940,135.90558701156667,465
217.0387726845564,-197.72885386024944,1778498940,135.90558701156667,466
626.8062354530447,-325.3366602783394,1778498940,135.90558701156667,467
613.3871629080053,-317.7957991535465,1778498940,135.90558701156667,468
649.7188850638754,-323.1253311578182,1778498940,135.90558701156667,469
630.540722351618,-321.65409408013045,1778498940,135.90558701156667,470
622.3530703775809,-325.2520181412496,1778498940,135.90558701156667,471
627.623329832355,-324.2006437977155,1778498940,135.90558701156667,472
624.121838159338,-318.0531619104241,1778498940,135.90558701156667,473
643.9322893046742,-331.4663935725891,1778498940,135.90558701156667,474
646.7905967096738,-336.7529433052986,1778498940,135.90558701156667,475
631.6313435369098,-325.9031474416453,1778498940,135.90558701156667,476
613.1934863962093,-340.5982705987992,1778498940,135.90558701156667,477
603.1760223791291,-341.8718151561916,1778498940,135.90558701156667,478
629.8280671161651,-346.7538232530154,1778498940,135.90558701156667,479
629.1551304485068,-342.7129450750845,1778498940,135.90558701156667,480
633.5441285161036,-334.8797630978128,1778498940,135.90558701156667,481
644.1274698336647,-331.8499410357329,1778498940,135.90558701156667,482
610.4988241129834,-331.532146974156,1778498940,135.90558701156667,483
649.776754275023,-335.4906816544629,1778498940,135.90558701156667,484
617.2944511127657,-325.32479082296265,1778498940,135.90558701156667,485
625.8653940632735,-339.93000320841884,1778498940,135.90558701156667,486
651.4717214190186,-339.30894541616266,1778498940,135.90558701156667,487
640.3634393282176,-321.9044981375336,1778498940,135.90558701156667,488
610.3267565707123,-331.2904681575795,1778498940,135.90558701156667,489
629.7425847193166,-324.9382153637709,1778498940,135.90558701156667,490
632.8717676170722,-331.9923035576941,1778498940,135.90558701156667,491
646.8245828854692,-334.04587519541394,1778498940,135.90558701156667,492
640.9495379321014,-325.39479533645056,1778498940,135.90558701156667,493
613.1119572653765,-321.6255240043005,1778498940,135.90558701156667,494
610.4522834308924,-317.33466344450903,1778498940,135.90558701156667,495
629.109596818517,-319.8477598664659,1778498940,135.90558701156667,496
628.0461775451469,-320.8046008298795,1778498940,135.90558701156667,497
628.2132623052123,-315.28936419511814,1778498940,135.90558701156667,498
616.3073388388077,-319.2050604273876,1778498940,135.90558701156667,499
-4.9129777401142425,-330.5761782005432,1778498933,135.79590763851667,0
-7.735195136729838,-335.7925682365888,1778498933,135.79590763851667,1
-4.844110720657203,-335.5908554866911,1778498933,135.79590763851667,2
-10.17730408565107,-329.87865164876,1778498933,135.79590763851667,3
-3.2480966700660865,-341.2681443095208,1778498933,135.79590763851667,4
-11.597375805773163,-361.555789495508,1778498933,135.79590763851667,5
-3.855044009959725,-351.562943118314,1778498933,135.79590763851667,6
-1.8433134586883,-353.27178100248165,1778498933,135.79590763851667,7
-7.985221755456782,-346.9459515685836,1778498933,135.79590763851667,8
-6.1288343608542455,-339.88599801560184,1778498933,135.79590763851667,9
-9.37708825963074,-339.73498116433655,1778498933,135.79590763851667,10
-0.8185987816942286,-336.1222509692112,1778498933,135.79590763851667,11
-0.4668400030156785,-329.21819555759384,1778498933,135.79590763851667,12
-10.32776658153351,-326.0380077920858,1778498933,135.79590763851667,13
-5.665818767406388,-314.521953458587,1778498933,135.79590763851667,14
-10.823228434813702,-317.398349771897,1778498933,135.79590763851667,15
-4.736287940290228,-308.7749850439528,1778498933,135.79590763851667,16
-3.282918785900172,-305.458861852686,1778498933,135.79590763851667,17
-5.62461497002996,-302.84944924215546,1778498933,135.79590763851667,18
2.563398074116222,-290.6807454675439,1778498933,135.79590763851667,19
-2.7411147137436065,-285.8355527271827,1778498933,135.79590763851667,20
-5.153607103035688,-270.65369428197533,1778498933,135.79590763851667,21
0.2343232574536584,-256.018508548538,1778498933,135.79590763851667,22
-1.3289481886174266,-235.6871528401969,1778498933,135.79590763851667,23
2.856512644210544,-231.6181660691896,1778498933,135.79590763851667,24
2.64472217775132,-206.99565658345807,1778498933,135.79590763851667,25
7.242782086193406,-191.790538991491,1778498933,135.79590763851667,26
9.971460147067877,-169.341596952329,1778498933,135.79590763851667,27
9.6115500288367,-157.7208512475093,1778498933,135.79590763851667,28
10.426969830590297,-135.75411654853576,1778498933,135.79590763851667,29
12.596888431229818,-122.92786357427626,1778498933,135.79590763851667,30
15.807087880745623,-108.05285753433895,1778498933,135.79590763851667,31
10.63219247673264,-260.56423922876496,1778498933,135.79590763851667,32
21.11218086710255,-262.8154782727359,1778498933,135.79590763851667,33
14.754135332407618,-220.9222518317402,1778498933,135.79590763851667,34
105.95988398691458,-288.46394187708694,1778498933,135.79590763851667,35
115.32804484065052,-291.44575258096023,1778498933,135.79590763851667,36
133.9455068466705,-316.3539353708427,1778498933,135.79590763851667,37
146.34173758119266,-342.45152488102536,1778498933,135.79590763851667,38
184.1488874162064,-380.9254490832485,1778498933,135.79590763851667,39
206.28022004664933,-391.5111131519084,1778498933,135.79590763851667,40
211.82367887039268,-424.9252972168229,1778498933,135.79590763851667,41
213.36157693520752,-443.69112553199153,1778498933,135.79590763851667,42
240.9012476785363,-497.94244406620624,1778498933,135.79590763851667,43
254.4612037744456,-512.6063454374672,1778498933,135.79590763851667,44
261.77987937730313,-541.7156406044954,1778498933,135.79590763851667,45
271.6139952024231,-556.3069457436608,1778498933,135.79590763851667,46
277.0713917544028,-568.9154741962756,1778498933,135.79590763851667,47
272.002594083412,-555.0278469969829,1778498933,135.79590763851667,48
266.65958965634786,-545.3541797498851,1778498933,135.79590763851667,49
280.33816246819055,-555.1836537271738,1778498933,135.79590763851667,50
282.5031873865377,-544.7760602335142,1778498933,135.79590763851667,51
286.2023633920331,-529.2688135306036,1778498933,135.79590763851667,52
292.167179690584,-521.2334413379438,1778498933,135.79590763851667,53
317.709095011381,-528.2401523900534,1778498933,135.79590763851667,54
310.7209216549687,-509.4556966274972,1778498933,135.79590763851667,55
306.9195853409844,-509.9916397233808,1778498933,135.79590763851667,56
304.4844783506565,-518.7111710682511,1778498933,135.79590763851667,57
333.66387832737087,-502.12390645220864,1778498933,135.79590763851667,58
315.6485158652103,-486.4325870076818,1778498933,135.79590763851667,59
328.60146420417624,-486.024084359407,1778498933,135.79590763851667,60
326.02048887886093,-470.7851007953288,1778498933,135.79590763851667,61
337.393986888415,-455.9177877244849,1778498933,135.79590763851667,62
326.8889949775872,-425.9899132146194,1778498933,135.79590763851667,63
335.2371113348284,-412.7051359650991,1778498933,135.79590763851667,64
317.9858751195999,-395.7665796789033,1778498933,135.79590763851667,65
323.0119467596381,-380.8201151477792,1778498933,135.79590763851667,66
318.5028323890015,-351.7539656696217,1778498933,135.79590763851667,67
310.97188211155384,-343.10449234644545,1778498933,135.79590763851667,68
315.84951063286496,-341.4331480500596,1778498933,135.79590763851667,69
303.9954191930199,-327.0306226486957,1778498933,135.79590763851667,70
312.40086082631524,-330.25513388464856,1778498933,135.79590763851667,71
301.88972340976534,-316.8390734046697,1778498933,135.79590763851667,72
304.5135860427974,-323.9068673960864,1778498933,135.79590763851667,73
297.89130345784645,-308.2576664164658,1778498933,135.79590763851667,74
306.0806698538932,-307.17080460985494,1778498933,135.79590763851667,75
302.9031811125965,-301.07269642874627,1778498933,135.79590763851667,76
300.5301721392152,-298.69041915051605,1778498933,135.79590763851667,77
312.452626291202,-304.7030414740243,1778498933,135.79590763851667,78
301.1925298357439,-290.6594353442389,1778498933,135.79590763851667,79
304.6512078484633,-303.15333384089234,1778498933,135.79590763851667,80
302.1999130768657,-298.2377358141046,1778498933,135.79590763851667,81
308.14114166418096,-304.04228085403616,1778498933,135.79590763851667,82
316.84435365134965,-316.2895325863112,1778498933,135.79590763851667,83
311.8502064892429,-312.3902023596068,1778498933,135.79590763851667,84
302.97575290654777,-298.8923301423589,1778498933,135.79590763851667,85
30.786707088390955,-74.44687603351964,1778498933,135.79590763851667,86
316.91982899393093,-310.1713483538479,1778498933,135.79590763851667,87
314.2269686821413,-311.0304931408415,1778498933,135.79590763851667,88
321.00878408383375,-320.0637625046074,1778498933,135.79590763851667,89
319.8963476002428,-323.97658943260683,1778498933,135.79590763851667,90
322.59199810511547,-330.69724184895534,1778498933,135.79590763851667,91
324.96995888288546,-335.20526226858294,1778498933,135.79590763851667,92
324.0569842198378,-325.2238927173121,1778498933,135.79590763851667,93
330.1615970658774,-330.26328412940074,1778498933,135.79590763851667,94
334.4762031364187,-347.6889878772197,1778498933,135.79590763851667,95
335.31437661800624,-354.2650992286703,1778498933,135.79590763851667,96
336.0551317694001,-356.75908495113225,1778498933,135.79590763851667,97
332.8787772771586,-348.4550615499413,1778498933,135.79590763851667,98
342.5360994397771,-355.12142898266507,1778498933,135.79590763851667,99
344.9219964897701,-358.3432267308237,1778498933,135.79590763851667,100
338.66420744444787,-372.9451400190591,1778498933,135.79590763851667,101
356.8433348503315,-375.0126129165291,1778498933,135.79590763851667,102
347.3770987139487,-369.1310505991184,1778498933,135.79590763851667,103
356.30360792467786,-377.24123527357966,1778498933,135.79590763851667,104
360.5061377181392,-374.6495803582168,1778498933,135.79590763851667,105
352.76087378822655,-371.1703086495402,1778498933,135.79590763851667,106
360.55736258346064,-379.79325833730326,1778498933,135.79590763851667,107
354.7372954903838,-376.056469788154,1778498933,135.79590763851667,108
364.34691189326907,-373.2121325706442,1778498933,135.79590763851667,109
361.1886230890906,-372.82203514873953,1778498933,135.79590763851667,110
366.8600671836215,-378.1519257960227,1778498933,135.79590763851667,111
362.5462166078871,-375.4166410602628,1778498933,135.79590763851667,112
366.4382092323367,-372.7806122874223,1778498933,135.79590763851667,113
372.4347220137982,-371.6506609444815,1778498933,135.79590763851667,114
370.107908281198,-373.21196147178654,1778498933,135.79590763851667,115
375.4637963758341,-374.3136680747066,1778498933,135.79590763851667,116
375.38698052356574,-372.0934635736052,1778498933,135.79590763851667,117
377.04132902887966,-372.86088939011097,1778498933,135.79590763851667,118
378.6601112395491,-371.1733031794432,1778498933,135.79590763851667,119
367.5886845414988,-366.99206619088886,1778498933,135.79590763851667,120
378.3466173208512,-376.4604512689014,1778498933,135.79590763851667,121
374.5552091678628,-373.2173451806106,1778498933,135.79590763851667,122
380.2964973313101,-376.0189241487532,1778498933,135.79590763851667,123
376.45401307899925,-376.9905475787816,1778498933,135.79590763851667,124
389.4970348653873,-381.3745861773693,1778498933,135.79590763851667,125
385.4118046581016,-376.50845173249616,1778498933,135.79590763851667,126
386.4531645426534,-389.4428565154473,1778498933,135.79590763851667,127
386.9853185467225,-374.4650278103852,1778498933,135.79590763851667,128
389.5879735959937,-374.24636100480967,1778498933,135.79590763851667,129
388.4349626847253,-368.3476684292154,1778498933,135.79590763851667,130
390.13325799411285,-365.0806658404573,1778498933,135.79590763851667,131
380.1947290790211,-353.47460778430127,1778498933,135.79590763851667,132
389.2783800747377,-356.1892822446926,1778498933,135.79590763851667,133
387.05076972167217,-348.8186968161411,1778498933,135.79590763851667,134
379.7477168227192,-343.55681409190106,1778498933,135.79590763851667,135
390.6841378417166,-349.6442457636197,1778498933,135.79590763851667,136
386.1764724929998,-349.5410968996588,1778498933,135.79590763851667,137
392.8576632309948,-344.46468310554803,1778498933,135.79590763851667,138
389.19620213074313,-347.9030504375695,1778498933,135.79590763851667,139
384.23144653657846,-343.6535949632527,1778498933,135.79590763851667,140
380.15619879229234,-335.57583003491163,1778498933,135.79590763851667,141
382.8729748722632,-342.2709251400079,1778498933,135.79590763851667,142
393.31522541563686,-342.820100016892,1778498933,135.79590763851667,143
398.7785072428569,-350.02679230272776,1778498933,135.79590763851667,144
401.687847168154,-344.44372932147246,1778498933,135.79590763851667,145
389.8019360726333,-340.5403268070268,1778498933,135.79590763851667,146
395.9676063853651,-347.79335868358606,1778498933,135.79590763851667,147
391.95030095724553,-338.7616672863558,1778498933,135.79590763851667,148
397.0080953876587,-343.38007229690794,1778498933,135.79590763851667,149
383.6092205761726,-350.90963242761734,1778498933,135.79590763851667,150
408.1546161748546,-347.1012460092698,1778498933,135.79590763851667,151
396.19664465434766,-343.565868586923,1778498933,135.79590763851667,152
406.689575354285,-350.35257110434253,1778498933,135.79590763851667,153
403.9614815221723,-351.31732920681435,1778498933,135.79590763851667,154
405.0462794593218,-348.60752232124423,1778498933,135.79590763851667,155
401.78515471064327,-345.83420485847967,1778498933,135.79590763851667,156
410.7317061778118,-347.3961785379798,1778498933,135.79590763851667,157
406.92742401339655,-354.08497791861475,1778498933,135.79590763851667,158
398.4615697582354,-344.1709107464803,1778498933,135.79590763851667,159
407.2510055155136,-346.7692427132281,1778498933,135.79590763851667,160
409.9697168074578,-349.4939763570826,1778498933,135.79590763851667,161
416.7465959759896,-348.59062792609154,1778498933,135.79590763851667,162
398.4987817699776,-335.59038166515506,1778498933,135.79590763851667,163
412.9626590122703,-349.396803306416,1778498933,135.79590763851667,164
411.0624431050941,-349.0366371932134,1778498933,135.79590763851667,165
409.7664011345254,-349.14633916473616,1778498933,135.79590763851667,166
413.9049736465973,-347.07373899469786,1778498933,135.79590763851667,167
415.16781240618025,-347.51224788837163,1778498933,135.79590763851667,168
411.92053754763856,-347.4806148316715,1778498933,135.79590763851667,169
412.1562624467322,-350.9855978315077,1778498933,135.79590763851667,170
411.0363723100323,-349.9852540666854,1778498933,135.79590763851667,171
415.55877950985735,-348.8181611035636,1778498933,135.79590763851667,172
420.4119719492919,-347.69445110174547,1778498933,135.79590763851667,173
418.2931806221783,-348.68283064725483,1778498933,135.79590763851667,174
414.0507449145837,-340.9197795956086,1778498933,135.79590763851667,175
422.72537779861375,-348.1885910723355,1778498933,135.79590763851667,176
416.9770235261946,-344.88768678344746,1778498933,135.79590763851667,177
417.47539779227503,-346.27433810072586,1778498933,135.79590763851667,178
420.9204526052432,-348.0084906400487,1778498933,135.79590763851667,179
423.8885685178396,-348.7480994376047,1778498933,135.79590763851667,180
415.767083148249,-343.9909195223205,1778498933,135.79590763851667,181
419.69006747916814,-339.5775669459256,1778498933,135.79590763851667,182
419.0824071787338,-344.0486080367117,1778498933,135.79590763851667,183
426.3259516221658,-343.636084297672,1778498933,135.79590763851667,184
427.5779908924964,-349.028333161336,1778498933,135.79590763851667,185
424.9130871591176,-347.31727218503767,1778498933,135.79590763851667,186
430.0866248531264,-348.77387893696573,1778498933,135.79590763851667,187
430.52625646221134,-352.27784131219,1778498933,135.79590763851667,188
423.995638781263,-347.1318334105113,1778498933,135.79590763851667,189
435.9742122005908,-349.8381639731428,1778498933,135.79590763851667,190
431.6603045533289,-343.40780656908936,1778498933,135.79590763851667,191
432.0343692723659,-342.26511361077445,1778498933,135.79590763851667,192
427.02676158208106,-343.0958521670344,1778498933,135.79590763851667,193
428.926697938638,-345.6967845919229,1778498933,135.79590763851667,194
432.0165522624451,-341.77863162072964,1778498933,135.79590763851667,195
426.2292019695649,-340.06790776799204,1778498933,135.79590763851667,196
434.2504844654386,-343.3654794950659,1778498933,135.79590763851667,197
437.87733031096406,-346.75470026147843,1778498933,135.79590763851667,198
441.7592278573833,-350.2818779839824,1778498933,135.79590763851667,199
445.58371927520886,-354.87129764569295,1778498933,135.79590763851667,200
451.0743045703681,-354.8658214981361,1778498933,135.79590763851667,201
446.365226680508,-350.60208992287534,1778498933,135.79590763851667,202
443.9967819136689,-343.53528919443494,1778498933,135.79590763851667,203
441.0650727686715,-349.1716810390351,1778498933,135.79590763851667,204
449.5136328396536,-353.2554749250409,1778498933,135.79590763851667,205
440.4834964891522,-350.1296137341609,1778498933,135.79590763851667,206
444.7404198680628,-358.6498956345019,1778498933,135.79590763851667,207
425.2922296181815,-358.95952817052665,1778498933,135.79590763851667,208
439.3776839818936,-367.452227788667,1778498933,135.79590763851667,209
424.897908404184,-346.88597961577267,1778498933,135.79590763851667,210
438.3262998054164,-343.28912437707186,1778498933,135.79590763851667,211
459.7518810675393,-359.2062217500059,1778498933,135.79590763851667,212
449.78415425415744,-359.225593245278,1778498933,135.79590763851667,213
439.9314972345359,-353.20769083453274,1778498933,135.79590763851667,214
437.4541590874212,-361.0277830070505,1778498933,135.79590763851667,215
443.24482937528506,-357.3018660185244,1778498933,135.79590763851667,216
428.4803667710999,-359.3214851518468,1778498933,135.79590763851667,217
436.7201776964079,-363.9718498649692,1778498933,135.79590763851667,218
442.2608611859976,-357.633006313195,1778498933,135.79590763851667,219
428.16722900187295,-353.2066007914641,1778498933,135.79590763851667,220
418.9556310286649,-360.3579748397076,1778498933,135.79590763851667,221
424.5872390344845,-375.0960123576224,1778498933,135.79590763851667,222
444.2164940221149,-371.1414546991386,1778498933,135.79590763851667,223
444.9582704780743,-357.1131746272248,1778498933,135.79590763851667,224
442.3328419322438,-358.5071622810013,1778498933,135.79590763851667,225
423.79327247572434,-351.5799194909635,1778498933,135.79590763851667,226
435.3767352124914,-361.7168915880226,1778498933,135.79590763851667,227
440.0284280525263,-368.3809197805822,1778498933,135.79590763851667,228
447.7961102420865,-361.5222069503108,1778498933,135.79590763851667,229
430.6736104103682,-355.33101412529743,1778498933,135.79590763851667,230
440.9235701132049,-357.3285861338182,1778498933,135.79590763851667,231
440.9623540735715,-353.27023403098195,1778498933,135.79590763851667,232
441.4462092435838,-349.44854754954594,1778498933,135.79590763851667,233
444.4689064639736,-349.89487250025,1778498933,135.79590763851667,234
448.3708796752883,-353.0039006831746,1778498933,135.79590763851667,235
451.8299391743566,-349.2846103245392,1778498933,135.79590763851667,236
451.1458935249021,-353.89720789218933,1778498933,135.79590763851667,237
445.86709933563327,-352.9631822258232,1778498933,135.79590763851667,238
440.6292273542404,-344.7883409832912,1778498933,135.79590763851667,239
442.3478104463589,-349.98782658328565,1778498933,135.79590763851667,240
456.9802887224792,-345.0282271939014,1778498933,135.79590763851667,241
456.8059166107521,-348.1830227381242,1778498933,135.79590763851667,242
458.6412437472098,-350.5145179719349,1778498933,135.79590763851667,243
456.0650422036663,-364.1184134570264,1778498933,135.79590763851667,244
448.994301665209,-357.0339090153571,1778498933,135.79590763851667,245
457.2974072453406,-360.3360315697892,1778498933,135.79590763851667,246
462.14009221807686,-351.73224347954016,1778498933,135.79590763851667,247
277.0945437084702,-359.3599821714063,1778498933,135.79590763851667,248
472.5341407683725,-378.4443641106292,1778498933,135.79590763851667,249
460.542470175965,-360.3243676610289,1778498933,135.79590763851667,250
465.3354739696168,-364.86194774384273,1778498933,135.79590763851667,251
445.051898191508,-361.2309209915496,1778498933,135.79590763851667,252
457.1149407644095,-365.2546591547627,1778498933,135.79590763851667,253
459.0461423320769,-367.9798172861336,1778498933,135.79590763851667,254
465.83469386690575,-369.20392749955255,1778498933,135.79590763851667,255
463.7152269888631,-370.2553957030175,1778498933,135.79590763851667,256
465.0843905424754,-373.4749411866069,1778498933,135.79590763851667,257
464.7984778470461,-370.5968172227342,1778498933,135.79590763851667,258
451.1905715719181,-364.9405095428228,1778498933,135.79590763851667,259
456.8430283572048,-372.4950201188524,1778498933,135.79590763851667,260
120.1390217056272,-712.0914067911605,1778498933,135.79590763851667,261
457.3070944781601,-379.5913687919581,1778498933,135.79590763851667,262
467.99061323185776,-368.9468079389382,1778498933,135.79590763851667,263
474.11336871144033,-368.3971309177577,1778498933,135.79590763851667,264
470.3174948431955,-368.9874435054761,1778498933,135.79590763851667,265
467.1888026058654,-369.9171110913154,1778498933,135.79590763851667,266
456.0754636847726,-369.5115605158114,1778498933,135.79590763851667,267
466.4441416907567,-371.8043458846708,1778498933,135.79590763851667,268
461.8059061562849,-363.19467902680265,1778498933,135.79590763851667,269
459.1137682762211,-359.3118754997847,1778498933,135.79590763851667,270
465.17293139304167,-354.61052641769203,1778498933,135.79590763851667,271
472.5266516018309,-363.0683460310102,1778498933,135.79590763851667,272
455.40388108945706,-352.948051832616,1778498933,135.79590763851667,273
464.5997813657036,-355.80829307436863,1778498933,135.79590763851667,274
463.0560264754341,-346.1237825515368,1778498933,135.79590763851667,275
462.7870321043743,-350.58270338860586,1778498933,135.79590763851667,276
458.6723950414005,-352.0648806293806,1778498933,135.79590763851667,277
456.84662498046686,-351.0069730076937,1778498933,135.79590763851667,278
469.7551834453848,-345.94998479510326,1778498933,135.79590763851667,279
464.187444555219,-346.71254365891247,1778498933,135.79590763851667,280
459.3811388667914,-346.6436098652579,1778498933,135.79590763851667,281
475.52293796769374,-349.7903840442496,1778498933,135.79590763851667,282
473.0191871970539,-346.44518570726103,1778498933,135.79590763851667,283
465.7089119863208,-345.12917656078906,1778498933,135.79590763851667,284
470.2229046588576,-342.4725084236511,1778498933,135.79590763851667,285
467.0896093323279,-342.4681268259881,1778498933,135.79590763851667,286
470.8316204090765,-350.2965890175348,1778498933,135.79590763851667,287
473.7145672077826,-352.41663375869365,1778498933,135.79590763851667,288
478.5650972552544,-351.0295917006833,1778498933,135.79590763851667,289
474.581900183276,-344.33077927430503,1778498933,135.79590763851667,290
470.27947530924695,-344.1164612931508,1778498933,135.79590763851667,291
445.2867423986315,-347.0421280202768,1778498933,135.79590763851667,292
477.0666141560985,-345.8214656785136,1778498933,135.79590763851667,293
462.42528444350125,-345.6755414151898,1778498933,135.79590763851667,294
474.591551213304,-357.8419470923642,1778498933,135.79590763851667,295
485.07511625361394,-359.9746269931396,1778498933,135.79590763851667,296
471.9531890393872,-364.4635387212035,1778498933,135.79590763851667,297
477.68778900941874,-356.64121983572875,1778498933,135.79590763851667,298
473.9649408416657,-357.5921892759699,1778498933,135.79590763851667,299
481.5282830873126,-363.4131194163735,1778498933,135.79590763851667,300
448.0868671022151,-361.6836657021197,1778498933,135.79590763851667,301
479.0255290346528,-357.16905560034,1778498933,135.79590763851667,302
448.4096485529829,-351.9009806370987,1778498933,135.79590763851667,303
480.149611197652,-356.5868952050803,1778498933,135.79590763851667,304
457.50883569342113,-349.0604889257812,1778498933,135.79590763851667,305
459.0059835752457,-368.5576313963777,1778498933,135.79590763851667,306
473.1833701245244,-376.62912553269376,1778498933,135.79590763851667,307
489.1706490398596,-355.7343147204571,1778498933,135.79590763851667,308
473.8272695280023,-378.21468810550886,1778498933,135.79590763851667,309
481.63577208317366,-363.8661767579616,1778498933,135.79590763851667,310
482.14969314835207,-368.4746167225144,1778498933,135.79590763851667,311
477.5400036860012,-365.4876014745484,1778498933,135.79590763851667,312
492.7301984511881,-363.0551454499358,1778498933,135.79590763851667,313
488.4386161869441,-367.9988001125551,1778498933,135.79590763851667,314
477.5897962814287,-373.6358745495479,1778498933,135.79590763851667,315
472.04343689067423,-376.2302158369372,1778498933,135.79590763851667,316
474.0530145924999,-371.094655917957,1778498933,135.79590763851667,317
472.6674189897654,-373.1320919115097,1778498933,135.79590763851667,318
493.08760264704,-393.50770446285617,1778498933,135.79590763851667,319
482.57370125171167,-383.3481415013477,1778498933,135.79590763851667,320
476.6875837206902,-384.2288748615732,1778498933,135.79590763851667,321
481.50664058825726,-367.83163679329095,1778498933,135.79590763851667,322
464.45314974155787,-359.4923041987544,1778498933,135.79590763851667,323
496.6040493923021,-370.97845557871466,1778498933,135.79590763851667,324
485.0741320251528,-363.9520190752422,1778498933,135.79590763851667,325
484.9738411655902,-365.0546252764765,1778498933,135.79590763851667,326
470.31917733517537,-362.1426590637612,1778498933,135.79590763851667,327
485.5594548432358,-357.90080035850355,1778498933,135.79590763851667,328
474.902766699222,-354.0061460627859,1778498933,135.79590763851667,329
484.3167628316827,-361.7726652100681,1778498933,135.79590763851667,330
473.8435400430271,-343.21256509174856,1778498933,135.79590763851667,331
463.3203044067574,-339.65593559108675,1778498933,135.79590763851667,332
471.5252455504656,-355.94131428872504,1778498933,135.79590763851667,333
486.8007995760653,-352.6927795857191,1778498933,135.79590763851667,334
482.1122552813398,-356.1089469008143,1778498933,135.79590763851667,335
478.1062205743255,-356.36179632569355,1778498933,135.79590763851667,336
469.34213434208135,-359.9997206511904,1778498933,135.79590763851667,337
473.351593364104,-349.74834968149673,1778498933,135.79590763851667,338
484.6552840156843,-356.0735544413329,1778498933,135.79590763851667,339
471.26258809791,-357.5449518375103,1778498933,135.79590763851667,340
441.6449511997142,-359.3535130644837,1778498933,135.79590763851667,341
492.9570370528708,-366.4136783604823,1778498933,135.79590763851667,342
485.9106617292872,-369.70427252352175,1778498933,135.79590763851667,343
475.02616316567713,-345.9113254273935,1778498933,135.79590763851667,344
470.8705495597327,-368.3093292638655,1778498933,135.79590763851667,345
462.9898364082242,-364.5563638408983,1778498933,135.79590763851667,346
477.2220548019842,-358.233439801882,1778498933,135.79590763851667,347
477.03498269895545,-360.2871372550723,1778498933,135.79590763851667,348
460.8419580668885,-368.23637853190286,1778498933,135.79590763851667,349
483.0559493127659,-366.0098003558812,1778498933,135.79590763851667,350
478.1246433404528,-354.9286729060115,1778498933,135.79590763851667,351
475.1564891924103,-363.7948833505312,1778498933,135.79590763851667,352
488.2573593741236,-370.81968087702967,1778498933,135.79590763851667,353
470.2929306321838,-351.8094153385606,1778498933,135.79590763851667,354
497.5123261456365,-369.7206122850383,1778498933,135.79590763851667,355
485.4247976070668,-366.19816966665246,1778498933,135.79590763851667,356
494.082363228608,-366.2316137148693,1778498933,135.79590763851667,357
472.6822505807946,-366.2668427464862,1778498933,135.79590763851667,358
493.2377766827091,-357.859720564137,1778498933,135.79590763851667,359
476.48819008979154,-370.5822526961569,1778498933,135.79590763851667,360
493.4587831422965,-366.02862019836914,1778498933,135.79590763851667,361
484.5504834893515,-367.8804412341369,1778498933,135.79590763851667,362
486.431598982066,-361.0551629830155,1778498933,135.79590763851667,363
485.3590756723323,-359.7500571422282,1778498933,135.79590763851667,364
489.6573564392209,-366.5069929882884,1778498933,135.79590763851667,365
496.34363449148384,-368.2876621335751,1778498933,135.79590763851667,366
496.3799129797964,-366.7872817901272,1778498933,135.79590763851667,367
497.9811398982884,-373.7121029297512,1778498933,135.79590763851667,368
483.382178156328,-362.4724447056645,1778498933,135.79590763851667,369
485.11830288791657,-371.3310302893324,1778498933,135.79590763851667,370
487.7767168375617,-363.84434303082577,1778498933,135.79590763851667,371
492.6203724767616,-362.90793441111794,1778498933,135.79590763851667,372
502.7513264045304,-359.77772487451585,1778498933,135.79590763851667,373
493.04393934034266,-366.051328178806,1778498933,135.79590763851667,374
507.7282755379225,-377.7678938396276,1778498933,135.79590763851667,375
500.0080734562409,-386.3624515682457,1778498933,135.79590763851667,376
485.1594800909358,-367.2802904099221,1778498933,135.79590763851667,377
483.9196090136533,-358.5573790880541,1778498933,135.79590763851667,378
496.4971906395944,-362.7686757147309,1778498933,135.79590763851667,379
485.0008881834435,-368.12429738417313,1778498933,135.79590763851667,380
479.7878989506909,-359.668747884532,1778498933,135.79590763851667,381
496.1933308003446,-359.33594154193963,1778498933,135.79590763851667,382
490.4717390299506,-361.2821729667484,1778498933,135.79590763851667,383
503.1512201790837,-370.3448665576674,1778498933,135.79590763851667,384
487.2626477816896,-361.7927376267816,1778498933,135.79590763851667,385
483.4848030330574,-355.66135353346584,1778498933,135.79590763851667,386
484.57166838351776,-353.7590754019721,1778498933,135.79590763851667,387
492.9847798836706,-351.11539338156587,1778498933,135.79590763851667,388
496.7040496596357,-355.83179319277406,1778498933,135.79590763851667,389
487.6773958234432,-356.16730768481915,1778498933,135.79590763851667,390
477.1825255484392,-358.5110696653522,1778498933,135.79590763851667,391
495.69775696221546,-351.62183809280424,1778498933,135.79590763851667,392
496.93182362605774,-359.346280571073,1778498933,135.79590763851667,393
484.6851545284407,-358.6418980645634,1778498933,135.79590763851667,394
498.6221836462771,-359.6126406689484,1778498933,135.79590763851667,395
498.254730814396,-359.45770884801976,1778498933,135.79590763851667,396
176.5280302267141,-258.50251340617734,1778498933,135.79590763851667,397
496.43817483564567,-356.33302280803525,1778498933,135.79590763851667,398
509.0450489931418,-355.837893360606,1778498933,135.79590763851667,399
496.10830297220497,-354.6008349483212,1778498933,135.79590763851667,400
497.68797142016217,-359.3660861290989,1778498933,135.79590763851667,401
491.4249829347775,-351.29281568527216,1778498933,135.79590763851667,402
509.7411412232499,-368.0557919368146,1778498933,135.79590763851667,403
199.1807590312793,-226.902961138636,1778498933,135.79590763851667,404
504.3634876867754,-381.2741997291642,1778498933,135.79590763851667,405
508.5841996857084,-372.2350326888265,1778498933,135.79590763851667,406
512.318675276417,-362.0465566975374,1778498933,135.79590763851667,407
514.3338846589828,-374.94787821422057,1778498933,135.79590763851667,408
520.4528316665669,-372.1302270566424,1778498933,135.79590763851667,409
525.5925267647815,-373.6682961856328,1778498933,135.79590763851667,410
508.5082736072071,-366.5789818440872,1778498933,135.79590763851667,411
516.9958151390333,-374.5523487428823,1778498933,135.79590763851667,412
483.64557883313,-370.7810280608634,1778498933,135.79590763851667,413
504.2308835131885,-356.29594127088825,1778498933,135.79590763851667,414
507.6031232737207,-366.5550606946152,1778498933,135.79590763851667,415
530.2441446206544,-375.8625606174264,1778498933,135.79590763851667,416
514.4731908388633,-359.12581049154187,1778498933,135.79590763851667,417
515.593334278662,-368.7487235516309,1778498933,135.79590763851667,418
529.4128234984234,-382.3895426094528,1778498933,135.79590763851667,419
516.0021920625239,-372.3245812704167,1778498933,135.79590763851667,420
516.7466612347466,-375.9849129493036,1778498933,135.79590763851667,421
543.2912772460577,-383.2936949096616,1778498933,135.79590763851667,422
536.8617070756486,-374.4042388709883,1778498933,135.79590763851667,423
524.0461878713282,-370.61751718694927,1778498933,135.79590763851667,424
514.3036666556304,-370.05336356163,1778498933,135.79590763851667,425
533.2943534644696,-372.1934287951636,1778498933,135.79590763851667,426
532.9277410716597,-365.89350718011445,1778498933,135.79590763851667,427
523.1835415510722,-351.3055513550834,1778498933,135.79590763851667,428
516.5353156180342,-348.1199102029206,1778498933,135.79590763851667,429
526.5064642373502,-352.9651554152365,1778498933,135.79590763851667,430
534.0797305412916,-356.5052700415256,1778498933,135.79590763851667,431
528.5832448794697,-358.8519639049966,1778498933,135.79590763851667,432
523.066102988487,-362.4331214552129,1778498933,135.79590763851667,433
513.1994190396939,-351.4219841584565,1778498933,135.79590763851667,434
508.77067702464205,-354.4391272167359,1778498933,135.79590763851667,435
531.7546461528162,-370.5044711381199,1778498933,135.79590763851667,436
535.6775876525206,-366.8136659264561,1778498933,135.79590763851667,437
547.183575101015,-364.42700336501,1778498933,135.79590763851667,438
541.266440043413,-356.4791656980912,1778498933,135.79590763851667,439
521.324548782292,-354.3893775517737,1778498933,135.79590763851667,440
535.674289409569,-364.5671923533077,1778498933,135.79590763851667,441
531.7062348515608,-357.16154442230925,1778498933,135.79590763851667,442
520.451405955828,-352.1928820498292,1778498933,135.79590763851667,443
544.9725155373488,-362.1814944222572,1778498933,135.79590763851667,444
517.3156717768957,-360.3210086425148,1778498933,135.79590763851667,445
547.7890320926219,-359.2968198942635,1778498933,135.79590763851667,446
530.0405533238196,-347.2350512966511,1778498933,135.79590763851667,447
552.398441436482,-362.2030257098373,1778498933,135.79590763851667,448
556.1629634138126,-376.6283992566167,1778498933,135.79590763851667,449
547.7409330490173,-363.7872320661944,1778498933,135.79590763851667,450
536.7513703263625,-368.8293300941586,1778498933,135.79590763851667,451
245.9630875511064,-238.9325767730676,1778498933,135.79590763851667,452
529.4661117166805,-367.0616188744699,1778498933,135.79590763851667,453
538.5493663234004,-373.0331067598121,1778498933,135.79590763851667,454
544.0851803151184,-358.91358884579194,1778498933,135.79590763851667,455
548.8107734603002,-355.9749559884265,1778498933,135.79590763851667,456
537.5254513278198,-357.5071669469276,1778498933,135.79590763851667,457
519.1461645809,-351.9649646294618,1778498933,135.79590763851667,458
547.8732387237361,-364.82996644328,1778498933,135.79590763851667,459
536.3400231861049,-366.6776714250447,1778498933,135.79590763851667,460
549.1290167334006,-367.3793585896492,1778498933,135.79590763851667,461
550.3752369050582,-370.47854198515455,1778498933,135.79590763851667,462
550.5712466654162,-365.4498258568344,1778498933,135.79590763851667,463
555.4743564065218,-359.3326840922236,1778498933,135.79590763851667,464
545.8498649539335,-366.1966949539875,1778498933,135.79590763851667,465
556.8717016211474,-364.4381810687489,1778498933,135.79590763851667,466
545.7668150928591,-357.7406178961198,1778498933,135.79590763851667,467
513.5759383540252,-352.51076529795955,1778498933,135.79590763851667,468
555.7135474800177,-359.1142982790865,1778498933,135.79590763851667,469
561.3462303226547,-374.6024538837381,1778498933,135.79590763851667,470
563.9455682450175,-372.9424873826408,1778498933,135.79590763851667,471
552.2274056127358,-373.3662747194368,1778498933,135.79590763851667,472
547.8681598561951,-367.1044319296882,1778498933,135.79590763851667,473
556.2367641968784,-368.84383432442974,1778498933,135.79590763851667,474
566.6751280442745,-376.1283153990906,1778498933,135.79590763851667,475
566.240413469581,-371.7394896050291,1778498933,135.79590763851667,476
561.7719129941278,-371.7311858857673,1778498933,135.79590763851667,477
564.7511732092573,-378.1318232888975,1778498933,135.79590763851667,478
568.6499006748436,-373.72579496105527,1778498933,135.79590763851667,479
569.3584837142729,-382.8019529283048,1778498933,135.79590763851667,480
564.9016231963196,-371.6714841400588,1778498933,135.79590763851667,481
567.2975496919913,-367.3147725388407,1778498933,135.79590763851667,482
584.5244462097227,-378.1279695530734,1778498933,135.79590763851667,483
561.175967348472,-370.2736339817445,1778498933,135.79590763851667,484
567.8314567290142,-366.1622967769707,1778498933,135.79590763851667,485
561.0773692486248,-365.3440156007806,1778498933,135.79590763851667,486
564.4076867485023,-366.5633499845859,1778498933,135.79590763851667,487
576.5573091289482,-361.95210399478685,1778498933,135.79590763851667,488
556.2883976250761,-359.76397507886026,1778498933,135.79590763851667,489
554.51012285801,-356.89836563915014,1778498933,135.79590763851667,490
527.7938203288784,-372.6839612796906,1778498933,135.79590763851667,491
560.3578438494334,-351.06110011910425,1778498933,135.79590763851667,492
549.7891478774204,-351.4308010886112,1778498933,135.79590763851667,493
553.9017242959172,-365.9241177725297,1778498933,135.79590763851667,494
532.62863415489,-358.3381745157145,1778498933,135.79590763851667,495
561.9408475806997,-357.4703404394289,1778498933,135.79590763851667,496
540.6063252896422,-349.2057264372702,1778498933,135.79590763851667,497
552.0212082597966,-351.853549999495,1778498933,135.79590763851667,498
550.5204965268005,-344.6582722713544,1778498933,135.79590763851667,499
