_step,lambdas/Chicken,seed,arm
1,0.3333333333333333,1764531749,nominal
2,0.3333333333333333,1764531749,nominal
3,0.3333333333333333,1764531749,nominal
4,0.3333333333333333,1764531749,nominal
5,0.3333333333333333,1764531749,nominal
6,0.3333333333333333,1764531749,nominal
7,0.3333333333333333,1764531749,nominal
8,0.3333333333333333,1764531749,nominal
9,0.3333333333333333,1764531749,nominal
10,0.5111483249697679,1764531749,nominal
11,0.5112922057018379,1764531749,nominal
12,0.5120006429930486,1764531749,nominal
13,0.5129008153669709,1764531749,nominal
14,0.5142191706427284,1764531749,nominal
15,0.5154814511197281,1764531749,nominal
16,0.516934609621173,1764531749,nominal
17,0.5183824307373092,1764531749,nominal
18,0.5194022918155454,1764531749,nominal
19,0.5206158649937558,1764531749,nominal
20,0.5216791674446706,1764531749,nominal
21,0.5229368800371788,1764531749,nominal
22,0.5241905565959234,1764531749,nominal
23,0.5254401951573865,1764531749,nominal
24,0.5264863975283536,1764531749,nominal
25,0.5275800529058933,1764531749,nominal
26,0.5280961905971883,1764531749,nominal
27,0.5284101717145463,1764531749,nominal
28,0.5291472436497109,1764531749,nominal
29,0.5298807888921736,1764531749,nominal
30,0.5307607530500109,1764531749,nominal
31,0.53148683587968,1764531749,nominal
32,0.5322094328942879,1764531749,nominal
33,0.5329285579328291,1764531749,nominal
34,0.5338449973754292,1764531749,nominal
35,0.5349089114408628,1764531749,nominal
36,0.5365457235376685,1764531749,nominal
37,0.5382258560505921,1764531749,nominal
38,0.5398995668542154,1764531749,nominal
39,0.5415668519299904,1764531749,nominal
40,0.5432277077926041,1764531749,nominal
41,0.5450374837387455,1764531749,nominal
42,0.5468413030023758,1764531749,nominal
43,0.548639151710425,1764531749,nominal
44,0.5504310165612869,1764531749,nominal
45,0.5516332258636581,1764531749,nominal
46,0.5524675544956178,1764531749,nominal
47,0.5534564779707937,1764531749,nominal
48,0.5544414482008244,1764531749,nominal
49,0.5554224733853259,1764531749,nominal
50,0.5562398479281694,1764531749,nominal
51,0.557053330107507,1764531749,nominal
52,0.557862934481476,1764531749,nominal
53,0.5586686756245642,1764531749,nominal
54,0.5594705681261545,1764531749,nominal
55,0.5606944364426923,1764531749,nominal
56,0.5622811937599878,1764531749,nominal
57,0.5638615028886093,1764531749,nominal
58,0.5654353669885307,1764531749,nominal
59,0.5670027896437458,1764531749,nominal
60,0.5683557105528,1764531749,nominal
61,0.5697027030873179,1764531749,nominal
62,0.5710437789201305,1764531749,nominal
63,0.5723789499604902,1764531749,nominal
64,0.5735418328075981,1764531749,nominal
65,0.5746987621983828,1764531749,nominal
66,0.5758497600832041,1764531749,nominal
67,0.5769948485192363,1764531749,nominal
68,0.578134049665946,1764531749,nominal
69,0.5792673857806447,1764531749,nominal
70,0.5807736032751369,1764531749,nominal
71,0.5821037426959313,1764531749,nominal
72,0.5828331459454968,1764531749,nominal
73,0.5835582813100644,1764531749,nominal
74,0.584450221920221,1764531749,nominal
75,0.5855094816482136,1764531749,nominal
76,0.5865646115617593,1764531749,nominal
77,0.5876156192956806,1764531749,nominal
78,0.5886625125862053,1764531749,nominal
79,0.5897052992691215,1764531749,nominal
80,0.590743987277954,1764531749,nominal
81,0.5917410632124537,1764531749,nominal
82,0.5933331894856976,1764531749,nominal
83,0.5949196421768138,1764531749,nominal
84,0.5965004197233289,1764531749,nominal
85,0.5978995458113796,1764531749,nominal
86,0.5992929953722992,1764531749,nominal
87,0.6006807763228905,1764531749,nominal
88,0.601461617510785,1764531749,nominal
89,0.6022391277827968,1764531749,nominal
90,0.6030133173676728,1764531749,nominal
91,0.6038208133400644,1764531749,nominal
92,0.6046243615774176,1764531749,nominal
93,0.6054239779979388,1764531749,nominal
94,0.6062196785188918,1764531749,nominal
95,0.6071913783686361,1764531749,nominal
96,0.608159142940178,1764531749,nominal
97,0.609122981585632,1764531749,nominal
98,0.6106878327633053,1764531749,nominal
99,0.612246632627256,1764531749,nominal
100,0.613617003737329,1764531749,nominal
101,0.6151640922820696,1764531749,nominal
102,0.6167051440564313,1764531749,nominal
103,0.6182401634982846,1764531749,nominal
104,0.6197691553601771,1764531749,nominal
105,0.6212921247042975,1764531749,nominal
106,0.6226235427949712,1764531749,nominal
107,0.6239488565870722,1764531749,nominal
108,0.625081563070173,1764531749,nominal
109,0.6262081549056712,1764531749,nominal
110,0.6275161340734471,1764531749,nominal
111,0.6288180788902509,1764531749,nominal
112,0.6301140058709281,1764531749,nominal
113,0.6314039316952547,1764531749,nominal
114,0.6326878732035135,1764531749,nominal
115,0.6339658473921311,1764531749,nominal
116,0.6354282883343662,1764531749,nominal
117,0.6368848186320053,1764531749,nominal
118,0.638526875817124,1764531749,nominal
119,0.6401630850294496,1764531749,nominal
120,0.6417934454983206,1764531749,nominal
121,0.6434179567920576,1764531749,nominal
122,0.6450366188135028,1764531749,nominal
123,0.6466494317955831,1764531749,nominal
124,0.648256396296897,1764531749,nominal
125,0.649662542059775,1764531749,nominal
126,0.6510628437559395,1764531749,nominal
127,0.6524573118612026,1764531749,nominal
128,0.6538459570584252,1764531749,nominal
129,0.6552287902334917,1764531749,nominal
130,0.6566058224713236,1764531749,nominal
131,0.6579770650519372,1764531749,nominal
132,0.6593425294465421,1764531749,nominal
133,0.6607022273136826,1764531749,nominal
134,0.6620561704954186,1764531749,nominal
135,0.6636040200116075,1764531749,nominal
136,0.6651460702032742,1764531749,nominal
137,0.6666823250257358,1764531749,nominal
138,0.6682127887046402,1764531749,nominal
139,0.6697374657319646,1764531749,nominal
140,0.6712563608620393,1764531749,nominal
141,0.6725670062299998,1764531749,nominal
142,0.6738719888784782,1764531749,nominal
143,0.6745513101719213,1764531749,nominal
144,0.6752276281299844,1764531749,nominal
145,0.6759009535068751,1764531749,nominal
146,0.6763670417377072,1764531749,nominal
147,0.6766011206468495,1764531749,nominal
148,0.6768338186752927,1764531749,nominal
149,0.677065144572057,1764531749,nominal
150,0.6772951070282833,1764531749,nominal
151,0.6777288458769282,1764531749,nominal
152,0.6781605785023113,1764531749,nominal
153,0.6792115788532098,1764531749,nominal
154,0.6802577072613206,1764531749,nominal
155,0.6812989806931689,1764531749,nominal
156,0.6825419177398652,1764531749,nominal
157,0.6835952545724447,1764531749,nominal
158,0.6846450627707458,1764531749,nominal
159,0.6856913457488637,1764531749,nominal
160,0.6865261289675033,1764531749,nominal
161,0.6873577250436759,1764531749,nominal
162,0.6881861411521283,1764531749,nominal
163,0.689011384503865,1764531749,nominal
164,0.6898334623454572,1764531749,nominal
165,0.6906523819583571,1764531749,nominal
166,0.6914681506582185,1764531749,nominal
167,0.6926957537786257,1764531749,nominal
168,0.6937070370317368,1764531749,nominal
169,0.6947131055355469,1764531749,nominal
170,0.6959255692680634,1764531749,nominal
171,0.6971325854308255,1764531749,nominal
172,0.6983341702309415,1764531749,nominal
173,0.6995303399641831,1764531749,nominal
174,0.7007211110122781,1764531749,nominal
175,0.7019064998402411,1764531749,nominal
176,0.7030865229937423,1764531749,nominal
177,0.704261197096511,1764531749,nominal
178,0.7056453074696096,1764531749,nominal
179,0.7070238211242144,1764531749,nominal
180,0.7081811637322991,1764531749,nominal
181,0.7091172810381358,1764531749,nominal
182,0.7100484787377348,1764531749,nominal
183,0.7109747800018544,1764531749,nominal
184,0.7118962079585344,1764531749,nominal
185,0.7128127856917158,1764531749,nominal
186,0.7137245362398958,1764531749,nominal
187,0.7146314825948156,1764531749,nominal
188,0.7155336477001801,1764531749,nominal
189,0.7164310544504113,1764531749,nominal
190,0.7175428010538183,1764531749,nominal
191,0.7188689007165726,1764531749,nominal
192,0.7201895548290637,1764531749,nominal
193,0.7215047748714145,1764531749,nominal
194,0.7228145724612371,1764531749,nominal
195,0.7241189593508494,1764531749,nominal
196,0.725417947424521,1764531749,nominal
197,0.7267115486957502,1764531749,nominal
198,0.727999775304567,1764531749,nominal
199,0.7292826395148698,1764531749,nominal
200,0.7305601537117856,1764531749,nominal
201,0.7318323303990637,1764531749,nominal
202,0.7328755927435562,1764531749,nominal
203,0.7339139595417763,1764531749,nominal
204,0.7349474488073123,1764531749,nominal
205,0.7359760785709455,1764531749,nominal
206,0.7369998668790049,1764531749,nominal
207,0.7380188317917474,1764531749,nominal
208,0.7390329913817669,1764531749,nominal
209,0.740042363732429,1764531749,nominal
210,0.7410469669363333,1764531749,nominal
211,0.7420468190938021,1764531749,nominal
212,0.7432688394379345,1764531749,nominal
213,0.744485676580469,1764531749,nominal
214,0.7456973440357049,1764531749,nominal
215,0.7466759204526853,1764531749,nominal
216,0.7476498388234097,1764531749,nominal
217,0.7486191173502186,1764531749,nominal
218,0.7489545866646629,1764531749,nominal
219,0.7492884507238741,1764531749,nominal
220,0.7496207167829602,1764531749,nominal
221,0.7499513920691679,1764531749,nominal
222,0.7502804837819292,1764531749,nominal
223,0.7506079990929078,1764531749,nominal
224,0.7509339451460454,1764531749,nominal
225,0.7514887398023317,1764531749,nominal
226,0.7520413049460797,1764531749,nominal
227,0.752360732358919,1764531749,nominal
228,0.7533094391525758,1764531749,nominal
229,0.7542535880624573,1764531749,nominal
230,0.7551931974686856,1764531749,nominal
231,0.7561282857382398,1764531749,nominal
232,0.7570588712238061,1764531749,nominal
233,0.7579849722626489,1764531749,nominal
234,0.7589066071755052,1764531749,nominal
235,0.7598237942654988,1764531749,nominal
236,0.7607365518170774,1764531749,nominal
237,0.7618787642821936,1764531749,nominal
238,0.7630160117851947,1764531749,nominal
239,0.764148309030601,1764531749,nominal
240,0.7652756707801083,1764531749,nominal
241,0.766398111850764,1764531749,nominal
242,0.7675156471131654,1764531749,nominal
243,0.7686282914896828,1764531749,nominal
244,0.7697360599527059,1764531749,nominal
245,0.7708389675229129,1764531749,nominal
246,0.7719370292675639,1764531749,nominal
247,0.7730302602988164,1764531749,nominal
248,0.7741186757720631,1764531749,nominal
249,0.7752022908842944,1764531749,nominal
250,0.7762811208724806,1764531749,nominal
251,0.7773551810119779,1764531749,nominal
252,0.778424486614957,1764531749,nominal
253,0.779489053028851,1764531749,nominal
254,0.7805488956348287,1764531749,nominal
255,0.7816040298462849,1764531749,nominal
256,0.7826544711073564,1764531749,nominal
257,0.7837002348914558,1764531749,nominal
258,0.7847413366998278,1764531749,nominal
259,0.7857777920601258,1764531749,nominal
260,0.7868096165250089,1764531749,nominal
261,0.7878368256707592,1764531749,nominal
262,0.78885943509592,1764531749,nominal
263,0.7898774604199524,1764531749,nominal
264,0.7908909172819134,1764531749,nominal
265,0.7918998213391522,1764531749,nominal
266,0.7929041882660265,1764531749,nominal
267,0.7939040337526382,1764531749,nominal
268,0.7948993735035874,1764531749,nominal
269,0.7958902232367459,1764531749,nominal
270,0.7968765986820489,1764531749,nominal
271,0.7978585155803055,1764531749,nominal
272,0.798835989682027,1764531749,nominal
273,0.7998090367462739,1764531749,nominal
274,0.8007776725395201,1764531749,nominal
275,0.8017419128345351,1764531749,nominal
276,0.802701773409284,1764531749,nominal
277,0.8036572700458446,1764531749,nominal
278,0.8046084185293415,1764531749,nominal
279,0.8055552346468973,1764531749,nominal
280,0.8064977341866011,1764531749,nominal
281,0.8074359329364925,1764531749,nominal
282,0.8083698466835633,1764531749,nominal
283,0.8092994912127743,1764531749,nominal
284,0.8102248823060895,1764531749,nominal
285,0.8111460357415248,1764531749,nominal
286,0.8120629672922137,1764531749,nominal
287,0.8129756927254873,1764531749,nominal
288,0.8138842278019707,1764531749,nominal
289,0.8147885882746949,1764531749,nominal
290,0.8156887898882221,1764531749,nominal
291,0.816584848377788,1764531749,nominal
292,0.8174767794684566,1764531749,nominal
293,0.8183645988742916,1764531749,nominal
294,0.8192483222975411,1764531749,nominal
295,0.8201279654278358,1764531749,nominal
296,0.821003543941404,1764531749,nominal
297,0.8218750735002961,1764531749,nominal
298,0.8227425697516279,1764531749,nominal
299,0.8236060483268328,1764531749,nominal
300,0.8244655248409307,1764531749,nominal
301,0.8253210148918088,1764531749,nominal
302,0.8261725340595149,1764531749,nominal
303,0.827020097905565,1764531749,nominal
304,0.8278637219722628,1764531749,nominal
305,0.8287034217820322,1764531749,nominal
306,0.8295392128367617,1764531749,nominal
307,0.8303711106171616,1764531749,nominal
308,0.8311991305821341,1764531749,nominal
309,0.8320232881681529,1764531749,nominal
310,0.8328435987886575,1764531749,nominal
311,0.8336600778334581,1764531749,nominal
312,0.8344727406681518,1764531749,nominal
313,0.8352816026335494,1764531749,nominal
314,0.8360866790451165,1764531749,nominal
315,0.8368879851924221,1764531749,nominal
316,0.8376855363386005,1764531749,nominal
317,0.8384793477198232,1764531749,nominal
318,0.8392694345447821,1764531749,nominal
319,0.8400558119941821,1764531749,nominal
320,0.8408384952202461,1764531749,nominal
321,0.8416174993462278,1764531749,nominal
322,0.8421376819482046,1764531749,nominal
323,0.8426551287347139,1764531749,nominal
324,0.8431698541674719,1764531749,nominal
325,0.8434262401524659,1764531749,nominal
326,0.8436809086710352,1764531749,nominal
327,0.8439338726290402,1764531749,nominal
328,0.8441851448265563,1764531749,nominal
329,0.8444347379587568,1764531749,nominal
330,0.84468266461679,1764531749,nominal
331,0.8449289372886482,1764531749,nominal
332,0.8454301505942782,1764531749,nominal
333,0.8459287426367262,1764531749,nominal
334,0.8464247271790941,1764531749,nominal
335,0.8471752035010564,1764531749,nominal
336,0.8479221543289822,1764531749,nominal
337,0.8486655942156619,1764531749,nominal
338,0.8494055376824093,1764531749,nominal
339,0.8501419992186794,1764531749,nominal
340,0.850874993281695,1764531749,nominal
341,0.8516045342960828,1764531749,nominal
342,0.8523306366535172,1764531749,nominal
343,0.8530533147123709,1764531749,nominal
344,0.8537725827973768,1764531749,nominal
345,0.8544884551992941,1764531749,nominal
346,0.8552009461745853,1764531749,nominal
347,0.8559100699450993,1764531749,nominal
348,0.8566158406977628,1764531749,nominal
349,0.8573182725842781,1764531749,nominal
350,0.858017379720831,1764531749,nominal
351,0.8587131761878026,1764531749,nominal
352,0.8594056760294913,1764531749,nominal
353,0.8600948932538398,1764531749,nominal
354,0.8607808418321707,1764531749,nominal
355,0.8614635356989278,1764531749,nominal
356,0.8621429887514248,1764531749,nominal
357,0.8628192148496016,1764531749,nominal
358,0.8634922278157849,1764531749,nominal
359,0.864162041434458,1764531749,nominal
360,0.8648286694520353,1764531749,nominal
361,0.8654921255766437,1764531749,nominal
362,0.8661524234779107,1764531749,nominal
363,0.8668095767867581,1764531749,nominal
364,0.8674635990952013,1764531749,nominal
365,0.8681145039561563,1764531749,nominal
366,0.8687623048832511,1764531749,nominal
367,0.8694070153506429,1764531749,nominal
368,0.8700486487928426,1764531749,nominal
369,0.8706872186045427,1764531749,nominal
370,0.871322738140453,1764531749,nominal
371,0.8719552207151401,1764531749,nominal
372,0.8725846796028731,1764531749,nominal
373,0.8732111280374745,1764531749,nominal
374,0.8738345792121762,1764531749,nominal
375,0.8744550462794813,1764531749,nominal
376,0.8750725423510295,1764531749,nominal
377,0.8756870804974692,1764531749,nominal
378,0.8762986737483339,1764531749,nominal
379,0.8769073350919225,1764531749,nominal
380,0.8775130774751866,1764531749,nominal
381,0.8781159138036194,1764531749,nominal
382,0.8787158569411527,1764531749,nominal
383,0.8793129197100557,1764531749,nominal
384,0.8799071148908392,1764531749,nominal
385,0.8804984552221656,1764531749,nominal
386,0.8810869534007605,1764531749,nominal
387,0.8816726220813308,1764531749,nominal
388,0.8822554738764863,1764531749,nominal
389,0.8828355213566654,1764531749,nominal
390,0.8834127770500653,1764531749,nominal
391,0.8839872534425743,1764531749,nominal
392,0.8845589629777116,1764531749,nominal
393,0.8848616920326015,1764531749,nominal
394,0.8851627717959474,1764531749,nominal
395,0.8854622117350687,1764531749,nominal
396,0.8857600212599686,1764531749,nominal
397,0.8860562097236829,1764531749,nominal
398,0.8863507864226271,1764531749,nominal
399,0.8866437605969419,1764531749,nominal
400,0.8869351414308377,1764531749,nominal
401,0.8872249380529355,1764531749,nominal
402,0.8875131595366084,1764531749,nominal
403,0.888067073444897,1764531749,nominal
404,0.8886183203966865,1764531749,nominal
405,0.8891669123723539,1764531749,nominal
406,0.8897128613104296,1764531749,nominal
407,0.8902561791075658,1764531749,nominal
408,0.8907968776185102,1764531749,nominal
409,0.8913349686560816,1764531749,nominal
410,0.8918704639911493,1764531749,nominal
411,0.892403375352615,1764531749,nominal
412,0.8929337144273983,1764531749,nominal
413,0.8934614928604252,1764531749,nominal
414,0.8939867222546193,1764531749,nominal
415,0.8945094141708954,1764531749,nominal
416,0.8950295801281569,1764531749,nominal
417,0.8955472316032964,1764531749,nominal
418,0.8960623800311968,1764531749,nominal
419,0.8965750368047369,1764531749,nominal
420,0.8970852132748003,1764531749,nominal
421,0.8975929207502846,1764531749,nominal
422,0.8980981704981151,1764531749,nominal
423,0.8982553457929754,1764531749,nominal
424,0.8984118764384231,1764531749,nominal
425,0.898567764456329,1764531749,nominal
426,0.898723011867745,1764531749,nominal
427,0.8988776206928489,1764531749,nominal
428,0.8990315929508891,1764531749,nominal
429,0.8991849306601304,1764531749,nominal
430,0.8993376358378004,1764531749,nominal
431,0.8994897105000351,1764531749,nominal
432,0.8996411566618276,1764531749,nominal
433,0.9001392097233041,1764531749,nominal
434,0.9006348234753205,1764531749,nominal
435,0.9011280093262845,1764531749,nominal
436,0.9016187786393756,1764531749,nominal
437,0.9021071427326028,1764531749,nominal
438,0.9025931128788576,1764531749,nominal
439,0.9030767003059736,1764531749,nominal
440,0.9035579161967876,1764531749,nominal
441,0.9040367716892004,1764531749,nominal
442,0.9045132778762436,1764531749,nominal
443,0.9049874458061432,1764531749,nominal
444,0.9054592864823902,1764531749,nominal
445,0.9059288108638092,1764531749,nominal
446,0.9063960298646312,1764531749,nominal
447,0.9068609543545676,1764531749,nominal
448,0.907323595158884,1764531749,nominal
449,0.9077839630584792,1764531749,nominal
450,0.9082420687899636,1764531749,nominal
451,0.9086979230457384,1764531749,nominal
452,0.9091515364740804,1764531749,nominal
453,0.9096029196792228,1764531749,nominal
454,0.9100520832214414,1764531749,nominal
455,0.910499037617142,1764531749,nominal
456,0.910943793338948,1764531749,nominal
457,0.9113863608157898,1764531749,nominal
458,0.9118267504329954,1764531749,nominal
459,0.9122649725323836,1764531749,nominal
460,0.9127010374123574,1764531749,nominal
461,0.9131349553279984,1764531749,nominal
462,0.9135667364911634,1764531749,nominal
463,0.9139963910705822,1764531749,nominal
464,0.9144239291919556,1764531749,nominal
465,0.9148493609380554,1764531749,nominal
466,0.915272696348826,1764531749,nominal
467,0.9156939454214862,1764531749,nominal
468,0.9161131181106312,1764531749,nominal
469,0.9165302243283394,1764531749,nominal
470,0.916945273944275,1764531749,nominal
471,0.9173582767857966,1764531749,nominal
472,0.9177692426380628,1764531749,nominal
473,0.918178181244142,1764531749,nominal
474,0.9185851023051198,1764531749,nominal
475,0.9189900154802112,1764531749,nominal
476,0.9193929303868704,1764531749,nominal
477,0.9197938566009018,1764531749,nominal
478,0.9201928036565752,1764531749,nominal
479,0.920589781046737,1764531749,nominal
480,0.920984798222926,1764531749,nominal
481,0.9213778645954872,1764531749,nominal
482,0.9217689895336888,1764531749,nominal
483,0.922158182365838,1764531749,nominal
484,0.9225454523793992,1764531749,nominal
485,0.9229308088211108,1764531749,nominal
486,0.9233142608971036,1764531749,nominal
487,0.9236958177730218,1764531749,nominal
488,0.9240754885741412,1764531749,nominal
489,0.9244532823854908,1764531749,nominal
490,0.924829208251972,1764531749,nominal
491,0.9252032751784822,1764531749,nominal
492,0.9255754921300364,1764531749,nominal
493,0.9259458680318888,1764531749,nominal
494,0.9263144117696576,1764531749,nominal
495,0.9266811321894468,1764531749,nominal
496,0.927046038097972,1764531749,nominal
497,0.9274091382626836,1764531749,nominal
498,0.9277704414118928,1764531749,nominal
499,0.9281299562348966,1764531749,nominal
500,0.9284876913821029,1764531749,nominal
501,0.928843655465158,1764531749,nominal
502,0.929197857057072,1764531749,nominal
503,0.9295503046923468,1764531749,nominal
504,0.9299010068671012,1764531749,nominal
505,0.9302499720392016,1764531749,nominal
506,0.9305972086283868,1764531749,nominal
507,0.930942725016398,1764531749,nominal
508,0.9312865295471064,1764531749,nominal
509,0.9310195616990652,1764531749,nominal
510,0.9307537306347858,1764531749,nominal
511,0.9304890326512352,1764531749,nominal
512,0.929892866453516,1764531749,nominal
513,0.9292985826295306,1764531749,nominal
514,0.9287061825481538,1764531749,nominal
515,0.9281156674732678,1764531749,nominal
516,0.9275270385650124,1764531749,nominal
517,0.9269402968810282,1764531749,nominal
518,0.9263554433776936,1764531749,nominal
519,0.9263881182619528,1764531749,nominal
520,0.9264206212068222,1764531749,nominal
521,0.926452953126626,1764531749,nominal
522,0.9268224378055396,1764531749,nominal
523,0.9271900616126602,1764531749,nominal
524,0.9275558338410924,1764531749,nominal
525,0.9279197637397312,1764531749,nominal
526,0.9282818605134294,1764531749,nominal
527,0.928642133323164,1764531749,nominal
528,0.9290005912862056,1764531749,nominal
529,0.9293572434762836,1764531749,nominal
530,0.929712098923756,1764531749,nominal
531,0.9300651666157768,1764531749,nominal
532,0.930416455496463,1764531749,nominal
533,0.930765974467064,1764531749,nominal
534,0.9311137323861278,1764531749,nominal
535,0.9314597380696712,1764531749,nominal
536,0.9318040002913456,1764531749,nominal
537,0.9321465277826068,1764531749,nominal
538,0.9324873292328822,1764531749,nominal
539,0.9328264132897393,1764531749,nominal
540,0.933163788559052,1764531749,nominal
541,0.9334994636051708,1764531749,nominal
542,0.9338334469510892,1764531749,nominal
543,0.934165747078612,1764531749,nominal
544,0.9344963724285218,1764531749,nominal
545,0.9348253314007484,1764531749,nominal
546,0.9351526323545346,1764531749,nominal
547,0.935478283608604,1764531749,nominal
548,0.9358022934413284,1764531749,nominal
549,0.9361246700908942,1764531749,nominal
550,0.9364454217554696,1764531749,nominal
551,0.9367645565933715,1764531749,nominal
552,0.9370820827232316,1764531749,nominal
553,0.9373980082241616,1764531749,nominal
554,0.9377123411359216,1764531749,nominal
555,0.938025089459084,1764531749,nominal
556,0.9383362611552,1764531749,nominal
557,0.9386458641469644,1764531749,nominal
558,0.9389539063183812,1764531749,nominal
559,0.9392603955149286,1764531749,nominal
560,0.9395653395437232,1764531749,nominal
561,0.9398687461736844,1764531749,nominal
562,0.9401706231356988,1764531749,nominal
563,0.940470978122784,1764531749,nominal
564,0.9407698187902518,1764531749,nominal
565,0.9410671527558714,1764531749,nominal
566,0.9413629876000328,1764531749,nominal
567,0.9416573308659086,1764531749,nominal
568,0.9419501900596178,1764531749,nominal
569,0.9422415726503854,1764531749,nominal
570,0.9425314860707068,1764531749,nominal
571,0.942819937716506,1764531749,nominal
572,0.943106934947299,1764531749,nominal
573,0.9433924850863542,1764531749,nominal
574,0.9436765954208508,1764531749,nominal
575,0.94395927320204,1764531749,nominal
576,0.9442405256454052,1764531749,nominal
577,0.9445203599308192,1764531749,nominal
578,0.9447987832027042,1764531749,nominal
579,0.9450758025701902,1764531749,nominal
580,0.9453514251072722,1764531749,nominal
581,0.9456256578529688,1764531749,nominal
582,0.9458985078114778,1764531749,nominal
583,0.9461699819523344,1764531749,nominal
584,0.9464400872105672,1764531749,nominal
585,0.9467088304868534,1764531749,nominal
586,0.9469762186476752,1764531749,nominal
587,0.9472422585254744,1764531749,nominal
588,0.9475069569188068,1764531749,nominal
589,0.9477703205924972,1764531749,nominal
590,0.9480323562777924,1764531749,nominal
591,0.948293070672515,1764531749,nominal
592,0.9485524704412156,1764531749,nominal
593,0.9488105622153266,1764531749,nominal
594,0.9490673525933128,1764531749,nominal
595,0.9493228481408232,1764531749,nominal
596,0.9495770553908428,1764531749,nominal
597,0.949829980843843,1764531749,nominal
598,0.950081630967931,1764531749,nominal
599,0.950332012199,1764531749,nominal
600,0.9505811309408788,1764531749,nominal
601,0.9508289935654796,1764531749,nominal
602,0.9510756064129472,1764531749,nominal
603,0.9513209757918066,1764531749,nominal
604,0.9515651079791098,1764531749,nominal
605,0.9518080092205824,1764531749,nominal
606,0.952049685730772,1764531749,nominal
607,0.9522901436931906,1764531749,nominal
608,0.9525293892604636,1764531749,nominal
609,0.9527674285544722,1764531749,nominal
610,0.9530042676664984,1764531749,nominal
611,0.9532399126573696,1764531749,nominal
612,0.9534743695576006,1764531749,nominal
613,0.9537076443675384,1764531749,nominal
614,0.9539397430575032,1764531749,nominal
615,0.9541706715679298,1764531749,nominal
616,0.9544004358095112,1764531749,nominal
617,0.9546290416633368,1764531749,nominal
618,0.9548564949810352,1764531749,nominal
619,0.955082801584912,1764531749,nominal
620,0.9553079672680912,1764531749,nominal
621,0.9555319977946518,1764531749,nominal
622,0.9557548988997686,1764531749,nominal
623,0.9559766762898476,1764531749,nominal
624,0.9561973356426658,1764531749,nominal
625,0.9564168826075056,1764531749,nominal
626,0.9566353228052926,1764531749,nominal
627,0.9568526618287312,1764531749,nominal
628,0.95706890524244,1764531749,nominal
629,0.9572840585830856,1764531749,nominal
630,0.957498127359518,1764531749,nominal
631,0.9577111170529036,1764531749,nominal
632,0.9579230331168586,1764531749,nominal
633,0.9581338809775822,1764531749,nominal
634,0.958343666033988,1764531749,nominal
635,0.9585523936578358,1764531749,nominal
636,0.9587600691938636,1764531749,nominal
637,0.9589666979599168,1764531749,nominal
638,0.9591722852470796,1764531749,nominal
639,0.9593768363198036,1764531749,nominal
640,0.959580356416038,1764531749,nominal
641,0.9597828507473568,1764531749,nominal
642,0.9599843244990882,1764531749,nominal
643,0.9601847828304406,1764531749,nominal
644,0.9603842308746312,1764531749,nominal
645,0.9605826737390112,1764531749,nominal
646,0.9607801165051923,1764531749,nominal
647,0.960976564229173,1764531749,nominal
648,0.9611720219414612,1764531749,nominal
649,0.9613664946472018,1764531749,nominal
650,0.9615599873262972,1764531749,nominal
651,0.9617525049335328,1764531749,nominal
652,0.9619440523987006,1764531749,nominal
653,0.962134634626719,1764531749,nominal
654,0.9623242564977562,1764531749,nominal
655,0.9625129228673523,1764531749,nominal
656,0.962700638566538,1764531749,nominal
657,0.9628874084019564,1764531749,nominal
658,0.9630732371559828,1764531749,nominal
659,0.9632581295868436,1764531749,nominal
660,0.9634420904287342,1764531749,nominal
661,0.963625124391939,1764531749,nominal
662,0.9638072361629482,1764531749,nominal
663,0.9639884304045746,1764531749,nominal
664,0.9641687117560712,1764531749,nominal
665,0.9643480848332472,1764531749,nominal
666,0.964526554228583,1764531749,nominal
667,0.9647041245113468,1764531749,nominal
668,0.964880800227708,1764531749,nominal
669,0.9650565859008516,1764531749,nominal
670,0.965231486031093,1764531749,nominal
671,0.96540550509599,1764531749,nominal
672,0.965578647550456,1764531749,nominal
673,0.9657509178268718,1764531749,nominal
674,0.965922320335198,1764531749,nominal
675,0.966092859463086,1764531749,nominal
676,0.966262539575988,1764531749,nominal
677,0.9664313650172682,1764531749,nominal
678,0.966599340108312,1764531749,nominal
679,0.9667664691486358,1764531749,nominal
680,0.966932756415994,1764531749,nominal
681,0.96709820616649,1764531749,nominal
682,0.9672628226346814,1764531749,nominal
683,0.9674266100336892,1764531749,nominal
684,0.9675895725553036,1764531749,nominal
685,0.9677517143700898,1764531749,nominal
686,0.9679130396274954,1764531749,nominal
687,0.9680735524559544,1764531749,nominal
688,0.968233256962992,1764531749,nominal
689,0.968392157235331,1764531749,nominal
690,0.9685502573389924,1764531749,nominal
691,0.9687075613194018,1764531749,nominal
692,0.9688640732014908,1764531749,nominal
693,0.9690197969897996,1764531749,nominal
694,0.9691747366685796,1764531749,nominal
695,0.9693288962018944,1764531749,nominal
696,0.9694822795337208,1764531749,nominal
697,0.96963489058805,1764531749,nominal
698,0.9697867332689868,1764531749,nominal
699,0.9699378114608508,1764531749,nominal
700,0.970088129028273,1764531749,nominal
701,0.9702376898162978,1764531749,nominal
702,0.970386497650478,1764531749,nominal
703,0.970534556336976,1764531749,nominal
704,0.9706818696626576,1764531749,nominal
705,0.9708284413951912,1764531749,nominal
706,0.9709742752831436,1764531749,nominal
707,0.9711193750560771,1764531749,nominal
708,0.9712637444246424,1764531749,nominal
709,0.9714073870806758,1764531749,nominal
710,0.9715503066972936,1764531749,nominal
711,0.9716925069289858,1764531749,nominal
712,0.97183399141171,1764531749,nominal
713,0.9719747637629842,1764531749,nominal
714,0.9721148275819808,1764531749,nominal
715,0.972254186449618,1764531749,nominal
716,0.972392843928652,1764531749,nominal
717,0.9725308035637692,1764531749,nominal
718,0.9726680688816756,1764531749,nominal
719,0.9728046433911894,1764531749,nominal
720,0.9729405305833302,1764531749,nominal
721,0.9730757339314092,1764531749,nominal
722,0.9732102568911176,1764531749,nominal
723,0.9733441029006163,1764531749,nominal
724,0.9734772753806256,1764531749,nominal
725,0.9736097777345104,1764531749,nominal
726,0.9737416133483702,1764531749,nominal
727,0.9738727855911254,1764531749,nominal
728,0.9740032978146048,1764531749,nominal
729,0.9741331533536304,1764531749,nominal
730,0.9742623555261052,1764531749,nominal
731,0.974390907633098,1764531749,nominal
732,0.974518812958928,1764531749,nominal
733,0.97464607477125,1764531749,nominal
734,0.9747726963211398,1764531749,nominal
735,0.9748986808431755,1764531749,nominal
736,0.9750240315555238,1764531749,nominal
737,0.9751487516600208,1764531749,nominal
738,0.975272844342256,1764531749,nominal
739,0.9753963127716552,1764531749,nominal
740,0.9755191601015596,1764531749,nominal
741,0.9756413894693104,1764531749,nominal
742,0.9757630039963284,1764531749,nominal
743,0.9758840067881948,1764531749,nominal
744,0.9760044009347312,1764531749,nominal
745,0.9761241895100796,1764531749,nominal
746,0.9762433755727832,1764531749,nominal
747,0.9763619621658636,1764531749,nominal
748,0.9764799523169,1764531749,nominal
749,0.9765973490381088,1764531749,nominal
750,0.9767141553264198,1764531749,nominal
751,0.976830374163555,1764531749,nominal
752,0.9769460085161054,1764531749,nominal
753,0.9770610613356068,1764531749,nominal
754,0.9771755355586188,1764531749,nominal
755,0.9772894341067976,1764531749,nominal
756,0.9774027598869738,1764531749,nominal
757,0.9775155157912276,1764531749,nominal
758,0.9776277046969626,1764531749,nominal
759,0.9777393294669812,1764531749,nominal
760,0.9778503929495588,1764531749,nominal
761,0.9779608979785172,1764531749,nominal
762,0.9780708473732976,1764531749,nominal
763,0.9781802439390356,1764531749,nominal
764,0.9782890904666312,1764531749,nominal
765,0.9783973897328236,1764531749,nominal
766,0.9785051445002614,1764531749,nominal
767,0.9786123575175756,1764531749,nominal
768,0.9787190315194494,1764531749,nominal
769,0.9788251692266908,1764531749,nominal
770,0.978930773346302,1764531749,nominal
771,0.9790358465715496,1764531749,nominal
772,0.9791403915820356,1764531749,nominal
773,0.9792444110437648,1764531749,nominal
774,0.9793479076092172,1764531749,nominal
775,0.9794508839174128,1764531749,nominal
776,0.979553342593984,1764531749,nominal
777,0.97965528625124,1764531749,nominal
778,0.9797567174882384,1764531749,nominal
779,0.9798576388908492,1764531749,nominal
780,0.9799580530318248,1764531749,nominal
781,0.9800579624708646,1764531749,nominal
782,0.9801573697546824,1764531749,nominal
783,0.9802562774170722,1764531749,nominal
784,0.9803546879789746,1764531749,nominal
785,0.9804526039485416,1764531749,nominal
786,0.9805500278212022,1764531749,nominal
787,0.980646962079726,1764531749,nominal
788,0.9807434091942898,1764531749,nominal
789,0.9808393716225398,1764531749,nominal
790,0.9809348518096564,1764531749,nominal
791,0.9810298521884168,1764531749,nominal
792,0.9811243751792598,1764531749,nominal
793,0.9812184231903468,1764531749,nominal
794,0.9813119986176256,1764531749,nominal
795,0.9814051038448924,1764531749,nominal
796,0.9814977412438534,1764531749,nominal
797,0.9815899131741858,1764531749,nominal
798,0.9816816219836008,1764531749,nominal
799,0.9817728700079034,1764531749,nominal
800,0.9818636595710524,1764531749,nominal
801,0.9819539929852228,1764531749,nominal
802,0.9820438725508642,1764531749,nominal
803,0.9821333005567606,1764531749,nominal
804,0.9822222792800908,1764531749,nominal
805,0.9823108109864866,1764531749,nominal
806,0.9823988979300928,1764531749,nominal
807,0.982486542353624,1764531749,nominal
808,0.9825737464884244,1764531749,nominal
809,0.9826605125545256,1764531749,nominal
810,0.9827468427607032,1764531749,nominal
811,0.9828327393045354,1764531749,nominal
812,0.9829182043724596,1764531749,nominal
813,0.983003240139828,1764531749,nominal
814,0.9830878487709666,1764531749,nominal
815,0.9831720324192296,1764531749,nominal
816,0.983255793227056,1764531749,nominal
817,0.983339133326024,1764531749,nominal
818,0.9834220548369093,1764531749,nominal
819,0.9835045598697362,1764531749,nominal
820,0.983586650523836,1764531749,nominal
821,0.9836683288878996,1764531749,nominal
822,0.9837495970400316,1764531749,nominal
823,0.9838304570478056,1764531749,nominal
824,0.9839109109683166,1764531749,nominal
825,0.9839909608482352,1764531749,nominal
826,0.9840706087238608,1764531749,nominal
827,0.9841498566211736,1764531749,nominal
828,0.9842287065558876,1764531749,nominal
829,0.984307160533504,1764531749,nominal
830,0.984385220549362,1764531749,nominal
831,0.9844628885886908,1764531749,nominal
832,0.9845401666266618,1764531749,nominal
833,0.984617056628439,1764531749,nominal
834,0.9846935605492309,1764531749,nominal
835,0.9844681372288714,1764531749,nominal
836,0.9842435106740844,1764531749,nominal
837,0.9840196799485902,1764531749,nominal
838,0.983796644094338,1764531749,nominal
839,0.983574402131816,1764531749,nominal
840,0.9833529530603587,1764531749,nominal
841,0.9831322958584522,1764531749,nominal
842,0.982912429484036,1764531749,nominal
843,0.9826933528748047,1764531749,nominal
844,0.982475064948504,1764531749,nominal
845,0.98256283694234,1764531749,nominal
846,0.9826501629688326,1764531749,nominal
847,0.9827370453262028,1764531749,nominal
848,0.9828234863005368,1764531749,nominal
849,0.9829094881658516,1764531749,nominal
850,0.9826901241606206,1764531749,nominal
851,0.98216582238087,1764531749,nominal
852,0.9813357157529188,1764531749,nominal
853,0.9801976571499856,1764531749,nominal
854,0.9787482314655908,1764531749,nominal
855,0.976982764981064,1764531749,nominal
856,0.9748953324457654,1764531749,nominal
857,0.972478762374278,1764531749,nominal
858,0.9700246934182198,1764531749,nominal
859,0.9672256879337272,1764531749,nominal
860,0.9647071762406272,1764531749,nominal
861,0.9624736599076272,1764531749,nominal
862,0.960221824563414,1764531749,nominal
863,0.958294322577482,1764531749,nominal
864,0.9566654146534758,1764531749,nominal
865,0.9553389814536846,1764531749,nominal
866,0.9543189853683304,1764531749,nominal
867,0.9536094934150328,1764531749,nominal
868,0.9528958220139854,1764531749,nominal
869,0.9524987834166128,1764531749,nominal
870,0.9520998817721628,1764531749,nominal
871,0.9516991176157138,1764531749,nominal
872,0.951623323178182,1764531749,nominal
873,0.9515092884788592,1764531749,nominal
874,0.951395639695824,1764531749,nominal
875,0.9509485638368324,1764531749,nominal
876,0.9504989197148788,1764531749,nominal
877,0.9500871108088684,1764531749,nominal
878,0.9496734248877357,1764531749,nominal
879,0.9492578629012308,1764531749,nominal
880,0.9488404258483416,1764531749,nominal
881,0.94842111477736,1764531749,nominal
882,0.9479999307859488,1764531749,nominal
883,0.9475768750212062,1764531749,nominal
884,0.9471519486797334,1764531749,nominal
885,0.9470797238354418,1764531749,nominal
886,0.9470080953580204,1764531749,nominal
887,0.9468930349973682,1764531749,nominal
888,0.9467783814167632,1764531749,nominal
889,0.9466641341720368,1764531749,nominal
890,0.9465502928047352,1764531749,nominal
891,0.946436856842336,1764531749,nominal
892,0.9463238257984586,1764531749,nominal
893,0.9462111991730756,1764531749,nominal
894,0.9460989764527208,1764531749,nominal
895,0.9459871571106976,1764531749,nominal
896,0.945875740607282,1764531749,nominal
897,0.9457647263899256,1764531749,nominal
898,0.9456541138934578,1764531749,nominal
899,0.9455439025402834,1764531749,nominal
900,0.9454340917405816,1764531749,nominal
901,0.9453246808924984,1764531749,nominal
902,0.945215669382343,1764531749,nominal
903,0.945107056584778,1764531749,nominal
904,0.944998841863009,1764531749,nominal
905,0.944891024568972,1764531749,nominal
906,0.9447836040435212,1764531749,nominal
907,0.9446765796166104,1764531749,nominal
908,0.944569950607478,1764531749,nominal
909,0.9444637163248256,1764531749,nominal
910,0.9443578760669968,1764531749,nominal
911,0.944252429122156,1764531749,nominal
912,0.94414737476846,1764531749,nominal
913,0.9440427122742348,1764531749,nominal
914,0.9435277314501408,1764531749,nominal
915,0.94300974119772,1764531749,nominal
916,0.9424887364099908,1764531749,nominal
917,0.9419647120291972,1764531749,nominal
918,0.9414376630470032,1764531749,nominal
919,0.9409075845046933,1764531749,nominal
920,0.9403744714933676,1764531749,nominal
921,0.9398383191541456,1764531749,nominal
922,0.9392991226783676,1764531749,nominal
923,0.9387568773077992,1764531749,nominal
924,0.9386492293117602,1764531749,nominal
925,0.9385419932375916,1764531749,nominal
926,0.9384351681699924,1764531749,nominal
927,0.9383287531855948,1764531749,nominal
928,0.9382227473531196,1764531749,nominal
929,0.938117149733536,1764531749,nominal
930,0.938011959380214,1764531749,nominal
931,0.937907175339082,1764531749,nominal
932,0.9378027966487744,1764531749,nominal
933,0.9376988223407836,1764531749,nominal
934,0.9375952514396084,1764531749,nominal
935,0.9374920829629,1764531749,nominal
936,0.9373893159216072,1764531749,nominal
937,0.93728694932012,1764531749,nominal
938,0.9371849821564096,1764531749,nominal
939,0.9370834134221716,1764531749,nominal
940,0.936982242102961,1764531749,nominal
941,0.9368814671783298,1764531749,nominal
942,0.936781087621964,1764531749,nominal
943,0.9366811024018136,1764531749,nominal
944,0.936581510480228,1764531749,nominal
945,0.9364823108140836,1764531749,nominal
946,0.9363835023549152,1764531749,nominal
947,0.9362850840490397,1764531749,nominal
948,0.9361870548376848,1764531749,nominal
949,0.9360894136571126,1764531749,nominal
950,0.9359921594387408,1764531749,nominal
951,0.9358952911092644,1764531749,nominal
952,0.9357988075907776,1764531749,nominal
953,0.9357027078008872,1764531749,nominal
954,0.9356069906528344,1764531749,nominal
955,0.9355116550556064,1764531749,nominal
956,0.9354837209914116,1764531749,nominal
957,0.9354563986070014,1764531749,nominal
958,0.9354296869262312,1764531749,nominal
959,0.9354035849696488,1764531749,nominal
960,0.9353780917545348,1764531749,nominal
961,0.9353532062949368,1764531749,nominal
962,0.9353289276017084,1764531749,nominal
963,0.9353052546825408,1764531749,nominal
964,0.935282186541998,1764531749,nominal
965,0.935259722181548,1764531749,nominal
966,0.9352378605995962,1764531749,nominal
967,0.935216600791512,1764531749,nominal
968,0.9351959417496616,1764531749,nominal
969,0.9351758824634324,1764531749,nominal
970,0.935156421919263,1764531749,nominal
971,0.9351375591006672,1764531749,nominal
972,0.935119292988259,1764531749,nominal
973,0.9351016225597776,1764531749,nominal
974,0.9350845467901084,1764531749,nominal
975,0.935068064651306,1764531749,nominal
976,0.9349804719839772,1764531749,nominal
977,0.9348932343505588,1764531749,nominal
978,0.9348063506191392,1764531749,nominal
979,0.934719819655601,1764531749,nominal
980,0.934633640323706,1764531749,nominal
981,0.9345478114851804,1764531749,nominal
982,0.9344623319997988,1764531749,nominal
983,0.9343772007254664,1764531749,nominal
984,0.9342924165182998,1764531749,nominal
985,0.9342079782327084,1764531749,nominal
986,0.9341238847214716,1764531749,nominal
987,0.934040134835819,1764531749,nominal
988,0.933309703390555,1764531749,nominal
989,0.9325754079648536,1764531749,nominal
990,0.931837248221799,1764531749,nominal
991,0.93109522391683,1764531749,nominal
992,0.9303493348979476,1764531749,nominal
993,0.929599581105917,1764531749,nominal
994,0.9288459625744768,1764531749,nominal
995,0.92808847943054,1764531749,nominal
996,0.9273271318944012,1764531749,nominal
997,0.926561920279942,1764531749,nominal
998,0.9264745107557396,1764531749,nominal
999,0.926387464276902,1764531749,nominal
1000,0.9263007795605562,1764531749,nominal
1001,0.9262144553233654,1764531749,nominal
1002,0.9261284902815964,1764531749,nominal
1003,0.9260428831511872,1764531749,nominal
1004,0.9259576326478116,1764531749,nominal
1005,0.9258727374869477,1764531749,nominal
1006,0.9257881963839372,1764531749,nominal
1007,0.9257040080540548,1764531749,nominal
1008,0.9256201712125632,1764531749,nominal
1009,0.9255366845747804,1764531749,nominal
1010,0.9254535468561356,1764531749,nominal
1011,0.9253707567722308,1764531749,nominal
1012,0.9252883130388996,1764531749,nominal
1013,0.9252062143722628,1764531749,nominal
1014,0.9251244594887864,1764531749,nominal
1015,0.9250430471053352,1764531749,nominal
1016,0.9249619759392312,1764531749,nominal
1017,0.9248812447083032,1764531749,nominal
1018,0.9248008521309437,1764531749,nominal
1019,0.9247207969261576,1764531749,nominal
1020,0.924641077813616,1764531749,nominal
1021,0.9245616935137048,1764531749,nominal
1022,0.924482642747576,1764531749,nominal
1023,0.9244039242371946,1764531749,nominal
1024,0.9243255367053886,1764531749,nominal
1025,0.9242474788758946,1764531749,nominal
1026,0.9241697494734044,1764531749,nominal
1027,0.9240923472236112,1764531749,nominal
1028,0.9240152708532536,1764531749,nominal
1029,0.9239385190901604,1764531749,nominal
1030,0.9238620906632928,1764531749,nominal
1031,0.923785984302788,1764531749,nominal
1032,0.9237101987399998,1764531749,nominal
1033,0.9236347327075424,1764531749,nominal
1034,0.9235595849393248,1764531749,nominal
1035,0.9234847541705976,1764531749,nominal
1036,0.9234102391379868,1764531749,nominal
1037,0.9233360385795336,1764531749,nominal
1038,0.9232621512347324,1764531749,nominal
1039,0.9231885758445656,1764531749,nominal
1040,0.9231153111515424,1764531749,nominal
1041,0.9230423558997328,1764531749,nominal
1042,0.9229697088348012,1764531749,nominal
1043,0.9228973687040444,1764531749,nominal
1044,0.9228253342564186,1764531749,nominal
1045,0.9227536042425796,1764531749,nominal
1046,0.9226821774149097,1764531749,nominal
1047,0.9226110525275516,1764531749,nominal
1048,0.922540228336438,1764531749,nominal
1049,0.9224697035993232,1764531749,nominal
1050,0.9223994770758132,1764531749,nominal
1051,0.9223295475273928,1764531749,nominal
1052,0.9222599137174556,1764531749,nominal
1053,0.9221905744113328,1764531749,nominal
1054,0.9221215283763174,1764531749,nominal
1055,0.922052774381696,1764531749,nominal
1056,0.9219843111987704,1764531749,nominal
1057,0.921916137600886,1764531749,nominal
1058,0.9218482523634552,1764531749,nominal
1059,0.9217806542639844,1764531749,nominal
1060,0.921713342082097,1764531749,nominal
1061,0.9216463145995551,1764531749,nominal
1062,0.9215795706002862,1764531749,nominal
1063,0.9215131088704016,1764531749,nominal
1064,0.9214469281982234,1764531749,nominal
1065,0.9213810273743012,1764531749,nominal
1066,0.9213154051914356,1764531749,nominal
1067,0.9212500604446988,1764531749,nominal
1068,0.921184991931455,1764531749,nominal
1069,0.9211201984513792,1764531749,nominal
1070,0.9210556788064752,1764531749,nominal
1071,0.920991431801096,1764531749,nominal
1072,0.9209274562419628,1764531749,nominal
1073,0.9208637509381812,1764531749,nominal
1074,0.920800314701258,1764531749,nominal
1075,0.9207371463451196,1764531749,nominal
1076,0.9197257718112234,1764531749,nominal
1077,0.9176356610222448,1764531749,nominal
1078,0.915546700768763,1764531749,nominal
1079,0.913458965687036,1764531749,nominal
1080,0.9113725296636124,1764531749,nominal
1081,0.9092874658344404,1764531749,nominal
1082,0.9072038465841312,1764531749,nominal
1083,0.9051217435453772,1764531749,nominal
1084,0.9030412275985216,1764531749,nominal
1085,0.900962368871275,1764531749,nominal
1086,0.8998035684857211,1764531749,nominal
1087,0.8997298026159672,1764531749,nominal
1088,0.8996563566293705,1764531749,nominal
1089,0.8984816075326258,1764531749,nominal
1090,0.8973025273575953,1764531749,nominal
1091,0.8961191307262554,1764531749,nominal
1092,0.8949314323974435,1764531749,nominal
1093,0.8937394472664063,1764531749,nominal
1094,0.8925431903643448,1764531749,nominal
1095,0.8913426768579475,1764531749,nominal
1096,0.8901379220489201,1764531749,nominal
1097,0.8889289413735061,1764531749,nominal
1098,0.8877157504020001,1764531749,nominal
1099,0.8876397463838607,1764531749,nominal
1100,0.8875640756352842,1764531749,nominal
1101,0.8874887366221439,1764531749,nominal
1102,0.8874137278146775,1764531749,nominal
1103,0.8873390476874903,1764531749,nominal
1104,0.8872646947195619,1764531749,nominal
1105,0.8871906673942505,1764531749,nominal
1106,0.8871169641992966,1764531749,nominal
1107,0.8870435836268277,1764531749,nominal
1108,0.8869705241733631,1764531749,nominal
1109,0.8868977843398131,1764531749,nominal
1110,0.8868253626314876,1764531749,nominal
1111,0.8867532575580949,1764531749,nominal
1112,0.8866814676337437,1764531749,nominal
1113,0.886609991376948,1764531749,nominal
1114,0.8865388273106254,1764531749,nominal
1115,0.8864679739621003,1764531749,nominal
1116,0.8863974298631057,1764531749,nominal
1117,0.8863271935497802,1764531749,nominal
1118,0.8862572635626711,1764531749,nominal
1119,0.8861876384467359,1764531749,nominal
1120,0.8861183167513399,1764531749,nominal
1121,0.8860492970302527,1764531749,nominal
1122,0.8859805778416538,1764531749,nominal
1123,0.885912157748127,1764531749,nominal
1124,0.8858440353166599,1764531749,nominal
1125,0.8857762091186433,1764531749,nominal
1126,0.8857086777298663,1764531749,nominal
1127,0.8856414397305193,1764531749,nominal
1128,0.8855744937051849,1764531749,nominal
1129,0.8855078382428412,1764531749,nominal
1130,0.8854414719368545,1764531749,nominal
1131,0.8853753933849778,1764531749,nominal
1132,0.8853096011893486,1764531749,nominal
1133,0.8852440939564823,1764531749,nominal
1134,0.885178870297269,1764531749,nominal
1135,0.8851139288269719,1764531749,nominal
1136,0.8850492681652187,1764531749,nominal
1137,0.8849848869360003,1764531749,nominal
1138,0.8849207837676635,1764531749,nominal
1139,0.8848569572929069,1764531749,nominal
1140,0.8847934061487772,1764531749,nominal
1141,0.8847301289766597,1764531749,nominal
1142,0.884667124422277,1764531749,nominal
1143,0.8846043911356782,1764531749,nominal
1144,0.8845419277712375,1764531749,nominal
1145,0.8844797329876442,1764531749,nominal
1146,0.8844178054478987,1764531749,nominal
1147,0.8843561438193029,1764531749,nominal
1148,0.8842947467734558,1764531749,nominal
1149,0.884233612986246,1764531749,nominal
1150,0.8841727411378429,1764531749,nominal
1151,0.8841121299126904,1764531749,nominal
1152,0.8840517779994972,1764531749,nominal
1153,0.8839916840912334,1764531749,nominal
1154,0.8839318468851164,1764531749,nominal
1155,0.8838722650826086,1764531749,nominal
1156,0.8838129373894048,1764531749,nominal
1157,0.883753862515425,1764531749,nominal
1158,0.8836950391748064,1764531749,nominal
1159,0.8836364660858936,1764531749,nominal
1160,0.8835781419712305,1764531749,nominal
1161,0.8835200655575502,1764531749,nominal
1162,0.883462235575764,1764531749,nominal
1163,0.8834046507609579,1764531749,nominal
1164,0.8833473098523771,1764531749,nominal
1165,0.883290211593416,1764531749,nominal
1166,0.8832333547316145,1764531749,nominal
1167,0.8831767380186422,1764531749,nominal
1168,0.8831203602102893,1764531749,nominal
1169,0.8830642200664572,1764531749,nominal
1170,0.8830083163511483,1764531749,nominal
1171,0.8829526478324567,1764531749,nominal
1172,0.8828972132825533,1764531749,nominal
1173,0.882842011477678,1764531749,nominal
1174,0.8827870411981315,1764531749,nominal
1175,0.8827323012282566,1764531749,nominal
1176,0.8826777903564345,1764531749,nominal
1177,0.8826235073750692,1764531749,nominal
1178,0.8825694510805799,1764531749,nominal
1179,0.8825156202733854,1764531749,nominal
1180,0.8824620137578945,1764531749,nominal
1181,0.8824086303424947,1764531749,nominal
1182,0.8823554688395399,1764531749,nominal
1183,0.8823025280653364,1764531749,nominal
1184,0.8822498068401361,1764531749,nominal
1185,0.8821973039881197,1764531749,nominal
1186,0.8821450183373873,1764531749,nominal
1187,0.8820929487199423,1764531749,nominal
1188,0.8820410939716856,1764531749,nominal
1189,0.8819894529323972,1764531749,nominal
1190,0.8819380244457244,1764531749,nominal
1191,0.8818868073591719,1764531749,nominal
1192,0.8818358005240896,1764531749,nominal
1193,0.8817850027956552,1764531749,nominal
1194,0.8817344130328645,1764531749,nominal
1195,0.8816840300985181,1764531749,nominal
1196,0.8816338528592076,1764531749,nominal
1197,0.8815838801853065,1764531749,nominal
1198,0.8815341109509515,1764531749,nominal
1199,0.8814845440340294,1764531749,nominal
1200,0.8814351783161678,1764531749,nominal
1201,0.8813860126827225,1764531749,nominal
1202,0.881337046022756,1764531749,nominal
1203,0.8812882772290334,1764531749,nominal
1204,0.8812397051980014,1764531749,nominal
1205,0.8811913288297814,1764531749,nominal
1206,0.8811431470281509,1764531749,nominal
1207,0.8810951587005298,1764531749,nominal
1208,0.8810473627579707,1764531749,nominal
1209,0.8809997581151393,1764531749,nominal
1210,0.8809523436903074,1764531749,nominal
1211,0.8809051184053304,1764531749,nominal
1212,0.8808580811856411,1764531749,nominal
1213,0.8808112309602318,1764531749,nominal
1214,0.8807645666616399,1764531749,nominal
1215,0.880718087225934,1764531749,nominal
1216,0.8806717915927026,1764531749,nominal
1217,0.8806256787050343,1764531749,nominal
1218,0.8805797475095086,1764531749,nominal
1219,0.8805339969561783,1764531749,nominal
1220,0.8804884259985576,1764531749,nominal
1221,0.8804430335936033,1764531749,nominal
1222,0.8803978187017075,1764531749,nominal
1223,0.8803527802866756,1764531749,nominal
1224,0.8803079173157154,1764531749,nominal
1225,0.8802632287594233,1764531749,nominal
1226,0.8802187135917658,1764531749,nominal
1227,0.880174370790071,1764531749,nominal
1228,0.880130199335005,1764531749,nominal
1229,0.8800861982105674,1764531749,nominal
1230,0.8800423664040676,1764531749,nominal
1231,0.8799987029061173,1764531749,nominal
1232,0.8799552067106077,1764531749,nominal
1233,0.8799118768147045,1764531749,nominal
1234,0.8798687122188206,1764531749,nominal
1235,0.8798257119266134,1764531749,nominal
1236,0.8797828749449625,1764531749,nominal
1237,0.8797402002839567,1764531749,nominal
1238,0.8796976869568804,1764531749,nominal
1239,0.879655333980191,1764531749,nominal
1240,0.8796131403735198,1764531749,nominal
1241,0.8795711051596365,1764531749,nominal
1242,0.879529227364453,1764531749,nominal
1243,0.8794875060169937,1764531749,nominal
1244,0.8794459401493885,1764531749,nominal
1245,0.8794045287968573,1764531749,nominal
1246,0.8793632709976915,1764531749,nominal
1247,0.8793221657932374,1764531749,nominal
1248,0.8792812122278875,1764531749,nominal
1249,0.879240409349059,1764531749,nominal
1250,0.879199756207184,1764531749,nominal
1251,0.8791592518556881,1764531749,nominal
1252,0.8791188953509809,1764531749,nominal
1253,0.8790786857524338,1764531749,nominal
1254,0.8790386221223732,1764531749,nominal
1255,0.8789987035260588,1764531749,nominal
1256,0.8789589290316723,1764531749,nominal
1257,0.8789192977102913,1764531749,nominal
1258,0.8788798086358964,1764531749,nominal
1259,0.8788404608853304,1764531749,nominal
1260,0.8788012535383013,1764531749,nominal
1261,0.8787621856773528,1764531749,nominal
1262,0.8787232563878653,1764531749,nominal
1263,0.8786844647580238,1764531749,nominal
1264,0.8786458098788106,1764531749,nominal
1265,0.8786072908439935,1764531749,nominal
1266,0.8785689067500997,1764531749,nominal
1267,0.8785306566964132,1764531749,nominal
1268,0.8784925397849455,1764531749,nominal
1269,0.8784545551204356,1764531749,nominal
1270,0.8784167018103156,1764531749,nominal
1271,0.8783789789647144,1764531749,nominal
1272,0.8783413856964339,1764531749,nominal
1273,0.8783039211209241,1764531749,nominal
1274,0.8782665843562869,1764531749,nominal
1275,0.8782293745232448,1764531749,nominal
1276,0.8781922907451282,1764531749,nominal
1277,0.8781553321478716,1764531749,nominal
1278,0.8781184978599812,1764531749,nominal
1279,0.8780817870125293,1764531749,nominal
1280,0.8780451987391393,1764531749,nominal
1281,0.8780087321759628,1764531749,nominal
1282,0.8779723864616749,1764531749,nominal
1283,0.8779361607374465,1764531749,nominal
1284,0.877900054146941,1764531749,nominal
1285,0.8778640658362872,1764531749,nominal
1286,0.8778281949540716,1764531749,nominal
1287,0.8777924406513219,1764531749,nominal
1288,0.8777568020814888,1764531749,nominal
1289,0.8777212784004328,1764531749,nominal
1290,0.8776858687664046,1764531749,nominal
1291,0.8776505723400362,1764531749,nominal
1292,0.8776153882843231,1764531749,nominal
1293,0.8775803157646036,1764531749,nominal
1294,0.8775453539485475,1764531749,nominal
1295,0.8775105020061442,1764531749,nominal
1296,0.8774757591096819,1764531749,nominal
1297,0.8774411244337321,1764531749,nominal
1298,0.8774065971551361,1764531749,nominal
1299,0.8773721764529919,1764531749,nominal
1300,0.8773378615086308,1764531749,nominal
1301,0.877303651505613,1764531749,nominal
1302,0.877269545629701,1764531749,nominal
1303,0.8772355430688525,1764531749,nominal
1304,0.8772016430132022,1764531749,nominal
1305,0.8771678446550424,1764531749,nominal
1306,0.8771341471888152,1764531749,nominal
1307,0.8771005498110902,1764531749,nominal
1308,0.8770670517205535,1764531749,nominal
1309,0.8770336521179894,1764531749,nominal
1310,0.8770003502062671,1764531749,nominal
1311,0.8769671451903239,1764531749,nominal
1312,0.8769340362771537,1764531749,nominal
1313,0.8769010226757801,1764531749,nominal
1314,0.8768681035972565,1764531749,nominal
1315,0.8768352782546439,1764531749,nominal
1316,0.8768025458629871,1764531749,nominal
1317,0.8767699056393178,1764531749,nominal
1318,0.8767373568026191,1764531749,nominal
1319,0.8767048985738257,1764531749,nominal
1320,0.8766725301758035,1764531749,nominal
1321,0.8766402508333272,1764531749,nominal
1322,0.8766080597730768,1764531749,nominal
1323,0.8765759562236163,1764531749,nominal
1324,0.8765439394153755,1764531749,nominal
1325,0.8765120085806399,1764531749,nominal
1326,0.876480162953535,1764531749,nominal
1327,0.8764484017700068,1764531749,nominal
1328,0.8764167242678136,1764531749,nominal
1329,0.8763851296864993,1764531749,nominal
1330,0.8763536172673936,1764531749,nominal
1331,0.8763221862535818,1764531749,nominal
1332,0.8762908358898994,1764531749,nominal
1333,0.8762595654229136,1764531749,nominal
1334,0.8762283741009105,1764531749,nominal
1335,0.8761972611738709,1764531749,nominal
1336,0.876166225893471,1764531749,nominal
1337,0.8761352675130496,1764531749,nominal
1338,0.8761043852876051,1764531749,nominal
1339,0.8760735784737785,1764531749,nominal
1340,0.8760428463298324,1764531749,nominal
1341,0.8760121881156462,1764531749,nominal
1342,0.8759816030926867,1764531749,nominal
1343,0.8759510905240024,1764531749,nominal
1344,0.8759206496742167,1764531749,nominal
1345,0.8758902798094907,1764531749,nominal
1346,0.8758599801975272,1764531749,nominal
1347,0.8758297501075458,1764531749,nominal
1348,0.8757995888102731,1764531749,nominal
1349,0.8757694955779256,1764531749,nominal
1350,0.8757394696841906,1764531749,nominal
1351,0.8757095104042235,1764531749,nominal
1352,0.8756796170146102,1764531749,nominal
1353,0.8756497887933845,1764531749,nominal
1354,0.8756200250199772,1764531749,nominal
1355,0.8755903249752349,1764531749,nominal
1356,0.8755606879413752,1764531749,nominal
1357,0.8755311132019927,1764531749,nominal
1358,0.8755016000420334,1764531749,nominal
1359,0.8754721477477896,1764531749,nominal
1360,0.8754427556068676,1764531749,nominal
1361,0.8754134229081901,1764531749,nominal
1362,0.8753841489419786,1764531749,nominal
1363,0.875354932999727,1764531749,nominal
1364,0.8753257743741968,1764531749,nominal
1365,0.8752966723594041,1764531749,nominal
1366,0.8752676262505936,1764531749,nominal
1367,0.875238635344234,1764531749,nominal
1368,0.8752096989379995,1764531749,nominal
1369,0.8751808163307541,1764531749,nominal
1370,0.8751519868225391,1764531749,nominal
1371,0.8751232097145583,1764531749,nominal
1372,0.8750944843091549,1764531749,nominal
1373,0.8750658099098083,1764531749,nominal
1374,0.8750371858211169,1764531749,nominal
1375,0.8750086113487764,1764531749,nominal
1376,0.8749800857995714,1764531749,nominal
1377,0.8749516084813602,1764531749,nominal
1378,0.874923178703054,1764531749,nominal
1379,0.8748947957746082,1764531749,nominal
1380,0.8748664590070151,1764531749,nominal
1381,0.8748381677122623,1764531749,nominal
1382,0.8748099212033501,1764531749,nominal
1383,0.8747817187942609,1764531749,nominal
1384,0.8747535597999428,1764531749,nominal
1385,0.8747254435362921,1764531749,nominal
1386,0.8746973693201595,1764531749,nominal
1387,0.8746693364693064,1764531749,nominal
1388,0.8746413443024121,1764531749,nominal
1389,0.8746133921390478,1764531749,nominal
1390,0.8745854792996677,1764531749,nominal
1391,0.8745576051055927,1764531749,nominal
1392,0.8745297688789886,1764531749,nominal
1393,0.8745019699428702,1764531749,nominal
1394,0.8744742076210584,1764531749,nominal
1395,0.8744464812381966,1764531749,nominal
1396,0.8744187901197121,1764531749,nominal
1397,0.874391133591813,1764531749,nominal
1398,0.8743635109814717,1764531749,nominal
1399,0.8743359216164068,1764531749,nominal
1400,0.8743083648250713,1764531749,nominal
1401,0.8742808399366468,1764531749,nominal
1402,0.8742533462810047,1764531749,nominal
1403,0.8742258831887215,1764531749,nominal
1404,0.8741984499910388,1764531749,nominal
1405,0.8741710460198668,1764531749,nominal
1406,0.874143670607761,1764531749,nominal
1407,0.8741163230879,1764531749,nominal
1408,0.874089002794097,1764531749,nominal
1409,0.8740617090607594,1764531749,nominal
1410,0.8740344412228775,1764531749,nominal
1411,0.8740071986160224,1764531749,nominal
1412,0.8739799805763246,1764531749,nominal
1413,0.8739527864404574,1764531749,nominal
1414,0.8739256155456295,1764531749,nominal
1415,0.8738984672295572,1764531749,nominal
1416,0.8738713408304698,1764531749,nominal
1417,0.8738442356870714,1764531749,nominal
1418,0.8738171511385433,1764531749,nominal
1419,0.8737900865245238,1764531749,nominal
1420,0.8737630411851022,1764531749,nominal
1421,0.8737360144607836,1764531749,nominal
1422,0.8737090056924974,1764531749,nominal
1423,0.8736820142215682,1764531749,nominal
1424,0.8736550393897077,1764531749,nominal
1425,0.8736280805389971,1764531749,nominal
1426,0.873601137011877,1764531749,nominal
1427,0.8735742081511296,1764531749,nominal
1428,0.8735472932998578,1764531749,nominal
1429,0.8735203918014897,1764531749,nominal
1430,0.8734935029997437,1764531749,nominal
1431,0.8734666262386186,1764531749,nominal
1432,0.873439760862394,1764531749,nominal
1433,0.8734129062155962,1764531749,nominal
1434,0.8733860616429945,1764531749,nominal
1435,0.8733592264895857,1764531749,nominal
1436,0.8733324001005771,1764531749,nominal
1437,0.8733055818213766,1764531749,nominal
1438,0.8732787709975632,1764531749,nominal
1439,0.8732519669749018,1764531749,nominal
1440,0.8732251690993018,1764531749,nominal
1441,0.873198376716805,1764531749,nominal
1442,0.8731715891735964,1764531749,nominal
1443,0.8731448058159609,1764531749,nominal
1444,0.8731180259902716,1764531749,nominal
1445,0.8730912490429963,1764531749,nominal
1446,0.8730644743206729,1764531749,nominal
1447,0.8730377011698749,1764531749,nominal
1448,0.8730109289372313,1764531749,nominal
1449,0.8729841569693837,1764531749,nominal
1450,0.8729573846129883,1764531749,nominal
1451,0.8729306112147001,1764531749,nominal
1452,0.8729038361211463,1764531749,nominal
1453,0.8728770586789284,1764531749,nominal
1454,0.8728502782345902,1764531749,nominal
1455,0.8728234941346217,1764531749,nominal
1456,0.872796705725428,1764531749,nominal
1457,0.8727699123533339,1764531749,nominal
1458,0.872743113364547,1764531749,nominal
1459,0.8727163081051552,1764531749,nominal
1460,0.8726894959211222,1764531749,nominal
1461,0.8726626761582479,1764531749,nominal
1462,0.8726358481621821,1764531749,nominal
1463,0.8726090112783815,1764531749,nominal
1464,0.8725821648521167,1764531749,nominal
1465,0.8725553082284576,1764531749,nominal
1466,0.8725284407522482,1764531749,nominal
1467,0.8725015617680858,1764531749,nominal
1468,0.8724746706203277,1764531749,nominal
1469,0.8724477666530713,1764531749,nominal
1470,0.8724208492101205,1764531749,nominal
1471,0.8723939176349904,1764531749,nominal
1472,0.8723669712708889,1764531749,nominal
1473,0.8723400094607028,1764531749,nominal
1474,0.8723130315469737,1764531749,nominal
1475,0.8722860368719001,1764531749,nominal
1476,0.8722590247773062,1764531749,nominal
1477,0.8722319946046363,1764531749,nominal
1478,0.8722049456949391,1764531749,nominal
1479,0.8721778773888618,1764531749,nominal
1480,0.8721507890266095,1764531749,nominal
1481,0.8721236799479588,1764531749,nominal
1482,0.8720965494922396,1764531749,nominal
1483,0.8720693969982958,1764531749,nominal
1484,0.8720422218045009,1764531749,nominal
1485,0.8720150232487232,1764531749,nominal
1486,0.8719878006683232,1764531749,nominal
1487,0.8719605534001356,1764531749,nominal
1488,0.8719332807804518,1764531749,nominal
1489,0.8719059821449993,1764531749,nominal
1490,0.8718786568289558,1764531749,nominal
1491,0.8718513041668963,1764531749,nominal
1492,0.8718239234927926,1764531749,nominal
1493,0.8717965141400246,1764531749,nominal
1494,0.8717690754413159,1764531749,nominal
1495,0.8717416067287659,1764531749,nominal
1496,0.8717141073338031,1764531749,nominal
1497,0.8716865765871934,1764531749,nominal
1498,0.8716590138190085,1764531749,nominal
1499,0.8716314183586216,1764531749,nominal
1500,0.8716037895346845,1764531749,nominal
1501,0.8715761266751201,1764531749,nominal
1502,0.8715484291071062,1764531749,nominal
1503,0.8715206961570603,1764531749,nominal
1504,0.8714929271506199,1764531749,nominal
1505,0.8714651214126314,1764531749,nominal
1506,0.8714372782671439,1764531749,nominal
1507,0.8714093970373746,1764531749,nominal
1508,0.8713814770457197,1764531749,nominal
1509,0.8713535176137153,1764531749,nominal
1510,0.8713255180620403,1764531749,nominal
1511,0.8712974777104778,1764531749,nominal
1512,0.8712693958779468,1764531749,nominal
1513,0.8712412718824296,1764531749,nominal
1514,0.8712131050410075,1764531749,nominal
1515,0.8711848946698114,1764531749,nominal
1516,0.8711566400840103,1764531749,nominal
1517,0.8711283405978176,1764531749,nominal
1518,0.8710999955244767,1764531749,nominal
1519,0.8710716041762064,1764531749,nominal
1520,0.8710431658642268,1764531749,nominal
1521,0.8710146798987258,1764531749,nominal
1522,0.8709861455888583,1764531749,nominal
1523,0.8709575622427126,1764531749,nominal
1524,0.870928929167306,1764531749,nominal
1525,0.8709002456685746,1764531749,nominal
1526,0.8708715110513463,1764531749,nominal
1527,0.8708427246193422,1764531749,nominal
1528,0.8708138856751383,1764531749,nominal
1529,0.8707849935201556,1764531749,nominal
1530,0.8707560474546875,1764531749,nominal
1531,0.8707270467778189,1764531749,nominal
1532,0.8706979907874559,1764531749,nominal
1533,0.8706688787802955,1764531749,nominal
1534,0.8706397100518106,1764531749,nominal
1535,0.8706104838962357,1764531749,nominal
1536,0.8705811996065607,1764531749,nominal
1537,0.8705518564745048,1764531749,nominal
1538,0.8705224537904963,1764531749,nominal
1539,0.8704929908436764,1764531749,nominal
1540,0.8704634669218729,1764531749,nominal
1541,0.8704338813115813,1764531749,nominal
1542,0.8704042332979492,1764531749,nominal
1543,0.8703745221647788,1764531749,nominal
1544,0.8703447471944931,1764531749,nominal
1545,0.8703149076681245,1764531749,nominal
1546,0.8702850028653044,1764531749,nominal
1547,0.8702550320642436,1764531749,nominal
1548,0.870224994541716,1764531749,nominal
1549,0.8701948895730557,1764531749,nominal
1550,0.8701647164321153,1764531749,nominal
1551,0.8701344743912864,1764531749,nominal
1552,0.8701041627214462,1764531749,nominal
1553,0.8700737806919804,1764531749,nominal
1554,0.870043327570733,1764531749,nominal
1555,0.8700128026240105,1764531749,nominal
1556,0.8699822051165752,1764531749,nominal
1557,0.8699515343115918,1764531749,nominal
1558,0.8699207894706551,1764531749,nominal
1559,0.8698899698537542,1764531749,nominal
1560,0.869859074719257,1764531749,nominal
1561,0.8698281033239063,1764531749,nominal
1562,0.8697970549227848,1764531749,nominal
1563,0.8697659287693159,1764531749,nominal
1564,0.8697347241152232,1764531749,nominal
1565,0.8697034402105734,1764531749,nominal
1566,0.869672076303684,1764531749,nominal
1567,0.8696406316411703,1764531749,nominal
1568,0.8696091054678846,1764531749,nominal
1569,0.8715506459947403,1764531749,nominal
1570,0.8734441802833056,1764531749,nominal
1571,0.875291437278913,1764531749,nominal
1572,0.8770940639806853,1764531749,nominal
1573,0.8788536302390865,1764531749,nominal
1574,0.8805716332203392,1764531749,nominal
1575,0.8822495015644167,1764531749,nominal
1576,0.8838885992607889,1764531749,nominal
1577,0.8854902292640886,1764531749,nominal
1578,0.8870556368698131,1764531749,nominal
1579,0.8870254897222969,1764531749,nominal
1580,0.8869952664698598,1764531749,nominal
1581,0.8869649663848981,1764531749,nominal
1582,0.8869345887381243,1764531749,nominal
1583,0.886904132798556,1764531749,nominal
1584,0.8868735978334967,1764531749,nominal
1585,0.8868429831085103,1764531749,nominal
1586,0.8868122878874257,1764531749,nominal
1587,0.8867815114323107,1764531749,nominal
1588,0.8867506530034481,1764531749,nominal
1589,0.8867197118593299,1764531749,nominal
1590,0.8866886872566555,1764531749,nominal
1591,0.8866575784502877,1764531749,nominal
1592,0.8866263846932659,1764531749,nominal
1593,0.8865951052367659,1764531749,nominal
1594,0.8865637393300885,1764531749,nominal
1595,0.8865322862206758,1764531749,nominal
1596,0.8865007451540378,1764531749,nominal
1597,0.8864691153738015,1764531749,nominal
1598,0.8864373961216351,1764531749,nominal
1599,0.8864055866372897,1764531749,nominal
1600,0.8863736861585375,1764531749,nominal
1601,0.8863416939211612,1764531749,nominal
1602,0.8863096091589938,1764531749,nominal
1603,0.8862774311038126,1764531749,nominal
1604,0.8862451589854029,1764531749,nominal
1605,0.8862127920314946,1764531749,nominal
1606,0.8861803294677703,1764531749,nominal
1607,0.8861477705178308,1764531749,nominal
1608,0.8861151144032126,1764531749,nominal
1609,0.8860823603433231,1764531749,nominal
1610,0.8860495075554766,1764531749,nominal
1611,0.8860165552548365,1764531749,nominal
1612,0.8859835026544164,1764531749,nominal
1613,0.8859503489650822,1764531749,nominal
1614,0.8859170933954855,1764531749,nominal
1615,0.8858837351521273,1764531749,nominal
1616,0.885850273439255,1764531749,nominal
1617,0.8858167074588962,1764531749,nominal
1618,0.8857830364108519,1764531749,nominal
1619,0.885749259492647,1764531749,nominal
1620,0.8857153758995202,1764531749,nominal
1621,0.8856813848244413,1764531749,nominal
1622,0.885647285458052,1764531749,nominal
1623,0.8856130769886846,1764531749,nominal
1624,0.8855787586023035,1764531749,nominal
1625,0.8855443294825573,1764531749,nominal
1626,0.8855097888106768,1764531749,nominal
1627,0.8854751357655376,1764531749,nominal
1628,0.8854403695235902,1764531749,nominal
1629,0.8854054892588689,1764531749,nominal
1630,0.8853704941429765,1764531749,nominal
1631,0.8853353833450517,1764531749,nominal
1632,0.8853001560317671,1764531749,nominal
1633,0.8852648113673215,1764531749,nominal
1634,0.8852293485133657,1764531749,nominal
1635,0.8851937666290921,1764531749,nominal
1636,0.8851580648711211,1764531749,nominal
1637,0.8851222423935272,1764531749,nominal
1638,0.8850862983478083,1764531749,nominal
1639,0.8850502318829027,1764531749,nominal
1640,0.8850140421451179,1764531749,nominal
1641,0.8849777282781749,1764531749,nominal
1642,0.8849412894231258,1764531749,nominal
1643,0.8849047247183833,1764531749,nominal
1644,0.8848680332997297,1764531749,nominal
1645,0.8848312143002024,1764531749,nominal
1646,0.8847942668501845,1764531749,nominal
1647,0.8847571900773217,1764531749,nominal
1648,0.8847199831065357,1764531749,nominal
1649,0.8846826450599926,1764531749,nominal
1650,0.8846451750570835,1764531749,nominal
1651,0.8846075722144411,1764531749,nominal
1652,0.8845698356458674,1764531749,nominal
1653,0.8845319644623811,1764531749,nominal
1654,0.8844939577721314,1764531749,nominal
1655,0.8844558146804549,1764531749,nominal
1656,0.8844175342897735,1764531749,nominal
1657,0.8843791156996723,1764531749,nominal
1658,0.8843405580068163,1764531749,nominal
1659,0.8843018603049612,1764531749,nominal
1660,0.8842630216848918,1764531749,nominal
1661,0.8842240412345048,1764531749,nominal
1662,0.8841849180386834,1764531749,nominal
1663,0.884145651179327,1764531749,nominal
1664,0.8841062397353625,1764531749,nominal
1665,0.8840666827826553,1764531749,nominal
1666,0.8840269793940763,1764531749,nominal
1667,0.8839871286394286,1764531749,nominal
1668,0.8839471295854303,1764531749,nominal
1669,0.8839069812957324,1764531749,nominal
1670,0.8838666828308707,1764531749,nominal
1671,0.8838262332482741,1764531749,nominal
1672,0.8837856316022209,1764531749,nominal
1673,0.8837448769438272,1764531749,nominal
1674,0.8837039683210437,1764531749,nominal
1675,0.8836629047786664,1764531749,nominal
1676,0.883621685358223,1764531749,nominal
1677,0.8835803090980471,1764531749,nominal
1678,0.8835387750332463,1764531749,nominal
1679,0.883497082195651,1764531749,nominal
1680,0.8834552296138248,1764531749,nominal
1681,0.8834132163130185,1764531749,nominal
1682,0.8833710413152142,1764531749,nominal
1683,0.8833287036390072,1764531749,nominal
1684,0.8832862022997217,1764531749,nominal
1685,0.8832435363092563,1764531749,nominal
1686,0.8832007046761579,1764531749,nominal
1687,0.8831577064055744,1764531749,nominal
1688,0.8831145404992438,1764531749,nominal
1689,0.8830712059554606,1764531749,nominal
1690,0.8830277017690931,1764531749,nominal
1691,0.8829840269315058,1764531749,nominal
1692,0.8829401804306086,1764531749,nominal
1693,0.8828961612508127,1764531749,nominal
1694,0.8828519683729977,1764531749,nominal
1695,0.8828076007745036,1764531749,nominal
1696,0.8827630574291276,1764531749,nominal
1697,0.8827183373071071,1764531749,nominal
1698,0.8826734393750632,1764531749,nominal
1699,0.8826283625960187,1764531749,nominal
1700,0.8825831059293895,1764531749,nominal
1701,0.8825376683309378,1764531749,nominal
1702,0.8824920487527533,1764531749,nominal
1703,0.8824462461432766,1764531749,nominal
1704,0.8824002594472464,1764531749,nominal
1705,0.8823540876056588,1764531749,nominal
1706,0.882307729555835,1764531749,nominal
1707,0.8822611842313142,1764531749,nominal
1708,0.8822144505618675,1764531749,nominal
1709,0.8821675274734986,1764531749,nominal
1710,0.8821204138884123,1764531749,nominal
1711,0.882073108724985,1764531749,nominal
1712,0.8820256108977523,1764531749,nominal
1713,0.8819779193174162,1764531749,nominal
1714,0.881930032890802,1764531749,nominal
1715,0.8818819505208326,1764531749,nominal
1716,0.8818336711065526,1764531749,nominal
1717,0.8817851935430379,1764531749,nominal
1718,0.8817365167214816,1764531749,nominal
1719,0.8816876395290592,1764531749,nominal
1720,0.8816385608490086,1764531749,nominal
1721,0.8815892795605524,1764531749,nominal
1722,0.8815397945389105,1764531749,nominal
1723,0.8814901046552682,1764531749,nominal
1724,0.8814402087767803,1764531749,nominal
1725,0.8813901057664735,1764531749,nominal
1726,0.8813397944833796,1764531749,nominal
1727,0.8812892737823641,1764531749,nominal
1728,0.8812385425141929,1764531749,nominal
1729,0.8811875995255044,1764531749,nominal
1730,0.8811364436587575,1764531749,nominal
1731,0.8810850737522539,1764531749,nominal
1732,0.881033488640121,1764531749,nominal
1733,0.8809816871522452,1764531749,nominal
1734,0.8809296681143055,1764531749,nominal
1735,0.8808774303477125,1764531749,nominal
1736,0.880824972669669,1764531749,nominal
1737,0.8807722938930486,1764531749,nominal
1738,0.8807193928264343,1764531749,nominal
1739,0.880666268274089,1764531749,nominal
1740,0.8806129190359816,1764531749,nominal
1741,0.8805593439076761,1764531749,nominal
1742,0.8543098813776111,1764531749,nominal
1743,0.8294477289266273,1764531749,nominal
1744,0.8058662192323083,1764531749,nominal
1745,0.7834693447952225,1764531749,nominal
1746,0.7621704587987435,1764531749,nominal
1747,0.7418911614432434,1764531749,nominal
1748,0.7225603415799174,1764531749,nominal
1749,0.7041133489522033,1764531749,nominal
1750,0.6864912767402092,1764531749,nominal
1751,0.6696403376322871,1764531749,nominal
1752,0.6696109194858548,1764531749,nominal
1753,0.6695814038022352,1764531749,nominal
1754,0.6695517898940828,1764531749,nominal
1755,0.6695220770721431,1764531749,nominal
1756,0.6694922646452217,1764531749,nominal
1757,0.6694623519201495,1764531749,nominal
1758,0.6694323382018198,1764531749,nominal
1759,0.6694022227931327,1764531749,nominal
1760,0.6693720049950121,1764531749,nominal
1761,0.6693416841063733,1764531749,nominal
1762,0.6693112594241111,1764531749,nominal
1763,0.669280730243096,1764531749,nominal
1764,0.6692500958561832,1764531749,nominal
1765,0.669219355554157,1764531749,nominal
1766,0.6691885086257291,1764531749,nominal
1767,0.6691575543575581,1764531749,nominal
1768,0.6691264920342237,1764531749,nominal
1769,0.669095320938161,1764531749,nominal
1770,0.6690640403497428,1764531749,nominal
1771,0.669032649547211,1764531749,nominal
1772,0.6690011478066435,1764531749,nominal
1773,0.6689695344020021,1764531749,nominal
1774,0.6689378086050641,1764531749,nominal
1775,0.6689059696854417,1764531749,nominal
1776,0.6688740169105838,1764531749,nominal
1777,0.6688419495457039,1764531749,nominal
1778,0.6688097668538411,1764531749,nominal
1779,0.6687774680958104,1764531749,nominal
1780,0.6687450525301757,1764531749,nominal
1781,0.6687125194132554,1764531749,nominal
1782,0.6686798679991308,1764531749,nominal
1783,0.6686470975396045,1764531749,nominal
1784,0.6686142072841853,1764531749,nominal
1785,0.6685811964801206,1764531749,nominal
1786,0.6685480643722987,1764531749,nominal
1787,0.668514810203348,1764531749,nominal
1788,0.6684814332135194,1764531749,nominal
1789,0.6684479326407581,1764531749,nominal
1790,0.6684143077206276,1764531749,nominal
1791,0.6683805576863406,1764531749,nominal
1792,0.6683466817687286,1764531749,nominal
1793,0.6683126791962137,1764531749,nominal
1794,0.6682785491948652,1764531749,nominal
1795,0.6682442909882631,1764531749,nominal
1796,0.668209903797628,1764531749,nominal
1797,0.66817538684171,1764531749,nominal
1798,0.6681407393368093,1764531749,nominal
1799,0.6681059604967566,1764531749,nominal
1800,0.6680710495329337,1764531749,nominal
1801,0.6680360056542148,1764531749,nominal
1802,0.6680008280669621,1764531749,nominal
1803,0.6679655159750623,1764531749,nominal
1804,0.6679300685798462,1764531749,nominal
1805,0.6678944850801196,1764531749,nominal
1806,0.6678587646721551,1764531749,nominal
1807,0.6678229065496554,1764531749,nominal
1808,0.6677869099037341,1764531749,nominal
1809,0.6677507739229488,1764531749,nominal
1810,0.6677144977932464,1764531749,nominal
1811,0.6676780806979754,1764531749,nominal
1812,0.6676415218178682,1764531749,nominal
1813,0.6676048203310029,1764531749,nominal
1814,0.6675679754128475,1764531749,nominal
1815,0.6675309862361904,1764531749,nominal
1816,0.6674938519711541,1764531749,nominal
1817,0.6674565717852166,1764531749,nominal
1818,0.6674191448431254,1764531749,nominal
1819,0.6673815703069272,1764531749,nominal
1820,0.6673438473360095,1764531749,nominal
1821,0.6673059750869582,1764531749,nominal
1822,0.6672679527136534,1764531749,nominal
1823,0.6672297793672513,1764531749,nominal
1824,0.6671914541961271,1764531749,nominal
1825,0.66715297634587,1764531749,nominal
1826,0.6671143449593054,1764531749,nominal
1827,0.6670755591764435,1764531749,nominal
1828,0.6670366181345047,1764531749,nominal
1829,0.6669975209678977,1764531749,nominal
1830,0.6669582668081706,1764531749,nominal
1831,0.666918854784066,1764531749,nominal
1832,0.6668792840214272,1764531749,nominal
1833,0.6668395536432857,1764531749,nominal
1834,0.6667996627697484,1764531749,nominal
1835,0.6667596105180683,1764531749,nominal
1836,0.6667193960025617,1764531749,nominal
1837,0.6666790183346779,1764531749,nominal
1838,0.6666384766229155,1764531749,nominal
1839,0.6665977699728576,1764531749,nominal
1840,0.6665568974871069,1764531749,nominal
1841,0.6665158582653434,1764531749,nominal
1842,0.6664746514042579,1764531749,nominal
1843,0.6664332759976082,1764531749,nominal
1844,0.6663917311360829,1764531749,nominal
1845,0.6663500159074363,1764531749,nominal
1846,0.6663081293963721,1764531749,nominal
1847,0.6662660706845874,1764531749,nominal
1848,0.6662238388507223,1764531749,nominal
1849,0.6661814329704384,1764531749,nominal
1850,0.6661388521162385,1764531749,nominal
1851,0.6660960953576195,1764531749,nominal
1852,0.6660531617609785,1764531749,nominal
1853,0.6660100503896653,1764531749,nominal
1854,0.665966760303863,1764531749,nominal
1855,0.6659232905606802,1764531749,nominal
1856,0.6658796402140956,1764531749,nominal
1857,0.6658358083149302,1764531749,nominal
1858,0.665791793910916,1764531749,nominal
1859,0.6657475960465833,1764531749,nominal
1860,0.6657032137633154,1764531749,nominal
1861,0.6656586460993008,1764531749,nominal
1862,0.6656138920895572,1764531749,nominal
1863,0.6655689507659001,1764531749,nominal
1864,0.6655238211569413,1764531749,nominal
1865,0.6654785022880436,1764531749,nominal
1866,0.6654329931813806,1764531749,nominal
1867,0.6653872928558902,1764531749,nominal
1868,0.6653414003271939,1764531749,nominal
1869,0.665295314607714,1764531749,nominal
1870,0.665249034706605,1764531749,nominal
1871,0.6652025596296902,1764531749,nominal
1872,0.6651558883795324,1764531749,nominal
1873,0.665109019955409,1764531749,nominal
1874,0.6650619533532389,1764531749,nominal
1875,0.6650146875656797,1764531749,nominal
1876,0.6649672215820076,1764531749,nominal
1877,0.6649195543881543,1764531749,nominal
1878,0.6648716849667579,1764531749,nominal
1879,0.664823612297025,1764531749,nominal
1880,0.6647753353548358,1764531749,nominal
1881,0.6647268531126698,1764531749,nominal
1882,0.664678164539623,1764531749,nominal
1883,0.6646292686013536,1764531749,nominal
1884,0.6645801642602129,1764531749,nominal
1885,0.6645308504750196,1764531749,nominal
1886,0.6644813262012094,1764531749,nominal
1887,0.6644315903907874,1764531749,nominal
1888,0.664381641992326,1764531749,nominal
1889,0.6643314799508651,1764531749,nominal
1890,0.6642811032080497,1764531749,nominal
1891,0.664230510702058,1764531749,nominal
1892,0.6641797013675186,1764531749,nominal
1893,0.6641286741356281,1764531749,nominal
1894,0.6640774279340397,1764531749,nominal
1895,0.6640259616869004,1764531749,nominal
1896,0.6639742743148834,1764531749,nominal
1897,0.6639223647350869,1764531749,nominal
1898,0.6638702318610341,1764531749,nominal
1899,0.663817874602822,1764531749,nominal
1900,0.6637652918668925,1764531749,nominal
1901,0.6637124825561346,1764531749,nominal
1902,0.6636594455699065,1764531749,nominal
1903,0.6636061798039524,1764531749,nominal
1904,0.6635526841504681,1764531749,nominal
1905,0.6634989574979845,1764531749,nominal
1906,0.6634449987315176,1764531749,nominal
1907,0.6633908067323978,1764531749,nominal
1908,0.6633363803783494,1764531749,nominal
1909,0.6632817185434945,1764531749,nominal
1910,0.6632268200983343,1764531749,nominal
1911,0.6631716839096651,1764531749,nominal
1912,0.663116308840658,1764531749,nominal
1913,0.663060693750855,1764531749,nominal
1914,0.6630048374961138,1764531749,nominal
1915,0.6629487389286103,1764531749,nominal
1916,0.6628923968968454,1764531749,nominal
1917,0.6628358102456475,1764531749,nominal
1918,0.662778977816106,1764531749,nominal
1919,0.6627218984456773,1764531749,nominal
1920,0.66266457096807,1764531749,nominal
1921,0.6626069942132762,1764531749,nominal
1922,0.6625491670075611,1764531749,nominal
1923,0.662491088173486,1764531749,nominal
1924,0.6624327565298473,1764531749,nominal
1925,0.6623741708917251,1764531749,nominal
1926,0.6623153300704616,1764531749,nominal
1927,0.6622562328736163,1764531749,nominal
1928,0.6621968781049948,1764531749,nominal
1929,0.66213726456468,1764531749,nominal
1930,0.6620773910489319,1764531749,nominal
1931,0.6620172563502603,1764531749,nominal
1932,0.6619568592573838,1764531749,nominal
1933,0.6618961985552162,1764531749,nominal
1934,0.6618352730249287,1764531749,nominal
1935,0.6617740814438571,1764531749,nominal
1936,0.6617126225855016,1764531749,nominal
1937,0.661650895219653,1764531749,nominal
1938,0.6615888981122073,1764531749,nominal
1939,0.6615266300252732,1764531749,nominal
1940,0.6614640897171085,1764531749,nominal
1941,0.6614012759421566,1764531749,nominal
1942,0.661338187451102,1764531749,nominal
1943,0.6612748229906678,1764531749,nominal
1944,0.6612111813038337,1764531749,nominal
1945,0.6611472611296613,1764531749,nominal
1946,0.6610830612034669,1764531749,nominal
1947,0.6610185802566068,1764531749,nominal
1948,0.6609538170166602,1764531749,nominal
1949,0.6608887702072779,1764531749,nominal
1950,0.6608234385483382,1764531749,nominal
1951,0.6607578207557744,1764531749,nominal
1952,0.6606919155417027,1764531749,nominal
1953,0.6606257216143336,1764531749,nominal
1954,0.6605592376780242,1764531749,nominal
1955,0.6604924624332544,1764531749,nominal
1956,0.6604253945766135,1764531749,nominal
1957,0.6603580328008509,1764531749,nominal
1958,0.6602903757947558,1764531749,nominal
1959,0.660222422243316,1764531749,nominal
1960,0.6601541708275853,1764531749,nominal
1961,0.6600856202247346,1764531749,nominal
1962,0.6600167691080567,1764531749,nominal
1963,0.6599476161469281,1764531749,nominal
1964,0.6598781600068414,1764531749,nominal
1965,0.6598083993494489,1764531749,nominal
1966,0.6597383328324546,1764531749,nominal
1967,0.6596679591096422,1764531749,nominal
1968,0.6595972768309628,1764531749,nominal
1969,0.6595262846424621,1764531749,nominal
1970,0.6594549811861994,1764531749,nominal
1971,0.6593833651004868,1764531749,nominal
1972,0.6593114350196198,1764531749,nominal
1973,0.659239189574054,1764531749,nominal
1974,0.6591666273903216,1764531749,nominal
1975,0.6590937470910965,1764531749,nominal
1976,0.6590205472951273,1764531749,nominal
1977,0.6589470266172917,1764531749,nominal
1978,0.6588731836685309,1764531749,nominal
1979,0.658799017055978,1764531749,nominal
1980,0.6587245253828059,1764531749,nominal
1981,0.6586497072482989,1764531749,nominal
1982,0.6585745612478979,1764531749,nominal
1983,0.6584990859731862,1764531749,nominal
1984,0.6584232800117773,1764531749,nominal
1985,0.6583471419474658,1764531749,nominal
1986,0.6582706703601722,1764531749,nominal
1987,0.6581938638259143,1764531749,nominal
1988,0.6581167209169078,1764531749,nominal
1989,0.6580392402014261,1764531749,nominal
1990,0.6579614202439454,1764531749,nominal
1991,0.6578832596050136,1764531749,nominal
1992,0.657804756841374,1764531749,nominal
1993,0.6577259105059365,1764531749,nominal
1994,0.6576467191477419,1764531749,nominal
1995,0.6575671813119633,1764531749,nominal
1996,0.6574872955399529,1764531749,nominal
1997,0.6574070603693059,1764531749,nominal
1998,0.6573264743336759,1764531749,nominal
1999,0.6572455359629881,1764531749,nominal
2000,0.6571642437833335,1764531749,nominal
2001,0.6570825963169641,1764531749,nominal
1,0.3333333333333333,1764531701,nominal
2,0.3333333333333333,1764531701,nominal
3,0.3333333333333333,1764531701,nominal
4,0.3333333333333333,1764531701,nominal
5,0.3333333333333333,1764531701,nominal
6,0.3333333333333333,1764531701,nominal
7,0.3333333333333333,1764531701,nominal
8,0.3333333333333333,1764531701,nominal
9,0.3333333333333333,1764531701,nominal
10,0.4733205012320718,1764531701,nominal
11,0.4733205012320718,1764531701,nominal
12,0.4730941295392246,1764531701,nominal
13,0.4728688089407486,1764531701,nominal
14,0.4726445349715782,1764531701,nominal
15,0.4724213031813246,1764531701,nominal
16,0.4721383791022265,1764531701,nominal
17,0.4720407664003843,1764531701,nominal
18,0.4723546701641696,1764531701,nominal
19,0.472667249756062,1764531701,nominal
20,0.4729785095876819,1764531701,nominal
21,0.4730004003215109,1764531701,nominal
22,0.4734340538928223,1764531701,nominal
23,0.4744020304257381,1764531701,nominal
24,0.4755523207339192,1764531701,nominal
25,0.4764721569980945,1764531701,nominal
26,0.4770378294570021,1764531701,nominal
27,0.4776020853658666,1764531701,nominal
28,0.4781649237739435,1764531701,nominal
29,0.4789139834950839,1764531701,nominal
30,0.4795353284929679,1764531701,nominal
31,0.4801548955988463,1764531701,nominal
32,0.4807726857043462,1764531701,nominal
33,0.4811999181727253,1764531701,nominal
34,0.4814984161048244,1764531701,nominal
35,0.4822126653203424,1764531701,nominal
36,0.4834694536993517,1764531701,nominal
37,0.4847219614648644,1764531701,nominal
38,0.4855523234973937,1764531701,nominal
39,0.4863799161212017,1764531701,nominal
40,0.4872047417402022,1764531701,nominal
41,0.4882546203411033,1764531701,nominal
42,0.4891698976175997,1764531701,nominal
43,0.4901413183036107,1764531701,nominal
44,0.4911078637127982,1764531701,nominal
45,0.4919375104325662,1764531701,nominal
46,0.49276204929853,1764531701,nominal
47,0.4935815055139393,1764531701,nominal
48,0.4943959043231327,1764531701,nominal
49,0.4947866668516177,1764531701,nominal
50,0.4951746178286397,1764531701,nominal
51,0.4957511548087264,1764531701,nominal
52,0.4964589574947646,1764531701,nominal
53,0.4972987329708278,1764531701,nominal
54,0.4982711936030858,1764531701,nominal
55,0.4993770589833545,1764531701,nominal
56,0.5003432764548865,1764531701,nominal
57,0.501306480853575,1764531701,nominal
58,0.502266672667994,1764531701,nominal
59,0.503223852485043,1764531701,nominal
60,0.5043167587545078,1764531701,nominal
61,0.5052676813391234,1764531701,nominal
62,0.5060759342213643,1764531701,nominal
63,0.5068809665023173,1764531701,nominal
64,0.507542232613189,1764531701,nominal
65,0.5082001065665924,1764531701,nominal
66,0.5089960371770665,1764531701,nominal
67,0.5097887803198718,1764531701,nominal
68,0.5110011672070459,1764531701,nominal
69,0.512488389980055,1764531701,nominal
70,0.5138244144800076,1764531701,nominal
71,0.5152967892987504,1764531701,nominal
72,0.5167617264757502,1764531701,nominal
73,0.5180735974963887,1764531701,nominal
74,0.5193775286142129,1764531701,nominal
75,0.5202514788863041,1764531701,nominal
76,0.5206979149078622,1764531701,nominal
77,0.5211411556462148,1764531701,nominal
78,0.5214332183719665,1764531701,nominal
79,0.5217220693818261,1764531701,nominal
80,0.522156529228148,1764531701,nominal
81,0.5224386876151529,1764531701,nominal
82,0.5227177174498454,1764531701,nominal
83,0.5229936468780167,1764531701,nominal
84,0.5232665038750265,1764531701,nominal
85,0.5238063291717727,1764531701,nominal
86,0.5246093791193167,1764531701,nominal
87,0.5252515907966772,1764531701,nominal
88,0.5260371539546762,1764531701,nominal
89,0.5269670672805211,1764531701,nominal
90,0.527470397527518,1764531701,nominal
91,0.5281223336826287,1764531701,nominal
92,0.5287690698875286,1764531701,nominal
93,0.5294106429794291,1764531701,nominal
94,0.5300470896800961,1764531701,nominal
95,0.5308343209253064,1764531701,nominal
96,0.5316166472218833,1764531701,nominal
97,0.5323940950159849,1764531701,nominal
98,0.5331666907344693,1764531701,nominal
99,0.5339344607818146,1764531701,nominal
100,0.5349556534500807,1764531701,nominal
101,0.5359693033262766,1764531701,nominal
102,0.5369754564412582,1764531701,nominal
103,0.5379741588620234,1764531701,nominal
104,0.5385503539519428,1764531701,nominal
105,0.5389610389587776,1764531701,nominal
106,0.5393670211346736,1764531701,nominal
107,0.5397683455476945,1764531701,nominal
108,0.5400030189973283,1764531701,nominal
109,0.54007072390489,1764531701,nominal
110,0.5402967667140737,1764531701,nominal
111,0.540355196222909,1764531701,nominal
112,0.5404093065509818,1764531701,nominal
113,0.5404591620182033,1764531701,nominal
114,0.5409151816326032,1764531701,nominal
115,0.5413638310522706,1764531701,nominal
116,0.5418051962651668,1764531701,nominal
117,0.5422393626174458,1764531701,nominal
118,0.5426664148087228,1764531701,nominal
119,0.543086436887704,1764531701,nominal
120,0.5434995122481739,1764531701,nominal
121,0.544073191515996,1764531701,nominal
122,0.544808060624639,1764531701,nominal
123,0.5455363185357498,1764531701,nominal
124,0.5462580196782475,1764531701,nominal
125,0.5469732182298899,1764531701,nominal
126,0.5478517603576911,1764531701,nominal
127,0.5487239791168493,1764531701,nominal
128,0.5495899160523721,1764531701,nominal
129,0.5504496126096564,1764531701,nominal
130,0.5513031101297565,1764531701,nominal
131,0.5519783285623908,1764531701,nominal
132,0.5524748648633697,1764531701,nominal
133,0.5529653285767975,1764531701,nominal
134,0.553623137240194,1764531701,nominal
135,0.5542749616256254,1764531701,nominal
136,0.5547466506532324,1764531701,nominal
137,0.555212513743066,1764531701,nominal
138,0.5556726129795714,1764531701,nominal
139,0.5561270099548775,1764531701,nominal
140,0.5560025688931954,1764531701,nominal
141,0.5558758016693349,1764531701,nominal
142,0.5557467544152411,1764531701,nominal
143,0.555615472684101,1764531701,nominal
144,0.5554820014549658,1764531701,nominal
145,0.5553463851373978,1764531701,nominal
146,0.55538586501324,1764531701,nominal
147,0.5554229205315516,1764531701,nominal
148,0.5554575875324084,1764531701,nominal
149,0.5554899014609903,1764531701,nominal
150,0.5559128061721175,1764531701,nominal
151,0.5563305608129898,1764531701,nominal
152,0.5567432210170902,1764531701,nominal
153,0.5571508419390555,1764531701,nominal
154,0.5573736910337989,1764531701,nominal
155,0.5575918432673768,1764531701,nominal
156,0.5576249637669167,1764531701,nominal
157,0.5578345018778844,1764531701,nominal
158,0.558039533438276,1764531701,nominal
159,0.5582401198755285,1764531701,nominal
160,0.558617956932019,1764531701,nominal
161,0.5589911899487701,1764531701,nominal
162,0.5593598693636048,1764531701,nominal
163,0.5599066854978053,1764531701,nominal
164,0.5604488013149397,1764531701,nominal
165,0.5609862574590008,1764531701,nominal
166,0.5615190942846481,1764531701,nominal
167,0.5618633338186753,1764531701,nominal
168,0.5622033079923169,1764531701,nominal
169,0.5625390643075999,1764531701,nominal
170,0.5626857403266631,1764531701,nominal
171,0.562828644601848,1764531701,nominal
172,0.5631532822141053,1764531701,nominal
173,0.5632881422929791,1764531701,nominal
174,0.56360540085041,1764531701,nominal
175,0.5641050512473087,1764531701,nominal
176,0.5646004797569791,1764531701,nominal
177,0.5650917230040654,1764531701,nominal
178,0.5655788173364147,1764531701,nominal
179,0.5660617988257143,1764531701,nominal
180,0.566540703268172,1764531701,nominal
181,0.567203803883494,1764531701,nominal
182,0.5678625954740377,1764531701,nominal
183,0.568706043880373,1764531701,nominal
184,0.56954498696856,1764531701,nominal
185,0.5701897859314479,1764531701,nominal
186,0.5710203742059448,1764531701,nominal
187,0.572036897077294,1764531701,nominal
188,0.5732395799574612,1764531701,nominal
189,0.5746287284510474,1764531701,nominal
190,0.5762047281467949,1764531701,nominal
191,0.5775836279235561,1764531701,nominal
192,0.5787650595066831,1764531701,nominal
193,0.5799417436133749,1764531701,nominal
194,0.5811136886607797,1764531701,nominal
195,0.5824747224201597,1764531701,nominal
196,0.5838308991736718,1764531701,nominal
197,0.5851822206737535,1764531701,nominal
198,0.5865286889009137,1764531701,nominal
199,0.5876747624211899,1764531701,nominal
200,0.5888161466754832,1764531701,nominal
201,0.5901491811135176,1764531701,nominal
202,0.5916741599999603,1764531701,nominal
203,0.5931941892071744,1764531701,nominal
204,0.5947092645691858,1764531701,nominal
205,0.5962193822157713,1764531701,nominal
206,0.5977245385691894,1764531701,nominal
207,0.5990256984107152,1764531701,nominal
208,0.6003220336165753,1764531701,nominal
209,0.6018134003831733,1764531701,nominal
210,0.6029219679838537,1764531701,nominal
211,0.604027151652286,1764531701,nominal
212,0.6051289514255604,1764531701,nominal
213,0.6062273674510714,1764531701,nominal
214,0.6073223999855308,1764531701,nominal
215,0.6084140493939882,1764531701,nominal
216,0.609502316148848,1764531701,nominal
217,0.6107899295251378,1764531701,nominal
218,0.6118707680438387,1764531701,nominal
219,0.612948226483925,1764531701,nominal
220,0.6144023874423004,1764531701,nominal
221,0.6156472312302869,1764531701,nominal
222,0.6168872493523633,1764531701,nominal
223,0.6181224489222636,1764531701,nominal
224,0.6193528372113376,1764531701,nominal
225,0.6205784216459026,1764531701,nominal
226,0.6217992098046204,1764531701,nominal
227,0.6230152094158963,1764531701,nominal
228,0.6244334027896482,1764531701,nominal
229,0.6258465749057226,1764531701,nominal
230,0.6272547276228092,1764531701,nominal
231,0.6288660982944861,1764531701,nominal
232,0.6304722547414993,1764531701,nominal
233,0.6320731925093318,1764531701,nominal
234,0.6336689074540423,1764531701,nominal
235,0.6352593957388514,1764531701,nominal
236,0.6368446538307377,1764531701,nominal
237,0.638424678497046,1764531701,nominal
238,0.6399994668021055,1764531701,nominal
239,0.6415690161038607,1764531701,nominal
240,0.6431333240505142,1764531701,nominal
241,0.6446923885771813,1764531701,nominal
242,0.6460332567506588,1764531701,nominal
243,0.6473691454391113,1764531701,nominal
244,0.6487000598028436,1764531701,nominal
245,0.650026005185575,1764531701,nominal
246,0.6513469871117002,1764531701,nominal
247,0.652663011283575,1764531701,nominal
248,0.6539740835788177,1764531701,nominal
249,0.6552802100476349,1764531701,nominal
250,0.6565813969101669,1764531701,nominal
251,0.6578776505538537,1764531701,nominal
252,0.6593856749932268,1764531701,nominal
253,0.6608884572756164,1764531701,nominal
254,0.6623859984066673,1764531701,nominal
255,0.6638782996375295,1764531701,nominal
256,0.6653653624617278,1764531701,nominal
257,0.6666285177468091,1764531701,nominal
258,0.6678867897214816,1764531701,nominal
259,0.6691401861753028,1764531701,nominal
260,0.670388715040453,1764531701,nominal
261,0.671632384389329,1764531701,nominal
262,0.6728712024321526,1764531701,nominal
263,0.6741051775146037,1764531701,nominal
264,0.6753343181154754,1764531701,nominal
265,0.6765586328443484,1764531701,nominal
266,0.6777781304392878,1764531701,nominal
267,0.6792149612762798,1764531701,nominal
268,0.6806465895408964,1764531701,nominal
269,0.6820730192706632,1764531701,nominal
270,0.683494254707518,1764531701,nominal
271,0.6849103002949417,1764531701,nominal
272,0.6863211606751086,1764531701,nominal
273,0.6877268406860568,1764531701,nominal
274,0.689127345358878,1764531701,nominal
275,0.6905226799149287,1764531701,nominal
276,0.691912849763059,1764531701,nominal
277,0.6932978604968638,1764531701,nominal
278,0.6946777178919543,1764531701,nominal
279,0.696052427903248,1764531701,nominal
280,0.6974219966622812,1764531701,nominal
281,0.6987864304745414,1764531701,nominal
282,0.7001457358168199,1764531701,nominal
283,0.701499919334585,1764531701,nominal
284,0.702848987839378,1764531701,nominal
285,0.7041929483062268,1764531701,nominal
286,0.705531807871083,1764531701,nominal
287,0.7068655738282777,1764531701,nominal
288,0.7081942536280011,1764531701,nominal
289,0.7095178548737991,1764531701,nominal
290,0.7108363853200961,1764531701,nominal
291,0.7121498528697322,1764531701,nominal
292,0.7134582655715287,1764531701,nominal
293,0.7147616316178678,1764531701,nominal
294,0.7160599593422986,1764531701,nominal
295,0.7173532572171609,1764531701,nominal
296,0.7186415338512315,1764531701,nominal
297,0.719924797987391,1764531701,nominal
298,0.7212030585003116,1764531701,nominal
299,0.7224763243941661,1764531701,nominal
300,0.7237446048003575,1764531701,nominal
301,0.72500790897527,1764531701,nominal
302,0.7262662462980404,1764531701,nominal
303,0.727519626268351,1764531701,nominal
304,0.7287680585042421,1764531701,nominal
305,0.7300115527399464,1764531701,nominal
306,0.7308742554356961,1764531701,nominal
307,0.7317339208081397,1764531701,nominal
308,0.7325905541563011,1764531701,nominal
309,0.7334441608178319,1764531701,nominal
310,0.7342947461685252,1764531701,nominal
311,0.735142315621833,1764531701,nominal
312,0.7359868746283857,1764531701,nominal
313,0.7368284286755138,1764531701,nominal
314,0.7376669832867696,1764531701,nominal
315,0.7385025440214553,1764531701,nominal
316,0.7397122159834084,1764531701,nominal
317,0.7409169845405029,1764531701,nominal
318,0.7421168608315047,1764531701,nominal
319,0.7433118560895002,1764531701,nominal
320,0.7445019816399163,1764531701,nominal
321,0.7456872488985629,1764531701,nominal
322,0.7468676693696942,1764531701,nominal
323,0.7480432546440932,1764531701,nominal
324,0.7492140163971744,1764531701,nominal
325,0.7503799663871086,1764531701,nominal
326,0.7515411164529675,1764531701,nominal
327,0.7526974785128903,1764531701,nominal
328,0.7538490645622676,1764531701,nominal
329,0.7546208844644322,1764531701,nominal
330,0.7553898895516848,1764531701,nominal
331,0.756156085709937,1764531701,nominal
332,0.7569194788507402,1764531701,nominal
333,0.7573043573935817,1764531701,nominal
334,0.7576878293839031,1764531701,nominal
335,0.7580698982443959,1764531701,nominal
336,0.7584505673995278,1764531701,nominal
337,0.7588298402755074,1764531701,nominal
338,0.7592077203002513,1764531701,nominal
339,0.7599622483292693,1764531701,nominal
340,0.7607139773888999,1764531701,nominal
341,0.7614629137053228,1764531701,nominal
342,0.7622090635275007,1764531701,nominal
343,0.7633305559313466,1764531701,nominal
344,0.764447275361474,1764531701,nominal
345,0.7655592353228918,1764531701,nominal
346,0.7666664493775518,1764531701,nominal
347,0.7677689311426881,1764531701,nominal
348,0.7688666942891769,1764531701,nominal
349,0.7699597525399172,1764531701,nominal
350,0.7710481196682323,1764531701,nominal
351,0.77213180949629,1764531701,nominal
352,0.773210835893544,1764531701,nominal
353,0.774140747950707,1764531701,nominal
354,0.77506767098757,1764531701,nominal
355,0.7759916078698604,1764531701,nominal
356,0.7769125615188612,1764531701,nominal
357,0.7778305349109419,1764531701,nominal
358,0.7787455310770883,1764531701,nominal
359,0.7796575531024346,1764531701,nominal
360,0.7805666041257924,1764531701,nominal
361,0.7814726873391838,1764531701,nominal
362,0.782375805987373,1764531701,nominal
363,0.783416347873539,1764531701,nominal
364,0.7844523038287375,1764531701,nominal
365,0.7854836887414837,1764531701,nominal
366,0.786510517527663,1764531701,nominal
367,0.7875328051291892,1764531701,nominal
368,0.7885505665126834,1764531701,nominal
369,0.7895638166681682,1764531701,nominal
370,0.7905725706077841,1764531701,nominal
371,0.7915768433645218,1764531701,nominal
372,0.79232394462338,1764531701,nominal
373,0.7930674499976947,1764531701,nominal
374,0.7938073749642527,1764531701,nominal
375,0.7945437349625587,1764531701,nominal
376,0.7952765453944306,1764531701,nominal
377,0.7960058216236021,1764531701,nominal
378,0.7967315789753354,1764531701,nominal
379,0.7974538327360458,1764531701,nominal
380,0.7981725981529331,1764531701,nominal
381,0.7988878904336246,1764531701,nominal
382,0.7995997247458266,1764531701,nominal
383,0.8003081162169855,1764531701,nominal
384,0.8010130799339573,1764531701,nominal
385,0.8017146309426868,1764531701,nominal
386,0.8024127842478955,1764531701,nominal
387,0.8031075548127777,1764531701,nominal
388,0.8037989575587062,1764531701,nominal
389,0.8044870073649445,1764531701,nominal
390,0.80517171906837,1764531701,nominal
391,0.8058531074632028,1764531701,nominal
392,0.8067874346507371,1764531701,nominal
393,0.8077175526979457,1764531701,nominal
394,0.808643476661829,1764531701,nominal
395,0.8095652216003675,1764531701,nominal
396,0.8104828025715894,1764531701,nominal
397,0.8113962346326559,1764531701,nominal
398,0.8123055328389588,1764531701,nominal
399,0.8132107122432339,1764531701,nominal
400,0.8141117878946882,1764531701,nominal
401,0.8146419854158644,1764531701,nominal
402,0.815170079096103,1764531701,nominal
403,0.8156960750066441,1764531701,nominal
404,0.8162199792201991,1764531701,nominal
405,0.8167417978107695,1764531701,nominal
406,0.8172615368534695,1764531701,nominal
407,0.8177792024243468,1764531701,nominal
408,0.8182948006002062,1764531701,nominal
409,0.8188083374584348,1764531701,nominal
410,0.8193198190768267,1764531701,nominal
411,0.8201969827274529,1764531701,nominal
412,0.8210701107176728,1764531701,nominal
413,0.8219392184680698,1764531701,nominal
414,0.8225440928144139,1764531701,nominal
415,0.8231459544998351,1764531701,nominal
416,0.8234843337720322,1764531701,nominal
417,0.8238207789575486,1764531701,nominal
418,0.8241553019643942,1764531701,nominal
419,0.824487914622044,1764531701,nominal
420,0.824818628681956,1764531701,nominal
421,0.8251474558180893,1764531701,nominal
422,0.8254744076274169,1764531701,nominal
423,0.8257994956304379,1764531701,nominal
424,0.826384070011828,1764531701,nominal
425,0.8269657380418113,1764531701,nominal
426,0.8278061624200441,1764531701,nominal
427,0.8286427063593116,1764531701,nominal
428,0.8294753849667332,1764531701,nominal
429,0.8303042133304942,1764531701,nominal
430,0.8307663981695558,1764531701,nominal
431,0.8312267090733977,1764531701,nominal
432,0.8316851518208785,1764531701,nominal
433,0.8321417321881286,1764531701,nominal
434,0.8325964559484156,1764531701,nominal
435,0.833049328872013,1764531701,nominal
436,0.8335003567260661,1764531701,nominal
437,0.8339495452744621,1764531701,nominal
438,0.834396900277699,1764531701,nominal
439,0.834842427492757,1764531701,nominal
440,0.8356499646070797,1764531701,nominal
441,0.8364537175307533,1764531701,nominal
442,0.8372537015973661,1764531701,nominal
443,0.83804993211341,1764531701,nominal
444,0.8388424243577579,1764531701,nominal
445,0.839631193581153,1764531701,nominal
446,0.8404162550057079,1764531701,nominal
447,0.8411976238244143,1764531701,nominal
448,0.8419753152006636,1764531701,nominal
449,0.8427493442677763,1764531701,nominal
450,0.8431583710309662,1764531701,nominal
451,0.8435657125094953,1764531701,nominal
452,0.8439713741383882,1764531701,nominal
453,0.8443753613477281,1764531701,nominal
454,0.8447776795625506,1764531701,nominal
455,0.8451783342027388,1764531701,nominal
456,0.8455773306829184,1764531701,nominal
457,0.8459746744123541,1764531701,nominal
458,0.8463703707948468,1764531701,nominal
459,0.8467644252286313,1764531701,nominal
460,0.8475192365825394,1764531701,nominal
461,0.8482704492769098,1764531701,nominal
462,0.8490180786082048,1764531701,nominal
463,0.8497621398360171,1764531701,nominal
464,0.8505026481827003,1764531701,nominal
465,0.851239618833008,1764531701,nominal
466,0.8519730669337439,1764531701,nominal
467,0.852703007593418,1764531701,nominal
468,0.8534294558819133,1764531701,nominal
469,0.8537923332591301,1764531701,nominal
470,0.8537931281672836,1764531701,nominal
471,0.8534322359444602,1764531701,nominal
472,0.8527089704909573,1764531701,nominal
473,0.8516215762856775,1764531701,nominal
474,0.850167240912863,1764531701,nominal
475,0.8483421083562275,1764531701,nominal
476,0.846141293414029,1764531701,nominal
477,0.8436641980529535,1764531701,nominal
478,0.8408044600662684,1764531701,nominal
479,0.8383147407709385,1764531701,nominal
480,0.8362011221129619,1764531701,nominal
481,0.834084910263434,1764531701,nominal
482,0.8322350911546549,1764531701,nominal
483,0.8306528369381597,1764531701,nominal
484,0.8290688316316058,1764531701,nominal
485,0.8277545195700159,1764531701,nominal
486,0.8267111850634997,1764531701,nominal
487,0.8259379865618923,1764531701,nominal
488,0.8250146748622452,1764531701,nominal
489,0.8235449014105645,1764531701,nominal
490,0.821529175844074,1764531701,nominal
491,0.819370534439358,1764531701,nominal
492,0.8167999398415964,1764531701,nominal
493,0.8138270711740624,1764531701,nominal
494,0.8107366096653728,1764531701,nominal
495,0.8072664411502263,1764531701,nominal
496,0.8035635484705104,1764531701,nominal
497,0.7993692031931731,1764531701,nominal
498,0.7952239724658522,1764531701,nominal
499,0.7913875781105797,1764531701,nominal
500,0.7875939988558504,1764531701,nominal
501,0.7838425880198454,1764531701,nominal
502,0.7801327115658645,1764531701,nominal
503,0.7764637477969272,1764531701,nominal
504,0.7730873105392982,1764531701,nominal
505,0.7698457593506169,1764531701,nominal
506,0.766535883552614,1764531701,nominal
507,0.7636083506778382,1764531701,nominal
508,0.7607054498564226,1764531701,nominal
509,0.7575812628869899,1764531701,nominal
510,0.7545711228521175,1764531701,nominal
511,0.7515829915826867,1764531701,nominal
512,0.7488668342970372,1764531701,nominal
513,0.7461696814689933,1764531701,nominal
514,0.7432505757254346,1764531701,nominal
515,0.7402781362261298,1764531701,nominal
516,0.7373321295496277,1764531701,nominal
517,0.7343418347327846,1764531701,nominal
518,0.7313822777033105,1764531701,nominal
519,0.7286883373666974,1764531701,nominal
520,0.7261912721239935,1764531701,nominal
521,0.7240235089706312,1764531701,nominal
522,0.7219357004759195,1764531701,nominal
523,0.7201617550835919,1764531701,nominal
524,0.7188685345766508,1764531701,nominal
525,0.7176393309789793,1764531701,nominal
526,0.716710774693405,1764531701,nominal
527,0.7158410253312044,1764531701,nominal
528,0.7152693452448414,1764531701,nominal
529,0.7147633688263815,1764531701,nominal
530,0.7143238491287908,1764531701,nominal
531,0.7140631158065326,1764531701,nominal
532,0.713803855080699,1764531701,nominal
533,0.7135460603056675,1764531701,nominal
534,0.713110528934589,1764531701,nominal
535,0.7129243076126938,1764531701,nominal
536,0.7127402917817054,1764531701,nominal
537,0.712558475482232,1764531701,nominal
538,0.7123788527837678,1764531701,nominal
539,0.7122014177847907,1764531701,nominal
540,0.7120261646128553,1764531701,nominal
541,0.7116696944180482,1764531701,nominal
542,0.7113149980359453,1764531701,nominal
543,0.7109620675143568,1764531701,nominal
544,0.71061089491775,1764531701,nominal
545,0.7102614723275993,1764531701,nominal
546,0.7099137918427286,1764531701,nominal
547,0.7095678455796435,1764531701,nominal
548,0.7092236256728549,1764531701,nominal
549,0.708881124275196,1764531701,nominal
550,0.7085403335581284,1764531701,nominal
551,0.7082012457120416,1764531701,nominal
552,0.7078638529465444,1764531701,nominal
553,0.7075281474907477,1764531701,nominal
554,0.7071941215935398,1764531701,nominal
555,0.7068617675238539,1764531701,nominal
556,0.7065310775709294,1764531701,nominal
557,0.706202044044563,1764531701,nominal
558,0.7058746592753556,1764531701,nominal
559,0.7055489156149499,1764531701,nominal
560,0.705224805436262,1764531701,nominal
561,0.7049023211337062,1764531701,nominal
562,0.7045814551234124,1764531701,nominal
563,0.7042621998434367,1764531701,nominal
564,0.7039445477539668,1764531701,nominal
565,0.7036284913375195,1764531701,nominal
566,0.7033140230991328,1764531701,nominal
567,0.7030011355665516,1764531701,nominal
568,0.7026898212904068,1764531701,nominal
569,0.702380072844389,1764531701,nominal
570,0.7020718828254164,1764531701,nominal
571,0.7017652438537966,1764531701,nominal
572,0.7014601485733832,1764531701,nominal
573,0.701156589651726,1764531701,nominal
574,0.7008545597802169,1764531701,nominal
575,0.7005540516742288,1764531701,nominal
576,0.7002550580732521,1764531701,nominal
577,0.6999575717410221,1764531701,nominal
578,0.6996615854656456,1764531701,nominal
579,0.6993670920597189,1764531701,nominal
580,0.699074084360443,1764531701,nominal
581,0.6987825552297339,1764531701,nominal
582,0.6984924975543269,1764531701,nominal
583,0.6982039042458785,1764531701,nominal
584,0.6979167682410614,1764531701,nominal
585,0.6976310825016566,1764531701,nominal
586,0.6973468400146408,1764531701,nominal
587,0.6970640337922696,1764531701,nominal
588,0.6967826568721562,1764531701,nominal
589,0.6965027023173467,1764531701,nominal
590,0.6962241632163901,1764531701,nominal
591,0.6959470326834063,1764531701,nominal
592,0.695671303858148,1764531701,nominal
593,0.6953969699060614,1764531701,nominal
594,0.69512402401834,1764531701,nominal
595,0.6948524594119784,1764531701,nominal
596,0.6945822693298191,1764531701,nominal
597,0.6943134470405989,1764531701,nominal
598,0.694045985838989,1764531701,nominal
599,0.693779879045634,1764531701,nominal
600,0.693747866092005,1764531701,nominal
601,0.6937177093089505,1764531701,nominal
602,0.693689404830518,1764531701,nominal
603,0.6936629488167193,1764531701,nominal
604,0.6936383374533487,1764531701,nominal
605,0.6936155669517999,1764531701,nominal
606,0.6935946335488804,1764531701,nominal
607,0.6935755335066264,1764531701,nominal
608,0.6935582631121133,1764531701,nominal
609,0.6935428186772687,1764531701,nominal
610,0.6932891422768614,1764531701,nominal
611,0.6930367504847288,1764531701,nominal
612,0.6927856369470791,1764531701,nominal
613,0.6925357953359775,1764531701,nominal
614,0.6922872193493481,1764531701,nominal
615,0.6920399027109757,1764531701,nominal
616,0.6917938391705037,1764531701,nominal
617,0.6915490225034296,1764531701,nominal
618,0.6913054465110994,1764531701,nominal
619,0.6910631050206978,1764531701,nominal
620,0.690821991885238,1764531701,nominal
621,0.6905821009835477,1764531701,nominal
622,0.6903434262202547,1764531701,nominal
623,0.6901059615257685,1764531701,nominal
624,0.6898697008562619,1764531701,nominal
625,0.6896346381936481,1764531701,nominal
626,0.6894007675455589,1764531701,nominal
627,0.6891680829453174,1764531701,nominal
628,0.6889365784519131,1764531701,nominal
629,0.6887062481499707,1764531701,nominal
630,0.6884770861497213,1764531701,nominal
631,0.6882490865869675,1764531701,nominal
632,0.6880222436230512,1764531701,nominal
633,0.687796551444817,1764531701,nominal
634,0.6875720042645747,1764531701,nominal
635,0.6873485963200596,1764531701,nominal
636,0.6871263218743927,1764531701,nominal
637,0.6869051752160382,1764531701,nominal
638,0.6866851506587603,1764531701,nominal
639,0.6864662425415775,1764531701,nominal
640,0.6862484452287162,1764531701,nominal
641,0.6860317531095639,1764531701,nominal
642,0.6858161605986187,1764531701,nominal
643,0.6856016621354402,1764531701,nominal
644,0.6853882521845974,1764531701,nominal
645,0.6851759252356149,1764531701,nominal
646,0.68496467580292,1764531701,nominal
647,0.6847544984257874,1764531701,nominal
648,0.6845453876682822,1764531701,nominal
649,0.6843373381192028,1764531701,nominal
650,0.6841303443920224,1764531701,nominal
651,0.6839244011248296,1764531701,nominal
652,0.683719502980267,1764531701,nominal
653,0.6835156446454708,1764531701,nominal
654,0.6833128208320081,1764531701,nominal
655,0.6831110262758119,1764531701,nominal
656,0.6829102557371186,1764531701,nominal
657,0.6827105040004021,1764531701,nominal
658,0.6825117658743077,1764531701,nominal
659,0.682314036191585,1764531701,nominal
660,0.682117309809021,1764531701,nominal
661,0.6819215816073705,1764531701,nominal
662,0.681726846491287,1764531701,nominal
663,0.6815330993892543,1764531701,nominal
664,0.6813403352535139,1764531701,nominal
665,0.681148549059994,1764531701,nominal
666,0.6809577358082385,1764531701,nominal
667,0.680767890521334,1764531701,nominal
668,0.6805790082458358,1764531701,nominal
669,0.6803910840516949,1764531701,nominal
670,0.6802041130321823,1764531701,nominal
671,0.6800180903038159,1764531701,nominal
672,0.6798330110062833,1764531701,nominal
673,0.6796488703023659,1764531701,nominal
674,0.679465663377864,1764531701,nominal
675,0.6792833854415176,1764531701,nominal
676,0.6791020317249298,1764531701,nominal
677,0.6789215974824889,1764531701,nominal
678,0.6787420779912905,1764531701,nominal
679,0.6785634685510576,1764531701,nominal
680,0.6783857644840622,1764531701,nominal
681,0.6782089611350458,1764531701,nominal
682,0.6780330538711381,1764531701,nominal
683,0.6778580380817791,1764531701,nominal
684,0.6776839091786366,1764531701,nominal
685,0.6775106625955254,1764531701,nominal
686,0.6773382937883277,1764531701,nominal
687,0.6771667982349096,1764531701,nominal
688,0.6773306611309251,1764531701,nominal
689,0.6774961043063968,1764531701,nominal
690,0.6776631256704977,1764531701,nominal
691,0.6778317231347625,1764531701,nominal
692,0.6780018946128334,1764531701,nominal
693,0.6781736380202058,1764531701,nominal
694,0.6783469512739757,1764531701,nominal
695,0.6785218322925876,1764531701,nominal
696,0.6786982789955798,1764531701,nominal
697,0.6788762893033334,1764531701,nominal
698,0.678711987973026,1764531701,nominal
699,0.6785485170847276,1764531701,nominal
700,0.6783858723575859,1764531701,nominal
701,0.678224049531578,1764531701,nominal
702,0.6780630443674316,1764531701,nominal
703,0.677902852646539,1764531701,nominal
704,0.6777434701708791,1764531701,nominal
705,0.6775848927629334,1764531701,nominal
706,0.6774271162656037,1764531701,nominal
707,0.6772701365421304,1764531701,nominal
708,0.677113949476011,1764531701,nominal
709,0.676958550970914,1764531701,nominal
710,0.6768039369506015,1764531701,nominal
711,0.6766501033588431,1764531701,nominal
712,0.676497046159334,1764531701,nominal
713,0.6763447613356134,1764531701,nominal
714,0.6761932448909802,1764531701,nominal
715,0.6760424928484111,1764531701,nominal
716,0.6758925012504782,1764531701,nominal
717,0.6757432661592657,1764531701,nominal
718,0.6755947836562868,1764531701,nominal
719,0.6754470498424026,1764531701,nominal
720,0.675300060837736,1764531701,nominal
721,0.6751538127815935,1764531701,nominal
722,0.6750083018323791,1764531701,nominal
723,0.6748635241675132,1764531701,nominal
724,0.6747194759833485,1764531701,nominal
725,0.6745761534950901,1764531701,nominal
726,0.6744335529367099,1764531701,nominal
727,0.6742916705608677,1764531701,nominal
728,0.6741505026388244,1764531701,nominal
729,0.674010045460364,1764531701,nominal
730,0.6738702953337095,1764531701,nominal
731,0.67373124858544,1764531701,nominal
732,0.6735929015604106,1764531701,nominal
733,0.6734552506216686,1764531701,nominal
734,0.6733182921503741,1764531701,nominal
735,0.6731820225457148,1764531701,nominal
736,0.6730464382248285,1764531701,nominal
737,0.672911535622719,1764531701,nominal
738,0.672777311192175,1764531701,nominal
739,0.6726437614036906,1764531701,nominal
740,0.6725108827453812,1764531701,nominal
741,0.6723786717229061,1764531701,nominal
742,0.6722471248593853,1764531701,nominal
743,0.67211623869532,1764531701,nominal
744,0.6719860097885121,1764531701,nominal
745,0.6718564347139835,1764531701,nominal
746,0.671727510063896,1764531701,nominal
747,0.6715992324474718,1764531701,nominal
748,0.6714715984909141,1764531701,nominal
749,0.6713446048373249,1764531701,nominal
750,0.6712182481466292,1764531701,nominal
751,0.6710925250954932,1764531701,nominal
752,0.6709674323772481,1764531701,nominal
753,0.6708429667018059,1764531701,nominal
754,0.670719124795587,1764531701,nominal
755,0.6705959034014375,1764531701,nominal
756,0.6704732992785519,1764531701,nominal
757,0.6703513092023965,1764531701,nominal
758,0.6702299299646289,1764531701,nominal
759,0.6701091583730238,1764531701,nominal
760,0.6699889912513913,1764531701,nominal
761,0.6698694254395028,1764531701,nominal
762,0.6697504577930138,1764531701,nominal
763,0.6696320851833855,1764531701,nominal
764,0.669514304497809,1764531701,nominal
765,0.6693971126391294,1764531701,nominal
766,0.6692805065257683,1764531701,nominal
767,0.6691644830916504,1764531701,nominal
768,0.6690490392861252,1764531701,nominal
769,0.668934172073892,1764531701,nominal
770,0.668819878434926,1764531701,nominal
771,0.6687061553644025,1764531701,nominal
772,0.6685929998726216,1764531701,nominal
773,0.6684804089849353,1764531701,nominal
774,0.6683683797416711,1764531701,nominal
775,0.668256909198059,1764531701,nominal
776,0.6681459944241587,1764531701,nominal
777,0.6680356325047836,1764531701,nominal
778,0.6679258205394304,1764531701,nominal
779,0.6678165556422035,1764531701,nominal
780,0.6677078349417441,1764531701,nominal
781,0.6675996555811561,1764531701,nominal
782,0.6674920147179353,1764531701,nominal
783,0.6673849095238954,1764531701,nominal
784,0.6672783371850983,1764531701,nominal
785,0.6671722949017815,1764531701,nominal
786,0.6670667798882862,1764531701,nominal
787,0.6669617893729874,1764531701,nominal
788,0.6668573205982234,1764531701,nominal
789,0.666753370820223,1764531701,nominal
790,0.666649937309038,1764531701,nominal
791,0.6665470173484704,1764531701,nominal
792,0.6664446082360072,1764531701,nominal
793,0.6663427072827448,1764531701,nominal
794,0.6662413118133248,1764531701,nominal
795,0.666140419165862,1764531701,nominal
796,0.6660400266918769,1764531701,nominal
797,0.6659401317562296,1764531701,nominal
798,0.6658407317370447,1764531701,nominal
799,0.6657418240256525,1764531701,nominal
800,0.665643406026514,1764531701,nominal
801,0.6655454751571567,1764531701,nominal
802,0.6654480288481086,1764531701,nominal
803,0.665351064542828,1764531701,nominal
804,0.6658086513299335,1764531701,nominal
805,0.6662674896871706,1764531701,nominal
806,0.6667275754278031,1764531701,nominal
807,0.667188904332504,1764531701,nominal
808,0.6676514721492993,1764531701,nominal
809,0.668115274593521,1764531701,nominal
810,0.6685803073477579,1764531701,nominal
811,0.6690465660618126,1764531701,nominal
812,0.6695140463526601,1764531701,nominal
813,0.6699827438044071,1764531701,nominal
814,0.6698887753365523,1764531701,nominal
815,0.6697952695529429,1764531701,nominal
816,0.6702713398099787,1764531701,nominal
817,0.6707486072074608,1764531701,nominal
818,0.6712270671317864,1764531701,nominal
819,0.6717067149360746,1764531701,nominal
820,0.6721875459401492,1764531701,nominal
821,0.6726695554305298,1764531701,nominal
822,0.6731527386604214,1764531701,nominal
823,0.6736370908497114,1764531701,nominal
824,0.6741226071849681,1764531701,nominal
825,0.6746092828194394,1764531701,nominal
826,0.674518612567126,1764531701,nominal
827,0.6744283866269833,1764531701,nominal
828,0.674338602652629,1764531701,nominal
829,0.6742492583093158,1764531701,nominal
830,0.6741603512738786,1764531701,nominal
831,0.6740718792346693,1764531701,nominal
832,0.6739838398914991,1764531701,nominal
833,0.6738962309555816,1764531701,nominal
834,0.67380905014947,1764531701,nominal
835,0.6737222952070016,1764531701,nominal
836,0.673635963873237,1764531701,nominal
837,0.6735500539044035,1764531701,nominal
838,0.6734645630678374,1764531701,nominal
839,0.6733794891419246,1764531701,nominal
840,0.6732948299160443,1764531701,nominal
841,0.6732105831905107,1764531701,nominal
842,0.6731267467765183,1764531701,nominal
843,0.6730433184960819,1764531701,nominal
844,0.6729602961819832,1764531701,nominal
845,0.6728776776777129,1764531701,nominal
846,0.6727954608374137,1764531701,nominal
847,0.672713643525827,1764531701,nominal
848,0.6726322236182343,1764531701,nominal
849,0.6725511990004059,1764531701,nominal
850,0.6724705675685403,1764531701,nominal
851,0.6723903272292161,1764531701,nominal
852,0.6723104758993306,1764531701,nominal
853,0.6722310115060497,1764531701,nominal
854,0.6721519319867522,1764531701,nominal
855,0.6720732352889774,1764531701,nominal
856,0.6719949193703679,1764531701,nominal
857,0.6719169821986208,1764531701,nominal
858,0.6718394217514319,1764531701,nominal
859,0.671762236016441,1764531701,nominal
860,0.6716854229911825,1764531701,nominal
861,0.6716089806830321,1764531701,nominal
862,0.6715329071091523,1764531701,nominal
863,0.671457200296444,1764531701,nominal
864,0.6713818582814896,1764531701,nominal
865,0.6713068791105068,1764531701,nominal
866,0.6712322608392933,1764531701,nominal
867,0.6711580015331787,1764531701,nominal
868,0.6710840992669717,1764531701,nominal
869,0.6710105521249076,1764531701,nominal
870,0.6709373582006029,1764531701,nominal
871,0.6708645155969988,1764531701,nominal
872,0.6707920224263179,1764531701,nominal
873,0.6707198768100097,1764531701,nominal
874,0.6706480768787016,1764531701,nominal
875,0.6705766207721503,1764531701,nominal
876,0.6705055066391944,1764531701,nominal
877,0.6704347326377008,1764531701,nominal
878,0.6703642969345224,1764531701,nominal
879,0.6702941977054435,1764531701,nominal
880,0.6702244331351358,1764531701,nominal
881,0.6701550014171087,1764531701,nominal
882,0.6700859007536607,1764531701,nominal
883,0.6700171293558338,1764531701,nominal
884,0.6699486854433644,1764531701,nominal
885,0.6698805672446384,1764531701,nominal
886,0.6698127729966397,1764531701,nominal
887,0.66974530094491,1764531701,nominal
888,0.6696781493434968,1764531701,nominal
889,0.6696113164549102,1764531701,nominal
890,0.6695448005500747,1764531701,nominal
891,0.6694785999082843,1764531701,nominal
892,0.6694127128171574,1764531701,nominal
893,0.6693471375725921,1764531701,nominal
894,0.6692818724787172,1764531701,nominal
895,0.6692169158478524,1764531701,nominal
896,0.6691522660004577,1764531701,nominal
897,0.6690879212650955,1764531701,nominal
898,0.6690238799783801,1764531701,nominal
899,0.6689601404849365,1764531701,nominal
900,0.6697153381964963,1764531701,nominal
901,0.6704708617850936,1764531701,nominal
902,0.6712267017437935,1764531701,nominal
903,0.6719828485517986,1764531701,nominal
904,0.6727392926749116,1764531701,nominal
905,0.6734960245659891,1764531701,nominal
906,0.6742530346654005,1764531701,nominal
907,0.6750103134014931,1764531701,nominal
908,0.6757678511910497,1764531701,nominal
909,0.6765256384397526,1764531701,nominal
910,0.6764630550809958,1764531701,nominal
911,0.6764007643314485,1764531701,nominal
912,0.676338764587852,1764531701,nominal
913,0.6762770542545666,1764531701,nominal
914,0.6762156317435328,1764531701,nominal
915,0.6761544954742299,1764531701,nominal
916,0.6760936438736317,1764531701,nominal
917,0.6760330753761689,1764531701,nominal
918,0.6759727884236857,1764531701,nominal
919,0.6759127814653975,1764531701,nominal
920,0.675853052957856,1764531701,nominal
921,0.6757936013649005,1764531701,nominal
922,0.6757344251576239,1764531701,nominal
923,0.6756755228143316,1764531701,nominal
924,0.6756168928204974,1764531701,nominal
925,0.675558533668731,1764531701,nominal
926,0.675500443858728,1764531701,nominal
927,0.6754426218972406,1764531701,nominal
928,0.6753850662980353,1764531701,nominal
929,0.6753277755818491,1764531701,nominal
930,0.6752707482763566,1764531701,nominal
931,0.6752139829161294,1764531701,nominal
932,0.675157478042595,1764531701,nominal
933,0.6751012322040028,1764531701,nominal
934,0.6750452439553821,1764531701,nominal
935,0.6749895118585072,1764531701,nominal
936,0.6749340344818567,1764531701,nominal
937,0.674878810400576,1764531701,nominal
938,0.6748238381964462,1764531701,nominal
939,0.6747691164578349,1764531701,nominal
940,0.6747146437796688,1764531701,nominal
941,0.674660418763395,1764531701,nominal
942,0.6746064400169404,1764531701,nominal
943,0.6745527061546783,1764531701,nominal
944,0.6744992157973909,1764531701,nominal
945,0.6744459675722351,1764531701,nominal
946,0.6743929601127002,1764531701,nominal
947,0.6743401920585794,1764531701,nominal
948,0.674287662055932,1764531701,nominal
949,0.6742353687570416,1764531701,nominal
950,0.674183310820391,1764531701,nominal
951,0.6741314869106168,1764531701,nominal
952,0.6740798956984806,1764531701,nominal
953,0.6740285358608347,1764531701,nominal
954,0.6739774060805808,1764531701,nominal
955,0.6739265050466402,1764531701,nominal
956,0.673875831453922,1764531701,nominal
957,0.6738253840032796,1764531701,nominal
958,0.6737751614014851,1764531701,nominal
959,0.6737251623611914,1764531701,nominal
960,0.6736753856008997,1764531701,nominal
961,0.6736258298449254,1764531701,nominal
962,0.6735764938233635,1764531701,nominal
963,0.6735273762720535,1764531701,nominal
964,0.6734784759325532,1764531701,nominal
965,0.6734297915520984,1764531701,nominal
966,0.6733813218835717,1764531701,nominal
967,0.6733330656854721,1764531701,nominal
968,0.6732850217218788,1764531701,nominal
969,0.6732371887624211,1764531701,nominal
970,0.6731895655822462,1764531701,nominal
971,0.6731421509619845,1764531701,nominal
972,0.6730949436877219,1764531701,nominal
973,0.6730479425509622,1764531701,nominal
974,0.6730011463485982,1764531701,nominal
975,0.6729545538828823,1764531701,nominal
976,0.6729081639613907,1764531701,nominal
977,0.6728619753969954,1764531701,nominal
978,0.6728159870078314,1764531701,nominal
979,0.6727701976172642,1764531701,nominal
980,0.6727246060538615,1764531701,nominal
981,0.6726792111513638,1764531701,nominal
982,0.6726340117486449,1764531701,nominal
983,0.6725890066896969,1764531701,nominal
984,0.672544194823582,1764531701,nominal
985,0.6724995750044154,1764531701,nominal
986,0.6724551460913291,1764531701,nominal
987,0.6724109069484472,1764531701,nominal
988,0.6723668564448451,1764531701,nominal
989,0.6723229934545348,1764531701,nominal
990,0.6722793168564223,1764531701,nominal
991,0.6722358255342852,1764531701,nominal
992,0.6721925183767407,1764531701,nominal
993,0.6721493942772198,1764531701,nominal
994,0.672106452133934,1764531701,nominal
995,0.6720636908498456,1764531701,nominal
996,0.6720211093326455,1764531701,nominal
997,0.6719787064947192,1764531701,nominal
998,0.6719364812531171,1764531701,nominal
999,0.671894432529532,1764531701,nominal
1000,0.6718525592502671,1764531701,nominal
1001,0.6718108603462022,1764531701,nominal
1002,0.6717693347527776,1764531701,nominal
1003,0.6717279814099588,1764531701,nominal
1004,0.6716867992622082,1764531701,nominal
1005,0.6716457872584602,1764531701,nominal
1006,0.6716049443520933,1764531701,nominal
1007,0.6715642695008998,1764531701,nominal
1008,0.6715237616670626,1764531701,nominal
1009,0.6714834198171252,1764531701,nominal
1010,0.6714432429219649,1764531701,nominal
1011,0.6714032299567682,1764531701,nominal
1012,0.671363379901001,1764531701,nominal
1013,0.6713236917383831,1764531701,nominal
1014,0.6712841644568596,1764531701,nominal
1015,0.6712447970485808,1764531701,nominal
1016,0.6712055885098679,1764531701,nominal
1017,0.6711665378411907,1764531701,nominal
1018,0.6711276440471413,1764531701,nominal
1019,0.6710889061364095,1764531701,nominal
1020,0.6710503231217506,1764531701,nominal
1021,0.6710118940199685,1764531701,nominal
1022,0.6709736178518848,1764531701,nominal
1023,0.6709354936423124,1764531701,nominal
1024,0.6708975204200329,1764531701,nominal
1025,0.670859697217767,1764531701,nominal
1026,0.6708220230721569,1764531701,nominal
1027,0.6707844970237337,1764531701,nominal
1028,0.6707471181168951,1764531701,nominal
1029,0.6707098853998809,1764531701,nominal
1030,0.670672797924748,1764531701,nominal
1031,0.6706358547473459,1764531701,nominal
1032,0.6705990549272892,1764531701,nominal
1033,0.6705623975279363,1764531701,nominal
1034,0.6705258816163666,1764531701,nominal
1035,0.6704895062633497,1764531701,nominal
1036,0.6704532705433293,1764531701,nominal
1037,0.6704171735343911,1764531701,nominal
1038,0.6703812143182444,1764531701,nominal
1039,0.6703453919801986,1764531701,nominal
1040,0.6703097056091313,1764531701,nominal
1041,0.670274154297476,1764531701,nominal
1042,0.6702387371411924,1764531701,nominal
1043,0.6702034532397406,1764531701,nominal
1044,0.6701683016960628,1764531701,nominal
1045,0.670133281616555,1764531701,nominal
1046,0.6700983921110525,1764531701,nominal
1047,0.6700636322927931,1764531701,nominal
1048,0.6700290012784063,1764531701,nominal
1049,0.6699944981878859,1764531701,nominal
1050,0.6699601221445631,1764531701,nominal
1051,0.669925872275094,1764531701,nominal
1052,0.6698917477094266,1764531701,nominal
1053,0.6698577475807789,1764531701,nominal
1054,0.669823871025626,1764531701,nominal
1055,0.669790117183668,1764531701,nominal
1056,0.6697564851978114,1764531701,nominal
1057,0.6697229742141505,1764531701,nominal
1058,0.6696895833819314,1764531701,nominal
1059,0.6696563118535521,1764531701,nominal
1060,0.6696231587845224,1764531701,nominal
1061,0.6695901233334439,1764531701,nominal
1062,0.6695572046620011,1764531701,nominal
1063,0.6695244019349265,1764531701,nominal
1064,0.6694917143199812,1764531701,nominal
1065,0.669459140987938,1764531701,nominal
1066,0.6694266811125607,1764531701,nominal
1067,0.6693943338705749,1764531701,nominal
1068,0.6693620984416494,1764531701,nominal
1069,0.6693299740083836,1764531701,nominal
1070,0.6692979597562795,1764531701,nominal
1071,0.6710486258665908,1764531701,nominal
1072,0.672789570335339,1764531701,nominal
1073,0.6745208497921987,1764531701,nominal
1074,0.6762425205323235,1764531701,nominal
1075,0.6779546385180103,1764531701,nominal
1076,0.6796572593803897,1764531701,nominal
1077,0.6813504384211022,1764531701,nominal
1078,0.6830342306139588,1764531701,nominal
1079,0.6847086906066481,1764531701,nominal
1080,0.6863738727223837,1764531701,nominal
1081,0.6863410600776966,1764531701,nominal
1082,0.6863083578500603,1764531701,nominal
1083,0.6862757652130732,1764531701,nominal
1084,0.686243281343174,1764531701,nominal
1085,0.6862109054196314,1764531701,nominal
1086,0.6861786366245092,1764531701,nominal
1087,0.6861464741426571,1764531701,nominal
1088,0.6861144171616858,1764531701,nominal
1089,0.686082464871941,1764531701,nominal
1090,0.6860506164664937,1764531701,nominal
1091,0.6860188711411128,1764531701,nominal
1092,0.685987228094244,1764531701,nominal
1093,0.6859556865269913,1764531701,nominal
1094,0.6859242456430952,1764531701,nominal
1095,0.685892904648919,1764531701,nominal
1096,0.6858616627534212,1764531701,nominal
1097,0.6858305191681351,1764531701,nominal
1098,0.6857994731071542,1764531701,nominal
1099,0.685768523787106,1764531701,nominal
1100,0.6857376704271426,1764531701,nominal
1101,0.6857069122489061,1764531701,nominal
1102,0.6856762484765226,1764531701,nominal
1103,0.6856456783365729,1764531701,nominal
1104,0.6856152010580823,1764531701,nominal
1105,0.6855848158724882,1764531701,nominal
1106,0.6855545220136295,1764531701,nominal
1107,0.68552431871773,1764531701,nominal
1108,0.6854942052233711,1764531701,nominal
1109,0.6854641807714754,1764531701,nominal
1110,0.6854342446052913,1764531701,nominal
1111,0.6854043959703722,1764531701,nominal
1112,0.6853746341145495,1764531701,nominal
1113,0.685344958287922,1764531701,nominal
1114,0.6853153677428425,1764531701,nominal
1115,0.6852858617338801,1764531701,nominal
1116,0.6852564395178229,1764531701,nominal
1117,0.6852271003536438,1764531701,nominal
1118,0.6851978435024888,1764531701,nominal
1119,0.6851686682276547,1764531701,nominal
1120,0.6851395737945764,1764531701,nominal
1121,0.6851105594708016,1764531701,nominal
1122,0.6850816245259772,1764531701,nominal
1123,0.6850527682318276,1764531701,nominal
1124,0.6850239898621391,1764531701,nominal
1125,0.6849952886927372,1764531701,nominal
1126,0.6849666640014769,1764531701,nominal
1127,0.6849381150682162,1764531701,nominal
1128,0.6849096411748009,1764531701,nominal
1129,0.6848812416050465,1764531701,nominal
1130,0.6848529156447238,1764531701,nominal
1131,0.6848246625815273,1764531701,nominal
1132,0.6847964817050848,1764531701,nominal
1133,0.6847683723069093,1764531701,nominal
1134,0.6847403336803959,1764531701,nominal
1135,0.6847123651208082,1764531701,nominal
1136,0.6846844659252447,1764531701,nominal
1137,0.684656635392646,1764531701,nominal
1138,0.6846288728237506,1764531701,nominal
1139,0.6846011775210945,1764531701,nominal
1140,0.6845735487889899,1764531701,nominal
1141,0.6845459859335026,1764531701,nominal
1142,0.6845184882624424,1764531701,nominal
1143,0.6844910550853405,1764531701,nominal
1144,0.684463685713437,1764531701,nominal
1145,0.6844363794596526,1764531701,nominal
1146,0.6844091356385906,1764531701,nominal
1147,0.6843819535665048,1764531701,nominal
1148,0.6843548325612757,1764531701,nominal
1149,0.6843277719424229,1764531701,nominal
1150,0.6843007710310567,1764531701,nominal
1151,0.68427382914988,1764531701,nominal
1152,0.6842469456231567,1764531701,nominal
1153,0.6842201197767181,1764531701,nominal
1154,0.684193350937917,1764531701,nominal
1155,0.6841666384356349,1764531701,nominal
1156,0.6841399816002535,1764531701,nominal
1157,0.6841133797636368,1764531701,nominal
1158,0.684086832259129,1764531701,nominal
1159,0.6840603384215179,1764531701,nominal
1160,0.6840338975870278,1764531701,nominal
1161,0.6840075090933109,1764531701,nominal
1162,0.6839811722794173,1764531701,nominal
1163,0.6839548864857838,1764531701,nominal
1164,0.6839286510542242,1764531701,nominal
1165,0.6839024653278957,1764531701,nominal
1166,0.6838763286513134,1764531701,nominal
1167,0.6838502403702936,1764531701,nominal
1168,0.6838241998319695,1764531701,nominal
1169,0.6837982063847723,1764531701,nominal
1170,0.6837722593783865,1764531701,nominal
1171,0.6837463581637755,1764531701,nominal
1172,0.6837205020931374,1764531701,nominal
1173,0.6836946905198888,1764531701,nominal
1174,0.6836689227986708,1764531701,nominal
1175,0.6836431982853062,1764531701,nominal
1176,0.6836175163368015,1764531701,nominal
1177,0.683591876311331,1764531701,nominal
1178,0.6835662775682092,1764531701,nominal
1179,0.6835407194678836,1764531701,nominal
1180,0.6835152013719229,1764531701,nominal
1181,0.6834897226429855,1764531701,nominal
1182,0.6834642826448192,1764531701,nominal
1183,0.6834388807422451,1764531701,nominal
1184,0.6834135163011351,1764531701,nominal
1185,0.6833881886883932,1764531701,nominal
1186,0.6833628972719554,1764531701,nominal
1187,0.6833376414207535,1764531701,nominal
1188,0.6833124205047256,1764531701,nominal
1189,0.6832872338947761,1764531701,nominal
1190,0.683262080962766,1764531701,nominal
1191,0.6832369610815152,1764531701,nominal
1192,0.6832118736247624,1764531701,nominal
1193,0.6831868179671666,1764531701,nominal
1194,0.6831617934842872,1764531701,nominal
1195,0.6831367995525683,1764531701,nominal
1196,0.6831118355493191,1764531701,nominal
1197,0.6830869008527093,1764531701,nominal
1198,0.6830619948417478,1764531701,nominal
1199,0.6830371168962639,1764531701,nominal
1200,0.6830122663968924,1764531701,nominal
1201,0.6829874427250809,1764531701,nominal
1202,0.6829626452630331,1764531701,nominal
1203,0.6829378733937366,1764531701,nominal
1204,0.6829131265009115,1764531701,nominal
1205,0.6828884039690347,1764531701,nominal
1206,0.6828637051832779,1764531701,nominal
1207,0.6828390295295387,1764531701,nominal
1208,0.682814376394392,1764531701,nominal
1209,0.6827897451650936,1764531701,nominal
1210,0.6827651352295664,1764531701,nominal
1211,0.6827405459763665,1764531701,nominal
1212,0.6827159767946924,1764531701,nominal
1213,0.6826914270743472,1764531701,nominal
1214,0.6826668962057564,1764531701,nominal
1215,0.6826423835799164,1764531701,nominal
1216,0.6826178885883991,1764531701,nominal
1217,0.6825934106233437,1764531701,nominal
1218,0.6825689490774279,1764531701,nominal
1219,0.6825445033438544,1764531701,nominal
1220,0.6825200728163482,1764531701,nominal
1221,0.6824956568891313,1764531701,nominal
1222,0.6824712549569162,1764531701,nominal
1223,0.6824468664148822,1764531701,nominal
1224,0.682422490658668,1764531701,nominal
1225,0.6823981270843594,1764531701,nominal
1226,0.6823737750884673,1764531701,nominal
1227,0.6823494340679191,1764531701,nominal
1228,0.6823251034200387,1764531701,nominal
1229,0.6823007825425379,1764531701,nominal
1230,0.6822764708334986,1764531701,nominal
1231,0.6822521676913702,1764531701,nominal
1232,0.682227872514934,1764531701,nominal
1233,0.682203584703308,1764531701,nominal
1234,0.6821793036559138,1764531701,nominal
1235,0.6821550287724915,1764531701,nominal
1236,0.6821307594530561,1764531701,nominal
1237,0.6821064950978902,1764531701,nominal
1238,0.682082235107549,1764531701,nominal
1239,0.6820579788828283,1764531701,nominal
1240,0.6820337258247499,1764531701,nominal
1241,0.682009475334553,1764531701,nominal
1242,0.6819852268136801,1764531701,nominal
1243,0.6819609796637716,1764531701,nominal
1244,0.6819367332866229,1764531701,nominal
1245,0.6819124870842027,1764531701,nominal
1246,0.681888240458631,1764531701,nominal
1247,0.6818639928121519,1764531701,nominal
1248,0.6818397435471294,1764531701,nominal
1249,0.681815492066032,1764531701,nominal
1250,0.6817912377714186,1764531701,nominal
1251,0.6817669800659433,1764531701,nominal
1252,0.6817427183522887,1764531701,nominal
1253,0.6817184520332247,1764531701,nominal
1254,0.6816941805115296,1764531701,nominal
1255,0.6816699031900086,1764531701,nominal
1256,0.681645619471495,1764531701,nominal
1257,0.6816213287587917,1764531701,nominal
1258,0.6815970304546951,1764531701,nominal
1259,0.6815727239619639,1764531701,nominal
1260,0.6815484086833136,1764531701,nominal
1261,0.6815240840213969,1764531701,nominal
1262,0.6814997493787986,1764531701,nominal
1263,0.6814754041579997,1764531701,nominal
1264,0.6814510477614024,1764531701,nominal
1265,0.6814266795912832,1764531701,nominal
1266,0.6814022990497816,1764531701,nominal
1267,0.6813779055389042,1764531701,nominal
1268,0.6813534984605026,1764531701,nominal
1269,0.6813290772162585,1764531701,nominal
1270,0.6813046412076627,1764531701,nominal
1271,0.6812801898360109,1764531701,nominal
1272,0.6812557225024092,1764531701,nominal
1273,0.6812312386077134,1764531701,nominal
1274,0.6812067375525558,1764531701,nominal
1275,0.6811822187373111,1764531701,nominal
1276,0.6811576815620882,1764531701,nominal
1277,0.6811331254267348,1764531701,nominal
1278,0.6811085497307883,1764531701,nominal
1279,0.681083953873491,1764531701,nominal
1280,0.6810593372537637,1764531701,nominal
1281,0.6810346992701949,1764531701,nominal
1282,0.6810100393210312,1764531701,nominal
1283,0.6809853568041551,1764531701,nominal
1284,0.6809606511170772,1764531701,nominal
1285,0.6809359216569391,1764531701,nominal
1286,0.6809111678204521,1764531701,nominal
1287,0.6808863890039476,1764531701,nominal
1288,0.6808615846033138,1764531701,nominal
1289,0.6808367540139997,1764531701,nominal
1290,0.6808118966310063,1764531701,nominal
1291,0.680787011848864,1764531701,nominal
1292,0.680762099061629,1764531701,nominal
1293,0.6807371576628602,1764531701,nominal
1294,0.6807121870456165,1764531701,nominal
1295,0.6806871866024335,1764531701,nominal
1296,0.6806621557253137,1764531701,nominal
1297,0.6806370938057147,1764531701,nominal
1298,0.6806120002345297,1764531701,nominal
1299,0.6805868744020906,1764531701,nominal
1300,0.6805617156981357,1764531701,nominal
1301,0.6805365235117978,1764531701,nominal
1302,0.6805112972316124,1764531701,nominal
1303,0.680486036245475,1764531701,nominal
1304,0.6804607399406434,1764531701,nominal
1305,0.6804354077037316,1764531701,nominal
1306,0.680410038920681,1764531701,nominal
1307,0.6803846329767627,1764531701,nominal
1308,0.6803591892565404,1764531701,nominal
1309,0.6803337071438795,1764531701,nominal
1310,0.6803081860219362,1764531701,nominal
1311,0.6802826252731098,1764531701,nominal
1312,0.680257024279089,1764531701,nominal
1313,0.6802313824207706,1764531701,nominal
1314,0.6802056990783006,1764531701,nominal
1315,0.6801799736310272,1764531701,nominal
1316,0.6801542054575065,1764531701,nominal
1317,0.6801283939354873,1764531701,nominal
1318,0.6801025384418798,1764531701,nominal
1319,0.6800766383527743,1764531701,nominal
1320,0.6800506930434048,1764531701,nominal
1321,0.6800247018881157,1764531701,nominal
1322,0.679998664260414,1764531701,nominal
1323,0.6799725795328814,1764531701,nominal
1324,0.6799464470772228,1764531701,nominal
1325,0.679920266264198,1764531701,nominal
1326,0.6798940364636673,1764531701,nominal
1327,0.6798677570445236,1764531701,nominal
1328,0.6798414273747135,1764531701,nominal
1329,0.6798150468212034,1764531701,nominal
1330,0.6797886147499862,1764531701,nominal
1331,0.6797621305260649,1764531701,nominal
1332,0.6797355935134042,1764531701,nominal
1333,0.6797090030749845,1764531701,nominal
1334,0.679682358572726,1764531701,nominal
1335,0.6796556593674999,1764531701,nominal
1336,0.6796289048191194,1764531701,nominal
1337,0.6796020942863249,1764531701,nominal
1338,0.6795752271267597,1764531701,nominal
1339,0.6795483026969793,1764531701,nominal
1340,0.6795213203524142,1764531701,nominal
1341,0.6794942794473592,1764531701,nominal
1342,0.679467179334993,1764531701,nominal
1343,0.6794400193673047,1764531701,nominal
1344,0.6794127988951576,1764531701,nominal
1345,0.6793855172681861,1764531701,nominal
1346,0.6793581738348673,1764531701,nominal
1347,0.6793307679424618,1764531701,nominal
1348,0.6793032989370027,1764531701,nominal
1349,0.6792757661633,1764531701,nominal
1350,0.6792481689649028,1764531701,nominal
1351,0.6792205066841192,1764531701,nominal
1352,0.6791927786619575,1764531701,nominal
1353,0.6791649842381762,1764531701,nominal
1354,0.6791371227512012,1764531701,nominal
1355,0.679109193538162,1764531701,nominal
1356,0.6790811959348647,1764531701,nominal
1357,0.6790531292757752,1764531701,nominal
1358,0.6790249928939897,1764531701,nominal
1359,0.6789967861212668,1764531701,nominal
1360,0.6789685082879727,1764531701,nominal
1361,0.6789401587230789,1764531701,nominal
1362,0.6789117367541597,1764531701,nominal
1363,0.6788832417073766,1764531701,nominal
1364,0.6788546729074474,1764531701,nominal
1365,0.6788260296776489,1764531701,nominal
1366,0.6787973113398234,1764531701,nominal
1367,0.6787685172143016,1764531701,nominal
1368,0.6787396466199705,1764531701,nominal
1369,0.6787106988741975,1764531701,nominal
1370,0.6786816732928438,1764531701,nominal
1371,0.6786525691902535,1764531701,nominal
1372,0.6786233858792339,1764531701,nominal
1373,0.6785941226710441,1764531701,nominal
1374,0.6785647788753832,1764531701,nominal
1375,0.6785353538003702,1764531701,nominal
1376,0.6785058467525328,1764531701,nominal
1377,0.6784762570368081,1764531701,nominal
1378,0.6784465839564997,1764531701,nominal
1379,0.6784168268133135,1764531701,nominal
1380,0.67838698490728,1764531701,nominal
1381,0.6783570575368217,1764531701,nominal
1382,0.6783270439986412,1764531701,nominal
1383,0.6782969435877944,1764531701,nominal
1384,0.6782667555976484,1764531701,nominal
1385,0.6782364793198279,1764531701,nominal
1386,0.6782061140442868,1764531701,nominal
1387,0.6781756590591952,1764531701,nominal
1388,0.6781451136510231,1764531701,nominal
1389,0.6781144771044695,1764531701,nominal
1390,0.6780837487024365,1764531701,nominal
1391,0.6780529277260615,1764531701,nominal
1392,0.6780220134546927,1764531701,nominal
1393,0.6779910051658609,1764531701,nominal
1394,0.6779599021352646,1764531701,nominal
1395,0.6779287036367622,1764531701,nominal
1396,0.677897408942379,1764531701,nominal
1397,0.6778660173222519,1764531701,nominal
1398,0.6778345280446745,1764531701,nominal
1399,0.6778029403760152,1764531701,nominal
1400,0.6777712535807651,1764531701,nominal
1401,0.677739466921505,1764531701,nominal
1402,0.6777075796588585,1764531701,nominal
1403,0.6776755910515403,1764531701,nominal
1404,0.6776435003562643,1764531701,nominal
1405,0.6776113068278229,1764531701,nominal
1406,0.6775790097190042,1764531701,nominal
1407,0.6775466082805993,1764531701,nominal
1408,0.6775141017614246,1764531701,nominal
1409,0.6774814894082324,1764531701,nominal
1410,0.6774487704657701,1764531701,nominal
1411,0.6774159441767145,1764531701,nominal
1412,0.6773830097817175,1764531701,nominal
1413,0.6773499665193446,1764531701,nominal
1414,0.6773168136260548,1764531701,nominal
1415,0.6772835503362226,1764531701,nominal
1416,0.6772501758821244,1764531701,nominal
1417,0.6772166894938824,1764531701,nominal
1418,0.6771830903995469,1764531701,nominal
1419,0.6771493778249205,1764531701,nominal
1420,0.6771155509937367,1764531701,nominal
1421,0.6770816091274712,1764531701,nominal
1422,0.6770475514454657,1764531701,nominal
1423,0.6770133771648437,1764531701,nominal
1424,0.6769790855005154,1764531701,nominal
1425,0.6769446756651528,1764531701,nominal
1426,0.6769101468692138,1764531701,nominal
1427,0.6768754983208547,1764531701,nominal
1428,0.6768407292260028,1764531701,nominal
1429,0.6768058387883097,1764531701,nominal
1430,0.6767708262091051,1764531701,nominal
1431,0.6767356906874323,1764531701,nominal
1432,0.6767004314200104,1764531701,nominal
1433,0.6766650476012265,1764531701,nominal
1434,0.6766295384231301,1764531701,nominal
1435,0.6765939030753978,1764531701,nominal
1436,0.6765581407453688,1764531701,nominal
1437,0.6765222506179432,1764531701,nominal
1438,0.676486231875684,1764531701,nominal
1439,0.6764500836987263,1764531701,nominal
1440,0.6764138052647586,1764531701,nominal
1441,0.6763773957490695,1764531701,nominal
1442,0.6763408543244823,1764531701,nominal
1443,0.6763041801613437,1764531701,nominal
1444,0.6762673724275848,1764531701,nominal
1445,0.6762304302885871,1764531701,nominal
1446,0.676193352907283,1764531701,nominal
1447,0.6761561394440523,1764531701,nominal
1448,0.676118789056777,1764531701,nominal
1449,0.6760813009008118,1764531701,nominal
1450,0.6760436741289373,1764531701,nominal
1451,0.6760059078913842,1764531701,nominal
1452,0.675968001335818,1764531701,nominal
1453,0.6759299536072892,1764531701,nominal
1454,0.6758917638482825,1764531701,nominal
1455,0.6758534311986513,1764531701,nominal
1456,0.6758149547956244,1764531701,nominal
1457,0.6757763337738013,1764531701,nominal
1458,0.6757375672651246,1764531701,nominal
1459,0.675698654398886,1764531701,nominal
1460,0.6756595943016868,1764531701,nominal
1461,0.6756203860974455,1764531701,nominal
1462,0.6755810289073781,1764531701,nominal
1463,0.6755415218500088,1764531701,nominal
1464,0.6755018640411201,1764531701,nominal
1465,0.6754620545937374,1764531701,nominal
1466,0.675422092618185,1764531701,nominal
1467,0.6753819772219795,1764531701,nominal
1468,0.6753417075098795,1764531701,nominal
1469,0.6753012825838861,1764531701,nominal
1470,0.6752607015431329,1764531701,nominal
1471,0.6752199634840154,1764531701,nominal
1472,0.6751790675000642,1764531701,nominal
1473,0.6751380126819718,1764531701,nominal
1474,0.6750967981176045,1764531701,nominal
1475,0.675055422891961,1764531701,nominal
1476,0.6750138860871425,1764531701,nominal
1477,0.6749721867824188,1764531701,nominal
1478,0.6749303240541129,1764531701,nominal
1479,0.674888296975661,1764531701,nominal
1480,0.6748461046175607,1764531701,nominal
1481,0.6748037460474278,1764531701,nominal
1482,0.6747612203298666,1764531701,nominal
1483,0.6747185265265461,1764531701,nominal
1484,0.6746756636961958,1764531701,nominal
1485,0.6746326308945297,1764531701,nominal
1486,0.6745894271742859,1764531701,nominal
1487,0.6745460515851913,1764531701,nominal
1488,0.6745025031739789,1764531701,nominal
1489,0.6744587809842975,1764531701,nominal
1490,0.6744148840568253,1764531701,nominal
1491,0.6743708114291436,1764531701,nominal
1492,0.6743265621357774,1764531701,nominal
1493,0.6742821352081968,1764531701,nominal
1494,0.6742375296747675,1764531701,nominal
1495,0.6741927445607249,1764531701,nominal
1496,0.6741477788882793,1764531701,nominal
1497,0.6741026316764562,1764531701,nominal
1498,0.674057301941127,1764531701,nominal
1499,0.6740117886951007,1764531701,nominal
1500,0.6739660909479713,1764531701,nominal
1501,0.6739202077061778,1764531701,nominal
1502,0.673874137972964,1764531701,nominal
1503,0.6738278807484258,1764531701,nominal
1504,0.6737814350294199,1764531701,nominal
1505,0.6737347998096092,1764531701,nominal
1506,0.6736879740794431,1764531701,nominal
1507,0.6736409568261156,1764531701,nominal
1508,0.6735937470335737,1764531701,nominal
1509,0.6735463436825426,1764531701,nominal
1510,0.6734987457504399,1764531701,nominal
1511,0.6734509522114407,1764531701,nominal
1512,0.6734029620363782,1764531701,nominal
1513,0.6733547741928462,1764531701,nominal
1514,0.6733063876450905,1764531701,nominal
1515,0.67325780135408,1764531701,nominal
1516,0.6732090142773456,1764531701,nominal
1517,0.6731600253692304,1764531701,nominal
1518,0.6731108335806012,1764531701,nominal
1519,0.6730614378590046,1764531701,nominal
1520,0.6730118371486341,1764531701,nominal
1521,0.6729620303902525,1764531701,nominal
1522,0.6729120165212781,1764531701,nominal
1523,0.6728617944756842,1764531701,nominal
1524,0.6728113631840442,1764531701,nominal
1525,0.6727607215735093,1764531701,nominal
1526,0.6727098685677863,1764531701,nominal
1527,0.6726588030871525,1764531701,nominal
1528,0.6726075240484187,1764531701,nominal
1529,0.672556030364937,1764531701,nominal
1530,0.6725043209465597,1764531701,nominal
1531,0.6724523946996958,1764531701,nominal
1532,0.6724002505272415,1764531701,nominal
1533,0.6723478873285618,1764531701,nominal
1534,0.6722953039995413,1764531701,nominal
1535,0.6722424994325589,1764531701,nominal
1536,0.6721894725164125,1764531701,nominal
1537,0.6721362221363868,1764531701,nominal
1538,0.6720827471741828,1764531701,nominal
1539,0.6720290465080234,1764531701,nominal
1540,0.6719751190124538,1764531701,nominal
1541,0.6719209635584978,1764531701,nominal
1542,0.6718665790136138,1764531701,nominal
1543,0.6718119642416325,1764531701,nominal
1544,0.6717571181027554,1764531701,nominal
1545,0.6717020394536282,1764531701,nominal
1546,0.6716467271472228,1764531701,nominal
1547,0.6715911800329113,1764531701,nominal
1548,0.6715353969564133,1764531701,nominal
1549,0.6714793767598153,1764531701,nominal
1550,0.6714231182814935,1764531701,nominal
1551,0.6713666203562484,1764531701,nominal
1552,0.6713098818151243,1764531701,nominal
1553,0.6712529014855436,1764531701,nominal
1554,0.671195678191218,1764531701,nominal
1555,0.6711382107521313,1764531701,nominal
1556,0.6710804979846247,1764531701,nominal
1557,0.671022538701282,1764531701,nominal
1558,0.6709643317109413,1764531701,nominal
1559,0.6709058758187882,1764531701,nominal
1560,0.6708471698262372,1764531701,nominal
1561,0.6707882125309589,1764531701,nominal
1562,0.6707290027268484,1764531701,nominal
1563,0.6706695392040929,1764531701,nominal
1564,0.6706098207491231,1764531701,nominal
1565,0.6705498461445042,1764531701,nominal
1566,0.670489614169119,1764531701,nominal
1567,0.6704291235980678,1764531701,nominal
1568,0.6703683732025804,1764531701,nominal
1569,0.670307361750192,1764531701,nominal
1570,0.6702460880045537,1764531701,nominal
1571,0.6701845507254954,1764531701,nominal
1572,0.6701227486691355,1764531701,nominal
1573,0.6700606805876758,1764531701,nominal
1574,0.6699983452295356,1764531701,nominal
1575,0.6699357413392492,1764531701,nominal
1576,0.6698728676575727,1764531701,nominal
1577,0.669809722921381,1764531701,nominal
1578,0.6697463058637656,1764531701,nominal
1579,0.6696826152138572,1764531701,nominal
1580,0.6696186496969395,1764531701,nominal
1581,0.6695544080345593,1764531701,nominal
1582,0.6694898889442349,1764531701,nominal
1583,0.6694250911397172,1764531701,nominal
1584,0.6693600133308139,1764531701,nominal
1585,0.6692946542234504,1764531701,nominal
1586,0.669229012519694,1764531701,nominal
1587,0.6691630869177132,1764531701,nominal
1588,0.6690968761117816,1764531701,nominal
1589,0.6690303787922448,1764531701,nominal
1590,0.6689635936455613,1764531701,nominal
1591,0.668896519354287,1764531701,nominal
1592,0.6688291545970776,1764531701,nominal
1593,0.6687614980486136,1764531701,nominal
1594,0.6686935483797176,1764531701,nominal
1595,0.6686253042572782,1764531701,nominal
1596,0.6685567643442402,1764531701,nominal
1597,0.6684879272995947,1764531701,nominal
1598,0.6684187917784868,1764531701,nominal
1599,0.668349356432087,1764531701,nominal
1600,0.6682796199075388,1764531701,nominal
1601,0.6682095808482056,1764531701,nominal
1602,0.6681392378934194,1764531701,nominal
1603,0.6680685896785467,1764531701,nominal
1604,0.6679976348350958,1764531701,nominal
1605,0.6679263719905723,1764531701,nominal
1606,0.6678547997685544,1764531701,nominal
1607,0.6677829167886374,1764531701,nominal
1608,0.6677107216664889,1764531701,nominal
1609,0.6676382130138638,1764531701,nominal
1610,0.6675653894385155,1764531701,nominal
1611,0.6674922495442918,1764531701,nominal
1612,0.6674187919309915,1764531701,nominal
1613,0.6673450151946405,1764531701,nominal
1614,0.6672709179271243,1764531701,nominal
1615,0.667196498716507,1764531701,nominal
1616,0.6671217561468304,1764531701,nominal
1617,0.6670466887982109,1764531701,nominal
1618,0.6669712952468504,1764531701,nominal
1619,0.6668955740649174,1764531701,nominal
1620,0.6668195238207305,1764531701,nominal
1621,0.6667431430785609,1764531701,nominal
1622,0.6666664303988614,1764531701,nominal
1623,0.6665893843379558,1764531701,nominal
1624,0.6665120034484564,1764531701,nominal
1625,0.6664342862788736,1764531701,nominal
1626,0.6663562313738234,1764531701,nominal
1627,0.6662778372740015,1764531701,nominal
1628,0.6661991025161793,1764531701,nominal
1629,0.666120025633166,1764531701,nominal
1630,0.6660406051538933,1764531701,nominal
1631,0.6659608396032966,1764531701,nominal
1632,0.6658807275024574,1764531701,nominal
1633,0.6658002673685642,1764531701,nominal
1634,0.6657194577148118,1764531701,nominal
1635,0.6656382970505687,1764531701,nominal
1636,0.6655567838812536,1764531701,nominal
1637,0.6654749167084207,1764531701,nominal
1638,0.6653926940296805,1764531701,nominal
1639,0.6653101143388332,1764531701,nominal
1640,0.6652271761257054,1764531701,nominal
1641,0.6651438778763911,1764531701,nominal
1642,0.6650602180729299,1764531701,nominal
1643,0.664976195193633,1764531701,nominal
1644,0.6648918077129291,1764531701,nominal
1645,0.6648070541013885,1764531701,nominal
1646,0.6647219328257364,1764531701,nominal
1647,0.6646364423488276,1764531701,nominal
1648,0.6645505811297209,1764531701,nominal
1649,0.664464347623692,1764531701,nominal
1650,0.6643777402821198,1764531701,nominal
1651,0.6642907575526733,1764531701,nominal
1652,0.664203397879121,1764531701,nominal
1653,0.6641156597015703,1764531701,nominal
1654,0.6640275414561718,1764531701,nominal
1655,0.6639390415755264,1764531701,nominal
1656,0.6638501584882847,1764531701,nominal
1657,0.6637608906194921,1764531701,nominal
1658,0.6636712363903383,1764531701,nominal
1659,0.6635811942183494,1764531701,nominal
1660,0.6634907625172655,1764531701,nominal
1661,0.6633999396972473,1764531701,nominal
1662,0.6633087241646068,1764531701,nominal
1663,0.6632171143220532,1764531701,nominal
1664,0.6631251085686634,1764531701,nominal
1665,0.6630327052997532,1764531701,nominal
1666,0.6629399029070332,1764531701,nominal
1667,0.6628466997785765,1764531701,nominal
1668,0.662753094298837,1764531701,nominal
1669,0.6626590848486579,1764531701,nominal
1670,0.6625646698052914,1764531701,nominal
1671,0.6624698475423906,1764531701,nominal
1672,0.6623746164300421,1764531701,nominal
1673,0.6622789748347595,1764531701,nominal
1674,0.6621829211195708,1764531701,nominal
1675,0.6620864536439269,1764531701,nominal
1676,0.6619895707637893,1764531701,nominal
1677,0.6618922708316072,1764531701,nominal
1678,0.6617945521964217,1764531701,nominal
1679,0.6616964132037568,1764531701,nominal
1680,0.6615978521956339,1764531701,nominal
1681,0.6614988675107509,1764531701,nominal
1682,0.6613994574842981,1764531701,nominal
1683,0.6612996204482063,1764531701,nominal
1684,0.6611993547309483,1764531701,nominal
1685,0.6610986586575972,1764531701,nominal
1686,0.6609975305500088,1764531701,nominal
1687,0.6608959687265537,1764531701,nominal
1688,0.6607939715024637,1764531701,nominal
1689,0.6606915371895951,1764531701,nominal
1690,0.6605886640966542,1764531701,nominal
1691,0.6604853505289434,1764531701,nominal
1692,0.6603815947887248,1764531701,nominal
1693,0.6602773951748405,1764531701,nominal
1694,0.6601727499832653,1764531701,nominal
1695,0.6600676575065377,1764531701,nominal
1696,0.6599621160342082,1764531701,nominal
1697,0.6598561238527457,1764531701,nominal
1698,0.6597496792454463,1764531701,nominal
1699,0.6596427804925541,1764531701,nominal
1700,0.65953542587131,1764531701,nominal
1701,0.6594276136559356,1764531701,nominal
1702,0.659319342117776,1764531701,nominal
1703,0.6592106095248971,1764531701,nominal
1704,0.6591014141427908,1764531701,nominal
1705,0.6589917542338097,1764531701,nominal
1706,0.658881628057507,1764531701,nominal
1707,0.6587710338705811,1764531701,nominal
1708,0.6586599699268795,1764531701,nominal
1709,0.6585484344773413,1764531701,nominal
1710,0.6584364257703612,1764531701,nominal
1711,0.6583239420514378,1764531701,nominal
1712,0.658210981563304,1764531701,nominal
1713,0.6580975425460889,1764531701,nominal
1714,0.6579836232372511,1764531701,nominal
1715,0.657869221871623,1764531701,nominal
1716,0.6577543366813745,1764531701,nominal
1717,0.6576389658961427,1764531701,nominal
1718,0.6575231077430653,1764531701,nominal
1719,0.6574067604467243,1764531701,nominal
1720,0.6572899222292612,1764531701,nominal
1721,0.6571725913103376,1764531701,nominal
1722,0.657054765907166,1764531701,nominal
1723,0.6569364442347495,1764531701,nominal
1724,0.6568176245055615,1764531701,nominal
1725,0.6566983049298538,1764531701,nominal
1726,0.6565784837155872,1764531701,nominal
1727,0.6564581590685077,1764531701,nominal
1728,0.6563373291920738,1764531701,nominal
1729,0.6562159922877558,1764531701,nominal
1730,0.656094146554682,1764531701,nominal
1731,0.6559717901900578,1764531701,nominal
1732,0.6558489213889497,1764531701,nominal
1733,0.6557255383443972,1764531701,nominal
1734,0.6556016392474887,1764531701,nominal
1735,0.6554772222873246,1764531701,nominal
1736,0.6553522856512296,1764531701,nominal
1737,0.6552268275245253,1764531701,nominal
1738,0.6551008460907977,1764531701,nominal
1739,0.6549743395317615,1764531701,nominal
1740,0.6548473060275546,1764531701,nominal
1741,0.6547197437564656,1764531701,nominal
1742,0.6545916508951702,1764531701,nominal
1743,0.6544630256187822,1764531701,nominal
1744,0.6543338661007304,1764531701,nominal
1745,0.6542041705130556,1764531701,nominal
1746,0.6540739370262721,1764531701,nominal
1747,0.6539431638094143,1764531701,nominal
1748,0.6538118490301605,1764531701,nominal
1749,0.6536799908548515,1764531701,nominal
1750,0.6535475874485153,1764531701,nominal
1751,0.6534146369749375,1764531701,nominal
1752,0.653281137596694,1764531701,nominal
1753,0.6531470874751569,1764531701,nominal
1754,0.6530124847707133,1764531701,nominal
1755,0.6528773276425225,1764531701,nominal
1756,0.6527416142488808,1764531701,nominal
1757,0.6526053427470435,1764531701,nominal
1758,0.6524685112934413,1764531701,nominal
1759,0.6523311180435232,1764531701,nominal
1760,0.6521931611519954,1764531701,nominal
1761,0.6520546387729149,1764531701,nominal
1762,0.6519155490594069,1764531701,nominal
1763,0.6517758901640718,1764531701,nominal
1764,0.6516356602389284,1764531701,nominal
1765,0.6514948574355173,1764531701,nominal
1766,0.6513534799047316,1764531701,nominal
1767,0.6512115257971275,1764531701,nominal
1768,0.6510689932628969,1764531701,nominal
1769,0.6509258804518641,1764531701,nominal
1770,0.6507821855136628,1764531701,nominal
1771,0.6506379065976877,1764531701,nominal
1772,0.6504930418530435,1764531701,nominal
1773,0.6503475894290162,1764531701,nominal
1774,0.6502015474746636,1764531701,nominal
1775,0.6500549141391344,1764531701,nominal
1776,0.6499076875717796,1764531701,nominal
1777,0.6497598659218665,1764531701,nominal
1778,0.6496114473390866,1764531701,nominal
1779,0.6494624299732799,1764531701,nominal
1780,0.6493128119746701,1764531701,nominal
1781,0.6491625914939594,1764531701,nominal
1782,0.6490117666821386,1764531701,nominal
1783,0.6488603356909252,1764531701,nominal
1784,0.6487082966724999,1764531701,nominal
1785,0.6485556477797252,1764531701,nominal
1786,0.6484023871662349,1764531701,nominal
1787,0.6482485129863681,1764531701,nominal
1788,0.648094023395465,1764531701,nominal
1789,0.6479389165496787,1764531701,nominal
1790,0.6477831906061813,1764531701,nominal
1791,0.6476268437232554,1764531701,nominal
1792,0.6474698740602711,1764531701,nominal
1793,0.6473122797778191,1764531701,nominal
1794,0.6471540590377426,1764531701,nominal
1795,0.6469952100033338,1764531701,nominal
1796,0.646835730839177,1764531701,nominal
1797,0.6466756197113039,1764531701,nominal
1798,0.646514874787609,1764531701,nominal
1799,0.6463534942372077,1764531701,nominal
1800,0.6461914762313473,1764531701,nominal
1801,0.6460288189427215,1764531701,nominal
1802,0.6458655205461826,1764531701,nominal
1803,0.6457015792181686,1764531701,nominal
1804,0.6455369931374111,1764531701,nominal
1805,0.6453717604846728,1764531701,nominal
1806,0.6452058794428738,1764531701,nominal
1807,0.6450393481972401,1764531701,nominal
1808,0.6448721649351911,1764531701,nominal
1809,0.644704327846593,1764531701,nominal
1810,0.6445358351240382,1764531701,nominal
1811,0.644366684962271,1764531701,nominal
1812,0.644196875559034,1764531701,nominal
1813,0.6440264051146527,1764531701,nominal
1814,0.6438552718323418,1764531701,nominal
1815,0.6436834739181652,1764531701,nominal
1816,0.643511009581146,1764531701,nominal
1817,0.6433378770334417,1764531701,nominal
1818,0.6431640744903139,1764531701,nominal
1819,0.6429896001703219,1764531701,nominal
1820,0.6428144522952679,1764531701,nominal
1821,0.6426386290903894,1764531701,nominal
1822,0.6424621287845788,1764531701,nominal
1823,0.6422849496100335,1764531701,nominal
1824,0.6421070898029658,1764531701,nominal
1825,0.6419285476029487,1764531701,nominal
1826,0.6417493212537327,1764531701,nominal
1827,0.6415694090030203,1764531701,nominal
1828,0.6413888091024283,1764531701,nominal
1829,0.6412075198075838,1764531701,nominal
1830,0.6410255393786123,1764531701,nominal
1831,0.6408428660797659,1764531701,nominal
1832,0.64065949817972,1764531701,nominal
1833,0.6404754339519533,1764531701,nominal
1834,0.6402906716739366,1764531701,nominal
1835,0.6401052096283919,1764531701,nominal
1836,0.6399190461026438,1764531701,nominal
1837,0.639732179388822,1764531701,nominal
1838,0.6395446077842138,1764531701,nominal
1839,0.6393563295908958,1764531701,nominal
1840,0.6391673431164074,1764531701,nominal
1841,0.6389776466734824,1764531701,nominal
1842,0.6387872385802768,1764531701,nominal
1843,0.638596117160166,1764531701,nominal
1844,0.638404280742524,1764531701,nominal
1845,0.6382117276619873,1764531701,nominal
1846,0.6380184562593121,1764531701,nominal
1847,0.6378244648809486,1764531701,nominal
1848,0.6376297518793913,1764531701,nominal
1849,0.6374343156131744,1764531701,nominal
1850,0.6372381544471571,1764531701,nominal
1851,0.6370412667523635,1764531701,nominal
1852,0.6368436509062754,1764531701,nominal
1853,0.6366453052927552,1764531701,nominal
1854,0.6364462283025615,1764531701,nominal
1855,0.6362464183330258,1764531701,nominal
1856,0.6360458737881093,1764531701,nominal
1857,0.6358445930790021,1764531701,nominal
1858,0.6356425746239288,1764531701,nominal
1859,0.6354398168480713,1764531701,nominal
1860,0.6352363181839666,1764531701,nominal
1861,0.6350320770717106,1764531701,nominal
1862,0.6348270919585012,1764531701,nominal
1863,0.6346213612994266,1764531701,nominal
1864,0.6344148835571796,1764531701,nominal
1865,0.6342076572023974,1764531701,nominal
1866,0.6339996807135055,1764531701,nominal
1867,0.633790952577021,1764531701,nominal
1868,0.6335814712875619,1764531701,nominal
1869,0.6333712353481061,1764531701,nominal
1870,0.6331602432699792,1764531701,nominal
1871,0.6329484935730973,1764531701,nominal
1872,0.6327359847858692,1764531701,nominal
1873,0.6325227154454446,1764531701,nominal
1874,0.6323086840979009,1764531701,nominal
1875,0.6320938892983513,1764531701,nominal
1876,0.6318783296106332,1764531701,nominal
1877,0.6316620036083462,1764531701,nominal
1878,0.6314449098740454,1764531701,nominal
1879,0.6312270469996082,1764531701,nominal
1880,0.6310084135868768,1764531701,nominal
1881,0.6307890082471215,1764531701,nominal
1882,0.6305688296013612,1764531701,nominal
1883,0.630347876280706,1764531701,nominal
1884,0.630126146926108,1764531701,nominal
1885,0.6299036401889401,1764531701,nominal
1886,0.6296803547306575,1764531701,nominal
1887,0.6294562892232389,1764531701,nominal
1888,0.6292314423490276,1764531701,nominal
1889,0.6290058128012541,1764531701,nominal
1890,0.6287793992837806,1764531701,nominal
1891,0.6285522005113275,1764531701,nominal
1892,0.6283242152099219,1764531701,nominal
1893,0.6280954421161834,1764531701,nominal
1894,0.6278658799785296,1764531701,nominal
1895,0.6276355275566643,1764531701,nominal
1896,0.6274043836216596,1764531701,nominal
1897,0.6271724469563351,1764531701,nominal
1898,0.6269397163553403,1764531701,nominal
1899,0.626706190625154,1764531701,nominal
1900,0.6264718685842845,1764531701,nominal
1901,0.6262367490633665,1764531701,nominal
1902,0.6260008309053927,1764531701,nominal
1903,0.6257641129656907,1764531701,nominal
1904,0.6255265941123482,1764531701,nominal
1905,0.6252882732257999,1764531701,nominal
1906,0.6250491491994288,1764531701,nominal
1907,0.624809220939724,1764531701,nominal
1908,0.6245684873659503,1764531701,nominal
1909,0.6243269474107389,1764531701,nominal
1910,0.6240846000196757,1764531701,nominal
1911,0.6238414441525723,1764531701,nominal
1912,0.623597478781898,1764531701,nominal
1913,0.6233527028945764,1764531701,nominal
1914,0.6231071154908714,1764531701,nominal
1915,0.6228607155851843,1764531701,nominal
1916,0.6226135022060174,1764531701,nominal
1917,0.6223654743961874,1764531701,nominal
1918,0.622116631212736,1764531701,nominal
1919,0.6218669717272823,1764531701,nominal
1920,0.6216164950259303,1764531701,nominal
1921,0.6213652002097182,1764531701,nominal
1922,0.6211130863944925,1764531701,nominal
1923,0.620860152711133,1764531701,nominal
1924,0.6206063983056344,1764531701,nominal
1925,0.6203518223393223,1764531701,nominal
1926,0.6200964239888437,1764531701,nominal
1927,0.6198402024464484,1764531701,nominal
1928,0.6195831569200818,1764531701,nominal
1929,0.6193252866335631,1764531701,nominal
1930,0.6190665908265053,1764531701,nominal
1931,0.6188070687547198,1764531701,nominal
1932,0.6185467196901069,1764531701,nominal
1933,0.6182855429209078,1764531701,nominal
1934,0.6180235377520409,1764531701,nominal
1935,0.6177607035048727,1764531701,nominal
1936,0.617497039517519,1764531701,nominal
1937,0.6172325451448214,1764531701,nominal
1938,0.6169672197588594,1764531701,nominal
1939,0.6167010627487891,1764531701,nominal
1940,0.6164340735209822,1764531701,nominal
1941,0.6161662514990601,1764531701,nominal
1942,0.6158975961244078,1764531701,nominal
1943,0.6156281068560574,1764531701,nominal
1944,0.6153577831706832,1764531701,nominal
1945,0.6150866245629333,1764531701,nominal
1946,0.6148146305456197,1764531701,nominal
1947,0.6145418006496572,1764531701,nominal
1948,0.6142681344240626,1764531701,nominal
1949,0.6139936314366369,1764531701,nominal
1950,0.6137182912737247,1764531701,nominal
1951,0.6134421135402203,1764531701,nominal
1952,0.6131650978597041,1764531701,nominal
1953,0.6128872438751195,1764531701,nominal
1954,0.6126085512484103,1764531701,nominal
1955,0.6123290196603688,1764531701,nominal
1956,0.6120486488115071,1764531701,nominal
1957,0.6117674384217608,1764531701,nominal
1958,0.6114853882307282,1764531701,nominal
1959,0.6112024979975208,1764531701,nominal
1960,0.6109187675010901,1764531701,nominal
1961,0.6106341965407953,1764531701,nominal
1962,0.6103487849357699,1764531701,nominal
1963,0.6100625325253819,1764531701,nominal
1964,0.6097754391696731,1764531701,nominal
1965,0.6094875047488323,1764531701,nominal
1966,0.6091987291636612,1764531701,nominal
1967,0.608909112336034,1764531701,nominal
1968,0.6086186542084392,1764531701,nominal
1969,0.6083273547443873,1764531701,nominal
1970,0.6080352139286157,1764531701,nominal
1971,0.607742231767097,1764531701,nominal
1972,0.6074484082868981,1764531701,nominal
1973,0.6071537435369642,1764531701,nominal
1974,0.6068582375873982,1764531701,nominal
1975,0.6065618905305338,1764531701,nominal
1976,0.6062647024801971,1764531701,nominal
1977,0.6059666735721454,1764531701,nominal
1978,0.6056678039642922,1764531701,nominal
1979,0.6053680938370719,1764531701,nominal
1980,0.6050675433926959,1764531701,nominal
1981,0.6047661528561586,1764531701,nominal
1982,0.6044639224749787,1764531701,nominal
1983,0.6041608525190273,1764531701,nominal
1984,0.6038569432814794,1764531701,nominal
1985,0.6035521950778118,1764531701,nominal
1986,0.6032466082471205,1764531701,nominal
1987,0.6029401831510078,1764531701,nominal
1988,0.6026329201749072,1764531701,nominal
1989,0.6023248197270532,1764531701,nominal
1990,0.6020158822393069,1764531701,nominal
1991,0.6017061081674036,1764531701,nominal
1992,0.6013954979902473,1764531701,nominal
1993,0.6010840522108388,1764531701,nominal
1994,0.6007717713556965,1764531701,nominal
1995,0.6004586559761314,1764531701,nominal
1996,0.6001447066465581,1764531701,nominal
1997,0.5998299239659385,1764531701,nominal
1998,0.5995143085579567,1764531701,nominal
1999,0.5991978610701749,1764531701,nominal
2000,0.5988805821748593,1764531701,nominal
2001,0.5985624725687579,1764531701,nominal
1,0.3333333333333333,1764531647,nominal
2,0.3333333333333333,1764531647,nominal
3,0.3333333333333333,1764531647,nominal
4,0.3333333333333333,1764531647,nominal
5,0.3333333333333333,1764531647,nominal
6,0.3333333333333333,1764531647,nominal
7,0.3333333333333333,1764531647,nominal
8,0.3333333333333333,1764531647,nominal
9,0.3333333333333333,1764531647,nominal
10,0.5428425139067056,1764531647,nominal
11,0.5427563559991146,1764531647,nominal
12,0.5424741787867314,1764531647,nominal
13,0.5423841860595221,1764531647,nominal
14,0.5422945778777964,1764531647,nominal
15,0.5421186799905386,1764531647,nominal
16,0.5419433008421743,1764531647,nominal
17,0.5417684414516704,1764531647,nominal
18,0.541594102797805,1764531647,nominal
19,0.541420285819681,1764531647,nominal
20,0.5414387961885109,1764531647,nominal
21,0.5412601674386738,1764531647,nominal
22,0.5412792789282554,1764531647,nominal
23,0.5411941568232238,1764531647,nominal
24,0.5411094051354205,1764531647,nominal
25,0.5412174284858593,1764531647,nominal
26,0.5414133265247105,1764531647,nominal
27,0.5418009810429352,1764531647,nominal
28,0.542187024709369,1764531647,nominal
29,0.5425714629200472,1764531647,nominal
30,0.5429543010633587,1764531647,nominal
31,0.5437260605787173,1764531647,nominal
32,0.5446878561190079,1764531647,nominal
33,0.5453611713125892,1764531647,nominal
34,0.5458350105942885,1764531647,nominal
35,0.5463075771495134,1764531647,nominal
36,0.5468859435547173,1764531647,nominal
37,0.547463085167516,1764531647,nominal
38,0.548234104472894,1764531647,nominal
39,0.5488059386257979,1764531647,nominal
40,0.5489833174471759,1764531647,nominal
41,0.5487664964660866,1764531647,nominal
42,0.5485506367344385,1764531647,nominal
43,0.5487313987782723,1764531647,nominal
44,0.5493085091038538,1764531647,nominal
45,0.5498848850344317,1764531647,nominal
46,0.5504605236384619,1764531647,nominal
47,0.5510354219753376,1764531647,nominal
48,0.5516095770958431,1764531647,nominal
49,0.5525816183329074,1764531647,nominal
50,0.5538388618404344,1764531647,nominal
51,0.5554917614786419,1764531647,nominal
52,0.5570264755222064,1764531647,nominal
53,0.5581561222741395,1764531647,nominal
54,0.5592817890628303,1764531647,nominal
55,0.5604034798096317,1764531647,nominal
56,0.5615211985622302,1764531647,nominal
57,0.5626349494928361,1764531647,nominal
58,0.563744736896389,1764531647,nominal
59,0.5643329797958124,1764531647,nominal
60,0.5646348292522784,1764531647,nominal
61,0.5647331655342748,1764531647,nominal
62,0.5649489829709945,1764531647,nominal
63,0.5654482818517608,1764531647,nominal
64,0.565945744941781,1764531647,nominal
65,0.5664413770527819,1764531647,nominal
66,0.5668158016068796,1764531647,nominal
67,0.5671882452109567,1764531647,nominal
68,0.5674385598154246,1764531647,nominal
69,0.5680897112462402,1764531647,nominal
70,0.5690185519539135,1764531647,nominal
71,0.5701444143002401,1764531647,nominal
72,0.5708601626586683,1764531647,nominal
73,0.571693488868034,1764531647,nominal
74,0.5725219943206955,1764531647,nominal
75,0.5733456993056028,1764531647,nominal
76,0.5742891542769247,1764531647,nominal
77,0.5752282987073393,1764531647,nominal
78,0.5762887326933305,1764531647,nominal
79,0.5774714090841637,1764531647,nominal
80,0.5786506354403697,1764531647,nominal
81,0.5796992780057576,1764531647,nominal
82,0.5811477288334611,1764531647,nominal
83,0.5824621666442605,1764531647,nominal
84,0.5837703767107465,1764531647,nominal
85,0.5850723725527901,1764531647,nominal
86,0.5863681679722303,1764531647,nominal
87,0.5876577770465766,1764531647,nominal
88,0.5889412141227804,1764531647,nominal
89,0.5900865720553081,1764531647,nominal
90,0.5913577794878293,1764531647,nominal
91,0.5927559684327975,1764531647,nominal
92,0.5940148653731252,1764531647,nominal
93,0.5954019416138785,1764531647,nominal
94,0.5967834297424989,1764531647,nominal
95,0.5978286911359252,1764531647,nominal
96,0.5988692276383917,1764531647,nominal
97,0.5999050520285846,1764531647,nominal
98,0.6009361771928885,1764531647,nominal
99,0.6019626161226891,1764531647,nominal
100,0.6025810421956687,1764531647,nominal
101,0.6031966501128773,1764531647,nominal
102,0.603948911952443,1764531647,nominal
103,0.6046987260011621,1764531647,nominal
104,0.6054460964805767,1764531647,nominal
105,0.6065265443660368,1764531647,nominal
106,0.6076036967467942,1764531647,nominal
107,0.6086775550036304,1764531647,nominal
108,0.6097481205983548,1764531647,nominal
109,0.610958350494707,1764531647,nominal
110,0.6125707520430014,1764531647,nominal
111,0.6137731003072617,1764531647,nominal
112,0.6148279336635891,1764531647,nominal
113,0.6158794834327875,1764531647,nominal
114,0.616927751626456,1764531647,nominal
115,0.6179727403315058,1764531647,nominal
116,0.6190144517094668,1764531647,nominal
117,0.6200528879957968,1764531647,nominal
118,0.6209406584851751,1764531647,nominal
119,0.6218249296792726,1764531647,nominal
120,0.6227057101553392,1764531647,nominal
121,0.6235830085301436,1764531647,nominal
122,0.6246061643191666,1764531647,nominal
123,0.6256260671258526,1764531647,nominal
124,0.6266427195944398,1764531647,nominal
125,0.6276561244379939,1764531647,nominal
126,0.6286662844377479,1764531647,nominal
127,0.6296732024424477,1764531647,nominal
128,0.6308290710550913,1764531647,nominal
129,0.6319818862329541,1764531647,nominal
130,0.6331316456727567,1764531647,nominal
131,0.634686015367287,1764531647,nominal
132,0.6360812484590129,1764531647,nominal
133,0.6374712494997172,1764531647,nominal
134,0.6388560237364299,1764531647,nominal
135,0.6402355766246616,1764531647,nominal
136,0.6416099138251415,1764531647,nominal
137,0.6428221274612532,1764531647,nominal
138,0.6440288533479457,1764531647,nominal
139,0.6452301065070223,1764531647,nominal
140,0.6464259020919538,1764531647,nominal
141,0.647616255384374,1764531647,nominal
142,0.648394793590586,1764531647,nominal
143,0.6491701108460675,1764531647,nominal
144,0.6499422167659353,1764531647,nominal
145,0.6507111209788324,1764531647,nominal
146,0.6514768331262947,1764531647,nominal
147,0.6522393628621251,1764531647,nominal
148,0.6529987198517778,1764531647,nominal
149,0.6537549137717469,1764531647,nominal
150,0.6545079543089666,1764531647,nominal
151,0.6552578511602161,1764531647,nominal
152,0.6565751290336647,1764531647,nominal
153,0.6578872697582115,1764531647,nominal
154,0.6591942814081886,1764531647,nominal
155,0.660496172220469,1764531647,nominal
156,0.6616267760256255,1764531647,nominal
157,0.6629187737405815,1764531647,nominal
158,0.6642056787390198,1764531647,nominal
159,0.6653198000388286,1764531647,nominal
160,0.6664286773807158,1764531647,nominal
161,0.6673636218215974,1764531647,nominal
162,0.668293202394666,1764531647,nominal
163,0.669047742599494,1764531647,nominal
164,0.6697968327803926,1764531647,nominal
165,0.6705405090024762,1764531647,nominal
166,0.6714499864471614,1764531647,nominal
167,0.6721825715971383,1764531647,nominal
168,0.672737695521611,1764531647,nominal
169,0.6734600778828679,1764531647,nominal
170,0.6741772247645633,1764531647,nominal
171,0.6750627651485874,1764531647,nominal
172,0.6759432248585441,1764531647,nominal
173,0.6768186297552532,1764531647,nominal
174,0.6776890056613392,1764531647,nominal
175,0.6783788819965672,1764531647,nominal
176,0.6790637224905943,1764531647,nominal
177,0.6799199909276805,1764531647,nominal
178,0.6809482367708789,1764531647,nominal
179,0.6819716324618229,1764531647,nominal
180,0.6828123616053656,1764531647,nominal
181,0.6834699504005907,1764531647,nominal
182,0.6841226952438859,1764531647,nominal
183,0.6849498283616625,1764531647,nominal
184,0.6857721921547825,1764531647,nominal
185,0.6867699217070581,1764531647,nominal
186,0.6877629356286331,1764531647,nominal
187,0.6885702323284283,1764531647,nominal
188,0.6889759648369,1764531647,nominal
189,0.6891976113005391,1764531647,nominal
190,0.6895992802935088,1764531647,nominal
191,0.6899986733312765,1764531647,nominal
192,0.6903958031227183,1764531647,nominal
193,0.6907906823183112,1764531647,nominal
194,0.6911833235101387,1764531647,nominal
195,0.6915737392318972,1764531647,nominal
196,0.6917775134151629,1764531647,nominal
197,0.6921640664649537,1764531647,nominal
198,0.692759221306875,1764531647,nominal
199,0.6935355800549972,1764531647,nominal
200,0.6941213626051319,1764531647,nominal
201,0.6947027601596292,1764531647,nominal
202,0.6952798049521843,1764531647,nominal
203,0.6956305433469578,1764531647,nominal
204,0.6959784186719437,1764531647,nominal
205,0.6963234549445602,1764531647,nominal
206,0.6966656759965196,1764531647,nominal
207,0.6970051054747447,1764531647,nominal
208,0.6975304354556016,1764531647,nominal
209,0.6980526554202869,1764531647,nominal
210,0.6985717842033193,1764531647,nominal
211,0.6992773938682557,1764531647,nominal
212,0.6999795873156115,1764531647,nominal
213,0.7008997094925419,1764531647,nominal
214,0.7018154951627193,1764531647,nominal
215,0.7023356834026339,1764531647,nominal
216,0.7030451602105262,1764531647,nominal
217,0.7037522890042075,1764531647,nominal
218,0.7044570729681904,1764531647,nominal
219,0.7049670327924126,1764531647,nominal
220,0.7056677416575351,1764531647,nominal
221,0.7063661150454363,1764531647,nominal
222,0.7068686074322332,1764531647,nominal
223,0.7073690364017302,1764531647,nominal
224,0.7074756902388352,1764531647,nominal
225,0.7079739820851951,1764531647,nominal
226,0.7084702208419811,1764531647,nominal
227,0.7085724987695032,1764531647,nominal
228,0.708674489939638,1764531647,nominal
229,0.708971927643174,1764531647,nominal
230,0.709268677086052,1764531647,nominal
231,0.7095647367182676,1764531647,nominal
232,0.710056731272372,1764531647,nominal
233,0.7103507152153301,1764531647,nominal
234,0.7110378405081366,1764531647,nominal
235,0.7117226077789081,1764531647,nominal
236,0.7124050208674213,1764531647,nominal
237,0.713085083641594,1764531647,nominal
238,0.7137627999971956,1764531647,nominal
239,0.7142391684774607,1764531647,nominal
240,0.7147135174640331,1764531647,nominal
241,0.7151858539556123,1764531647,nominal
242,0.7156561849403134,1764531647,nominal
243,0.7163248487876309,1764531647,nominal
244,0.7169911873378418,1764531647,nominal
245,0.7176552046224736,1764531647,nominal
246,0.7183169046991243,1764531647,nominal
247,0.719370061717013,1764531647,nominal
248,0.7204187490166755,1764531647,nominal
249,0.7216655198302029,1764531647,nominal
250,0.7229076226817478,1764531647,nominal
251,0.724145064943121,1764531647,nominal
252,0.7251741132435073,1764531647,nominal
253,0.7261987551270366,1764531647,nominal
254,0.7272190036765397,1764531647,nominal
255,0.7282348720158875,1764531647,nominal
256,0.7292463733085933,1764531647,nominal
257,0.7302535207564355,1764531647,nominal
258,0.7312563275980967,1764531647,nominal
259,0.7320484211329306,1764531647,nominal
260,0.7328365008067123,1764531647,nominal
261,0.7334134937466561,1764531647,nominal
262,0.734194281501891,1764531647,nominal
263,0.7349711106908037,1764531647,nominal
264,0.735535856411354,1764531647,nominal
265,0.7360970327461002,1764531647,nominal
266,0.7366546629686188,1764531647,nominal
267,0.7372087702185876,1764531647,nominal
268,0.7377593775019765,1764531647,nominal
269,0.7385163232225228,1764531647,nominal
270,0.7392694364989622,1764531647,nominal
271,0.7400187351519504,1764531647,nominal
272,0.7407642369532282,1764531647,nominal
273,0.7415059596250857,1764531647,nominal
274,0.7424554527382411,1764531647,nominal
275,0.7434008286989352,1764531647,nominal
276,0.7443421006696305,1764531647,nominal
277,0.7452792818336048,1764531647,nominal
278,0.745999460711578,1764531647,nominal
279,0.7467159676041412,1764531647,nominal
280,0.747428819980848,1764531647,nominal
281,0.7483519435202013,1764531647,nominal
282,0.7492710409784146,1764531647,nominal
283,0.7498016531904522,1764531647,nominal
284,0.7503303870316896,1764531647,nominal
285,0.7508572460501707,1764531647,nominal
286,0.7513822338124369,1764531647,nominal
287,0.7516896477289063,1764531647,nominal
288,0.7518268209542017,1764531647,nominal
289,0.7519637169278407,1764531647,nominal
290,0.7521003342450896,1764531647,nominal
291,0.7522366715222993,1764531647,nominal
292,0.7521558236668772,1764531647,nominal
293,0.7522444623839345,1764531647,nominal
294,0.752332310504398,1764531647,nominal
295,0.7524193749500359,1764531647,nominal
296,0.7525056625860229,1764531647,nominal
297,0.7525911802213271,1764531647,nominal
298,0.7530616059368469,1764531647,nominal
299,0.7535289491921505,1764531647,nominal
300,0.7539932314401864,1764531647,nominal
301,0.7542351728999498,1764531647,nominal
302,0.7546942087471421,1764531647,nominal
303,0.7553701178351869,1764531647,nominal
304,0.7560425323707557,1764531647,nominal
305,0.7567114695976283,1764531647,nominal
306,0.7573769466965243,1764531647,nominal
307,0.7580389807848811,1764531647,nominal
308,0.758476226915973,1764531647,nominal
309,0.7589106036047938,1764531647,nominal
310,0.7593421309976738,1764531647,nominal
311,0.7599930117159114,1764531647,nominal
312,0.7602592187390407,1764531647,nominal
313,0.7603015918419326,1764531647,nominal
314,0.7601205704119115,1764531647,nominal
315,0.7599397276847735,1764531647,nominal
316,0.7597590699097594,1764531647,nominal
317,0.7598021013750998,1764531647,nominal
318,0.7600683757358153,1764531647,nominal
319,0.7601095191279491,1764531647,nominal
320,0.7601501776121693,1764531647,nominal
321,0.7601903560705382,1764531647,nominal
322,0.7606108724113354,1764531647,nominal
323,0.7612535917838297,1764531647,nominal
324,0.762118238893289,1764531647,nominal
325,0.7629790387835887,1764531647,nominal
326,0.7634561869722261,1764531647,nominal
327,0.7639316078497114,1764531647,nominal
328,0.7644053049630853,1764531647,nominal
329,0.7651038485180202,1764531647,nominal
330,0.7658000653267317,1764531647,nominal
331,0.7664939585487907,1764531647,nominal
332,0.7669581494939458,1764531647,nominal
333,0.7674206419156389,1764531647,nominal
334,0.7678814394552229,1764531647,nominal
335,0.7681124398413597,1764531647,nominal
336,0.7687227024395946,1764531647,nominal
337,0.7693297624244086,1764531647,nominal
338,0.7699336362624649,1764531647,nominal
339,0.7705343403499221,1764531647,nominal
340,0.7711318910124204,1764531647,nominal
341,0.7714966516528559,1764531647,nominal
342,0.7720888370093507,1764531647,nominal
343,0.7726779156330655,1764531647,nominal
344,0.7732639035508646,1764531647,nominal
345,0.7740774885784367,1764531647,nominal
346,0.7748873850553588,1764531647,nominal
347,0.775693606740172,1764531647,nominal
348,0.7764961673804126,1764531647,nominal
349,0.7772950807119735,1764531647,nominal
350,0.7780903604584772,1764531647,nominal
351,0.7791143363655695,1764531647,nominal
352,0.7801340970904899,1764531647,nominal
353,0.781149654107297,1764531647,nominal
354,0.7821610189320295,1764531647,nominal
355,0.7831682031215433,1764531647,nominal
356,0.7841712182723604,1764531647,nominal
357,0.785170076019532,1764531647,nominal
358,0.7861647880355146,1764531647,nominal
359,0.7871553660290578,1764531647,nominal
360,0.7879069598342227,1764531647,nominal
361,0.7886550885342299,1764531647,nominal
362,0.7893997657767169,1764531647,nominal
363,0.7901410051874171,1764531647,nominal
364,0.7908788203696986,1764531647,nominal
365,0.7916132249041098,1764531647,nominal
366,0.7923442323479337,1764531647,nominal
367,0.7930718562347531,1764531647,nominal
368,0.7937961100740217,1764531647,nominal
369,0.7945170073506456,1764531647,nominal
370,0.7954719074084927,1764531647,nominal
371,0.7961851857105737,1764531647,nominal
372,0.7968951501130956,1764531647,nominal
373,0.7976018140096626,1764531647,nominal
374,0.7983051907671032,1764531647,nominal
375,0.7990052937251022,1764531647,nominal
376,0.7997021361958419,1764531647,nominal
377,0.8003957314636501,1764531647,nominal
378,0.8010860927846556,1764531647,nominal
379,0.8017732333864513,1764531647,nominal
380,0.8024571664677658,1764531647,nominal
381,0.8033778688469855,1764531647,nominal
382,0.8042946703106123,1764531647,nominal
383,0.8052075829239953,1764531647,nominal
384,0.8061166187696918,1764531647,nominal
385,0.8070217899466153,1764531647,nominal
386,0.807923108569193,1764531647,nominal
387,0.8088205867665352,1764531647,nominal
388,0.8097142366816154,1764531647,nominal
389,0.8102366670375366,1764531647,nominal
390,0.8103894306665284,1764531647,nominal
391,0.810173112226063,1764531647,nominal
392,0.8093448947161723,1764531647,nominal
393,0.8081468921276329,1764531647,nominal
394,0.8065769255714874,1764531647,nominal
395,0.8046319027868398,1764531647,nominal
396,0.802307836653347,1764531647,nominal
397,0.7995998660497111,1764531647,nominal
398,0.7965022795259145,1764531647,nominal
399,0.7933942158421302,1764531647,nominal
400,0.7902759939538424,1764531647,nominal
401,0.7871479333688602,1764531647,nominal
402,0.7842523195816545,1764531647,nominal
403,0.7813459769092648,1764531647,nominal
404,0.7788288792085695,1764531647,nominal
405,0.7763049559743402,1764531647,nominal
406,0.7737744129319752,1764531647,nominal
407,0.7712374558542958,1764531647,nominal
408,0.7686039633709907,1764531647,nominal
409,0.7658802117703812,1764531647,nominal
410,0.7631590398146583,1764531647,nominal
411,0.7603564208122506,1764531647,nominal
412,0.7577180197840417,1764531647,nominal
413,0.7550892537690966,1764531647,nominal
414,0.7519742153261244,1764531647,nominal
415,0.749056577432538,1764531647,nominal
416,0.7460833176518675,1764531647,nominal
417,0.7430617709403737,1764531647,nominal
418,0.7400672714571063,1764531647,nominal
419,0.7371651912913523,1764531647,nominal
420,0.7342212531440958,1764531647,nominal
421,0.7313035454464094,1764531647,nominal
422,0.7282417896205418,1764531647,nominal
423,0.7251476310867032,1764531647,nominal
424,0.7225578216161066,1764531647,nominal
425,0.719741870862841,1764531647,nominal
426,0.7169507843796608,1764531647,nominal
427,0.7146541781804809,1764531647,nominal
428,0.7126213199776795,1764531647,nominal
429,0.7108028663872901,1764531647,nominal
430,0.7089997232007801,1764531647,nominal
431,0.707254924294215,1764531647,nominal
432,0.7055224847852017,1764531647,nominal
433,0.7038432239531075,1764531647,nominal
434,0.7019535917481698,1764531647,nominal
435,0.7000755524973101,1764531647,nominal
436,0.6982464364969485,1764531647,nominal
437,0.6964263062789268,1764531647,nominal
438,0.6944105827914776,1764531647,nominal
439,0.6921968853901269,1764531647,nominal
440,0.6900217767310725,1764531647,nominal
441,0.6878502013479004,1764531647,nominal
442,0.6856822499789786,1764531647,nominal
443,0.6835180119825964,1764531647,nominal
444,0.6811428608885384,1764531647,nominal
445,0.6787936077630613,1764531647,nominal
446,0.676661600253567,1764531647,nominal
447,0.6740943611827843,1764531647,nominal
448,0.6717702819732122,1764531647,nominal
449,0.6694462091768895,1764531647,nominal
450,0.6671222681600122,1764531647,nominal
451,0.6647985833554346,1764531647,nominal
452,0.6624752782456391,1764531647,nominal
453,0.660152475346236,1764531647,nominal
454,0.6578302961899913,1764531647,nominal
455,0.655508861311382,1764531647,nominal
456,0.6529419767910152,1764531647,nominal
457,0.6503704883430886,1764531647,nominal
458,0.6475536111671494,1764531647,nominal
459,0.6447471422540965,1764531647,nominal
460,0.6419508955638545,1764531647,nominal
461,0.6394155035608521,1764531647,nominal
462,0.636898915955343,1764531647,nominal
463,0.6344060264343717,1764531647,nominal
464,0.6319351566252047,1764531647,nominal
465,0.6297346643054273,1764531647,nominal
466,0.6275551888935486,1764531647,nominal
467,0.6253860053102952,1764531647,nominal
468,0.6232347327326949,1764531647,nominal
469,0.6211142810135127,1764531647,nominal
470,0.6189995123678681,1764531647,nominal
471,0.616667567900916,1764531647,nominal
472,0.6143385579394215,1764531647,nominal
473,0.6122597664813615,1764531647,nominal
474,0.6101954477713092,1764531647,nominal
475,0.6078926795763279,1764531647,nominal
476,0.6056040633606878,1764531647,nominal
477,0.6033536276245843,1764531647,nominal
478,0.6011198711744995,1764531647,nominal
479,0.5988758495694673,1764531647,nominal
480,0.5968682494741728,1764531647,nominal
481,0.5952962820657043,1764531647,nominal
482,0.5937337028084833,1764531647,nominal
483,0.5917291902185832,1764531647,nominal
484,0.5897359809230528,1764531647,nominal
485,0.5877540356860652,1764531647,nominal
486,0.5857481448594255,1764531647,nominal
487,0.5837146206945008,1764531647,nominal
488,0.5818771762360874,1764531647,nominal
489,0.5800832449320237,1764531647,nominal
490,0.5780673984390166,1764531647,nominal
491,0.5756442529540094,1764531647,nominal
492,0.5732747645063717,1764531647,nominal
493,0.5711493194636934,1764531647,nominal
494,0.5690370285427857,1764531647,nominal
495,0.5669850990208859,1764531647,nominal
496,0.5649485130579259,1764531647,nominal
497,0.5629271467132322,1764531647,nominal
498,0.5606877833210163,1764531647,nominal
499,0.5584636652373023,1764531647,nominal
500,0.5562547021279531,1764531647,nominal
501,0.5542807633239945,1764531647,nominal
502,0.5522636313405831,1764531647,nominal
503,0.5502571565425161,1764531647,nominal
504,0.5482613151837549,1764531647,nominal
505,0.5462760827592602,1764531647,nominal
506,0.5443618796992993,1764531647,nominal
507,0.5426773825359432,1764531647,nominal
508,0.5414579688000769,1764531647,nominal
509,0.5402461194659482,1764531647,nominal
510,0.5394961709678373,1764531647,nominal
511,0.5385353047297822,1764531647,nominal
512,0.537859755251124,1764531647,nominal
513,0.5371890533414619,1764531647,nominal
514,0.5368009667266106,1764531647,nominal
515,0.5363515167858912,1764531647,nominal
516,0.5359047417849121,1764531647,nominal
517,0.5356986710809822,1764531647,nominal
518,0.5351080762337154,1764531647,nominal
519,0.5344579425243159,1764531647,nominal
520,0.5334285162259923,1764531647,nominal
521,0.5323422828842347,1764531647,nominal
522,0.5312637445287633,1764531647,nominal
523,0.5304018102314536,1764531647,nominal
524,0.5295453828643744,1764531647,nominal
525,0.5289689305564952,1764531647,nominal
526,0.528395909883452,1764531647,nominal
527,0.527381259761981,1764531647,nominal
528,0.5263060917043918,1764531647,nominal
529,0.5252371434540698,1764531647,nominal
530,0.5243798696139554,1764531647,nominal
531,0.5235950543500829,1764531647,nominal
532,0.5228146275833239,1764531647,nominal
533,0.5220051341699742,1764531647,nominal
534,0.5209281491573348,1764531647,nominal
535,0.5195845432269001,1764531647,nominal
536,0.5181775104417682,1764531647,nominal
537,0.5172200034738098,1764531647,nominal
538,0.5167104053170636,1764531647,nominal
539,0.5160343068642259,1764531647,nominal
540,0.5150865909513006,1764531647,nominal
541,0.5140701537483054,1764531647,nominal
542,0.5128541997242073,1764531647,nominal
543,0.5114750167800398,1764531647,nominal
544,0.5103795953446769,1764531647,nominal
545,0.509365314566246,1764531647,nominal
546,0.5084331624218321,1764531647,nominal
547,0.5070636715935669,1764531647,nominal
548,0.5055379651390097,1764531647,nominal
549,0.5044318493043346,1764531647,nominal
550,0.5034122285440666,1764531647,nominal
551,0.5026782880168605,1764531647,nominal
552,0.501950795670695,1764531647,nominal
553,0.5012296723465276,1764531647,nominal
554,0.5002395877286099,1764531647,nominal
555,0.4992578989560951,1764531647,nominal
556,0.4982845107055438,1764531647,nominal
557,0.4973993499883789,1764531647,nominal
558,0.4963288599406757,1764531647,nominal
559,0.4952204282995265,1764531647,nominal
560,0.4943137997590822,1764531647,nominal
561,0.4932227701539275,1764531647,nominal
562,0.4920593960778463,1764531647,nominal
563,0.490904931146927,1764531647,nominal
564,0.4897592902977232,1764531647,nominal
565,0.4888116227721315,1764531647,nominal
566,0.4880593565311744,1764531647,nominal
567,0.4873117525529443,1764531647,nominal
568,0.4867566815319705,1764531647,nominal
569,0.486100429214778,1764531647,nominal
570,0.4854486001156334,1764531647,nominal
571,0.4849874116408285,1764531647,nominal
572,0.4845285788245098,1764531647,nominal
573,0.4842573821565453,1764531647,nominal
574,0.4840698040942022,1764531647,nominal
575,0.4836977402223124,1764531647,nominal
576,0.4832445278886285,1764531647,nominal
577,0.4827106549827713,1764531647,nominal
578,0.4819133533716198,1764531647,nominal
579,0.481036810933014,1764531647,nominal
580,0.4798977044882089,1764531647,nominal
581,0.4786786786631251,1764531647,nominal
582,0.4774637656343828,1764531647,nominal
583,0.4760704125443191,1764531647,nominal
584,0.4746821872061574,1764531647,nominal
585,0.473299093573293,1764531647,nominal
586,0.4718274104150425,1764531647,nominal
587,0.4704523532177115,1764531647,nominal
588,0.469175401327893,1764531647,nominal
589,0.4679976949827312,1764531647,nominal
590,0.4669200355775793,1764531647,nominal
591,0.4657635539123914,1764531647,nominal
592,0.4647103684729677,1764531647,nominal
593,0.4636692569189273,1764531647,nominal
594,0.4626400156879911,1764531647,nominal
595,0.4616224458805786,1764531647,nominal
596,0.4603749379379148,1764531647,nominal
597,0.459140612927196,1764531647,nominal
598,0.4579192713088041,1764531647,nominal
599,0.4567107176260878,1764531647,nominal
600,0.4555147604002645,1764531647,nominal
601,0.454331212028567,1764531647,nominal
602,0.4531598886855104,1764531647,nominal
603,0.4520006102271746,1764531647,nominal
604,0.4508532000983914,1764531647,nominal
605,0.4497174852427366,1764531647,nominal
606,0.4488317260892098,1764531647,nominal
607,0.4479554543560208,1764531647,nominal
608,0.4470885219239013,1764531647,nominal
609,0.446230783822415,1764531647,nominal
610,0.4453820981457234,1764531647,nominal
611,0.4445423259710512,1764531647,nominal
612,0.4437113312797446,1764531647,nominal
613,0.4428889808808326,1764531647,nominal
614,0.4420751443369929,1764531647,nominal
615,0.4412696938928414,1764531647,nominal
616,0.440472504405454,1764531647,nominal
617,0.4396834532770474,1764531647,nominal
618,0.4389024203897323,1764531647,nominal
619,0.4381292880422728,1764531647,nominal
620,0.4373639408887765,1764531647,nominal
621,0.4368996965014536,1764531647,nominal
622,0.4364397300585333,1764531647,nominal
623,0.4359839859398662,1764531647,nominal
624,0.4355324095082178,1764531647,nominal
625,0.4350849470873091,1764531647,nominal
626,0.4346415459404449,1764531647,nominal
627,0.434202154249713,1764531647,nominal
628,0.4337667210957346,1764531647,nominal
629,0.4333351964379513,1764531647,nominal
630,0.4329075310954301,1764531647,nominal
631,0.4321977468959405,1764531647,nominal
632,0.431494796616736,1764531647,nominal
633,0.4307985862821508,1764531647,nominal
634,0.4301090236787727,1764531647,nominal
635,0.4294260183136558,1764531647,nominal
636,0.4287494813737214,1764531647,nominal
637,0.4280793256863069,1764531647,nominal
638,0.4274154656808278,1764531647,nominal
639,0.426757817351514,1764531647,nominal
640,0.4262363975707378,1764531647,nominal
641,0.4257196881282092,1764531647,nominal
642,0.4253545953804193,1764531647,nominal
643,0.4249926001972837,1764531647,nominal
644,0.4246336662879075,1764531647,nominal
645,0.4242777579385283,1764531647,nominal
646,0.423924840000858,1764531647,nominal
647,0.4235748778807092,1764531647,nominal
648,0.4232278375268954,1764531647,nominal
649,0.4228836854203986,1764531647,nominal
650,0.4224147375194286,1764531647,nominal
651,0.4219497083132748,1764531647,nominal
652,0.4213453545711577,1764531647,nominal
653,0.4207464008700744,1764531647,nominal
654,0.4201527795680957,1764531647,nominal
655,0.4195644241776198,1764531647,nominal
656,0.4189812693403639,1764531647,nominal
657,0.4184032508030081,1764531647,nominal
658,0.4178303053934701,1764531647,nominal
659,0.4172623709977917,1764531647,nominal
660,0.4166993865376218,1764531647,nominal
661,0.4161412919482735,1764531647,nominal
662,0.4155880281573413,1764531647,nominal
663,0.4149573387124086,1764531647,nominal
664,0.4143314490831826,1764531647,nominal
665,0.41371031130122,1764531647,nominal
666,0.4130938780364038,1764531647,nominal
667,0.4124821025861132,1764531647,nominal
668,0.4118749388646183,1764531647,nominal
669,0.4112723413926901,1764531647,nominal
670,0.4106742652874236,1764531647,nominal
671,0.4100806662522673,1764531647,nominal
672,0.4094915005672545,1764531647,nominal
673,0.4089908149228927,1764531647,nominal
674,0.4082756801908939,1764531647,nominal
675,0.4075662481819525,1764531647,nominal
676,0.4068624587332105,1764531647,nominal
677,0.406164252523198,1764531647,nominal
678,0.4053739897785886,1764531647,nominal
679,0.4045894706918211,1764531647,nominal
680,0.4038106436397814,1764531647,nominal
681,0.4030374575787424,1764531647,nominal
682,0.4022698620364481,1764531647,nominal
683,0.4016393401957427,1764531647,nominal
684,0.4012302620931376,1764531647,nominal
685,0.4010739072296986,1764531647,nominal
686,0.4010495291943942,1764531647,nominal
687,0.4011560808182241,1764531647,nominal
688,0.4013596208771522,1764531647,nominal
689,0.4015614678804499,1764531647,nominal
690,0.4017616379086078,1764531647,nominal
691,0.4019601468740638,1764531647,nominal
692,0.4021570105230483,1764531647,nominal
693,0.4022223136508288,1764531647,nominal
694,0.402286986454508,1764531647,nominal
695,0.4021022331055758,1764531647,nominal
696,0.4019186219394254,1764531647,nominal
697,0.4016072159739481,1764531647,nominal
698,0.4012981251180573,1764531647,nominal
699,0.40099132638418,1764531647,nominal
700,0.4006867970959796,1764531647,nominal
701,0.4003845148829129,1764531647,nominal
702,0.4002119965006219,1764531647,nominal
703,0.40004052117102,1764531647,nominal
704,0.3998700809934778,1764531647,nominal
705,0.399700668151507,1764531647,nominal
706,0.3994057373318626,1764531647,nominal
707,0.3991129574982924,1764531647,nominal
708,0.3988223078983314,1764531647,nominal
709,0.3985337680515126,1764531647,nominal
710,0.3982473177447569,1764531647,nominal
711,0.3982055181372082,1764531647,nominal
712,0.3980387905572531,1764531647,nominal
713,0.3979982416741388,1764531647,nominal
714,0.3979579171304333,1764531647,nominal
715,0.3979178154530357,1764531647,nominal
716,0.3978779351823079,1764531647,nominal
717,0.397838274871895,1764531647,nominal
718,0.398040020069183,1764531647,nominal
719,0.3982405375356362,1764531647,nominal
720,0.3984398358927813,1764531647,nominal
721,0.3985208567258341,1764531647,nominal
722,0.3987251034151635,1764531647,nominal
723,0.3988040380076296,1764531647,nominal
724,0.3988823221980829,1764531647,nominal
725,0.3989599622336026,1764531647,nominal
726,0.3990369642926192,1764531647,nominal
727,0.3991133344857637,1764531647,nominal
728,0.3991890788567054,1764531647,nominal
729,0.399264203382977,1764531647,nominal
730,0.3993387139767901,1764531647,nominal
731,0.3995299534758592,1764531647,nominal
732,0.3995973503308859,1764531647,nominal
733,0.3996643576688182,1764531647,nominal
734,0.399853535489176,1764531647,nominal
735,0.4000415875374433,1764531647,nominal
736,0.4002285214553121,1764531647,nominal
737,0.4006541935914198,1764531647,nominal
738,0.4008376860279712,1764531647,nominal
739,0.401020089219089,1764531647,nominal
740,0.4013237229743723,1764531647,nominal
741,0.401385668890818,1764531647,nominal
742,0.4016868863610199,1764531647,nominal
743,0.4019863356210397,1764531647,nominal
744,0.4024019548076117,1764531647,nominal
745,0.402815441939347,1764531647,nominal
746,0.4032268077554528,1764531647,nominal
747,0.4033956782875352,1764531647,nominal
748,0.4035635516854775,1764531647,nominal
749,0.4039707534458063,1764531647,nominal
750,0.4042537440236896,1764531647,nominal
751,0.4045352276810205,1764531647,nominal
752,0.4045747515009785,1764531647,nominal
753,0.4046140584997673,1764531647,nominal
754,0.4044130884930019,1764531647,nominal
755,0.4040051553094947,1764531647,nominal
756,0.4038392904505267,1764531647,nominal
757,0.4036743857879426,1764531647,nominal
758,0.4035104350322333,1764531647,nominal
759,0.4029003382555201,1764531647,nominal
760,0.4024150694334977,1764531647,nominal
761,0.4021709910144624,1764531647,nominal
762,0.4017199893370721,1764531647,nominal
763,0.4012711874498415,1764531647,nominal
764,0.4010627042632437,1764531647,nominal
765,0.4013018016013721,1764531647,nominal
766,0.4013013671325524,1764531647,nominal
767,0.4010924017062465,1764531647,nominal
768,0.4008843086526814,1764531647,nominal
769,0.4010064663887953,1764531647,nominal
770,0.4007985197090616,1764531647,nominal
771,0.4005914442578809,1764531647,nominal
772,0.400594131970652,1764531647,nominal
773,0.4005967674063818,1764531647,nominal
774,0.4003605440425873,1764531647,nominal
775,0.3998869766003786,1764531647,nominal
776,0.3995363915025435,1764531647,nominal
777,0.3993964315951774,1764531647,nominal
778,0.3992571449318021,1764531647,nominal
779,0.3989987105134443,1764531647,nominal
780,0.3987418244164479,1764531647,nominal
781,0.3983686938671184,1764531647,nominal
782,0.3979978410409977,1764531647,nominal
783,0.3976292496649579,1764531647,nominal
784,0.3973817153462624,1764531647,nominal
785,0.3971354068568521,1764531647,nominal
786,0.3968903184415693,1764531647,nominal
787,0.3966464443663293,1764531647,nominal
788,0.3966394152899454,1764531647,nominal
789,0.3968679030195606,1764531647,nominal
790,0.3975390416634173,1764531647,nominal
791,0.398325324113878,1764531647,nominal
792,0.3993454366312871,1764531647,nominal
793,0.4005998648638807,1764531647,nominal
794,0.4019703865832897,1764531647,nominal
795,0.4035772922202906,1764531647,nominal
796,0.405302088398498,1764531647,nominal
797,0.4072664407944054,1764531647,nominal
798,0.4092295954329423,1764531647,nominal
799,0.4111915002596782,1764531647,nominal
800,0.4131521036132003,1764531647,nominal
801,0.4151113542272929,1764531647,nominal
802,0.4167356311031287,1764531647,nominal
803,0.4183585745010432,1764531647,nominal
804,0.4196450368724288,1764531647,nominal
805,0.4207197211650413,1764531647,nominal
806,0.421582849501111,1764531647,nominal
807,0.4222345118591416,1764531647,nominal
808,0.4226746603875083,1764531647,nominal
809,0.4229031039207897,1764531647,nominal
810,0.4229195026639186,1764531647,nominal
811,0.4227233630104949,1764531647,nominal
812,0.4227416051630248,1764531647,nominal
813,0.4225462063459784,1764531647,nominal
814,0.4224809358799621,1764531647,nominal
815,0.4224165118488552,1764531647,nominal
816,0.4223529306299022,1764531647,nominal
817,0.4222901886292007,1764531647,nominal
818,0.4222282822814708,1764531647,nominal
819,0.4223851049293864,1764531647,nominal
820,0.4225428310561334,1764531647,nominal
821,0.4227014606094306,1764531647,nominal
822,0.4227746852720702,1764531647,nominal
823,0.422849020730051,1764531647,nominal
824,0.4229244668612631,1764531647,nominal
825,0.4230010235701645,1764531647,nominal
826,0.4230786907876239,1764531647,nominal
827,0.4231574684707634,1764531647,nominal
828,0.4232373566028016,1764531647,nominal
829,0.4230941832096235,1764531647,nominal
830,0.4229518655279364,1764531647,nominal
831,0.4228103979260236,1764531647,nominal
832,0.4226697748126736,1764531647,nominal
833,0.4225299906368791,1764531647,nominal
834,0.4223910398875366,1764531647,nominal
835,0.4222529170931489,1764531647,nominal
836,0.4221156168215291,1764531647,nominal
837,0.4219791336795071,1764531647,nominal
838,0.4220742690434056,1764531647,nominal
839,0.4221704997272029,1764531647,nominal
840,0.4222678261554981,1764531647,nominal
841,0.4223662487760705,1764531647,nominal
842,0.4224657680597342,1764531647,nominal
843,0.4225663845001969,1764531647,nominal
844,0.4226680986139151,1764531647,nominal
845,0.4227709109399519,1764531647,nominal
846,0.4228748220398349,1764531647,nominal
847,0.4229798324974138,1764531647,nominal
848,0.422848115483202,1764531647,nominal
849,0.4228086193152574,1764531647,nominal
850,0.4227698618772638,1764531647,nominal
851,0.4227318403937685,1764531647,nominal
852,0.4226945521107446,1764531647,nominal
853,0.4226579942954002,1764531647,nominal
854,0.4226221642359898,1764531647,nominal
855,0.4225870592416261,1764531647,nominal
856,0.4225526766420922,1764531647,nominal
857,0.422519013787656,1764531647,nominal
858,0.4224860680488852,1764531647,nominal
859,0.422360718415276,1764531647,nominal
860,0.4222361053321246,1764531647,nominal
861,0.4221122240404214,1764531647,nominal
862,0.4222373561292607,1764531647,nominal
863,0.4223635823891382,1764531647,nominal
864,0.4227406296921437,1764531647,nominal
865,0.4231189674475078,1764531647,nominal
866,0.4234985992583635,1764531647,nominal
867,0.4241311972700478,1764531647,nominal
868,0.4247651026982132,1764531647,nominal
869,0.4254003183889656,1764531647,nominal
870,0.4260368471343434,1764531647,nominal
871,0.4266746916721551,1764531647,nominal
872,0.4270592526615699,1764531647,nominal
873,0.4274451377540678,1764531647,nominal
874,0.4275762729401764,1764531647,nominal
875,0.4277085404508366,1764531647,nominal
876,0.4278419413545936,1764531647,nominal
877,0.4277179088687979,1764531647,nominal
878,0.4275945985033763,1764531647,nominal
879,0.4274720056439723,1764531647,nominal
880,0.4273501257087164,1764531647,nominal
881,0.4272289541479819,1764531647,nominal
882,0.4271084864441419,1764531647,nominal
883,0.4269887181113289,1764531647,nominal
884,0.4268696446951942,1764531647,nominal
885,0.4267512617726718,1764531647,nominal
886,0.4266335649517421,1764531647,nominal
887,0.4265165498711972,1764531647,nominal
888,0.42640021220041,1764531647,nominal
889,0.4262845476391026,1764531647,nominal
890,0.4261695519171176,1764531647,nominal
891,0.4260552207941911,1764531647,nominal
892,0.4259415500597275,1764531647,nominal
893,0.425828535532575,1764531647,nominal
894,0.4257161730608043,1764531647,nominal
895,0.4256044585214874,1764531647,nominal
896,0.4254933878204793,1764531647,nominal
897,0.4253829568922006,1764531647,nominal
898,0.4252731616994222,1764531647,nominal
899,0.4251639982330509,1764531647,nominal
900,0.4250554625119179,1764531647,nominal
901,0.4249475505825673,1764531647,nominal
902,0.4248402585190473,1764531647,nominal
903,0.4247335824227032,1764531647,nominal
904,0.4246275184219703,1764531647,nominal
905,0.4245220626721706,1764531647,nominal
906,0.4244172113553098,1764531647,nominal
907,0.4243129606798754,1764531647,nominal
908,0.4242093068806374,1764531647,nominal
909,0.42410624621845,1764531647,nominal
910,0.4240037749800552,1764531647,nominal
911,0.423901889477887,1764531647,nominal
912,0.4238005860498781,1764531647,nominal
913,0.4236998610592676,1764531647,nominal
914,0.42359971089441,1764531647,nominal
915,0.4235001319685864,1764531647,nominal
916,0.423401120719816,1764531647,nominal
917,0.4233026736106707,1764531647,nominal
918,0.4232047871280892,1764531647,nominal
919,0.4231074577831935,1764531647,nominal
920,0.4230106821111077,1764531647,nominal
921,0.4229144566707765,1764531647,nominal
922,0.4228187780447859,1764531647,nominal
923,0.422723642839186,1764531647,nominal
924,0.4226290476833135,1764531647,nominal
925,0.4225349892296173,1764531647,nominal
926,0.4224414641534841,1764531647,nominal
927,0.4223484691530664,1764531647,nominal
928,0.4222560009491116,1764531647,nominal
929,0.422164056284791,1764531647,nominal
930,0.4220726319255331,1764531647,nominal
931,0.4219817246588547,1764531647,nominal
932,0.4218913312941965,1764531647,nominal
933,0.4218014486627574,1764531647,nominal
934,0.4217120736173321,1764531647,nominal
935,0.4216232030321484,1764531647,nominal
936,0.4215348338027072,1764531647,nominal
937,0.4214469628456224,1764531647,nominal
938,0.421359587098463,1764531647,nominal
939,0.4212727035195958,1764531647,nominal
940,0.4211863090880301,1764531647,nominal
941,0.4211004008032628,1764531647,nominal
942,0.4210149756851252,1764531647,nominal
943,0.420930030773631,1764531647,nominal
944,0.420845563128825,1764531647,nominal
945,0.4207615698306337,1764531647,nominal
946,0.4206780479787166,1764531647,nominal
947,0.4205949946923187,1764531647,nominal
948,0.4205124071101248,1764531647,nominal
949,0.4204302823901134,1764531647,nominal
950,0.4203486177094137,1764531647,nominal
951,0.4202674102641621,1764531647,nominal
952,0.4201866572693613,1764531647,nominal
953,0.4201063559587387,1764531647,nominal
954,0.4200265035846079,1764531647,nominal
955,0.4199470974177297,1764531647,nominal
956,0.4198681347471745,1764531647,nominal
957,0.4197896128801874,1764531647,nominal
958,0.419711529142052,1764531647,nominal
959,0.4196338808759563,1764531647,nominal
960,0.4195566654428606,1764531647,nominal
961,0.4194798802213642,1764531647,nominal
962,0.4194035226075757,1764531647,nominal
963,0.419327590014983,1764531647,nominal
964,0.4192520798743233,1764531647,nominal
965,0.4191769896334568,1764531647,nominal
966,0.4191023167572387,1764531647,nominal
967,0.4190280587273939,1764531647,nominal
968,0.4189542130423923,1764531647,nominal
969,0.4188807772173247,1764531647,nominal
970,0.4188077487837799,1764531647,nominal
971,0.4187351252897227,1764531647,nominal
972,0.4186629042993736,1764531647,nominal
973,0.4185910833930882,1764531647,nominal
974,0.4185196601672381,1764531647,nominal
975,0.4184486322340938,1764531647,nominal
976,0.4183779972217058,1764531647,nominal
977,0.4183077527737902,1764531647,nominal
978,0.4182378965496123,1764531647,nominal
979,0.4181684262238727,1764531647,nominal
980,0.4180993394865932,1764531647,nominal
981,0.418030634043005,1764531647,nominal
982,0.4179623076134367,1764531647,nominal
983,0.4178943579332028,1764531647,nominal
984,0.4178267827524949,1764531647,nominal
985,0.417759579836272,1764531647,nominal
986,0.417692746964152,1764531647,nominal
987,0.4176262819303051,1764531647,nominal
988,0.4175601825433466,1764531647,nominal
989,0.417494446626232,1764531647,nominal
990,0.4174290720161508,1764531647,nominal
991,0.4173640565644244,1764531647,nominal
992,0.4172993981364012,1764531647,nominal
993,0.4172350946113553,1764531647,nominal
994,0.4171711438823842,1764531647,nominal
995,0.4171075438563083,1764531647,nominal
996,0.4170442924535721,1764531647,nominal
997,0.4169813876081427,1764531647,nominal
998,0.4169188272674134,1764531647,nominal
999,0.416856609392105,1764531647,nominal
1000,0.4167947319561695,1764531647,nominal
1001,0.4167331929466938,1764531647,nominal
1002,0.4166719903638044,1764531647,nominal
1003,0.4166111222205729,1764531647,nominal
1004,0.4165505865429219,1764531647,nominal
1005,0.4164903813695324,1764531647,nominal
1006,0.4164305047517507,1764531647,nominal
1007,0.4163709547534979,1764531647,nominal
1008,0.4163117294511778,1764531647,nominal
1009,0.416252826933587,1764531647,nominal
1010,0.4161942453018264,1764531647,nominal
1011,0.4161359826692113,1764531647,nominal
1012,0.4160780371611837,1764531647,nominal
1013,0.4160204069152249,1764531647,nominal
1014,0.4159630900807687,1764531647,nominal
1015,0.4159060848191155,1764531647,nominal
1016,0.4158493893033472,1764531647,nominal
1017,0.4157930017182422,1764531647,nominal
1018,0.415736920260191,1764531647,nominal
1019,0.4156811431371138,1764531647,nominal
1020,0.415625668568377,1764531647,nominal
1021,0.4155704947847121,1764531647,nominal
1022,0.4155156200281328,1764531647,nominal
1023,0.4154610425518555,1764531647,nominal
1024,0.4154067606202189,1764531647,nominal
1025,0.4153527725086041,1764531647,nominal
1026,0.4152990765033558,1764531647,nominal
1027,0.4152456709017053,1764531647,nominal
1028,0.41519255401169,1764531647,nominal
1029,0.4151397241520794,1764531647,nominal
1030,0.4150871796522968,1764531647,nominal
1031,0.4150349188523445,1764531647,nominal
1032,0.4149829401027269,1764531647,nominal
1033,0.4149312417643787,1764531647,nominal
1034,0.4148798222085875,1764531647,nominal
1035,0.4148286798169226,1764531647,nominal
1036,0.4147778129811615,1764531647,nominal
1037,0.4147272201032169,1764531647,nominal
1038,0.4146768995950656,1764531647,nominal
1039,0.4146268498786772,1764531647,nominal
1040,0.4145770693859428,1764531647,nominal
1041,0.4145275565586054,1764531647,nominal
1042,0.4144783098481905,1764531647,nominal
1043,0.4144293277159365,1764531647,nominal
1044,0.414380608632726,1764531647,nominal
1045,0.4143321510790191,1764531647,nominal
1046,0.4142839535447842,1764531647,nominal
1047,0.4142360145294326,1764531647,nominal
1048,0.4141883325417507,1764531647,nominal
1049,0.4141409060998351,1764531647,nominal
1050,0.4140937337310274,1764531647,nominal
1051,0.4140468139718474,1764531647,nominal
1052,0.414000145367932,1764531647,nominal
1053,0.4139537264739678,1764531647,nominal
1054,0.4139075558536296,1764531647,nominal
1055,0.4138616320795185,1764531647,nominal
1056,0.4138159537330967,1764531647,nominal
1057,0.4137705194046273,1764531647,nominal
1058,0.4137253276931129,1764531647,nominal
1059,0.4136803772062344,1764531647,nominal
1060,0.41363566656029,1764531647,nominal
1061,0.4135911943801356,1764531647,nominal
1062,0.4135469592991252,1764531647,nominal
1063,0.4135029599590515,1764531647,nominal
1064,0.4134591950100876,1764531647,nominal
1065,0.4134156631107279,1764531647,nominal
1066,0.413372362927732,1764531647,nominal
1067,0.4133292931360661,1764531647,nominal
1068,0.4132864524188451,1764531647,nominal
1069,0.4132438394672789,1764531647,nominal
1070,0.4132014529806141,1764531647,nominal
1071,0.4131592916660787,1764531647,nominal
1072,0.4131173542388281,1764531647,nominal
1073,0.4130756394218889,1764531647,nominal
1074,0.4130341459461059,1764531647,nominal
1075,0.4129928725500865,1764531647,nominal
1076,0.4129518179801491,1764531647,nominal
1077,0.4129109809902685,1764531647,nominal
1078,0.4128703603420238,1764531647,nominal
1079,0.4128299548045459,1764531647,nominal
1080,0.4127897631544663,1764531647,nominal
1081,0.4127497841758641,1764531647,nominal
1082,0.4127100166602164,1764531647,nominal
1083,0.4126704594063469,1764531647,nominal
1084,0.4126311112203755,1764531647,nominal
1085,0.412591970915668,1764531647,nominal
1086,0.4125530373127878,1764531647,nominal
1087,0.4125143092394449,1764531647,nominal
1088,0.4124757855304484,1764531647,nominal
1089,0.4124374650276569,1764531647,nominal
1090,0.4123993465799326,1764531647,nominal
1091,0.4123614290430908,1764531647,nominal
1092,0.4123237112798535,1764531647,nominal
1093,0.4122861921598033,1764531647,nominal
1094,0.4122488705593359,1764531647,nominal
1095,0.4122117453616138,1764531647,nominal
1096,0.4121748154565204,1764531647,nominal
1097,0.4121380797406145,1764531647,nominal
1098,0.4121015371170843,1764531647,nominal
1099,0.4120651864957036,1764531647,nominal
1100,0.4120290267927868,1764531647,nominal
1101,0.4119930569311441,1764531647,nominal
1102,0.4119572758400376,1764531647,nominal
1103,0.4119216824551386,1764531647,nominal
1104,0.4118862757184833,1764531647,nominal
1105,0.4118510545784304,1764531647,nominal
1106,0.4118160179896178,1764531647,nominal
1107,0.4117811649129212,1764531647,nominal
1108,0.4117464943154117,1764531647,nominal
1109,0.4123782068755574,1764531647,nominal
1110,0.4130115793446738,1764531647,nominal
1111,0.4136466124276001,1764531647,nominal
1112,0.4142833067814801,1764531647,nominal
1113,0.4149216630155241,1764531647,nominal
1114,0.4155616816907692,1764531647,nominal
1115,0.416203363319842,1764531647,nominal
1116,0.4168467083667226,1764531647,nominal
1117,0.4174917172465079,1764531647,nominal
1118,0.4181383903251796,1764531647,nominal
1119,0.4181023244214292,1764531647,nominal
1120,0.418066446661958,1764531647,nominal
1121,0.4180307559911565,1764531647,nominal
1122,0.4179952513596531,1764531647,nominal
1123,0.4179599317242729,1764531647,nominal
1124,0.4179247960479955,1764531647,nominal
1125,0.4178898432999159,1764531647,nominal
1126,0.4178550724552013,1764531647,nominal
1127,0.4178204824950525,1764531647,nominal
1128,0.4177860724066631,1764531647,nominal
1129,0.4177518411831796,1764531647,nominal
1130,0.4177177878236621,1764531647,nominal
1131,0.4176839113330447,1764531647,nominal
1132,0.417650210722097,1764531647,nominal
1133,0.4176166850073847,1764531647,nominal
1134,0.4175833332112322,1764531647,nominal
1135,0.4175501543616839,1764531647,nominal
1136,0.4175171474924654,1764531647,nominal
1137,0.4174843116429481,1764531647,nominal
1138,0.4174516458581098,1764531647,nominal
1139,0.4174191491884995,1764531647,nominal
1140,0.4173868206901989,1764531647,nominal
1141,0.4173546594247868,1764531647,nominal
1142,0.417322664459303,1764531647,nominal
1143,0.4172908348662127,1764531647,nominal
1144,0.4172591697233682,1764531647,nominal
1145,0.4172276681139781,1764531647,nominal
1146,0.4171963291265681,1764531647,nominal
1147,0.4171651518549473,1764531647,nominal
1148,0.4171341353981735,1764531647,nominal
1149,0.4171032788605205,1764531647,nominal
1150,0.4170725813514402,1764531647,nominal
1151,0.4170420419855319,1764531647,nominal
1152,0.4170116598825081,1764531647,nominal
1153,0.416981434167159,1764531647,nominal
1154,0.4169513639693216,1764531647,nominal
1155,0.4169214484238462,1764531647,nominal
1156,0.4168916866705621,1764531647,nominal
1157,0.4168620778542471,1764531647,nominal
1158,0.4168326211245949,1764531647,nominal
1159,0.4168033156361823,1764531647,nominal
1160,0.4167741605484359,1764531647,nominal
1161,0.4167451550256053,1764531647,nominal
1162,0.4167162982367267,1764531647,nominal
1163,0.4166875893555938,1764531647,nominal
1164,0.4166590275607276,1764531647,nominal
1165,0.4166306120353448,1764531647,nominal
1166,0.4166023419673279,1764531647,nominal
1167,0.4165742165491927,1764531647,nominal
1168,0.4165462349780627,1764531647,nominal
1169,0.4165183964556342,1764531647,nominal
1170,0.4164907001881509,1764531647,nominal
1171,0.4164631453863717,1764531647,nominal
1172,0.4164357312655427,1764531647,nominal
1173,0.4164084570453679,1764531647,nominal
1174,0.4163813219499805,1764531647,nominal
1175,0.4163543252079147,1764531647,nominal
1176,0.4163274660520762,1764531647,nominal
1177,0.4163007437197151,1764531647,nominal
1178,0.4162741574523968,1764531647,nominal
1179,0.416247706495976,1764531647,nominal
1180,0.4162213901005668,1764531647,nominal
1181,0.4161952075205177,1764531647,nominal
1182,0.4161691580143817,1764531647,nominal
1183,0.4161432408448925,1764531647,nominal
1184,0.416117455278934,1764531647,nominal
1185,0.4160918005875159,1764531647,nominal
1186,0.4160662760457481,1764531647,nominal
1187,0.4160408809328115,1764531647,nominal
1188,0.4160156145319344,1764531647,nominal
1189,0.4159904761303656,1764531647,nominal
1190,0.4159654650193489,1764531647,nominal
1191,0.4159405804940968,1764531647,nominal
1192,0.4159158218537663,1764531647,nominal
1193,0.415891188401433,1764531647,nominal
1194,0.4158666794440658,1764531647,nominal
1195,0.4158422942925033,1764531647,nominal
1196,0.4158180322614264,1764531647,nominal
1197,0.4157938926693372,1764531647,nominal
1198,0.4157698748385328,1764531647,nominal
1199,0.4157459780950803,1764531647,nominal
1200,0.4157222017687949,1764531647,nominal
1201,0.415698545193215,1764531647,nominal
1202,0.4156750077055773,1764531647,nominal
1203,0.4156515886467951,1764531647,nominal
1204,0.4156282873614345,1764531647,nominal
1205,0.4156051031976912,1764531647,nominal
1206,0.4155820355073663,1764531647,nominal
1207,0.4155590836458436,1764531647,nominal
1208,0.4155362469720702,1764531647,nominal
1209,0.4155135248485289,1764531647,nominal
1210,0.4154909166412188,1764531647,nominal
1211,0.4154684217196328,1764531647,nominal
1212,0.4154460394567345,1764531647,nominal
1213,0.415423769228937,1764531647,nominal
1214,0.4154016104160798,1764531647,nominal
1215,0.4153795624014101,1764531647,nominal
1216,0.4153576245715584,1764531647,nominal
1217,0.4153357963165173,1764531647,nominal
1218,0.4153140770296219,1764531647,nominal
1219,0.4152924661075268,1764531647,nominal
1220,0.4152709629501867,1764531647,nominal
1221,0.415249566960835,1764531647,nominal
1222,0.4152282775459637,1764531647,nominal
1223,0.4152070941153006,1764531647,nominal
1224,0.4151860160817929,1764531647,nominal
1225,0.4151650428615819,1764531647,nominal
1226,0.4151441738739878,1764531647,nominal
1227,0.4151234085414855,1764531647,nominal
1228,0.4151027462896883,1764531647,nominal
1229,0.4150821865473266,1764531647,nominal
1230,0.4150617287462264,1764531647,nominal
1231,0.415041372321294,1764531647,nominal
1232,0.4150211167104926,1764531647,nominal
1233,0.4150009613548253,1764531647,nominal
1234,0.4149809056983163,1764531647,nominal
1235,0.4149609491879901,1764531647,nominal
1236,0.4149410912738548,1764531647,nominal
1237,0.414921331408881,1764531647,nominal
1238,0.4149016690489857,1764531647,nominal
1239,0.4148821036530137,1764531647,nominal
1240,0.4148626346827143,1764531647,nominal
1241,0.4148432616027318,1764531647,nominal
1242,0.4148239838805788,1764531647,nominal
1243,0.4148048009866246,1764531647,nominal
1244,0.4147857123940739,1764531647,nominal
1245,0.4147667175789497,1764531647,nominal
1246,0.4147478160200756,1764531647,nominal
1247,0.414729007199059,1764531647,nominal
1248,0.4147102906002734,1764531647,nominal
1249,0.4146916657108415,1764531647,nominal
1250,0.4146731320206161,1764531647,nominal
1251,0.4146546890221652,1764531647,nominal
1252,0.4146363362107543,1764531647,nominal
1253,0.4146180730843301,1764531647,nominal
1254,0.4145998991435013,1764531647,nominal
1255,0.4145818138915263,1764531647,nominal
1256,0.4145638168342928,1764531647,nominal
1257,0.4145459074803023,1764531647,nominal
1258,0.4145280853406562,1764531647,nominal
1259,0.4145103499290355,1764531647,nominal
1260,0.4144927007616895,1764531647,nominal
1261,0.4144751373574141,1764531647,nominal
1262,0.4144576592375418,1764531647,nominal
1263,0.4144402659259221,1764531647,nominal
1264,0.4144229569489057,1764531647,nominal
1265,0.4144057318353323,1764531647,nominal
1266,0.4143885901165104,1764531647,nominal
1267,0.4143715313262063,1764531647,nominal
1268,0.4143545550006275,1764531647,nominal
1269,0.414337660678403,1764531647,nominal
1270,0.4143208479005764,1764531647,nominal
1271,0.4143041162105842,1764531647,nominal
1272,0.414287465154244,1764531647,nominal
1273,0.4142708942797393,1764531647,nominal
1274,0.4142544031376028,1764531647,nominal
1275,0.4142379912807065,1764531647,nominal
1276,0.4142216582642395,1764531647,nominal
1277,0.4142054036457028,1764531647,nominal
1278,0.4141892269848875,1764531647,nominal
1279,0.4141731278438634,1764531647,nominal
1280,0.4141571057869659,1764531647,nominal
1281,0.4141411603807806,1764531647,nominal
1282,0.4141252911941268,1764531647,nominal
1283,0.4141094977980512,1764531647,nominal
1284,0.4140937797658044,1764531647,nominal
1285,0.4140781366728334,1764531647,nominal
1286,0.4140625680967686,1764531647,nominal
1287,0.4140470736174059,1764531647,nominal
1288,0.4140316528166933,1764531647,nominal
1289,0.4140163052787236,1764531647,nominal
1290,0.4140010305897154,1764531647,nominal
1291,0.4139858283380009,1764531647,nominal
1292,0.413970698114015,1764531647,nominal
1293,0.4139556395102786,1764531647,nominal
1294,0.4139406521213882,1764531647,nominal
1295,0.413925735544003,1764531647,nominal
1296,0.4139108893768317,1764531647,nominal
1297,0.4138961132206186,1764531647,nominal
1298,0.4138814066781312,1764531647,nominal
1299,0.4138667693541502,1764531647,nominal
1300,0.413852200855453,1764531647,nominal
1301,0.4138377007908055,1764531647,nominal
1302,0.4138232687709453,1764531647,nominal
1303,0.4138089044085728,1764531647,nominal
1304,0.4137946073183369,1764531647,nominal
1305,0.4137803771168251,1764531647,nominal
1306,0.41376621342255,1764531647,nominal
1307,0.4137521158559344,1764531647,nominal
1308,0.4137380840393067,1764531647,nominal
1309,0.4137241175968819,1764531647,nominal
1310,0.4137102161547532,1764531647,nominal
1311,0.4136963793408796,1764531647,nominal
1312,0.4136826067850754,1764531647,nominal
1313,0.4136688981189954,1764531647,nominal
1314,0.4136552529761282,1764531647,nominal
1315,0.41364167099178,1764531647,nominal
1316,0.4136281518030661,1764531647,nominal
1317,0.4136146950489,1764531647,nominal
1318,0.4136013003699796,1764531647,nominal
1319,0.4135879674087779,1764531647,nominal
1320,0.4135746958095314,1764531647,nominal
1321,0.4135614852182304,1764531647,nominal
1322,0.4135483352826042,1764531647,nominal
1323,0.4135352456521157,1764531647,nominal
1324,0.4135222159779449,1764531647,nominal
1325,0.4135092459129835,1764531647,nominal
1326,0.41349633511182,1764531647,nominal
1327,0.4134834832307302,1764531647,nominal
1328,0.413470689927669,1764531647,nominal
1329,0.4134579548622574,1764531647,nominal
1330,0.4134452776957709,1764531647,nominal
1331,0.4134326580911311,1764531647,nominal
1332,0.4134200957128971,1764531647,nominal
1333,0.4134075902272514,1764531647,nominal
1334,0.4133951413019917,1764531647,nominal
1335,0.4133827486065203,1764531647,nominal
1336,0.4133704118118352,1764531647,nominal
1337,0.4133581305905168,1764531647,nominal
1338,0.4133459046167242,1764531647,nominal
1339,0.4133337335661759,1764531647,nominal
1340,0.4133216171161495,1764531647,nominal
1341,0.4133095549454667,1764531647,nominal
1342,0.4132975467344835,1764531647,nominal
1343,0.4132855921650799,1764531647,nominal
1344,0.4132736909206566,1764531647,nominal
1345,0.4132618426861157,1764531647,nominal
1346,0.4132500471478613,1764531647,nominal
1347,0.4132383039937783,1764531647,nominal
1348,0.413226612913235,1764531647,nominal
1349,0.4132149735970649,1764531647,nominal
1350,0.4132033857375621,1764531647,nominal
1351,0.4131918490284725,1764531647,nominal
1352,0.4131803631649771,1764531647,nominal
1353,0.4131689278436953,1764531647,nominal
1354,0.4131575427626643,1764531647,nominal
1355,0.4131462076213372,1764531647,nominal
1356,0.4131349221205678,1764531647,nominal
1357,0.4131236859626099,1764531647,nominal
1358,0.4131124988511006,1764531647,nominal
1359,0.4131013604910567,1764531647,nominal
1360,0.4130902705888618,1764531647,nominal
1361,0.4130792288522597,1764531647,nominal
1362,0.413068234990349,1764531647,nominal
1363,0.4130572887135668,1764531647,nominal
1364,0.4130463897336843,1764531647,nominal
1365,0.4130355377638018,1764531647,nominal
1366,0.4130247325183327,1764531647,nominal
1367,0.413013973713004,1764531647,nominal
1368,0.4130032610648357,1764531647,nominal
1369,0.4129925942921451,1764531647,nominal
1370,0.4129819731145279,1764531647,nominal
1371,0.4129713972528601,1764531647,nominal
1372,0.4129608664292835,1764531647,nominal
1373,0.4129503803671934,1764531647,nominal
1374,0.4129399387912417,1764531647,nominal
1375,0.4129295414273192,1764531647,nominal
1376,0.4129191880025507,1764531647,nominal
1377,0.4129088782452914,1764531647,nominal
1378,0.4128986118851069,1764531647,nominal
1379,0.412888388652782,1764531647,nominal
1380,0.4128782082802976,1764531647,nominal
1381,0.4128680705008304,1764531647,nominal
1382,0.4128579750487468,1764531647,nominal
1383,0.4128479216595876,1764531647,nominal
1384,0.412837910070067,1764531647,nominal
1385,0.4128279400180647,1764531647,nominal
1386,0.4128180112426119,1764531647,nominal
1387,0.4128081234838918,1764531647,nominal
1388,0.4127982764832254,1764531647,nominal
1389,0.4127884699830687,1764531647,nominal
1390,0.4127787037270043,1764531647,nominal
1391,0.4127689774597296,1764531647,nominal
1392,0.4127592909270564,1764531647,nominal
1393,0.4127496438758971,1764531647,nominal
1394,0.4127400360542599,1764531647,nominal
1395,0.4127304672112465,1764531647,nominal
1396,0.4127209370970341,1764531647,nominal
1397,0.4127114454628769,1764531647,nominal
1398,0.4127019920610963,1764531647,nominal
1399,0.4126925766450727,1764531647,nominal
1400,0.4126831989692419,1764531647,nominal
1401,0.4126738587890828,1764531647,nominal
1402,0.4126645558611124,1764531647,nominal
1403,0.4126552899428821,1764531647,nominal
1404,0.4126460607929658,1764531647,nominal
1405,0.412636868170957,1764531647,nominal
1406,0.4126277118374579,1764531647,nominal
1407,0.4126185915540769,1764531647,nominal
1408,0.4126095070834178,1764531647,nominal
1409,0.4126004581890747,1764531647,nominal
1410,0.4125914446356296,1764531647,nominal
1411,0.4125824661886352,1764531647,nominal
1412,0.4125735226146177,1764531647,nominal
1413,0.4125646136810674,1764531647,nominal
1414,0.4125557391564296,1764531647,nominal
1415,0.4125468988101025,1764531647,nominal
1416,0.4125380924124256,1764531647,nominal
1417,0.412529319734675,1764531647,nominal
1418,0.4125205805490615,1764531647,nominal
1419,0.4125118746287178,1764531647,nominal
1420,0.4125032017476914,1764531647,nominal
1421,0.4124945616809473,1764531647,nominal
1422,0.4124859542043519,1764531647,nominal
1423,0.4124773790946714,1764531647,nominal
1424,0.412468836129562,1764531647,nominal
1425,0.4124603250875696,1764531647,nominal
1426,0.4124518457481173,1764531647,nominal
1427,0.412443397891505,1764531647,nominal
1428,0.4124349812988954,1764531647,nominal
1429,0.4124265957523165,1764531647,nominal
1430,0.4124182410346504,1764531647,nominal
1431,0.4124099169296263,1764531647,nominal
1432,0.4124016232218215,1764531647,nominal
1433,0.4123933596966424,1764531647,nominal
1434,0.412385126140334,1764531647,nominal
1435,0.4123769223399623,1764531647,nominal
1436,0.4123687480834139,1764531647,nominal
1437,0.4123606031593845,1764531647,nominal
1438,0.4123524873573824,1764531647,nominal
1439,0.4123444004677148,1764531647,nominal
1440,0.4123363422814811,1764531647,nominal
1441,0.412328312590578,1764531647,nominal
1442,0.412320311187679,1764531647,nominal
1443,0.4123123378662385,1764531647,nominal
1444,0.4123043924204814,1764531647,nominal
1445,0.412296474645403,1764531647,nominal
1446,0.4122885843367562,1764531647,nominal
1447,0.412280721291047,1764531647,nominal
1448,0.4122728853055348,1764531647,nominal
1449,0.4122650761782261,1764531647,nominal
1450,0.4122572937078581,1764531647,nominal
1451,0.4122495376939053,1764531647,nominal
1452,0.4122418079365673,1764531647,nominal
1453,0.4122341042367701,1764531647,nominal
1454,0.4122264263961464,1764531647,nominal
1455,0.4122187742170515,1764531647,nominal
1456,0.4122111475025355,1764531647,nominal
1457,0.4122035460563559,1764531647,nominal
1458,0.4121959696829612,1764531647,nominal
1459,0.4121884181874874,1764531647,nominal
1460,0.4121808913757604,1764531647,nominal
1461,0.4121733890542807,1764531647,nominal
1462,0.4121659110302173,1764531647,nominal
1463,0.4121584571114154,1764531647,nominal
1464,0.4121510271063779,1764531647,nominal
1465,0.4121436208242668,1764531647,nominal
1466,0.412136238074896,1764531647,nominal
1467,0.4121288786687247,1764531647,nominal
1468,0.4121215424168544,1764531647,nominal
1469,0.4121142291310291,1764531647,nominal
1470,0.4121069386236152,1764531647,nominal
1471,0.4120996707076073,1764531647,nominal
1472,0.4120924251966298,1764531647,nominal
1473,0.4120852019049118,1764531647,nominal
1474,0.4120780006473031,1764531647,nominal
1475,0.4120708212392506,1764531647,nominal
1476,0.4120636634968134,1764531647,nominal
1477,0.4120565272366358,1764531647,nominal
1478,0.412049412275961,1764531647,nominal
1479,0.4120423184326144,1764531647,nominal
1480,0.4120352455250048,1764531647,nominal
1481,0.4120281933721169,1764531647,nominal
1482,0.4120211617935053,1764531647,nominal
1483,0.4120141506092968,1764531647,nominal
1484,0.4120071596401727,1764531647,nominal
1485,0.4120001887073776,1764531647,nominal
1486,0.4119932376327052,1764531647,nominal
1487,0.4119863062384929,1764531647,nominal
1488,0.41197939434763,1764531647,nominal
1489,0.4119725017835377,1764531647,nominal
1490,0.4119656283701688,1764531647,nominal
1491,0.4119587739320115,1764531647,nominal
1492,0.4119519382940692,1764531647,nominal
1493,0.411945121281873,1764531647,nominal
1494,0.4119383227214627,1764531647,nominal
1495,0.4119315424393872,1764531647,nominal
1496,0.4119247802627083,1764531647,nominal
1497,0.4119180360189777,1764531647,nominal
1498,0.4119113095362514,1764531647,nominal
1499,0.411904600643072,1764531647,nominal
1500,0.4118979091684716,1764531647,nominal
1501,0.411891234941966,1764531647,nominal
1502,0.4118845777935457,1764531647,nominal
1503,0.4118779375536724,1764531647,nominal
1504,0.411871314053283,1764531647,nominal
1505,0.4118647071237746,1764531647,nominal
1506,0.4118581165970061,1764531647,nominal
1507,0.4118515423052903,1764531647,nominal
1508,0.4118449840813874,1764531647,nominal
1509,0.4118384417585158,1764531647,nominal
1510,0.4118319151703226,1764531647,nominal
1511,0.4118254041509024,1764531647,nominal
1512,0.4118189085347781,1764531647,nominal
1513,0.4118124281569009,1764531647,nominal
1514,0.4118059628526556,1764531647,nominal
1515,0.4117995124578326,1764531647,nominal
1516,0.4117930768086538,1764531647,nominal
1517,0.4117866557417405,1764531647,nominal
1518,0.4117802490941309,1764531647,nominal
1519,0.4117738567032605,1764531647,nominal
1520,0.4117674784069657,1764531647,nominal
1521,0.4117611140434816,1764531647,nominal
1522,0.4117547634514257,1764531647,nominal
1523,0.4117484264698069,1764531647,nominal
1524,0.4117421029380229,1764531647,nominal
1525,0.411735792695835,1764531647,nominal
1526,0.411729495583389,1764531647,nominal
1527,0.4117232114411973,1764531647,nominal
1528,0.411716940110137,1764531647,nominal
1529,0.4117106814314476,1764531647,nominal
1530,0.4117044352467277,1764531647,nominal
1531,0.4116982013979238,1764531647,nominal
1532,0.4116919797273408,1764531647,nominal
1533,0.4116857700776197,1764531647,nominal
1534,0.4116795722917444,1764531647,nominal
1535,0.4116733862130396,1764531647,nominal
1536,0.411667211685162,1764531647,nominal
1537,0.4116610485520929,1764531647,nominal
1538,0.4116548966581417,1764531647,nominal
1539,0.4116487558479395,1764531647,nominal
1540,0.4116426259664308,1764531647,nominal
1541,0.4116365068588785,1764531647,nominal
1542,0.4116303983708537,1764531647,nominal
1543,0.4116243003482252,1764531647,nominal
1544,0.4116182126371682,1764531647,nominal
1545,0.4116121350841617,1764531647,nominal
1546,0.4116060675359621,1764531647,nominal
1547,0.4116000098396313,1764531647,nominal
1548,0.4115939618425038,1764531647,nominal
1549,0.4115879233922055,1764531647,nominal
1550,0.4115818943366345,1764531647,nominal
1551,0.4115758745239612,1764531647,nominal
1552,0.4115698638026354,1764531647,nominal
1553,0.4115638620213603,1764531647,nominal
1554,0.4115578690291078,1764531647,nominal
1555,0.4115518846751088,1764531647,nominal
1556,0.411545908808851,1764531647,nominal
1557,0.4115399412800635,1764531647,nominal
1558,0.4115339819387352,1764531647,nominal
1559,0.4115280306350838,1764531647,nominal
1560,0.4115220872195837,1764531647,nominal
1561,0.4115161515429327,1764531647,nominal
1562,0.4115102234560632,1764531647,nominal
1563,0.4115043028101314,1764531647,nominal
1564,0.411498389456529,1764531647,nominal
1565,0.4114924832468589,1764531647,nominal
1566,0.4114865840329474,1764531647,nominal
1567,0.4114806916668312,1764531647,nominal
1568,0.4114748060007518,1764531647,nominal
1569,0.4114689268871709,1764531647,nominal
1570,0.4114630541787313,1764531647,nominal
1571,0.4114571877282945,1764531647,nominal
1572,0.4114513273889082,1764531647,nominal
1573,0.4114454730138053,1764531647,nominal
1574,0.4114396244564209,1764531647,nominal
1575,0.4114337815703603,1764531647,nominal
1576,0.411427944209416,1764531647,nominal
1577,0.4114221122275571,1764531647,nominal
1578,0.4114162854789298,1764531647,nominal
1579,0.4114104638178357,1764531647,nominal
1580,0.4114046470987587,1764531647,nominal
1581,0.4113988351763357,1764531647,nominal
1582,0.4113930279053636,1764531647,nominal
1583,0.4113872251407955,1764531647,nominal
1584,0.4113814267377368,1764531647,nominal
1585,0.411375632551442,1764531647,nominal
1586,0.4113698424373039,1764531647,nominal
1587,0.411364056250864,1764531647,nominal
1588,0.4113582738477981,1764531647,nominal
1589,0.4113524950839158,1764531647,nominal
1590,0.4113467198151587,1764531647,nominal
1591,0.4113409478975879,1764531647,nominal
1592,0.4113351791874043,1764531647,nominal
1593,0.4113294135409049,1764531647,nominal
1594,0.4113236508145298,1764531647,nominal
1595,0.411317890864806,1764531647,nominal
1596,0.4113121335483905,1764531647,nominal
1597,0.4113063787220342,1764531647,nominal
1598,0.4113006262425968,1764531647,nominal
1599,0.4112948759670387,1764531647,nominal
1600,0.411289127752401,1764531647,nominal
1601,0.4112833814558373,1764531647,nominal
1602,0.4112776369345748,1764531647,nominal
1603,0.4112718940459347,1764531647,nominal
1604,0.4112661526473161,1764531647,nominal
1605,0.4112604125961974,1764531647,nominal
1606,0.4112546737501319,1764531647,nominal
1607,0.4112489359667395,1764531647,nominal
1608,0.4112431991037176,1764531647,nominal
1609,0.4112374630188269,1764531647,nominal
1610,0.4112317275698799,1764531647,nominal
1611,0.4112259926147563,1764531647,nominal
1612,0.411220258011392,1764531647,nominal
1613,0.4112145236177618,1764531647,nominal
1614,0.4112087892918979,1764531647,nominal
1615,0.411203054891878,1764531647,nominal
1616,0.4111973202758203,1764531647,nominal
1617,0.411191585301874,1764531647,nominal
1618,0.4111858498282302,1764531647,nominal
1619,0.4111801137131049,1764531647,nominal
1620,0.411174376814746,1764531647,nominal
1621,0.4111686389914318,1764531647,nominal
1622,0.4111629001014442,1764531647,nominal
1623,0.4111571600031034,1764531647,nominal
1624,0.4111514185547272,1764531647,nominal
1625,0.4111456756146543,1764531647,nominal
1626,0.4111399310412257,1764531647,nominal
1627,0.411134184692789,1764531647,nominal
1628,0.4111284364276988,1764531647,nominal
1629,0.4111226861042974,1764531647,nominal
1630,0.4111169335809262,1764531647,nominal
1631,0.4111111787159179,1764531647,nominal
1632,0.4111054213675976,1764531647,nominal
1633,0.4110996613942669,1764531647,nominal
1634,0.4110938986542126,1764531647,nominal
1635,0.4110881330057005,1764531647,nominal
1636,0.411082364306968,1764531647,nominal
1637,0.4110765924162241,1764531647,nominal
1638,0.4110708171916583,1764531647,nominal
1639,0.4110650384914126,1764531647,nominal
1640,0.4110592561735904,1764531647,nominal
1641,0.4110534700962553,1764531647,nominal
1642,0.4110476801174311,1764531647,nominal
1643,0.4110418860950916,1764531647,nominal
1644,0.411036087887158,1764531647,nominal
1645,0.4110302853514971,1764531647,nominal
1646,0.4110244783459166,1764531647,nominal
1647,0.4110186667281664,1764531647,nominal
1648,0.4110128503559343,1764531647,nominal
1649,0.4110070290868287,1764531647,nominal
1650,0.4110012027784062,1764531647,nominal
1651,0.4109953712881408,1764531647,nominal
1652,0.4109895344734203,1764531647,nominal
1653,0.4109836921915648,1764531647,nominal
1654,0.4109778442998015,1764531647,nominal
1655,0.4109719906552881,1764531647,nominal
1656,0.4109661311150727,1764531647,nominal
1657,0.4109602655361228,1764531647,nominal
1658,0.4109543937753049,1764531647,nominal
1659,0.410948515689383,1764531647,nominal
1660,0.4109426311350236,1764531647,nominal
1661,0.4109367399687844,1764531647,nominal
1662,0.4109308420471248,1764531647,nominal
1663,0.4109249372263743,1764531647,nominal
1664,0.4109190253627617,1764531647,nominal
1665,0.4109131063123862,1764531647,nominal
1666,0.4109071799312391,1764531647,nominal
1667,0.4109012460751738,1764531647,nominal
1668,0.4108953045999153,1764531647,nominal
1669,0.4108893553610714,1764531647,nominal
1670,0.4108833982141012,1764531647,nominal
1671,0.4108774330143366,1764531647,nominal
1672,0.4108714596169682,1764531647,nominal
1673,0.4108654778770303,1764531647,nominal
1674,0.4108594876494261,1764531647,nominal
1675,0.4108534887888986,1764531647,nominal
1676,0.4108474811500349,1764531647,nominal
1677,0.4108414645872882,1764531647,nominal
1678,0.4108354389549113,1764531647,nominal
1679,0.4108294041070408,1764531647,nominal
1680,0.4108233598976094,1764531647,nominal
1681,0.4108173061804051,1764531647,nominal
1682,0.4108112428090377,1764531647,nominal
1683,0.4108051696369262,1764531647,nominal
1684,0.4107990865173375,1764531647,nominal
1685,0.4107929933033369,1764531647,nominal
1686,0.4107868898478167,1764531647,nominal
1687,0.4107807760034701,1764531647,nominal
1688,0.4107746516228102,1764531647,nominal
1689,0.4107685165581543,1764531647,nominal
1690,0.4107623706616206,1764531647,nominal
1691,0.4107562137851206,1764531647,nominal
1692,0.4107500457803714,1764531647,nominal
1693,0.4107438664988806,1764531647,nominal
1694,0.4107376757919491,1764531647,nominal
1695,0.410731473510662,1764531647,nominal
1696,0.4107252595058813,1764531647,nominal
1697,0.4107190336282634,1764531647,nominal
1698,0.4107127957282351,1764531647,nominal
1699,0.410706545656004,1764531647,nominal
1700,0.4107002832615321,1764531647,nominal
1701,0.4106940083945815,1764531647,nominal
1702,0.4106877209046486,1764531647,nominal
1703,0.4106814206410112,1764531647,nominal
1704,0.410675107452688,1764531647,nominal
1705,0.4106687811884754,1764531647,nominal
1706,0.4106624416969143,1764531647,nominal
1707,0.4106560888262863,1764531647,nominal
1708,0.4106497224246389,1764531647,nominal
1709,0.4106433423397455,1764531647,nominal
1710,0.4106369484191364,1764531647,nominal
1711,0.4106305405100591,1764531647,nominal
1712,0.4106241184595083,1764531647,nominal
1713,0.4106176821142193,1764531647,nominal
1714,0.4106112313206238,1764531647,nominal
1715,0.4106047659249232,1764531647,nominal
1716,0.4105982857730099,1764531647,nominal
1717,0.4105917907105003,1764531647,nominal
1718,0.4105852805827308,1764531647,nominal
1719,0.410578755234755,1764531647,nominal
1720,0.4105722145113251,1764531647,nominal
1721,0.4105656582569099,1764531647,nominal
1722,0.4105590863156657,1764531647,nominal
1723,0.4105524985314826,1764531647,nominal
1724,0.4105458947479118,1764531647,nominal
1725,0.4105392748082143,1764531647,nominal
1726,0.4105326385553517,1764531647,nominal
1727,0.4105259858319625,1764531647,nominal
1728,0.4105193164803672,1764531647,nominal
1729,0.4105126303425754,1764531647,nominal
1730,0.4105059272602746,1764531647,nominal
1731,0.4104992070748227,1764531647,nominal
1732,0.4104924696272695,1764531647,nominal
1733,0.4104857147583097,1764531647,nominal
1734,0.4104789423083098,1764531647,nominal
1735,0.4104721521173232,1764531647,nominal
1736,0.4104653440250383,1764531647,nominal
1737,0.410458517870806,1764531647,nominal
1738,0.4104516734936342,1764531647,nominal
1739,0.4104448107321975,1764531647,nominal
1740,0.4104379294247811,1764531647,nominal
1741,0.4104310294093607,1764531647,nominal
1742,0.4104241105235236,1764531647,nominal
1743,0.4104171726045038,1764531647,nominal
1744,0.4104102154891797,1764531647,nominal
1745,0.4104032390140474,1764531647,nominal
1746,0.4103962430152394,1764531647,nominal
1747,0.4103892273285311,1764531647,nominal
1748,0.4103821917892984,1764531647,nominal
1749,0.410375136232536,1764531647,nominal
1750,0.4103680604928967,1764531647,nominal
1751,0.4103609644045993,1764531647,nominal
1752,0.4103538478015093,1764531647,nominal
1753,0.410346710517073,1764531647,nominal
1754,0.4103395523843666,1764531647,nominal
1755,0.4103323732360387,1764531647,nominal
1756,0.410325172904381,1764531647,nominal
1757,0.4103179512212433,1764531647,nominal
1758,0.4103107080180923,1764531647,nominal
1759,0.4103034431259666,1764531647,nominal
1760,0.4102961563755095,1764531647,nominal
1761,0.4102888475969379,1764531647,nominal
1762,0.4102815166200412,1764531647,nominal
1763,0.4102741632742201,1764531647,nominal
1764,0.4102667873884187,1764531647,nominal
1765,0.4102593887911695,1764531647,nominal
1766,0.4102519673105589,1764531647,nominal
1767,0.4102445227742649,1764531647,nominal
1768,0.4102370550094957,1764531647,nominal
1769,0.4102295638430498,1764531647,nominal
1770,0.4102220491012677,1764531647,nominal
1771,0.4102145106100408,1764531647,nominal
1772,0.4102069481948333,1764531647,nominal
1773,0.4101993616806308,1764531647,nominal
1774,0.4101917508919672,1764531647,nominal
1775,0.4101841156529334,1764531647,nominal
1776,0.4101764557871656,1764531647,nominal
1777,0.4101687711178009,1764531647,nominal
1778,0.41016106146756,1764531647,nominal
1779,0.4101533266586324,1764531647,nominal
1780,0.4101455665127864,1764531647,nominal
1781,0.4101377808512882,1764531647,nominal
1782,0.4101299694949357,1764531647,nominal
1783,0.4101221322640521,1764531647,nominal
1784,0.4101142689784424,1764531647,nominal
1785,0.4101063794574576,1764531647,nominal
1786,0.410098463519954,1764531647,nominal
1787,0.4100905209842854,1764531647,nominal
1788,0.4100825516682956,1764531647,nominal
1789,0.4100745553893516,1764531647,nominal
1790,0.4100665319643194,1764531647,nominal
1791,0.4100584812095334,1764531647,nominal
1792,0.4100504029408394,1764531647,nominal
1793,0.4100422969735682,1764531647,nominal
1794,0.4100341631225345,1764531647,nominal
1795,0.4100260012020362,1764531647,nominal
1796,0.4100178110258459,1764531647,nominal
1797,0.4100095924072262,1764531647,nominal
1798,0.4100013451588798,1764531647,nominal
1799,0.4099930690930318,1764531647,nominal
1800,0.4099847640213455,1764531647,nominal
1801,0.4099764297549263,1764531647,nominal
1802,0.4099680661043915,1764531647,nominal
1803,0.4099596728797707,1764531647,nominal
1804,0.409951249890583,1764531647,nominal
1805,0.4099427969457735,1764531647,nominal
1806,0.4099343138537663,1764531647,nominal
1807,0.4099258004224147,1764531647,nominal
1808,0.409917256459006,1764531647,nominal
1809,0.4099086817702858,1764531647,nominal
1810,0.4099000761624347,1764531647,nominal
1811,0.4098914394410861,1764531647,nominal
1812,0.4098827714112528,1764531647,nominal
1813,0.4098740718774334,1764531647,nominal
1814,0.4098653406435262,1764531647,nominal
1815,0.4098565775128695,1764531647,nominal
1816,0.4098477822881929,1764531647,nominal
1817,0.409838954771677,1764531647,nominal
1818,0.4098300947648898,1764531647,nominal
1819,0.4098212020688295,1764531647,nominal
1820,0.4098122764839112,1764531647,nominal
1821,0.4098033178099378,1764531647,nominal
1822,0.4097943258461263,1764531647,nominal
1823,0.4097853003910786,1764531647,nominal
1824,0.4097762412428144,1764531647,nominal
1825,0.4097671481987521,1764531647,nominal
1826,0.4097580210556731,1764531647,nominal
1827,0.4097488596097828,1764531647,nominal
1828,0.4097396636566437,1764531647,nominal
1829,0.409730432991224,1764531647,nominal
1830,0.4097211674078646,1764531647,nominal
1831,0.4097118667002937,1764531647,nominal
1832,0.4097025306615808,1764531647,nominal
1833,0.4096931590842197,1764531647,nominal
1834,0.4096837517600269,1764531647,nominal
1835,0.4096743084802296,1764531647,nominal
1836,0.4096648290353866,1764531647,nominal
1837,0.4096553132154166,1764531647,nominal
1838,0.4096457608096328,1764531647,nominal
1839,0.4096361716066486,1764531647,nominal
1840,0.4096265453944989,1764531647,nominal
1841,0.4096168819604854,1764531647,nominal
1842,0.4096071810913542,1764531647,nominal
1843,0.4095974425731083,1764531647,nominal
1844,0.4095876661911711,1764531647,nominal
1845,0.4095778517302314,1764531647,nominal
1846,0.4095679989743632,1764531647,nominal
1847,0.4095581077069611,1764531647,nominal
1848,0.4095481777107397,1764531647,nominal
1849,0.4095382087677699,1764531647,nominal
1850,0.4095282006594333,1764531647,nominal
1851,0.4095181531664301,1764531647,nominal
1852,0.4095080660687842,1764531647,nominal
1853,0.4094979391458344,1764531647,nominal
1854,0.4094877721762452,1764531647,nominal
1855,0.4094775649379967,1764531647,nominal
1856,0.4094673172083667,1764531647,nominal
1857,0.4094570287639382,1764531647,nominal
1858,0.4094466993806263,1764531647,nominal
1859,0.4094363288335949,1764531647,nominal
1860,0.4094259168973616,1764531647,nominal
1861,0.4094154633457285,1764531647,nominal
1862,0.4094049679517778,1764531647,nominal
1863,0.4093944304878927,1764531647,nominal
1864,0.4093838507257436,1764531647,nominal
1865,0.4093732284362775,1764531647,nominal
1866,0.4093625633897774,1764531647,nominal
1867,0.4093518553557252,1764531647,nominal
1868,0.4093411041029349,1764531647,nominal
1869,0.4093303093995052,1764531647,nominal
1870,0.4093194710127818,1764531647,nominal
1871,0.4093085887093935,1764531647,nominal
1872,0.4092976622552547,1764531647,nominal
1873,0.4092866914155165,1764531647,nominal
1874,0.4092756759546004,1764531647,nominal
1875,0.4092646156362302,1764531647,nominal
1876,0.4092535102233308,1764531647,nominal
1877,0.4092423594781483,1764531647,nominal
1878,0.4092311631621013,1764531647,nominal
1879,0.4092199210359303,1764531647,nominal
1880,0.4092086328596099,1764531647,nominal
1881,0.4091972983923789,1764531647,nominal
1882,0.4091859173926501,1764531647,nominal
1883,0.4091744896181695,1764531647,nominal
1884,0.4091630148258946,1764531647,nominal
1885,0.4091514927719713,1764531647,nominal
1886,0.4091399232118858,1764531647,nominal
1887,0.4091283059002275,1764531647,nominal
1888,0.4091166405909265,1764531647,nominal
1889,0.4091049270370935,1764531647,nominal
1890,0.4090931649910801,1764531647,nominal
1891,0.4090813542044723,1764531647,nominal
1892,0.4090694944280433,1764531647,nominal
1893,0.4090575854118464,1764531647,nominal
1894,0.4090456269050688,1764531647,nominal
1895,0.4090336186562143,1764531647,nominal
1896,0.4090215604129338,1764531647,nominal
1897,0.4090094519221268,1764531647,nominal
1898,0.4089972929298473,1764531647,nominal
1899,0.408985083181422,1764531647,nominal
1900,0.4089728224213659,1764531647,nominal
1901,0.4089605103933958,1764531647,nominal
1902,0.408948146840394,1764531647,nominal
1903,0.4089357315045082,1764531647,nominal
1904,0.4089232641270413,1764531647,nominal
1905,0.4089107444485164,1764531647,nominal
1906,0.4088981722086261,1764531647,nominal
1907,0.4088855471462862,1764531647,nominal
1908,0.4088728689995554,1764531647,nominal
1909,0.4088601375057354,1764531647,nominal
1910,0.4088473524012895,1764531647,nominal
1911,0.4088345134218822,1764531647,nominal
1912,0.4088216203023,1764531647,nominal
1913,0.4088086727766105,1764531647,nominal
1914,0.4087956705780011,1764531647,nominal
1915,0.408782613438828,1764531647,nominal
1916,0.4087695010906356,1764531647,nominal
1917,0.4087563332641764,1764531647,nominal
1918,0.4087431096893552,1764531647,nominal
1919,0.4087298300952001,1764531647,nominal
1920,0.4087164942100084,1764531647,nominal
1921,0.4087031017611199,1764531647,nominal
1922,0.4086896524751598,1764531647,nominal
1923,0.4086761460778506,1764531647,nominal
1924,0.4086625822940773,1764531647,nominal
1925,0.4086489608479214,1764531647,nominal
1926,0.4086352814626368,1764531647,nominal
1927,0.4086215438605629,1764531647,nominal
1928,0.408607747763262,1764531647,nominal
1929,0.4085938928914177,1764531647,nominal
1930,0.4085799789649151,1764531647,nominal
1931,0.4085660057027221,1764531647,nominal
1932,0.408551972823018,1764531647,nominal
1933,0.408537880043085,1764531647,nominal
1934,0.4085237270794367,1764531647,nominal
1935,0.4085095136476072,1764531647,nominal
1936,0.4084952394624044,1764531647,nominal
1937,0.4084809042376928,1764531647,nominal
1938,0.4084665076865221,1764531647,nominal
1939,0.4084520495210781,1764531647,nominal
1940,0.408437529452708,1764531647,nominal
1941,0.4084229471918672,1764531647,nominal
1942,0.4084083024481469,1764531647,nominal
1943,0.4083935949303336,1764531647,nominal
1944,0.4083788243462681,1764531647,nominal
1945,0.4083639904030264,1764531647,nominal
1946,0.4083490928067011,1764531647,nominal
1947,0.4083341312626213,1764531647,nominal
1948,0.4083191054752281,1764531647,nominal
1949,0.4083040151480579,1764531647,nominal
1950,0.4082888599838377,1764531647,nominal
1951,0.4082736396843593,1764531647,nominal
1952,0.4082583539505984,1764531647,nominal
1953,0.4082430024826671,1764531647,nominal
1954,0.4082275849797434,1764531647,nominal
1955,0.4082121011401781,1764531647,nominal
1956,0.4081965506614666,1764531647,nominal
1957,0.4081809332401899,1764531647,nominal
1958,0.4081652485721044,1764531647,nominal
1959,0.4081494963520421,1764531647,nominal
1960,0.4081336762739956,1764531647,nominal
1961,0.4081177880310996,1764531647,nominal
1962,0.4081018313155469,1764531647,nominal
1963,0.4080858058187126,1764531647,nominal
1964,0.4080697112311195,1764531647,nominal
1965,0.4080535472423351,1764531647,nominal
1966,0.4080373135410906,1764531647,nominal
1967,0.4080210098152813,1764531647,nominal
1968,0.4080046357518376,1764531647,nominal
1969,0.4079881910369262,1764531647,nominal
1970,0.40797167535575,1764531647,nominal
1971,0.4079550883926403,1764531647,nominal
1972,0.4079384298311103,1764531647,nominal
1973,0.4079216993537536,1764531647,nominal
1974,0.4079048966422722,1764531647,nominal
1975,0.4078880213775442,1764531647,nominal
1976,0.4078710732395157,1764531647,nominal
1977,0.4078540519073212,1764531647,nominal
1978,0.4078369570591664,1764531647,nominal
1979,0.4078197883723759,1764531647,nominal
1980,0.4078025455234895,1764531647,nominal
1981,0.4077852281880403,1764531647,nominal
1982,0.4077678360407673,1764531647,nominal
1983,0.4077503687555295,1764531647,nominal
1984,0.4077328260053415,1764531647,nominal
1985,0.4077152074622381,1764531647,nominal
1986,0.4076975127974895,1764531647,nominal
1987,0.4076797416814893,1764531647,nominal
1988,0.4076618937836743,1764531647,nominal
1989,0.4076439687727353,1764531647,nominal
1990,0.4076259663163623,1764531647,nominal
1991,0.4076078860814854,1764531647,nominal
1992,0.4075897277341134,1764531647,nominal
1993,0.4075714909393953,1764531647,nominal
1994,0.4075531753616409,1764531647,nominal
1995,0.407534780664238,1764531647,nominal
1996,0.4075163065097761,1764531647,nominal
1997,0.4074977525599464,1764531647,nominal
1998,0.4074791184755784,1764531647,nominal
1999,0.4074604039167366,1764531647,nominal
2000,0.4074416085424349,1764531647,nominal
2001,0.4074227320110271,1764531647,nominal
1,0.3333333333333333,1764531597,nominal
2,0.3333333333333333,1764531597,nominal
3,0.3333333333333333,1764531597,nominal
4,0.3333333333333333,1764531597,nominal
5,0.3333333333333333,1764531597,nominal
6,0.3333333333333333,1764531597,nominal
7,0.3333333333333333,1764531597,nominal
8,0.3333333333333333,1764531597,nominal
9,0.3333333333333333,1764531597,nominal
10,0.5400816024280943,1764531597,nominal
11,0.5405239053084077,1764531597,nominal
12,0.5409639224879061,1764531597,nominal
13,0.5415473245085201,1764531597,nominal
14,0.5417571134042954,1764531597,nominal
15,0.5421831625525548,1764531597,nominal
16,0.5430497640560042,1764531597,nominal
17,0.5439123985681749,1764531597,nominal
18,0.5449889191378783,1764531597,nominal
19,0.5460608197610666,1764531597,nominal
20,0.5472761445032498,1764531597,nominal
21,0.5482682448380516,1764531597,nominal
22,0.5494754366748676,1764531597,nominal
23,0.5506781947179741,1764531597,nominal
24,0.5524695815625198,1764531597,nominal
25,0.5542548877301219,1764531597,nominal
26,0.5560341020888107,1764531597,nominal
27,0.5578072140522086,1764531597,nominal
28,0.5595742135730938,1764531597,nominal
29,0.561182488343918,1764531597,nominal
30,0.56218728289618,1764531597,nominal
31,0.5634103974783692,1764531597,nominal
32,0.5646284168610985,1764531597,nominal
33,0.5658413498801231,1764531597,nominal
34,0.5670492055622545,1764531597,nominal
35,0.5680962313842594,1764531597,nominal
36,0.5689140401007104,1764531597,nominal
37,0.569727427021083,1764531597,nominal
38,0.5705364125768174,1764531597,nominal
39,0.5714984144312899,1764531597,nominal
40,0.5726139016838715,1764531597,nominal
41,0.5737251088787625,1764531597,nominal
42,0.5748320426344864,1764531597,nominal
43,0.5759347096963434,1764531597,nominal
44,0.5770331169342755,1764531597,nominal
45,0.5782871797332627,1764531597,nominal
46,0.579763639421454,1764531597,nominal
47,0.5812356682282763,1764531597,nominal
48,0.5827032604489438,1764531597,nominal
49,0.5841664106356196,1764531597,nominal
50,0.5860704648724274,1764531597,nominal
51,0.5879680932341608,1764531597,nominal
52,0.5898592827582121,1764531597,nominal
53,0.5917440210780806,1764531597,nominal
54,0.593622296416473,1764531597,nominal
55,0.595494097578416,1764531597,nominal
56,0.5971928745411925,1764531597,nominal
57,0.59888474739422,1764531597,nominal
58,0.6005697187842751,1764531597,nominal
59,0.6020794165609026,1764531597,nominal
60,0.6035818539430338,1764531597,nominal
61,0.6050770473849306,1764531597,nominal
62,0.6065650136864005,1764531597,nominal
63,0.6080457699845,1764531597,nominal
64,0.6093479943850928,1764531597,nominal
65,0.6106427406562764,1764531597,nominal
66,0.6121025282533012,1764531597,nominal
67,0.613555185860574,1764531597,nominal
68,0.6150007320587981,1764531597,nominal
69,0.6166134220946115,1764531597,nominal
70,0.6182193233061263,1764531597,nominal
71,0.6198184431997387,1764531597,nominal
72,0.6214107896590088,1764531597,nominal
73,0.6229963709377915,1764531597,nominal
74,0.6247523444657529,1764531597,nominal
75,0.6265018393367714,1764531597,nominal
76,0.6282448534934703,1764531597,nominal
77,0.6299813853211025,1764531597,nominal
78,0.6315319598116158,1764531597,nominal
79,0.6330758117377624,1764531597,nominal
80,0.6346129519828584,1764531597,nominal
81,0.6361433917466166,1764531597,nominal
82,0.6376671425388447,1764531597,nominal
83,0.6391842161732098,1764531597,nominal
84,0.6406946247610696,1764531597,nominal
85,0.642015030089149,1764531597,nominal
86,0.6433286366307198,1764531597,nominal
87,0.6446354684428944,1764531597,nominal
88,0.6461204902394164,1764531597,nominal
89,0.6475989213851028,1764531597,nominal
90,0.6490707754849487,1764531597,nominal
91,0.6505360664014589,1764531597,nominal
92,0.6519948082490203,1764531597,nominal
93,0.6534470153883427,1764531597,nominal
94,0.6548927024209643,1764531597,nominal
95,0.656520554345286,1764531597,nominal
96,0.6581420263814005,1764531597,nominal
97,0.6597571235200441,1764531597,nominal
98,0.6613658510800857,1764531597,nominal
99,0.6629682147032658,1764531597,nominal
100,0.6645642203489759,1764531597,nominal
101,0.6661538742890808,1764531597,nominal
102,0.6677371831027817,1764531597,nominal
103,0.669314153671524,1764531597,nominal
104,0.6708847931739447,1764531597,nominal
105,0.6724491090808646,1764531597,nominal
106,0.6740071091503239,1764531597,nominal
107,0.6755588014226598,1764531597,nominal
108,0.6771041942156272,1764531597,nominal
109,0.6786432961195661,1764531597,nominal
110,0.680176115992608,1764531597,nominal
111,0.681702662955931,1764531597,nominal
112,0.6832229463890551,1764531597,nominal
113,0.6847369759251845,1764531597,nominal
114,0.685810504419311,1764531597,nominal
115,0.6868802108078035,1764531597,nominal
116,0.6873125217331439,1764531597,nominal
117,0.687743333472769,1764531597,nominal
118,0.6881726486841687,1764531597,nominal
119,0.6886004700395959,1764531597,nominal
120,0.6890268002259198,1764531597,nominal
121,0.6894516419444746,1764531597,nominal
122,0.6898749979109154,1764531597,nominal
123,0.690296870855066,1764531597,nominal
124,0.6911527829647746,1764531597,nominal
125,0.692005079042342,1764531597,nominal
126,0.6934913777146108,1764531597,nominal
127,0.6949713956057608,1764531597,nominal
128,0.6964451447531411,1764531597,nominal
129,0.6979126374118912,1764531597,nominal
130,0.6991694576876197,1764531597,nominal
131,0.7004201474404526,1764531597,nominal
132,0.7016647283324805,1764531597,nominal
133,0.7029032221104519,1764531597,nominal
134,0.7041356506021933,1764531597,nominal
135,0.7053620357130863,1764531597,nominal
136,0.706582399422603,1764531597,nominal
137,0.7075892308791294,1764531597,nominal
138,0.7085902696751941,1764531597,nominal
139,0.709585546272667,1764531597,nominal
140,0.7107838726079128,1764531597,nominal
141,0.7119762925262596,1764531597,nominal
142,0.71316282823736,1764531597,nominal
143,0.7143435020038588,1764531597,nominal
144,0.7155183361383637,1764531597,nominal
145,0.7166873530004685,1764531597,nominal
146,0.7178505749938277,1764531597,nominal
147,0.7192197847398518,1764531597,nominal
148,0.7203708373105268,1764531597,nominal
149,0.721516161420712,1764531597,nominal
150,0.7226557796681727,1764531597,nominal
151,0.7237897146803312,1764531597,nominal
152,0.7249179891116414,1764531597,nominal
153,0.7260406256410138,1764531597,nominal
154,0.7271576469692852,1764531597,nominal
155,0.7282690758167363,1764531597,nominal
156,0.7293749349206547,1764531597,nominal
157,0.7304752470329449,1764531597,nominal
158,0.7317862445540003,1764531597,nominal
159,0.7328748376455348,1764531597,nominal
160,0.7339579514736162,1764531597,nominal
161,0.7350356088683031,1764531597,nominal
162,0.736107832662449,1764531597,nominal
163,0.7371746456895744,1764531597,nominal
164,0.7380175554473598,1764531597,nominal
165,0.7388554608294836,1764531597,nominal
166,0.7396883909995293,1764531597,nominal
167,0.7405163750008498,1764531597,nominal
168,0.7413394417557491,1764531597,nominal
169,0.7423778979053195,1764531597,nominal
170,0.742992341403472,1764531597,nominal
171,0.7436041339268176,1764531597,nominal
172,0.7442132847056472,1764531597,nominal
173,0.7448198029615319,1764531597,nominal
174,0.745226799394761,1764531597,nominal
175,0.7452133328370113,1764531597,nominal
176,0.7451999665564051,1764531597,nominal
177,0.745186699809883,1764531597,nominal
178,0.7451735318595745,1764531597,nominal
179,0.7451604619727666,1764531597,nominal
180,0.7455693846830267,1764531597,nominal
181,0.7459770562153822,1764531597,nominal
182,0.7463834773078233,1764531597,nominal
183,0.7467886487234591,1764531597,nominal
184,0.7476151204891943,1764531597,nominal
185,0.7488606062661737,1764531597,nominal
186,0.7501003939822314,1764531597,nominal
187,0.7506878593991436,1764531597,nominal
188,0.7512727076333042,1764531597,nominal
189,0.7518549485456053,1764531597,nominal
190,0.7524345919799261,1764531597,nominal
191,0.7530116477629027,1764531597,nominal
192,0.7535861257036992,1764531597,nominal
193,0.7541580355937829,1764531597,nominal
194,0.7547273872067051,1764531597,nominal
195,0.7552941902978848,1764531597,nominal
196,0.7558584546043965,1764531597,nominal
197,0.7570684735164235,1764531597,nominal
198,0.7582728874556887,1764531597,nominal
199,0.7594717152773242,1764531597,nominal
200,0.7606649758936317,1764531597,nominal
201,0.7618526882716549,1764531597,nominal
202,0.7630348714307852,1764531597,nominal
203,0.7642115444404065,1764531597,nominal
204,0.7653827264175743,1764531597,nominal
205,0.7665484365247315,1764531597,nominal
206,0.7670605300277987,1764531597,nominal
207,0.7675703111989791,1764531597,nominal
208,0.7680777891345297,1764531597,nominal
209,0.7685829729095326,1764531597,nominal
210,0.7690858715777652,1764531597,nominal
211,0.7695864941715733,1764531597,nominal
212,0.7700848497017473,1764531597,nominal
213,0.7703479674740144,1764531597,nominal
214,0.7706095129611326,1764531597,nominal
215,0.7708694962033,1764531597,nominal
216,0.7717772108820301,1764531597,nominal
217,0.7722648951022218,1764531597,nominal
218,0.7727503706695641,1764531597,nominal
219,0.7732336463586755,1764531597,nominal
220,0.7737147309224884,1764531597,nominal
221,0.7741936330921448,1764531597,nominal
222,0.7746703615768935,1764531597,nominal
223,0.7753804298477399,1764531597,nominal
224,0.7760876807021586,1764531597,nominal
225,0.7767921218085646,1764531597,nominal
226,0.7774937608490524,1764531597,nominal
227,0.7786069139201885,1764531597,nominal
228,0.779714763720201,1764531597,nominal
229,0.7808173302818533,1764531597,nominal
230,0.7819146336536854,1764531597,nominal
231,0.7830066938981806,1764531597,nominal
232,0.7838553209442405,1764531597,nominal
233,0.7844608769009129,1764531597,nominal
234,0.7850625095869427,1764531597,nominal
235,0.7856602461687181,1764531597,nominal
236,0.7862541136313372,1764531597,nominal
237,0.7868441387793426,1764531597,nominal
238,0.787430348237466,1764531597,nominal
239,0.7880127684513841,1764531597,nominal
240,0.7885914256884836,1764531597,nominal
241,0.7891663460386359,1764531597,nominal
242,0.7899782658889968,1764531597,nominal
243,0.7910268072377504,1764531597,nominal
244,0.7920703396592349,1764531597,nominal
245,0.7931088827125279,1764531597,nominal
246,0.7941424559556792,1764531597,nominal
247,0.794928918936948,1764531597,nominal
248,0.7957111202181858,1764531597,nominal
249,0.796489082296362,1764531597,nominal
250,0.797262827577781,1764531597,nominal
251,0.7980323783777885,1764531597,nominal
252,0.7987977569204933,1764531597,nominal
253,0.7995589853385059,1764531597,nominal
254,0.8003160856726944,1764531597,nominal
255,0.8010690798719539,1764531597,nominal
256,0.8018179897929945,1764531597,nominal
257,0.8024059113442628,1764531597,nominal
258,0.8029914905076149,1764531597,nominal
259,0.8035747339082437,1764531597,nominal
260,0.8041556481776623,1764531597,nominal
261,0.8047342399534174,1764531597,nominal
262,0.8053105158788069,1764531597,nominal
263,0.805884482602597,1764531597,nominal
264,0.8064561467787451,1764531597,nominal
265,0.8070255150661213,1764531597,nominal
266,0.8075925941282358,1764531597,nominal
267,0.8085586409952894,1764531597,nominal
268,0.8095199900732369,1764531597,nominal
269,0.8104766609794052,1764531597,nominal
270,0.8114286733066329,1764531597,nominal
271,0.8123760466222185,1764531597,nominal
272,0.8133188004668894,1764531597,nominal
273,0.8142569543537926,1764531597,nominal
274,0.8151905277675069,1764531597,nominal
275,0.8161195401630736,1764531597,nominal
276,0.8170440109650506,1764531597,nominal
277,0.817963959566584,1764531597,nominal
278,0.8188794053285009,1764531597,nominal
279,0.819790367578421,1764531597,nominal
280,0.8206968656098884,1764531597,nominal
281,0.8215989186815209,1764531597,nominal
282,0.8218503454237526,1764531597,nominal
283,0.8221006131425949,1764531597,nominal
284,0.8223497267210772,1764531597,nominal
285,0.8225976910259849,1764531597,nominal
286,0.8228445109078713,1764531597,nominal
287,0.8230901912010709,1764531597,nominal
288,0.823334736723712,1764531597,nominal
289,0.8235781522777317,1764531597,nominal
290,0.8238204426488881,1764531597,nominal
291,0.824061612606776,1764531597,nominal
292,0.8246966640689712,1764531597,nominal
293,0.8253281685997053,1764531597,nominal
294,0.8259561464754039,1764531597,nominal
295,0.8265806178654128,1764531597,nominal
296,0.8272016028322589,1764531597,nominal
297,0.8278191213319184,1764531597,nominal
298,0.8284331932140914,1764531597,nominal
299,0.8290438382224827,1764531597,nominal
300,0.8296510759950905,1764531597,nominal
301,0.8302549260644987,1764531597,nominal
302,0.8311097657796253,1764531597,nominal
303,0.8319603885723247,1764531597,nominal
304,0.832806813158746,1764531597,nominal
305,0.833649058210314,1764531597,nominal
306,0.8344871423531321,1764531597,nominal
307,0.8353210841674,1764531597,nominal
308,0.8361509021868466,1764531597,nominal
309,0.8369766148981777,1764531597,nominal
310,0.8377982407405373,1764531597,nominal
311,0.8383595385123477,1764531597,nominal
312,0.8389176872390236,1764531597,nominal
313,0.8394727052695706,1764531597,nominal
314,0.840024610849153,1764531597,nominal
315,0.8405734221194954,1764531597,nominal
316,0.8411191571192878,1764531597,nominal
317,0.8416618337845941,1764531597,nominal
318,0.8422014699492634,1764531597,nominal
319,0.8427380833453435,1764531597,nominal
320,0.8432716916034978,1764531597,nominal
321,0.8440602848267179,1764531597,nominal
322,0.8448449761260298,1764531597,nominal
323,0.8456257832044621,1764531597,nominal
324,0.846402723714295,1764531597,nominal
325,0.8471758152566704,1764531597,nominal
326,0.8479450753812171,1764531597,nominal
327,0.8487105215856854,1764531597,nominal
328,0.8494721713155926,1764531597,nominal
329,0.8502300419638804,1764531597,nominal
330,0.8509841508705828,1764531597,nominal
331,0.8517345153225041,1764531597,nominal
332,0.8524811525529088,1764531597,nominal
333,0.85322407974122,1764531597,nominal
334,0.8539633140127293,1764531597,nominal
335,0.8546988724383163,1764531597,nominal
336,0.8554307720341773,1764531597,nominal
337,0.8561590297615645,1764531597,nominal
338,0.8568836625265349,1764531597,nominal
339,0.8576046871797066,1764531597,nominal
340,0.8576834065080531,1764531597,nominal
341,0.8577617606497964,1764531597,nominal
342,0.857839751166905,1764531597,nominal
343,0.8579173796158986,1764531597,nominal
344,0.8579946475478555,1764531597,nominal
345,0.8580715565084194,1764531597,nominal
346,0.8581481080378082,1764531597,nominal
347,0.8582243036708214,1764531597,nominal
348,0.8583001449368467,1764531597,nominal
349,0.8583756333598702,1764531597,nominal
350,0.8590909746497928,1764531597,nominal
351,0.8598027350025506,1764531597,nominal
352,0.8605109312846941,1764531597,nominal
353,0.8612155803043459,1764531597,nominal
354,0.8619166988110176,1764531597,nominal
355,0.8626143034954372,1764531597,nominal
356,0.8633084109893837,1764531597,nominal
357,0.8639990378655302,1764531597,nominal
358,0.8646862006372953,1764531597,nominal
359,0.8653699157587015,1764531597,nominal
360,0.8660501996242419,1764531597,nominal
361,0.8667270685687543,1764531597,nominal
362,0.8674005388673028,1764531597,nominal
363,0.8680706267350669,1764531597,nominal
364,0.8687373483272361,1764531597,nominal
365,0.8694007197389151,1764531597,nominal
366,0.8700607570050315,1764531597,nominal
367,0.8707174761002539,1764531597,nominal
368,0.8713708929389138,1764531597,nominal
369,0.8720210233749375,1764531597,nominal
370,0.8726678832017798,1764531597,nominal
371,0.8733114881523684,1764531597,nominal
372,0.8736856839469895,1764531597,nominal
373,0.8740577258124524,1764531597,nominal
374,0.8744276271088159,1764531597,nominal
375,0.8747954011078117,1764531597,nominal
376,0.8751610609934198,1764531597,nominal
377,0.8755246198624413,1764531597,nominal
378,0.8755179286904476,1764531597,nominal
379,0.8752443304363738,1764531597,nominal
380,0.8749719063538002,1764531597,nominal
381,0.8747006526150285,1764531597,nominal
382,0.8746977237047739,1764531597,nominal
383,0.8746948014975165,1764531597,nominal
384,0.8746918860317396,1764531597,nominal
385,0.8746889773451183,1764531597,nominal
386,0.8746860754745269,1764531597,nominal
387,0.8746831804560493,1764531597,nominal
388,0.8750490763591897,1764531597,nominal
389,0.8756807972394589,1764531597,nominal
390,0.8763093353413586,1764531597,nominal
391,0.8769347060647275,1764531597,nominal
392,0.8775569247485296,1764531597,nominal
393,0.878176006670841,1764531597,nominal
394,0.8787919670488423,1764531597,nominal
395,0.8794048210388189,1764531597,nominal
396,0.8800145837361625,1764531597,nominal
397,0.8806212701753804,1764531597,nominal
398,0.8812248953301091,1764531597,nominal
399,0.881825474113132,1764531597,nominal
400,0.8824230213764013,1764531597,nominal
401,0.8830175519110676,1764531597,nominal
402,0.8836090804475102,1764531597,nominal
403,0.884197621655374,1764531597,nominal
404,0.8847831901436096,1764531597,nominal
405,0.88536580046052,1764531597,nominal
406,0.8859454670938077,1764531597,nominal
407,0.8865222044706289,1764531597,nominal
408,0.8870960269576509,1764531597,nominal
409,0.8876669488611123,1764531597,nominal
410,0.888234984426889,1764531597,nominal
411,0.8888001478405622,1764531597,nominal
412,0.8890915941342303,1764531597,nominal
413,0.8893813445871007,1764531597,nominal
414,0.8896694099722909,1764531597,nominal
415,0.8899558009879686,1764531597,nominal
416,0.8902405282578987,1764531597,nominal
417,0.8905236023319875,1764531597,nominal
418,0.8908050336868231,1764531597,nominal
419,0.8910848327262122,1764531597,nominal
420,0.891363009781714,1764531597,nominal
421,0.8916395751131684,1764531597,nominal
422,0.8921862580908999,1764531597,nominal
423,0.8927301858459719,1764531597,nominal
424,0.8932713718887111,1764531597,nominal
425,0.8938098296716123,1764531597,nominal
426,0.8943455725894274,1764531597,nominal
427,0.8948786139792613,1764531597,nominal
428,0.8954089671206673,1764531597,nominal
429,0.8959366452357476,1764531597,nominal
430,0.8964616614892551,1764531597,nominal
431,0.8967113234173376,1764531597,nominal
432,0.8969595306264584,1764531597,nominal
433,0.8972062924077876,1764531597,nominal
434,0.8974516179868842,1764531597,nominal
435,0.8976955165241938,1764531597,nominal
436,0.8979379971155415,1764531597,nominal
437,0.8981790687926228,1764531597,nominal
438,0.8984187405234895,1764531597,nominal
439,0.8986570212130318,1764531597,nominal
440,0.898893919703459,1764531597,nominal
441,0.899402896093412,1764531597,nominal
442,0.8999093132850319,1764531597,nominal
443,0.9004131838353534,1764531597,nominal
444,0.9009145202465852,1764531597,nominal
445,0.901413334966226,1764531597,nominal
446,0.9019096403871802,1764531597,nominal
447,0.902403448847878,1764531597,nominal
448,0.9028947726323956,1764531597,nominal
449,0.9033836239705784,1764531597,nominal
450,0.903595674445879,1764531597,nominal
451,0.9038064866257476,1764531597,nominal
452,0.9040160684652634,1764531597,nominal
453,0.9042244278625664,1764531597,nominal
454,0.9044315726592989,1764531597,nominal
455,0.9046375106410488,1764531597,nominal
456,0.9048422495377862,1764531597,nominal
457,0.905045797024297,1764531597,nominal
458,0.9052481607206138,1764531597,nominal
459,0.9054493481924432,1764531597,nominal
460,0.9059243532575412,1764531597,nominal
461,0.9063969755906864,1764531597,nominal
462,0.90686722687944,1764531597,nominal
463,0.9073351187596004,1764531597,nominal
464,0.9078006628153328,1764531597,nominal
465,0.9082638705792978,1764531597,nominal
466,0.9087247535327848,1764531597,nominal
467,0.909183323105845,1764531597,nominal
468,0.9096395906774258,1764531597,nominal
469,0.9100935675755076,1764531597,nominal
470,0.9105452650772404,1764531597,nominal
471,0.9109946944090836,1764531597,nominal
472,0.9114418667469454,1764531597,nominal
473,0.911610659653742,1764531597,nominal
474,0.9117784588687554,1764531597,nominal
475,0.9119452708650464,1764531597,nominal
476,0.912111102068288,1764531597,nominal
477,0.9122759588571496,1764531597,nominal
478,0.9124398475636774,1764531597,nominal
479,0.9126027744736706,1764531597,nominal
480,0.9127647458270576,1764531597,nominal
481,0.912649230060292,1764531597,nominal
482,0.9125340779352912,1764531597,nominal
483,0.9126958744423316,1764531597,nominal
484,0.912580091257649,1764531597,nominal
485,0.912464679923331,1764531597,nominal
486,0.91234964093529,1764531597,nominal
487,0.912234974759081,1764531597,nominal
488,0.9121206818303984,1764531597,nominal
489,0.9120067625555656,1764531597,nominal
490,0.9118932173120146,1764531597,nominal
491,0.9120568363848366,1764531597,nominal
492,0.91221951755828,1764531597,nominal
493,0.9123812667179176,1764531597,nominal
494,0.9128190598550678,1764531597,nominal
495,0.9132546760299234,1764531597,nominal
496,0.9136881257909518,1764531597,nominal
497,0.9141194196403646,1764531597,nominal
498,0.9145485680342396,1764531597,nominal
499,0.914975581382644,1764531597,nominal
500,0.9154004700497598,1764531597,nominal
501,0.9158232443540074,1764531597,nominal
502,0.9162439145681738,1764531597,nominal
503,0.916662490919538,1764531597,nominal
504,0.9170789835900006,1764531597,nominal
505,0.9174934027162126,1764531597,nominal
506,0.9179057583897052,1764531597,nominal
507,0.9183160606570212,1764531597,nominal
508,0.9187243195198465,1764531597,nominal
509,0.9191305449351416,1764531597,nominal
510,0.9195347468152772,1764531597,nominal
511,0.919936935028166,1764531597,nominal
512,0.9203371193973992,1764531597,nominal
513,0.9207353097023804,1764531597,nominal
514,0.9211315156784636,1764531597,nominal
515,0.9215257470170884,1764531597,nominal
516,0.921918013365918,1764531597,nominal
517,0.9223083243289786,1764531597,nominal
518,0.9226966894667956,1764531597,nominal
519,0.9230831182965356,1764531597,nominal
520,0.9234676202921436,1764531597,nominal
521,0.9238502048844848,1764531597,nominal
522,0.9242308814614856,1764531597,nominal
523,0.9246096593682742,1764531597,nominal
524,0.9249865479073228,1764531597,nominal
525,0.9253615563385892,1764531597,nominal
526,0.9257346938796605,1764531597,nominal
527,0.9261059697058952,1764531597,nominal
528,0.926475392950567,1764531597,nominal
529,0.9268429727050088,1764531597,nominal
530,0.9272087180187564,1764531597,nominal
531,0.9275726378996928,1764531597,nominal
532,0.9279347413141944,1764531597,nominal
533,0.928295037187274,1764531597,nominal
534,0.9286535344027284,1764531597,nominal
535,0.9287303953679156,1764531597,nominal
536,0.9288067800581684,1764531597,nominal
537,0.9288826918012562,1764531597,nominal
538,0.9289581338984731,1764531597,nominal
539,0.928753160858252,1764531597,nominal
540,0.9285490887098948,1764531597,nominal
541,0.928345914409876,1764531597,nominal
542,0.9281436349118544,1764531597,nominal
543,0.9279422471669208,1764531597,nominal
544,0.9277417481238404,1764531597,nominal
545,0.9278221033499702,1764531597,nominal
546,0.9279019759821568,1764531597,nominal
547,0.927981369260863,1764531597,nominal
548,0.9280602864018068,1764531597,nominal
549,0.928418854268672,1764531597,nominal
550,0.9287756423944048,1764531597,nominal
551,0.9291306594355044,1764531597,nominal
552,0.9294839140092186,1764531597,nominal
553,0.9298354146936793,1764531597,nominal
554,0.9301851700280338,1764531597,nominal
555,0.9305331885125792,1764531597,nominal
556,0.9308794786088962,1764531597,nominal
557,0.9312240487399828,1764531597,nominal
558,0.9315669072903892,1764531597,nominal
559,0.9319080626063512,1764531597,nominal
560,0.9322475229959254,1764531597,nominal
561,0.9325852967291248,1764531597,nominal
562,0.9326405172087886,1764531597,nominal
563,0.9326953897729504,1764531597,nominal
564,0.9327499169015356,1764531597,nominal
565,0.9328041010543466,1764531597,nominal
566,0.9328579446712448,1764531597,nominal
567,0.9329114501723308,1764531597,nominal
568,0.9329646199581236,1764531597,nominal
569,0.9330174564097377,1764531597,nominal
570,0.933069961889057,1764531597,nominal
571,0.9331221387389114,1764531597,nominal
572,0.9334551250265664,1764531597,nominal
573,0.9337864604592828,1764531597,nominal
574,0.9341161530648232,1764531597,nominal
575,0.93444421083432,1764531597,nominal
576,0.9347706417224032,1764531597,nominal
577,0.935095453647332,1764531597,nominal
578,0.9354186544911264,1764531597,nominal
579,0.9357402520996954,1764531597,nominal
580,0.9360602542829703,1764531597,nominal
581,0.9363786688150344,1764531597,nominal
582,0.936695503434254,1764531597,nominal
583,0.9370107658434093,1764531597,nominal
584,0.9373244637098254,1764531597,nominal
585,0.9376366046655036,1764531597,nominal
586,0.9379471963072528,1764531597,nominal
587,0.93825624619682,1764531597,nominal
588,0.9385637618610212,1764531597,nominal
589,0.9388697507918736,1764531597,nominal
590,0.9391742204467256,1764531597,nominal
591,0.939477178248388,1764531597,nominal
592,0.9397786315852664,1764531597,nominal
593,0.94007858781149,1764531597,nominal
594,0.940377054247044,1764531597,nominal
595,0.9406740381779009,1764531597,nominal
596,0.9409695468561492,1764531597,nominal
597,0.9412635875001272,1764531597,nominal
598,0.9415561672945508,1764531597,nominal
599,0.9418472933906458,1764531597,nominal
600,0.9421369729062782,1764531597,nominal
601,0.9424252129260836,1764531597,nominal
602,0.9427120205015992,1764531597,nominal
603,0.9429974026513916,1764531597,nominal
604,0.9432813663611892,1764531597,nominal
605,0.9435639185840108,1764531597,nominal
606,0.9438450662402956,1764531597,nominal
607,0.9441248162180328,1764531597,nominal
608,0.9444031753728908,1764531597,nominal
609,0.9446801505283472,1764531597,nominal
610,0.9449557484758172,1764531597,nominal
611,0.945229975974783,1764531597,nominal
612,0.9455028397529222,1764531597,nominal
613,0.945774346506237,1764531597,nominal
614,0.946044502899182,1764531597,nominal
615,0.9463133155647924,1764531597,nominal
616,0.946580791104813,1764531597,nominal
617,0.9468469360898244,1764531597,nominal
618,0.9471117570593716,1764531597,nominal
619,0.947375260522092,1764531597,nominal
620,0.9476374529558405,1764531597,nominal
621,0.9478983408078184,1764531597,nominal
622,0.9481579304947,1764531597,nominal
623,0.9484162284027572,1764531597,nominal
624,0.9486732408879874,1764531597,nominal
625,0.9489289742762396,1764531597,nominal
626,0.9491834348633386,1764531597,nominal
627,0.949436628915212,1764531597,nominal
628,0.9496885626680152,1764531597,nominal
629,0.9499392423282548,1764531597,nominal
630,0.949904882770201,1764531597,nominal
631,0.9498706512188948,1764531597,nominal
632,0.949836547496316,1764531597,nominal
633,0.9498025714203484,1764531597,nominal
634,0.9497687228048562,1764531597,nominal
635,0.9497350014597574,1764531597,nominal
636,0.9497014071910987,1764531597,nominal
637,0.9496679398011282,1764531597,nominal
638,0.9496345990883668,1764531597,nominal
639,0.94960138484768,1764531597,nominal
640,0.9498521937013122,1764531597,nominal
641,0.950101756926384,1764531597,nominal
642,0.9503500806317212,1764531597,nominal
643,0.9505971708973128,1764531597,nominal
644,0.9508430337744288,1764531597,nominal
645,0.9510876752857416,1764531597,nominal
646,0.9513311014254436,1764531597,nominal
647,0.9515733181593672,1764531597,nominal
648,0.9518143314251032,1764531597,nominal
649,0.9520541471321178,1764531597,nominal
650,0.9522927711618738,1764531597,nominal
651,0.952530209367946,1764531597,nominal
652,0.9527664675761398,1764531597,nominal
653,0.953001551584608,1764531597,nominal
654,0.9532354671639682,1764531597,nominal
655,0.9534682200574204,1764531597,nominal
656,0.9536998159808616,1764531597,nominal
657,0.953930260623004,1764531597,nominal
658,0.9541595596454898,1764531597,nominal
659,0.9543877186830066,1764531597,nominal
660,0.954614743343404,1764531597,nominal
661,0.9548406392078076,1764531597,nominal
662,0.9550654118307336,1764531597,nominal
663,0.9552890667402036,1764531597,nominal
664,0.9555116094378596,1764531597,nominal
665,0.9557330453990764,1764531597,nominal
666,0.9559533800730754,1764531597,nominal
667,0.9561726188830386,1764531597,nominal
668,0.9563907672262209,1764531597,nominal
669,0.9566078304740624,1764531597,nominal
670,0.9568238139723018,1764531597,nominal
671,0.9570387230410864,1764531597,nominal
672,0.957252562975086,1764531597,nominal
673,0.957465339043602,1764531597,nominal
674,0.95767705649068,1764531597,nominal
675,0.9578877205352196,1764531597,nominal
676,0.9580973363710856,1764531597,nominal
677,0.9583059091672164,1764531597,nominal
678,0.9585134440677344,1764531597,nominal
679,0.9587199461920568,1764531597,nominal
680,0.9589254206350024,1764531597,nominal
681,0.9591298724669006,1764531597,nominal
682,0.9593333067337012,1764531597,nominal
683,0.9595357284570806,1764531597,nominal
684,0.9597371426345506,1764531597,nominal
685,0.9599375542395652,1764531597,nominal
686,0.9601369682216274,1764531597,nominal
687,0.960335389506396,1764531597,nominal
688,0.9605328229957928,1764531597,nominal
689,0.960729273568106,1764531597,nominal
690,0.9609247460780987,1764531597,nominal
691,0.9611192453571122,1764531597,nominal
692,0.9613127762131716,1764531597,nominal
693,0.9615053434310894,1764531597,nominal
694,0.961696951772572,1764531597,nominal
695,0.9618876059763204,1764531597,nominal
696,0.962077310758136,1764531597,nominal
697,0.9622660708110236,1764531597,nominal
698,0.9624538908052918,1764531597,nominal
699,0.9626407753886586,1764531597,nominal
700,0.9628267291863516,1764531597,nominal
701,0.9630117568012097,1764531597,nominal
702,0.9631958628137856,1764531597,nominal
703,0.9633790517824457,1764531597,nominal
704,0.9635613282434706,1764531597,nominal
705,0.9637426967111572,1764531597,nominal
706,0.963923161677916,1764531597,nominal
707,0.9641027276143724,1764531597,nominal
708,0.9642813989694664,1764531597,nominal
709,0.9644591801705498,1764531597,nominal
710,0.9646360756234854,1764531597,nominal
711,0.9648120897127458,1764531597,nominal
712,0.9649872268015104,1764531597,nominal
713,0.965161491231763,1764531597,nominal
714,0.9653348873243894,1764531597,nominal
715,0.9655074193792732,1764531597,nominal
716,0.9656790916753936,1764531597,nominal
717,0.9658499084709188,1764531597,nominal
718,0.9660198740033054,1764531597,nominal
719,0.96618899248939,1764531597,nominal
720,0.9663572681254868,1764531597,nominal
721,0.9665247050874805,1764531597,nominal
722,0.9666913075309216,1764531597,nominal
723,0.9668570795911198,1764531597,nominal
724,0.967022025383237,1764531597,nominal
725,0.967186149002382,1764531597,nominal
726,0.9673494545237016,1764531597,nominal
727,0.9675119460024736,1764531597,nominal
728,0.9676736274741994,1764531597,nominal
729,0.9678345029546954,1764531597,nominal
730,0.9679945764401842,1764531597,nominal
731,0.9681538519073852,1764531597,nominal
732,0.968312333313607,1764531597,nominal
733,0.9684700245968352,1764531597,nominal
734,0.9686269296758244,1764531597,nominal
735,0.9687830524501866,1764531597,nominal
736,0.9689383968004815,1764531597,nominal
737,0.9690929665883042,1764531597,nominal
738,0.9692467656563748,1764531597,nominal
739,0.9693997978286254,1764531597,nominal
740,0.9695520669102892,1764531597,nominal
741,0.9697035766879872,1764531597,nominal
742,0.969854330929816,1764531597,nominal
743,0.9700043333854332,1764531597,nominal
744,0.970153587786146,1764531597,nominal
745,0.9703020978449948,1764531597,nominal
746,0.9704498672568406,1764531597,nominal
747,0.9705968996984504,1764531597,nominal
748,0.9707431988285814,1764531597,nominal
749,0.970888768288066,1764531597,nominal
750,0.971033611699897,1764531597,nominal
751,0.9711777326693094,1764531597,nominal
752,0.9713211347838672,1764531597,nominal
753,0.9714638216135432,1764531597,nominal
754,0.9716057967108052,1764531597,nominal
755,0.9717470636106964,1764531597,nominal
756,0.9718876258309188,1764531597,nominal
757,0.9720274868719148,1764531597,nominal
758,0.9721666502169488,1764531597,nominal
759,0.972305119332188,1764531597,nominal
760,0.9724428976667842,1764531597,nominal
761,0.972579988652954,1764531597,nominal
762,0.9727163957060586,1764531597,nominal
763,0.9728521222246846,1764531597,nominal
764,0.9729871715907228,1764531597,nominal
765,0.9731215471694474,1764531597,nominal
766,0.9732552523095956,1764531597,nominal
767,0.9733882903434457,1764531597,nominal
768,0.9735206645868948,1764531597,nominal
769,0.973652378339538,1764531597,nominal
770,0.9737834348847452,1764531597,nominal
771,0.9739138374897376,1764531597,nominal
772,0.9740435894056662,1764531597,nominal
773,0.9741726938676868,1764531597,nominal
774,0.9743011540950376,1764531597,nominal
775,0.974428973291114,1764531597,nominal
776,0.9745561546435452,1764531597,nominal
777,0.9746827013242684,1764531597,nominal
778,0.9748086164896046,1764531597,nominal
779,0.9749339032803328,1764531597,nominal
780,0.9750585648217645,1764531597,nominal
781,0.9751826042238172,1764531597,nominal
782,0.9753060245810892,1764531597,nominal
783,0.9754288289729308,1764531597,nominal
784,0.9755510204635198,1764531597,nominal
785,0.9756726021019326,1764531597,nominal
786,0.9757935769222172,1764531597,nominal
787,0.9759139479434648,1764531597,nominal
788,0.976033718169882,1764531597,nominal
789,0.9761528905908616,1764531597,nominal
790,0.9762714681810548,1764531597,nominal
791,0.9763894539004404,1764531597,nominal
792,0.9765068506943972,1764531597,nominal
793,0.9766236614937726,1764531597,nominal
794,0.9767398892149528,1764531597,nominal
795,0.9768555367599336,1764531597,nominal
796,0.9769706070163876,1764531597,nominal
797,0.9770851028577344,1764531597,nominal
798,0.9771990271432092,1764531597,nominal
799,0.9773123827179312,1764531597,nominal
800,0.9774251724129708,1764531597,nominal
801,0.9775373990454184,1764531597,nominal
802,0.9776490654184506,1764531597,nominal
803,0.9777601743213988,1764531597,nominal
804,0.9778707285298146,1764531597,nominal
805,0.9779807308055374,1764531597,nominal
806,0.97809018389676,1764531597,nominal
807,0.9781990905380942,1764531597,nominal
808,0.9783074534506376,1764531597,nominal
809,0.978415275342038,1764531597,nominal
810,0.9785225589065584,1764531597,nominal
811,0.9786293068251424,1764531597,nominal
812,0.978735521765478,1764531597,nominal
813,0.9788412063820618,1764531597,nominal
814,0.9789463633162636,1764531597,nominal
815,0.9790509951963892,1764531597,nominal
816,0.9791551046377436,1764531597,nominal
817,0.9792586942426946,1764531597,nominal
818,0.9793617666007356,1764531597,nominal
819,0.9794643242885468,1764531597,nominal
820,0.9795663698700596,1764531597,nominal
821,0.9796679058965152,1764531597,nominal
822,0.97976893490653,1764531597,nominal
823,0.9798694594261538,1764531597,nominal
824,0.979969481968932,1764531597,nominal
825,0.9800690050359672,1764531597,nominal
826,0.9801680311159772,1764531597,nominal
827,0.9802665626853584,1764531597,nominal
828,0.9803646022082432,1764531597,nominal
829,0.9804621521365608,1764531597,nominal
830,0.9805592149100958,1764531597,nominal
831,0.9806557929565484,1764531597,nominal
832,0.9807518886915922,1764531597,nominal
833,0.9808475045189332,1764531597,nominal
834,0.980942642830368,1764531597,nominal
835,0.9810373060058414,1764531597,nominal
836,0.9811314964135052,1764531597,nominal
837,0.9812252164097742,1764531597,nominal
838,0.981318468339385,1764531597,nominal
839,0.9814112545354514,1764531597,nominal
840,0.9815035773195224,1764531597,nominal
841,0.9815954390016376,1764531597,nominal
842,0.9816868418803838,1764531597,nominal
843,0.9817777882429516,1764531597,nominal
844,0.9818682803651884,1764531597,nominal
845,0.981958320511658,1764531597,nominal
846,0.9820479109356912,1764531597,nominal
847,0.982137053879445,1764531597,nominal
848,0.982225751573953,1764531597,nominal
849,0.982012963825236,1764531597,nominal
850,0.9818009089760944,1764531597,nominal
851,0.981589586385202,1764531597,nominal
852,0.98137899538864,1764531597,nominal
853,0.9811691353002016,1764531597,nominal
854,0.9809600054116914,1764531597,nominal
855,0.9807516049932238,1764531597,nominal
856,0.9805439332935192,1764531597,nominal
857,0.980336989540196,1764531597,nominal
858,0.980130772940063,1764531597,nominal
859,0.9802300541899116,1764531597,nominal
860,0.9803288340966756,1764531597,nominal
861,0.9804271152130152,1764531597,nominal
862,0.9805249000784176,1764531597,nominal
863,0.980622191219268,1764531597,nominal
864,0.9807189911489168,1764531597,nominal
865,0.9808153023677496,1764531597,nominal
866,0.980911127363254,1764531597,nominal
867,0.981006468610088,1764531597,nominal
868,0.9811013285701472,1764531597,nominal
869,0.9808915876758544,1764531597,nominal
870,0.9806825875537456,1764531597,nominal
871,0.9804743273319628,1764531597,nominal
872,0.9802668061185248,1764531597,nominal
873,0.9800600230016114,1764531597,nominal
874,0.9798539770498492,1764531597,nominal
875,0.9796486673125916,1764531597,nominal
876,0.9794440928201988,1764531597,nominal
877,0.979240252584313,1764531597,nominal
878,0.9790371455981336,1764531597,nominal
879,0.9791424962014882,1764531597,nominal
880,0.9792473091860476,1764531597,nominal
881,0.9793515873439218,1764531597,nominal
882,0.9794553334522896,1764531597,nominal
883,0.9795585502734812,1764531597,nominal
884,0.9796612405550612,1764531597,nominal
885,0.979763407029912,1764531597,nominal
886,0.979865052416314,1764531597,nominal
887,0.9799661794180278,1764531597,nominal
888,0.9800667907243752,1764531597,nominal
889,0.9801668890103202,1764531597,nominal
890,0.9802664769365472,1764531597,nominal
891,0.9803655571495428,1764531597,nominal
892,0.9804641322816726,1764531597,nominal
893,0.9805622049512616,1764531597,nominal
894,0.9806597777626715,1764531597,nominal
895,0.9807568533063782,1764531597,nominal
896,0.980853434159049,1764531597,nominal
897,0.9809495228836204,1764531597,nominal
898,0.9810451220293734,1764531597,nominal
899,0.9811402341320088,1764531597,nominal
900,0.9812348617137244,1764531597,nominal
901,0.9813290072832888,1764531597,nominal
902,0.9814226733361154,1764531597,nominal
903,0.9812258682413212,1764531597,nominal
904,0.9810300540016852,1764531597,nominal
905,0.98083522561352,1764531597,nominal
906,0.9803355136092156,1764531597,nominal
907,0.9798379194371474,1764531597,nominal
908,0.9793424367528242,1764531597,nominal
909,0.9788490591957864,1764531597,nominal
910,0.9783577803902156,1764531597,nominal
911,0.9778685939455324,1764531597,nominal
912,0.97738149345699,1764531597,nominal
913,0.9771866483603664,1764531597,nominal
914,0.9766830821239608,1764531597,nominal
915,0.9758700051625476,1764531597,nominal
916,0.975057632550053,1764531597,nominal
917,0.9739324995348831,1764531597,nominal
918,0.9727856234271536,1764531597,nominal
919,0.9713189243921764,1764531597,nominal
920,0.9695271128716836,1764531597,nominal
921,0.9674036369372352,1764531597,nominal
922,0.9649406847888536,1764531597,nominal
923,0.962129186514037,1764531597,nominal
924,0.9592947029523736,1764531597,nominal
925,0.9567432612553074,1764531597,nominal
926,0.9541715905472504,1764531597,nominal
927,0.951889421298867,1764531597,nominal
928,0.9492782715037872,1764531597,nominal
929,0.9470022796512708,1764531597,nominal
930,0.9447125062517636,1764531597,nominal
931,0.9424091415949468,1764531597,nominal
932,0.9400923776099872,1764531597,nominal
933,0.9377624078036362,1764531597,nominal
934,0.9354904553588056,1764531597,nominal
935,0.9329625182408418,1764531597,nominal
936,0.9304313692268577,1764531597,nominal
937,0.9273306703695482,1764531597,nominal
938,0.9242926037297696,1764531597,nominal
939,0.9212012609097162,1764531597,nominal
940,0.9178785569296468,1764531597,nominal
941,0.9148886928349178,1764531597,nominal
942,0.9119078070346982,1764531597,nominal
943,0.908936010232388,1764531597,nominal
944,0.9058768419469204,1764531597,nominal
945,0.9028224574320246,1764531597,nominal
946,0.9001715755525752,1764531597,nominal
947,0.89784953275277,1764531597,nominal
948,0.895453053581536,1764531597,nominal
949,0.8928449881567294,1764531597,nominal
950,0.890778748527341,1764531597,nominal
951,0.8887143149229033,1764531597,nominal
952,0.8869741856809948,1764531597,nominal
953,0.8855577952704198,1764531597,nominal
954,0.8844647591892391,1764531597,nominal
955,0.8835813921101714,1764531597,nominal
956,0.8826066992517273,1764531597,nominal
957,0.8818409753842514,1764531597,nominal
958,0.8814012868727142,1764531597,nominal
959,0.8806307128400038,1764531597,nominal
960,0.8798577733988039,1764531597,nominal
961,0.8790824772778054,1764531597,nominal
962,0.8783048332869198,1764531597,nominal
963,0.8775248503169744,1764531597,nominal
964,0.8767425373394051,1764531597,nominal
965,0.875957903405944,1764531597,nominal
966,0.8751709576483033,1764531597,nominal
967,0.8743817092778547,1764531597,nominal
968,0.8735901675853045,1764531597,nominal
969,0.8733637461442301,1764531597,nominal
970,0.8729147071168178,1764531597,nominal
971,0.8724648463301006,1764531597,nominal
972,0.8720141628739504,1764531597,nominal
973,0.8715626558656446,1764531597,nominal
974,0.8711103244501176,1764531597,nominal
975,0.8706571678002094,1764531597,nominal
976,0.8702031851169133,1764531597,nominal
977,0.8697483756296195,1764531597,nominal
978,0.8692927385963581,1764531597,nominal
979,0.8688362733040386,1764531597,nominal
980,0.8686148812101994,1764531597,nominal
981,0.8683944096910309,1764531597,nominal
982,0.8681748562362679,1764531597,nominal
983,0.8679562183225348,1764531597,nominal
984,0.8677384934137019,1764531597,nominal
985,0.8675216789612404,1764531597,nominal
986,0.867305772404569,1764531597,nominal
987,0.8670907711713983,1764531597,nominal
988,0.8668766726780707,1764531597,nominal
989,0.866663474329893,1764531597,nominal
990,0.8664511735214684,1764531597,nominal
991,0.8662397676370195,1764531597,nominal
992,0.8660292540507113,1764531597,nominal
993,0.865819630126966,1764531597,nominal
994,0.8656108932207758,1764531597,nominal
995,0.8654030406780101,1764531597,nominal
996,0.8651960698357192,1764531597,nominal
997,0.8649899780224329,1764531597,nominal
998,0.864784762558456,1764531597,nominal
999,0.8645804207561577,1764531597,nominal
1000,0.8643769499202597,1764531597,nominal
1001,0.8641743473481168,1764531597,nominal
1002,0.863972610329997,1764531597,nominal
1003,0.8637717361493542,1764531597,nominal
1004,0.8635717220831002,1764531597,nominal
1005,0.8633725654018688,1764531597,nominal
1006,0.8631742633702811,1764531597,nominal
1007,0.8629768132472014,1764531597,nominal
1008,0.8627802122859941,1764531597,nominal
1009,0.8625844577347734,1764531597,nominal
1010,0.8623895468366519,1764531597,nominal
1011,0.862195476829983,1764531597,nominal
1012,0.8620022449486012,1764531597,nominal
1013,0.8618098484220592,1764531597,nominal
1014,0.8616182844758599,1764531597,nominal
1015,0.8614275503316859,1764531597,nominal
1016,0.8612376432076254,1764531597,nominal
1017,0.8610485603183946,1764531597,nominal
1018,0.8608602988755563,1764531597,nominal
1019,0.8606728560877351,1764531597,nominal
1020,0.8604862291608307,1764531597,nominal
1021,0.8603004152982261,1764531597,nominal
1022,0.8601154117009931,1764531597,nominal
1023,0.8599312155680942,1764531597,nominal
1024,0.859747824096583,1764531597,nominal
1025,0.8595652344818,1764531597,nominal
1026,0.8593834439175645,1764531597,nominal
1027,0.8592024495963657,1764531597,nominal
1028,0.8590222487095482,1764531597,nominal
1029,0.8588428384474973,1764531597,nominal
1030,0.8586642159998183,1764531597,nominal
1031,0.8584863785555159,1764531597,nominal
1032,0.8583093233031673,1764531597,nominal
1033,0.8581330474310956,1764531597,nominal
1034,0.8579575481275399,1764531597,nominal
1035,0.8577828225808186,1764531597,nominal
1036,0.8576088679794971,1764531597,nominal
1037,0.857435681512545,1764531597,nominal
1038,0.8572632603694978,1764531597,nominal
1039,0.8570916017406087,1764531597,nominal
1040,0.8569207028170057,1764531597,nominal
1041,0.8567505607908381,1764531597,nominal
1042,0.8565811728554265,1764531597,nominal
1043,0.8564125362054075,1764531597,nominal
1044,0.8562446480368765,1764531597,nominal
1045,0.8560775055475272,1764531597,nominal
1046,0.8559111059367907,1764531597,nominal
1047,0.8557454464059685,1764531597,nominal
1048,0.8555805241583687,1764531597,nominal
1049,0.8554163363994338,1764531597,nominal
1050,0.8552528803368703,1764531597,nominal
1051,0.8550901531807745,1764531597,nominal
1052,0.8549281521437558,1764531597,nominal
1053,0.8547668744410587,1764531597,nominal
1054,0.8546063172906817,1764531597,nominal
1055,0.8544464779134945,1764531597,nominal
1056,0.854287353533352,1764531597,nominal
1057,0.8541289413772085,1764531597,nominal
1058,0.8539712386752278,1764531597,nominal
1059,0.8538142426608919,1764531597,nominal
1060,0.8536579505711064,1764531597,nominal
1061,0.8535023596463067,1764531597,nominal
1062,0.8533474671305596,1764531597,nominal
1063,0.8531932702716635,1764531597,nominal
1064,0.8530397663212481,1764531597,nominal
1065,0.8528869525348699,1764531597,nominal
1066,0.8527348261721083,1764531597,nominal
1067,0.8525833844966568,1764531597,nominal
1068,0.8524326247764158,1764531597,nominal
1069,0.8522825442835805,1764531597,nominal
1070,0.8521331402947293,1764531597,nominal
1071,0.8519844100909091,1764531597,nominal
1072,0.8518363509577193,1764531597,nominal
1073,0.8516889601853939,1764531597,nominal
1074,0.8515422350688818,1764531597,nominal
1075,0.8513961729079268,1764531597,nominal
1076,0.8512507710071435,1764531597,nominal
1077,0.851106026676093,1764531597,nominal
1078,0.8509619372293569,1764531597,nominal
1079,0.8508184999866115,1764531597,nominal
1080,0.8506757122726947,1764531597,nominal
1081,0.8505335714176789,1764531597,nominal
1082,0.8503920747569372,1764531597,nominal
1083,0.8502512196312098,1764531597,nominal
1084,0.8501110033866678,1764531597,nominal
1085,0.8499714233749787,1764531597,nominal
1086,0.8498324769533655,1764531597,nominal
1087,0.8496941614846701,1764531597,nominal
1088,0.8495564743374089,1764531597,nominal
1089,0.8494194128858338,1764531597,nominal
1090,0.8492829745099854,1764531597,nominal
1091,0.8491471565957504,1764531597,nominal
1092,0.8490119565349139,1764531597,nominal
1093,0.8488773717252119,1764531597,nominal
1094,0.848743399570383,1764531597,nominal
1095,0.8486100374802162,1764531597,nominal
1096,0.8484772828706014,1764531597,nominal
1097,0.8483451331635763,1764531597,nominal
1098,0.8482135857873722,1764531597,nominal
1099,0.8480826381764573,1764531597,nominal
1100,0.8479522877715832,1764531597,nominal
1101,0.8478225320198255,1764531597,nominal
1102,0.8476933683746251,1764531597,nominal
1103,0.8475647942958296,1764531597,nominal
1104,0.8474368072497317,1764531597,nominal
1105,0.8473094047091062,1764531597,nominal
1106,0.8471825841532489,1764531597,nominal
1107,0.8470563430680113,1764531597,nominal
1108,0.8469306789458358,1764531597,nominal
1109,0.8468055892857892,1764531597,nominal
1110,0.8466810715935946,1764531597,nominal
1111,0.8465571233816651,1764531597,nominal
1112,0.8464337421691335,1764531597,nominal
1113,0.846310925481881,1764531597,nominal
1114,0.8461886708525687,1764531597,nominal
1115,0.8460669758206633,1764531597,nominal
1116,0.8459458379324635,1764531597,nominal
1117,0.8458252547411296,1764531597,nominal
1118,0.8457052238067034,1764531597,nominal
1119,0.8455857426961378,1764531597,nominal
1120,0.845466808983316,1764531597,nominal
1121,0.8453484202490764,1764531597,nominal
1122,0.8452305740812329,1764531597,nominal
1123,0.8451132680745969,1764531597,nominal
1124,0.8449964998309969,1764531597,nominal
1125,0.8448802669592963,1764531597,nominal
1126,0.8447645670754131,1764531597,nominal
1127,0.8446493978023389,1764531597,nominal
1128,0.8445347567701518,1764531597,nominal
1129,0.8444206416160377,1764531597,nominal
1130,0.8443070499842994,1764531597,nominal
1131,0.844193979526377,1764531597,nominal
1132,0.8440814279008586,1764531597,nominal
1133,0.8439693927734929,1764531597,nominal
1134,0.8438578718172038,1764531597,nominal
1135,0.8437468627121009,1764531597,nominal
1136,0.8436363631454914,1764531597,nominal
1137,0.8435263708118882,1764531597,nominal
1138,0.8434168834130226,1764531597,nominal
1139,0.8433078986578505,1764531597,nominal
1140,0.8431994142625647,1764531597,nominal
1141,0.8430914279505981,1764531597,nominal
1142,0.8429839374526343,1764531597,nominal
1143,0.8428769405066117,1764531597,nominal
1144,0.8427704348577325,1764531597,nominal
1145,0.842664418258464,1764531597,nominal
1146,0.8425588884685473,1764531597,nominal
1147,0.8424538432550003,1764531597,nominal
1148,0.8423492803921195,1764531597,nominal
1149,0.8422451976614846,1764531597,nominal
1150,0.8421415928519634,1764531597,nominal
1151,0.8420384637597076,1764531597,nominal
1152,0.8419358081881615,1764531597,nominal
1153,0.8418336239480588,1764531597,nominal
1154,0.8417319088574239,1764531597,nominal
1155,0.8416306607415703,1764531597,nominal
1156,0.8415298774331055,1764531597,nominal
1157,0.8414295567719219,1764531597,nominal
1158,0.8413296966052035,1764531597,nominal
1159,0.841230294787418,1764531597,nominal
1160,0.8411313491803177,1764531597,nominal
1161,0.8410328576529346,1764531597,nominal
1162,0.8409348180815794,1764531597,nominal
1163,0.8408372283498353,1764531597,nominal
1164,0.8407400863485569,1764531597,nominal
1165,0.840643389975862,1764531597,nominal
1166,0.8405471371371291,1764531597,nominal
1167,0.8404513257449917,1764531597,nominal
1168,0.8403559537193328,1764531597,nominal
1169,0.8402610189872768,1764531597,nominal
1170,0.8401665194831852,1764531597,nominal
1171,0.8400724531486498,1764531597,nominal
1172,0.8399788179324827,1764531597,nominal
1173,0.8398856117907112,1764531597,nominal
1174,0.8397928326865688,1764531597,nominal
1175,0.839700478590489,1764531597,nominal
1176,0.839608547480092,1764531597,nominal
1177,0.8395170373401794,1764531597,nominal
1178,0.839425946162724,1764531597,nominal
1179,0.8393352719468596,1764531597,nominal
1180,0.8392450126988704,1764531597,nominal
1181,0.8391551664321844,1764531597,nominal
1182,0.8390657311673567,1764531597,nominal
1183,0.8389767049320642,1764531597,nominal
1184,0.8388880857610899,1764531597,nominal
1185,0.8387998716963141,1764531597,nominal
1186,0.8387120607867038,1764531597,nominal
1187,0.8386246510882949,1764531597,nominal
1188,0.8385376406641879,1764531597,nominal
1189,0.8384510275845285,1764531597,nominal
1190,0.838364809926497,1764531597,nominal
1191,0.8382789857742969,1764531597,nominal
1192,0.8381935532191399,1764531597,nominal
1193,0.8381085103592318,1764531597,nominal
1194,0.8380238552997575,1764531597,nominal
1195,0.8379395861528723,1764531597,nominal
1196,0.8378557010376805,1764531597,nominal
1197,0.8377721980802261,1764531597,nominal
1198,0.8376890754134739,1764531597,nominal
1199,0.8376063311772994,1764531597,nominal
1200,0.8375239635184686,1764531597,nominal
1201,0.8374419705906252,1764531597,nominal
1202,0.8373603505542737,1764531597,nominal
1203,0.8372791015767644,1764531597,nominal
1204,0.8371982218322783,1764531597,nominal
1205,0.837117709501809,1764531597,nominal
1206,0.8370375627731452,1764531597,nominal
1207,0.8369577798408593,1764531597,nominal
1208,0.8368783589062835,1764531597,nominal
1209,0.8367992981774985,1764531597,nominal
1210,0.8367205958693127,1764531597,nominal
1211,0.836642250203248,1764531597,nominal
1212,0.8365642594075204,1764531597,nominal
1213,0.8364866217170208,1764531597,nominal
1214,0.8364093353733009,1764531597,nominal
1215,0.8363323986245526,1764531597,nominal
1216,0.8362558097255894,1764531597,nominal
1217,0.8361795669378322,1764531597,nominal
1218,0.8361036685292846,1764531597,nominal
1219,0.8360281127745208,1764531597,nominal
1220,0.8359528979546614,1764531597,nominal
1221,0.8358780223573581,1764531597,nominal
1222,0.8358034842767738,1764531597,nominal
1223,0.8357292820135623,1764531597,nominal
1224,0.8356554138748508,1764531597,nominal
1225,0.8355818781742198,1764531597,nominal
1226,0.8355086732316834,1764531597,nominal
1227,0.8354357973736719,1764531597,nominal
1228,0.8353632489330074,1764531597,nominal
1229,0.8352910262488894,1764531597,nominal
1230,0.8352191276668701,1764531597,nominal
1231,0.8351475515388385,1764531597,nominal
1232,0.8350762962229983,1764531597,nominal
1233,0.8350053600838464,1764531597,nominal
1234,0.834934741492155,1764531597,nominal
1235,0.8348644388249515,1764531597,nominal
1236,0.8347944504654947,1764531597,nominal
1237,0.8347247748032578,1764531597,nominal
1238,0.8346554102339061,1764531597,nominal
1239,0.8345863551592752,1764531597,nominal
1240,0.8345176079873536,1764531597,nominal
1241,0.8344491671322583,1764531597,nominal
1242,0.8343810310142153,1764531597,nominal
1243,0.8343131980595394,1764531597,nominal
1244,0.83424566670061,1764531597,nominal
1245,0.8341784353758547,1764531597,nominal
1246,0.8341115025297227,1764531597,nominal
1247,0.834044866612669,1764531597,nominal
1248,0.8339785260811272,1764531597,nominal
1249,0.8339124793974949,1764531597,nominal
1250,0.8338467250301037,1764531597,nominal
1251,0.8337812614532061,1764531597,nominal
1252,0.8337160871469491,1764531597,nominal
1253,0.8336512005973538,1764531597,nominal
1254,0.8335866002962917,1764531597,nominal
1255,0.8335222847414673,1764531597,nominal
1256,0.8334582524363919,1764531597,nominal
1257,0.8333945018903652,1764531597,nominal
1258,0.8333310316184501,1764531597,nominal
1259,0.8332678401414537,1764531597,nominal
1260,0.8332049259859026,1764531597,nominal
1261,0.8331422876840249,1764531597,nominal
1262,0.8330799237737246,1764531597,nominal
1263,0.8330178327985597,1764531597,nominal
1264,0.8329560133077214,1764531597,nominal
1265,0.8328944638560121,1764531597,nominal
1266,0.8328331830038233,1764531597,nominal
1267,0.8327721693171115,1764531597,nominal
1268,0.8327114213673776,1764531597,nominal
1269,0.8326509377316454,1764531597,nominal
1270,0.8325907169924371,1764531597,nominal
1271,0.8325307577377528,1764531597,nominal
1272,0.8324710585610485,1764531597,nominal
1273,0.8324116180612102,1764531597,nominal
1274,0.8323524348425368,1764531597,nominal
1275,0.8322935075147152,1764531597,nominal
1276,0.8322348346927968,1764531597,nominal
1277,0.832176414997175,1764531597,nominal
1278,0.8321182470535678,1764531597,nominal
1279,0.8320603294929896,1764531597,nominal
1280,0.8320026609517294,1764531597,nominal
1281,0.8319452400713315,1764531597,nominal
1282,0.8318880654985727,1764531597,nominal
1283,0.8318311358854349,1764531597,nominal
1284,0.8317744498890882,1764531597,nominal
1285,0.8317180061718692,1764531597,nominal
1286,0.8316618034012506,1764531597,nominal
1287,0.8316058402498266,1764531597,nominal
1288,0.8315501153952907,1764531597,nominal
1289,0.8314946275204048,1764531597,nominal
1290,0.8314393753129876,1764531597,nominal
1291,0.8313843574658842,1764531597,nominal
1292,0.8313295726769467,1764531597,nominal
1293,0.8312750196490107,1764531597,nominal
1294,0.831220697089876,1764531597,nominal
1295,0.8311666037122786,1764531597,nominal
1296,0.8311127382338764,1764531597,nominal
1297,0.8310590993772154,1764531597,nominal
1298,0.8310056858697179,1764531597,nominal
1299,0.8309524964436568,1764531597,nominal
1300,0.8308995298361292,1764531597,nominal
1301,0.8308467847890381,1764531597,nominal
1302,0.8307942600490716,1764531597,nominal
1303,0.8307419543676732,1764531597,nominal
1304,0.8306898665010302,1764531597,nominal
1305,0.8306379952100413,1764531597,nominal
1306,0.8305863392602999,1764531597,nominal
1307,0.8305348974220693,1764531597,nominal
1308,0.8304836684702648,1764531597,nominal
1309,0.8304326511844249,1764531597,nominal
1310,0.8303818443486942,1764531597,nominal
1311,0.8303312467517998,1764531597,nominal
1312,0.8302808571870253,1764531597,nominal
1313,0.8302306744521952,1764531597,nominal
1314,0.830180697349649,1764531597,nominal
1315,0.8301309246862189,1764531597,nominal
1316,0.8300813552732083,1764531597,nominal
1317,0.8300319879263707,1764531597,nominal
1318,0.8299828214658879,1764531597,nominal
1319,0.829933854716341,1764531597,nominal
1320,0.8298850865067023,1764531597,nominal
1321,0.8298365156702988,1764531597,nominal
1322,0.8297881410448003,1764531597,nominal
1323,0.8297399614721901,1764531597,nominal
1324,0.8296919757987518,1764531597,nominal
1325,0.8296441828750365,1764531597,nominal
1326,0.8295965815558519,1764531597,nominal
1327,0.8295491707002325,1764531597,nominal
1328,0.8295019491714203,1764531597,nominal
1329,0.829454915836845,1764531597,nominal
1330,0.8294080695680998,1764531597,nominal
1331,0.8293614092409206,1764531597,nominal
1332,0.8293149337351624,1764531597,nominal
1333,0.8292686419347834,1764531597,nominal
1334,0.8292225327278164,1764531597,nominal
1335,0.8291766050063488,1764531597,nominal
1336,0.8291308576665047,1764531597,nominal
1337,0.8290852896084204,1764531597,nominal
1338,0.8290398997362235,1764531597,nominal
1339,0.8289946869580129,1764531597,nominal
1340,0.8289496501858344,1764531597,nominal
1341,0.8289047883356581,1764531597,nominal
1342,0.8288601003273649,1764531597,nominal
1343,0.8288155850847159,1764531597,nominal
1344,0.8287712415353373,1764531597,nominal
1345,0.8287270686106954,1764531597,nominal
1346,0.8286830652460793,1764531597,nominal
1347,0.8286392303805732,1764531597,nominal
1348,0.8285955629570445,1764531597,nominal
1349,0.828552061922111,1764531597,nominal
1350,0.8285087262261351,1764531597,nominal
1351,0.8284655548231835,1764531597,nominal
1352,0.8284225466710227,1764531597,nominal
1353,0.8283797007310912,1764531597,nominal
1354,0.8283370159684786,1764531597,nominal
1355,0.8282944913519088,1764531597,nominal
1356,0.8282521258537051,1764531597,nominal
1357,0.8282099184497912,1764531597,nominal
1358,0.8281678681196524,1764531597,nominal
1359,0.8281259738463239,1764531597,nominal
1360,0.8280842346163678,1764531597,nominal
1361,0.8280426494198486,1764531597,nominal
1362,0.8280012172503198,1764531597,nominal
1363,0.8279599371047981,1764531597,nominal
1364,0.8279188079837445,1764531597,nominal
1365,0.8278778288910423,1764531597,nominal
1366,0.8278369988339784,1764531597,nominal
1367,0.82779631682322,1764531597,nominal
1368,0.8277557818728012,1764531597,nominal
1369,0.8277153930000951,1764531597,nominal
1370,0.8276751492257918,1764531597,nominal
1371,0.8276350495738884,1764531597,nominal
1372,0.8275950930716571,1764531597,nominal
1373,0.8275552787496372,1764531597,nominal
1374,0.8275156056416015,1764531597,nominal
1375,0.8274760727845417,1764531597,nominal
1376,0.8274366792186559,1764531597,nominal
1377,0.8273974239873171,1764531597,nominal
1378,0.827358306137059,1764531597,nominal
1379,0.8273193247175548,1764531597,nominal
1380,0.8272804787815959,1764531597,nominal
1381,0.8272417673850744,1764531597,nominal
1382,0.8272031895869597,1764531597,nominal
1383,0.8271647444492856,1764531597,nominal
1384,0.8271264310371207,1764531597,nominal
1385,0.8270882484185563,1764531597,nominal
1386,0.8270501956646839,1764531597,nominal
1387,0.8270122718495728,1764531597,nominal
1388,0.826974476050258,1764531597,nominal
1389,0.8269368073467102,1764531597,nominal
1390,0.8268992648218265,1764531597,nominal
1391,0.8268618475614029,1764531597,nominal
1392,0.8268245546541187,1764531597,nominal
1393,0.8267873851915176,1764531597,nominal
1394,0.8267503382679815,1764531597,nominal
1395,0.8267134129807236,1764531597,nominal
1396,0.8266766084297575,1764531597,nominal
1397,0.8266399237178828,1764531597,nominal
1398,0.8266033579506653,1764531597,nominal
1399,0.8265669102364158,1764531597,nominal
1400,0.8265305796861772,1764531597,nominal
1401,0.8264943654136947,1764531597,nominal
1402,0.8264582665354105,1764531597,nominal
1403,0.8264222821704283,1764531597,nominal
1404,0.8263864114405068,1764531597,nominal
1405,0.8263506534700378,1764531597,nominal
1406,0.8263150073860219,1764531597,nominal
1407,0.8262794723180613,1764531597,nominal
1408,0.8262440473983218,1764531597,nominal
1409,0.8262087317615353,1764531597,nominal
1410,0.8261735245449697,1764531597,nominal
1411,0.8261384248884032,1764531597,nominal
1412,0.8261034319341227,1764531597,nominal
1413,0.8269174000124049,1764531597,nominal
1414,0.8277277439420023,1764531597,nominal
1415,0.8285344775981467,1764531597,nominal
1416,0.8293376148260779,1764531597,nominal
1417,0.8301371694408567,1764531597,nominal
1418,0.8309331552271495,1764531597,nominal
1419,0.8317255859390498,1764531597,nominal
1420,0.8325144752998903,1764531597,nominal
1421,0.8332998370020548,1764531597,nominal
1422,0.8340816847067932,1764531597,nominal
1423,0.8340473166159393,1764531597,nominal
1424,0.8340130494511819,1764531597,nominal
1425,0.833978882376733,1764531597,nominal
1426,0.8339448145591157,1764531597,nominal
1427,0.8339108451671403,1764531597,nominal
1428,0.83387697337189,1764531597,nominal
1429,0.8338431983467045,1764531597,nominal
1430,0.8338095192671605,1764531597,nominal
1431,0.8337759353110508,1764531597,nominal
1432,0.8337424456583721,1764531597,nominal
1433,0.8337090494912982,1764531597,nominal
1434,0.8336757459941776,1764531597,nominal
1435,0.8336425343534959,1764531597,nominal
1436,0.833609413757875,1764531597,nominal
1437,0.8335763833980434,1764531597,nominal
1438,0.8335434424668279,1764531597,nominal
1439,0.8335105901591258,1764531597,nominal
1440,0.8334778256718989,1764531597,nominal
1441,0.8334451482041443,1764531597,nominal
1442,0.8334125569568874,1764531597,nominal
1443,0.8333800511331583,1764531597,nominal
1444,0.8333476299379652,1764531597,nominal
1445,0.8333152925783023,1764531597,nominal
1446,0.8332830382631093,1764531597,nominal
1447,0.8332508662032541,1764531597,nominal
1448,0.8332187756115372,1764531597,nominal
1449,0.83318676570265,1764531597,nominal
1450,0.8331548356931708,1764531597,nominal
1451,0.8331229848015365,1764531597,nominal
1452,0.8330912122480447,1764531597,nominal
1453,0.8330595172548149,1764531597,nominal
1454,0.833027899045786,1764531597,nominal
1455,0.8329963568466878,1764531597,nominal
1456,0.8329648898850354,1764531597,nominal
1457,0.8329334973901013,1764531597,nominal
1458,0.8329021785929097,1764531597,nominal
1459,0.832870932726204,1764531597,nominal
1460,0.832839759024449,1764531597,nominal
1461,0.8328086567237916,1764531597,nominal
1462,0.8327776250620635,1764531597,nominal
1463,0.8327466632787583,1764531597,nominal
1464,0.8327157706150051,1764531597,nominal
1465,0.832684946313563,1764531597,nominal
1466,0.8326541896187981,1764531597,nominal
1467,0.8326234997766696,1764531597,nominal
1468,0.8325928760347115,1764531597,nominal
1469,0.8325623176420183,1764531597,nominal
1470,0.8325318238492229,1764531597,nominal
1471,0.832501393908484,1764531597,nominal
1472,0.8324710270734711,1764531597,nominal
1473,0.8324407225993361,1764531597,nominal
1474,0.8324104797427158,1764531597,nominal
1475,0.8323802977616944,1764531597,nominal
1476,0.8323501759158083,1764531597,nominal
1477,0.8323201134660116,1764531597,nominal
1478,0.8322901096746594,1764531597,nominal
1479,0.8322601638055166,1764531597,nominal
1480,0.8322302751237017,1764531597,nominal
1481,0.8322004428957055,1764531597,nominal
1482,0.832170666389358,1764531597,nominal
1483,0.8321409448738056,1764531597,nominal
1484,0.8321112776195134,1764531597,nominal
1485,0.8320816638982299,1764531597,nominal
1486,0.83205210298299,1764531597,nominal
1487,0.8320225941480783,1764531597,nominal
1488,0.8319931366690192,1764531597,nominal
1489,0.8319637298225794,1764531597,nominal
1490,0.8319343728867156,1764531597,nominal
1491,0.8319050651405921,1764531597,nominal
1492,0.8318758058645467,1764531597,nominal
1493,0.8318465943400746,1764531597,nominal
1494,0.8318174298498262,1764531597,nominal
1495,0.831788311677564,1764531597,nominal
1496,0.8317592391081807,1764531597,nominal
1497,0.8317302114276479,1764531597,nominal
1498,0.8317012279230328,1764531597,nominal
1499,0.8316722878824531,1764531597,nominal
1500,0.8316433905950882,1764531597,nominal
1501,0.8316145353511321,1764531597,nominal
1502,0.8315857214418088,1764531597,nominal
1503,0.8315569481593369,1764531597,nominal
1504,0.8315282147969123,1764531597,nominal
1505,0.8314995206487068,1764531597,nominal
1506,0.8314708650098378,1764531597,nominal
1507,0.8314422471763603,1764531597,nominal
1508,0.8314136664452515,1764531597,nominal
1509,0.8313851221143846,1764531597,nominal
1510,0.831356613482529,1764531597,nominal
1511,0.831328139849313,1764531597,nominal
1512,0.8312997005152347,1764531597,nominal
1513,0.831271294781621,1764531597,nominal
1514,0.8312429219506277,1764531597,nominal
1515,0.8312145813252148,1764531597,nominal
1516,0.831186272209144,1764531597,nominal
1517,0.831157993906937,1764531597,nominal
1518,0.8311297457238876,1764531597,nominal
1519,0.831101526966029,1764531597,nominal
1520,0.8310733369401305,1764531597,nominal
1521,0.831045174953664,1764531597,nominal
1522,0.8310170403148069,1764531597,nominal
1523,0.8309889323324126,1764531597,nominal
1524,0.8309608503160071,1764531597,nominal
1525,0.8309327935757576,1764531597,nominal
1526,0.8309047614224683,1764531597,nominal
1527,0.8308767531675675,1764531597,nominal
1528,0.8308487681230853,1764531597,nominal
1529,0.8308208056016307,1764531597,nominal
1530,0.830792864916391,1764531597,nominal
1531,0.8307649453811138,1764531597,nominal
1532,0.8307370463100816,1764531597,nominal
1533,0.8307091670181027,1764531597,nominal
1534,0.8306813068204912,1764531597,nominal
1535,0.8306534650330604,1764531597,nominal
1536,0.8306256409721021,1764531597,nominal
1537,0.8305978339543711,1764531597,nominal
1538,0.8305700432970627,1764531597,nominal
1539,0.8305422683178103,1764531597,nominal
1540,0.8305145083346596,1764531597,nominal
1541,0.830486762666065,1764531597,nominal
1542,0.8304590306308527,1764531597,nominal
1543,0.830431311548229,1764531597,nominal
1544,0.8304036047377494,1764531597,nominal
1545,0.8303759095193138,1764531597,nominal
1546,0.83034822521314,1764531597,nominal
1547,0.8303205511397531,1764531597,nominal
1548,0.830292886619973,1764531597,nominal
1549,0.8302652309749001,1764531597,nominal
1550,0.8302375835258905,1764531597,nominal
1551,0.8302099435945479,1764531597,nominal
1552,0.8301823105027125,1764531597,nominal
1553,0.8301546835724264,1764531597,nominal
1554,0.8301270621259528,1764531597,nominal
1555,0.8300994454857192,1764531597,nominal
1556,0.8300718329743394,1764531597,nominal
1557,0.8300442239145625,1764531597,nominal
1558,0.8300166176292948,1764531597,nominal
1559,0.8299890134415535,1764531597,nominal
1560,0.8299614106744739,1764531597,nominal
1561,0.8299338086512741,1764531597,nominal
1562,0.8299062066952522,1764531597,nominal
1563,0.8298786041297816,1764531597,nominal
1564,0.8298510002782594,1764531597,nominal
1565,0.8298233944641324,1764531597,nominal
1566,0.8297957860108548,1764531597,nominal
1567,0.8297681742418874,1764531597,nominal
1568,0.8297405584806757,1764531597,nominal
1569,0.8297129380506295,1764531597,nominal
1570,0.829685312275127,1764531597,nominal
1571,0.8296576804774684,1764531597,nominal
1572,0.8296300419808935,1764531597,nominal
1573,0.8296023961085449,1764531597,nominal
1574,0.8295747421834658,1764531597,nominal
1575,0.8295470795285672,1764531597,nominal
1576,0.8295194074666362,1764531597,nominal
1577,0.8294917253202952,1764531597,nominal
1578,0.8294640324120126,1764531597,nominal
1579,0.82943632806407,1764531597,nominal
1580,0.8294086115985527,1764531597,nominal
1581,0.8293808823373282,1764531597,nominal
1582,0.8293531396020437,1764531597,nominal
1583,0.8293253827141016,1764531597,nominal
1584,0.8292976109946433,1764531597,nominal
1585,0.8292698237645448,1764531597,nominal
1586,0.8292420203443805,1764531597,nominal
1587,0.8292142000544385,1764531597,nominal
1588,0.8291863622146729,1764531597,nominal
1589,0.8291585061447124,1764531597,nominal
1590,0.8291306311638318,1764531597,nominal
1591,0.8291027365909468,1764531597,nominal
1592,0.8290748217445872,1764531597,nominal
1593,0.8290468859428972,1764531597,nominal
1594,0.8290189285036015,1764531597,nominal
1595,0.8289909487440003,1764531597,nominal
1596,0.8289629459809615,1764531597,nominal
1597,0.8289349195308977,1764531597,nominal
1598,0.8289068687097396,1764531597,nominal
1599,0.8288787928329377,1764531597,nominal
1600,0.8288506912154429,1764531597,nominal
1601,0.8288225631716952,1764531597,nominal
1602,0.8287944080155932,1764531597,nominal
1603,0.8287662250604891,1764531597,nominal
1604,0.8287380136191815,1764531597,nominal
1605,0.8287097730038906,1764531597,nominal
1606,0.8286815025262346,1764531597,nominal
1607,0.8286532014972315,1764531597,nominal
1608,0.8286248692272842,1764531597,nominal
1609,0.8285965050261415,1764531597,nominal
1610,0.8285681082029053,1764531597,nominal
1611,0.8285396780660154,1764531597,nominal
1612,0.8285112139232229,1764531597,nominal
1613,0.8284827150815818,1764531597,nominal
1614,0.8284541808474354,1764531597,nominal
1615,0.8284256105263849,1764531597,nominal
1616,0.828397003423303,1764531597,nominal
1617,0.8283683588422918,1764531597,nominal
1618,0.828339676086688,1764531597,nominal
1619,0.8283109544590223,1764531597,nominal
1620,0.8282821932610409,1764531597,nominal
1621,0.828253391793652,1764531597,nominal
1622,0.8282245493569389,1764531597,nominal
1623,0.8281956652501204,1764531597,nominal
1624,0.8281667387715737,1764531597,nominal
1625,0.8281377692187619,1764531597,nominal
1626,0.8281087558882767,1764531597,nominal
1627,0.8280796980757898,1764531597,nominal
1628,0.8280505950760465,1764531597,nominal
1629,0.828021446182839,1764531597,nominal
1630,0.827992250689016,1764531597,nominal
1631,0.8279630078864447,1764531597,nominal
1632,0.8279337170660042,1764531597,nominal
1633,0.8279043775175655,1764531597,nominal
1634,0.8278749885299991,1764531597,nominal
1635,0.8278455493911078,1764531597,nominal
1636,0.8278160593876792,1764531597,nominal
1637,0.8277865178054137,1764531597,nominal
1638,0.8277569239289337,1764531597,nominal
1639,0.8277272770417798,1764531597,nominal
1640,0.8276975764263561,1764531597,nominal
1641,0.8276678213639668,1764531597,nominal
1642,0.827638011134745,1764531597,nominal
1643,0.8276081450177026,1764531597,nominal
1644,0.8275782222906403,1764531597,nominal
1645,0.8275482422301995,1764531597,nominal
1646,0.8275182041118039,1764531597,nominal
1647,0.8274881072096594,1764531597,nominal
1648,0.8274579507967342,1764531597,nominal
1649,0.8274277341447533,1764531597,nominal
1650,0.8273974565241776,1764531597,nominal
1651,0.8273671172041802,1764531597,nominal
1652,0.8273367154526363,1764531597,nominal
1653,0.8273062505361195,1764531597,nominal
1654,0.8272757217198669,1764531597,nominal
1655,0.8272451282677792,1764531597,nominal
1656,0.8272144694423904,1764531597,nominal
1657,0.8271837445048643,1764531597,nominal
1658,0.8271529527149821,1764531597,nominal
1659,0.8271220933311099,1764531597,nominal
1660,0.8270911656101967,1764531597,nominal
1661,0.8270601688077567,1764531597,nominal
1662,0.827029102177857,1764531597,nominal
1663,0.8269979649730874,1764531597,nominal
1664,0.8269667564445684,1764531597,nominal
1665,0.8269354758418946,1764531597,nominal
1666,0.826904122413185,1764531597,nominal
1667,0.8268726954050132,1764531597,nominal
1668,0.8268411940623788,1764531597,nominal
1669,0.8268096176287612,1764531597,nominal
1670,0.8267779653460567,1764531597,nominal
1671,0.8267462364545415,1764531597,nominal
1672,0.8267144301929232,1764531597,nominal
1673,0.8266825457982526,1764531597,nominal
1674,0.8266505825059627,1764531597,nominal
1675,0.8266185395498196,1764531597,nominal
1676,0.826586416161924,1764531597,nominal
1677,0.8265542115726927,1764531597,nominal
1678,0.8265219250108327,1764531597,nominal
1679,0.8264895557033423,1764531597,nominal
1680,0.8264571028754741,1764531597,nominal
1681,0.8264245657507532,1764531597,nominal
1682,0.8263919435509154,1764531597,nominal
1683,0.8263592354959229,1764531597,nominal
1684,0.8263264408039454,1764531597,nominal
1685,0.8262935586913533,1764531597,nominal
1686,0.8262605883726566,1764531597,nominal
1687,0.8262275290605449,1764531597,nominal
1688,0.8261943799658409,1764531597,nominal
1689,0.8261611402975021,1764531597,nominal
1690,0.8261278092625749,1764531597,nominal
1691,0.8260943860662057,1764531597,nominal
1692,0.8260608699116267,1764531597,nominal
1693,0.8260272600001156,1764531597,nominal
1694,0.8259935555310083,1764531597,nominal
1695,0.8259597557016545,1764531597,nominal
1696,0.8259258597074508,1764531597,nominal
1697,0.8258918667417368,1764531597,nominal
1698,0.8258577759958758,1764531597,nominal
1699,0.825823586659187,1764531597,nominal
1700,0.8257892979189161,1764531597,nominal
1701,0.8257549089602733,1764531597,nominal
1702,0.8257204189663704,1764531597,nominal
1703,0.8256858271182215,1764531597,nominal
1704,0.8256511325947256,1764531597,nominal
1705,0.8256163345726338,1764531597,nominal
1706,0.8255814322265884,1764531597,nominal
1707,0.8255464247290221,1764531597,nominal
1708,0.8255113112502357,1764531597,nominal
1709,0.8254760909582903,1764531597,nominal
1710,0.8254407630190752,1764531597,nominal
1711,0.8254053265962136,1764531597,nominal
1712,0.8253697808511026,1764531597,nominal
1713,0.8253341249428878,1764531597,nominal
1714,0.8129838471757823,1764531597,nominal
1715,0.8014866083249029,1764531597,nominal
1716,0.7907570296423073,1764531597,nominal
1717,0.7807207590854837,1764531597,nominal
1718,0.771312746858709,1764531597,nominal
1719,0.7624758347633901,1764531597,nominal
1720,0.7541595946954459,1764531597,nominal
1721,0.7463193664197808,1764531597,nominal
1722,0.7389154558427041,1764531597,nominal
1723,0.7319124633945193,1764531597,nominal
1724,0.731885241675661,1764531597,nominal
1725,0.7318579801545267,1764531597,nominal
1726,0.7318306781698275,1764531597,nominal
1727,0.7318033350594662,1764531597,nominal
1728,0.7317759501605514,1764531597,nominal
1729,0.7317485228093901,1764531597,nominal
1730,0.7317210523414681,1764531597,nominal
1731,0.7316935380914266,1764531597,nominal
1732,0.7316659793930527,1764531597,nominal
1733,0.7316383755792778,1764531597,nominal
1734,0.7316107259821444,1764531597,nominal
1735,0.7315830299328105,1764531597,nominal
1736,0.7315552867615136,1764531597,nominal
1737,0.7315274957975682,1764531597,nominal
1738,0.7314996563693555,1764531597,nominal
1739,0.7314717678043069,1764531597,nominal
1740,0.7314438294288794,1764531597,nominal
1741,0.7314158405685642,1764531597,nominal
1742,0.7313878005478381,1764531597,nominal
1743,0.7313597086901794,1764531597,nominal
1744,0.7313315643180512,1764531597,nominal
1745,0.7313033667528465,1764531597,nominal
1746,0.7312751153149456,1764531597,nominal
1747,0.7312468093236418,1764531597,nominal
1748,0.7312184480971525,1764531597,nominal
1749,0.7311900309525844,1764531597,nominal
1750,0.7311615572059638,1764531597,nominal
1751,0.7311330261721639,1764531597,nominal
1752,0.7311044371649512,1764531597,nominal
1753,0.7310757894969011,1764531597,nominal
1754,0.731047082479455,1764531597,nominal
1755,0.7310183154228564,1764531597,nominal
1756,0.7309894876361567,1764531597,nominal
1757,0.7309605984272147,1764531597,nominal
1758,0.7309316471026237,1764531597,nominal
1759,0.7309026329677828,1764531597,nominal
1760,0.7308735553268061,1764531597,nominal
1761,0.7308444134825671,1764531597,nominal
1762,0.7308152067366445,1764531597,nominal
1763,0.7307859343893002,1764531597,nominal
1764,0.7307565957395374,1764531597,nominal
1765,0.7307271900849848,1764531597,nominal
1766,0.730697716721968,1764531597,nominal
1767,0.7306681749454293,1764531597,nominal
1768,0.730638564048965,1764531597,nominal
1769,0.7306088833247927,1764531597,nominal
1770,0.730579132063709,1764531597,nominal
1771,0.7305493095551228,1764531597,nominal
1772,0.7305194150870221,1764531597,nominal
1773,0.7304894479459215,1764531597,nominal
1774,0.7304594074169246,1764531597,nominal
1775,0.730429292783639,1764531597,nominal
1776,0.7303991033282133,1764531597,nominal
1777,0.7303688383312755,1764531597,nominal
1778,0.730338497071944,1764531597,nominal
1779,0.7303080788278442,1764531597,nominal
1780,0.7302775828750114,1764531597,nominal
1781,0.7302470084879824,1764531597,nominal
1782,0.7302163549396814,1764531597,nominal
1783,0.7301856215014613,1764531597,nominal
1784,0.7301548074430932,1764531597,nominal
1785,0.7301239120327226,1764531597,nominal
1786,0.7300929345368736,1764531597,nominal
1787,0.7300618742204366,1764531597,nominal
1788,0.7300307303466249,1764531597,nominal
1789,0.7299995021770169,1764531597,nominal
1790,0.7299681889714726,1764531597,nominal
1791,0.7299367899881878,1764531597,nominal
1792,0.7299053044836179,1764531597,nominal
1793,0.7298737317124985,1764531597,nominal
1794,0.7298420709278489,1764531597,nominal
1795,0.7298103213808977,1764531597,nominal
1796,0.7297784823211131,1764531597,nominal
1797,0.7297465529961953,1764531597,nominal
1798,0.7297145326520427,1764531597,nominal
1799,0.7296824205327213,1764531597,nominal
1800,0.7296502158804861,1764531597,nominal
1801,0.7296179179357457,1764531597,nominal
1802,0.7295855259370635,1764531597,nominal
1803,0.7295530391211135,1764531597,nominal
1804,0.7295204567226893,1764531597,nominal
1805,0.7294877779746937,1764531597,nominal
1806,0.7294550021081228,1764531597,nominal
1807,0.7294221283520075,1764531597,nominal
1808,0.7293891559334837,1764531597,nominal
1809,0.7293560840776994,1764531597,nominal
1810,0.729322912007826,1764531597,nominal
1811,0.7292896389450829,1764531597,nominal
1812,0.729256264108657,1764531597,nominal
1813,0.7292227867157223,1764531597,nominal
1814,0.7291892059814544,1764531597,nominal
1815,0.7291555211189519,1764531597,nominal
1816,0.7291217313392573,1764531597,nominal
1817,0.7290878358513619,1764531597,nominal
1818,0.7290538338621431,1764531597,nominal
1819,0.729019724576411,1764531597,nominal
1820,0.7289855071968249,1764531597,nominal
1821,0.7289511809239283,1764531597,nominal
1822,0.7289167449561238,1764531597,nominal
1823,0.7288821984896409,1764531597,nominal
1824,0.7288475407185572,1764531597,nominal
1825,0.728812770834746,1764531597,nominal
1826,0.7287778880278688,1764531597,nominal
1827,0.7287428914853956,1764531597,nominal
1828,0.7287077803925306,1764531597,nominal
1829,0.7286725539322872,1764531597,nominal
1830,0.7286372112853461,1764531597,nominal
1831,0.7286017516301756,1764531597,nominal
1832,0.7285661741429114,1764531597,nominal
1833,0.7285304779974128,1764531597,nominal
1834,0.7284946623652025,1764531597,nominal
1835,0.7284587264154858,1764531597,nominal
1836,0.7284226693151016,1764531597,nominal
1837,0.7283864902285381,1764531597,nominal
1838,0.7283501883179168,1764531597,nominal
1839,0.7283137627429563,1764531597,nominal
1840,0.7282772126609668,1764531597,nominal
1841,0.7282405372268429,1764531597,nominal
1842,0.7282037355930564,1764531597,nominal
1843,0.7281668069096215,1764531597,nominal
1844,0.7281297503240715,1764531597,nominal
1845,0.7280925649814952,1764531597,nominal
1846,0.7280552500244678,1764531597,nominal
1847,0.7280178045930517,1764531597,nominal
1848,0.7279802278248231,1764531597,nominal
1849,0.7279425188547982,1764531597,nominal
1850,0.7279046768154347,1764531597,nominal
1851,0.7278667008366303,1764531597,nominal
1852,0.7278285900457381,1764531597,nominal
1853,0.7277903435674731,1764531597,nominal
1854,0.7277519605239663,1764531597,nominal
1855,0.7277134400347182,1764531597,nominal
1856,0.7276747812166083,1764531597,nominal
1857,0.727635983183848,1764531597,nominal
1858,0.7275970450479973,1764531597,nominal
1859,0.7275579659179308,1764531597,nominal
1860,0.727518744899819,1764531597,nominal
1861,0.7274793810971435,1764531597,nominal
1862,0.7274398736106635,1764531597,nominal
1863,0.7274002215383736,1764531597,nominal
1864,0.7273604239755671,1764531597,nominal
1865,0.7273204800147292,1764531597,nominal
1866,0.7272803887455663,1764531597,nominal
1867,0.7272401492550166,1764531597,nominal
1868,0.727199760627186,1764531597,nominal
1869,0.7271592219433889,1764531597,nominal
1870,0.7271185322820692,1764531597,nominal
1871,0.7270776907188258,1764531597,nominal
1872,0.727036696326412,1764531597,nominal
1873,0.7269955481747042,1764531597,nominal
1874,0.7269542453306432,1764531597,nominal
1875,0.726912786858297,1764531597,nominal
1876,0.7268711718188066,1764531597,nominal
1877,0.7268293992703876,1764531597,nominal
1878,0.7267874682682738,1764531597,nominal
1879,0.7267453778647435,1764531597,nominal
1880,0.7267031271091341,1764531597,nominal
1881,0.726660715047738,1764531597,nominal
1882,0.7266181407238474,1764531597,nominal
1883,0.7265754031777711,1764531597,nominal
1884,0.7265325014467605,1764531597,nominal
1885,0.7264894345650004,1764531597,nominal
1886,0.7264462015636368,1764531597,nominal
1887,0.726402801470717,1764531597,nominal
1888,0.7263592333112224,1764531597,nominal
1889,0.7263154961070061,1764531597,nominal
1890,0.7262715888768186,1764531597,nominal
1891,0.7262275106362348,1764531597,nominal
1892,0.7261832603977518,1764531597,nominal
1893,0.7261388371706442,1764531597,nominal
1894,0.72609423996103,1764531597,nominal
1895,0.726049467771866,1764531597,nominal
1896,0.726004519602881,1764531597,nominal
1897,0.7259593944505516,1764531597,nominal
1898,0.7259140913081731,1764531597,nominal
1899,0.7258686091657901,1764531597,nominal
1900,0.7258229470101653,1764531597,nominal
1901,0.7257771038248176,1764531597,nominal
1902,0.725731078589942,1764531597,nominal
1903,0.7256848702824672,1764531597,nominal
1904,0.7256384778759988,1764531597,nominal
1905,0.725591900340784,1764531597,nominal
1906,0.7255451366437972,1764531597,nominal
1907,0.7254981857485979,1764531597,nominal
1908,0.7254510466153815,1764531597,nominal
1909,0.7254037182010024,1764531597,nominal
1910,0.7253561994588709,1764531597,nominal
1911,0.7253084893390273,1764531597,nominal
1912,0.7252605867880538,1764531597,nominal
1913,0.7252124907491212,1764531597,nominal
1914,0.7251642001619564,1764531597,nominal
1915,0.7251157139627915,1764531597,nominal
1916,0.7250670310844227,1764531597,nominal
1917,0.7250181504561025,1764531597,nominal
1918,0.7249690710036403,1764531597,nominal
1919,0.7249197916493056,1764531597,nominal
1920,0.724870311311826,1764531597,nominal
1921,0.7248206289063945,1764531597,nominal
1922,0.7247707433446444,1764531597,nominal
1923,0.7247206535346703,1764531597,nominal
1924,0.7246703583809175,1764531597,nominal
1925,0.7246198567843157,1764531597,nominal
1926,0.7245691476421322,1764531597,nominal
1927,0.7245182298480455,1764531597,nominal
1928,0.7244671022920603,1764531597,nominal
1929,0.7244157638605889,1764531597,nominal
1930,0.7243642134363508,1764531597,nominal
1931,0.7243124498983508,1764531597,nominal
1932,0.7242604721220025,1764531597,nominal
1933,0.724208278978964,1764531597,nominal
1934,0.7241558693371962,1764531597,nominal
1935,0.7241032420609124,1764531597,nominal
1936,0.724050396010626,1764531597,nominal
1937,0.7239973300430853,1764531597,nominal
1938,0.7239440430112779,1764531597,nominal
1939,0.7238905337644223,1764531597,nominal
1940,0.7238368011479615,1764531597,nominal
1941,0.7237828440035097,1764531597,nominal
1942,0.723728661168889,1764531597,nominal
1943,0.7236742514781068,1764531597,nominal
1944,0.7236196137613369,1764531597,nominal
1945,0.723564746844886,1764531597,nominal
1946,0.7235096495512001,1764531597,nominal
1947,0.7234543206989003,1764531597,nominal
1948,0.7233987591026675,1764531597,nominal
1949,0.7233429635733464,1764531597,nominal
1950,0.7232869329178242,1764531597,nominal
1951,0.7232306659390946,1764531597,nominal
1952,0.7231741614362048,1764531597,nominal
1953,0.723117418204301,1764531597,nominal
1954,0.7230604350345246,1764531597,nominal
1955,0.7230032107140734,1764531597,nominal
1956,0.7229457440262032,1764531597,nominal
1957,0.72288803375013,1764531597,nominal
1958,0.722830078661085,1764531597,nominal
1959,0.7227718775303228,1764531597,nominal
1960,0.7227134291250304,1764531597,nominal
1961,0.7226547322083992,1764531597,nominal
1962,0.7225957855395728,1764531597,nominal
1963,0.7225365878736103,1764531597,nominal
1964,0.7224771379615372,1764531597,nominal
1965,0.7224174345503083,1764531597,nominal
1966,0.7223574763827355,1764531597,nominal
1967,0.7222972621976298,1764531597,nominal
1968,0.722236790729615,1764531597,nominal
1969,0.7221760607092428,1764531597,nominal
1970,0.7221150708628992,1764531597,nominal
1971,0.7220538199128506,1764531597,nominal
1972,0.7219923065772151,1764531597,nominal
1973,0.7219305295699464,1764531597,nominal
1974,0.7218684876008381,1764531597,nominal
1975,0.7218061793755306,1764531597,nominal
1976,0.7217436035954067,1764531597,nominal
1977,0.7216807589577152,1764531597,nominal
1978,0.7216176441554547,1764531597,nominal
1979,0.7215542578774382,1764531597,nominal
1980,0.7214905988082111,1764531597,nominal
1981,0.7214266656281219,1764531597,nominal
1982,0.7213624570132683,1764531597,nominal
1983,0.7212979716354834,1764531597,nominal
1984,0.721233208162285,1764531597,nominal
1985,0.7211681652570406,1764531597,nominal
1986,0.7211028415787328,1764531597,nominal
1987,0.7210372357820665,1764531597,nominal
1988,0.7209713465174713,1764531597,nominal
1989,0.7209051724310666,1764531597,nominal
1990,0.7208387121646537,1764531597,nominal
1991,0.7207719643556848,1764531597,nominal
1992,0.7207049276373078,1764531597,nominal
1993,0.7206376006383188,1764531597,nominal
1994,0.720569981983154,1764531597,nominal
1995,0.7205020702919097,1764531597,nominal
1996,0.7204338641803155,1764531597,nominal
1997,0.7203653622597228,1764531597,nominal
1998,0.7202965631370652,1764531597,nominal
1999,0.7202274654149792,1764531597,nominal
2000,0.7201580676915871,1764531597,nominal
2001,0.720088368560734,1764531597,nominal
1,0.3333333333333333,1764531545,nominal
2,0.3333333333333333,1764531545,nominal
3,0.3333333333333333,1764531545,nominal
4,0.3333333333333333,1764531545,nominal
5,0.3333333333333333,1764531545,nominal
6,0.3333333333333333,1764531545,nominal
7,0.3333333333333333,1764531545,nominal
8,0.3333333333333333,1764531545,nominal
9,0.3333333333333333,1764531545,nominal
10,0.3418847980650881,1764531545,nominal
11,0.3418289635414549,1764531545,nominal
12,0.34177331331242,1764531545,nominal
13,0.3418597256000408,1764531545,nominal
14,0.3423971513198541,1764531545,nominal
15,0.3432419956424,1764531545,nominal
16,0.3440834201673127,1764531545,nominal
17,0.3449782300089024,1764531545,nominal
18,0.3459265193279603,1764531545,nominal
19,0.3469280885155553,1764531545,nominal
20,0.3482937794862747,1764531545,nominal
21,0.3494306066084897,1764531545,nominal
22,0.350563481308308,1764531545,nominal
23,0.3516923987131659,1764531545,nominal
24,0.3526720819869706,1764531545,nominal
25,0.3537934979181718,1764531545,nominal
26,0.3550568186115656,1764531545,nominal
27,0.3562601295525282,1764531545,nominal
28,0.3575504825609559,1764531545,nominal
29,0.35892861507884,1764531545,nominal
30,0.3603037823077532,1764531545,nominal
31,0.3620497286956169,1764531545,nominal
32,0.3638486544770016,1764531545,nominal
33,0.3657370317841685,1764531545,nominal
34,0.36767881747172,1764531545,nominal
35,0.3696172526543235,1764531545,nominal
36,0.3714572114951038,1764531545,nominal
37,0.3733489447540375,1764531545,nominal
38,0.3752357081270015,1764531545,nominal
39,0.3771174484078921,1764531545,nominal
40,0.3789941135497105,1764531545,nominal
41,0.3808656526569421,1764531545,nominal
42,0.3826771661533587,1764531545,nominal
43,0.3843294217224494,1764531545,nominal
44,0.3860773499914314,1764531545,nominal
45,0.3878210961673106,1764531545,nominal
46,0.3892781078507658,1764531545,nominal
47,0.3908339432822784,1764531545,nominal
48,0.392229616976536,1764531545,nominal
49,0.3935195041522137,1764531545,nominal
50,0.3948060274221039,1764531545,nominal
51,0.3960891739205426,1764531545,nominal
52,0.3974243845814411,1764531545,nominal
53,0.3989157126240357,1764531545,nominal
54,0.4004035262993486,1764531545,nominal
55,0.4018878035338984,1764531545,nominal
56,0.4032625164410466,1764531545,nominal
57,0.4045265887305807,1764531545,nominal
58,0.4059477272145173,1764531545,nominal
59,0.4074718024619196,1764531545,nominal
60,0.4085998619977898,1764531545,nominal
61,0.4096159293285225,1764531545,nominal
62,0.4107375723332433,1764531545,nominal
63,0.4113531360107677,1764531545,nominal
64,0.4115729000873643,1764531545,nominal
65,0.4117915761622476,1764531545,nominal
66,0.4124031242710457,1764531545,nominal
67,0.4131232850905377,1764531545,nominal
68,0.4138412599682992,1764531545,nominal
69,0.4145570496946412,1764531545,nominal
70,0.4156663765063178,1764531545,nominal
71,0.4167724257883058,1764531545,nominal
72,0.4177618478905742,1764531545,nominal
73,0.4190926004826358,1764531545,nominal
74,0.4207019509723275,1764531545,nominal
75,0.4223051686705026,1764531545,nominal
76,0.42401796320154,1764531545,nominal
77,0.4257252549227785,1764531545,nominal
78,0.4274270207270659,1764531545,nominal
79,0.4290056560106573,1764531545,nominal
80,0.430578084950192,1764531545,nominal
81,0.4322631001815255,1764531545,nominal
82,0.4340619352929065,1764531545,nominal
83,0.4360255719098646,1764531545,nominal
84,0.4381052128126647,1764531545,nominal
85,0.4400592190350912,1764531545,nominal
86,0.4420082910112132,1764531545,nominal
87,0.4438294161962374,1764531545,nominal
88,0.4456447410150123,1764531545,nominal
89,0.4475786045526294,1764531545,nominal
90,0.4493823166804736,1764531545,nominal
91,0.451054387696685,1764531545,nominal
92,0.4527198037279351,1764531545,nominal
93,0.4542514384177765,1764531545,nominal
94,0.4557756814630007,1764531545,nominal
95,0.4574209939993464,1764531545,nominal
96,0.4590596208193865,1764531545,nominal
97,0.4608213698052306,1764531545,nominal
98,0.4625771170895342,1764531545,nominal
99,0.4643268429437902,1764531545,nominal
100,0.4662023900439134,1764531545,nominal
101,0.468205129775509,1764531545,nominal
102,0.4702031859290969,1764531545,nominal
103,0.4723304632181854,1764531545,nominal
104,0.4743190474282104,1764531545,nominal
105,0.4763028243130233,1764531545,nominal
106,0.4778724117210944,1764531545,nominal
107,0.4790284390342164,1764531545,nominal
108,0.4801818302890582,1764531545,nominal
109,0.4813325775962478,1764531545,nominal
110,0.4824806732043964,1764531545,nominal
111,0.4834878726354968,1764531545,nominal
112,0.4844921767154908,1764531545,nominal
113,0.4854935835001601,1764531545,nominal
114,0.486631693841905,1764531545,nominal
115,0.4877671209011235,1764531545,nominal
116,0.4893136193877278,1764531545,nominal
117,0.4912703676772866,1764531545,nominal
118,0.4932219186842872,1764531545,nominal
119,0.4950255664571882,1764531545,nominal
120,0.4968233317383633,1764531545,nominal
121,0.4987591954634992,1764531545,nominal
122,0.5006897477678119,1764531545,nominal
123,0.5026149593647268,1764531545,nominal
124,0.5043887944157439,1764531545,nominal
125,0.5061566460378826,1764531545,nominal
126,0.5079184990659091,1764531545,nominal
127,0.5096743389680467,1764531545,nominal
128,0.5114241518385445,1764531545,nominal
129,0.5131679243902566,1764531545,nominal
130,0.5149056439472266,1764531545,nominal
131,0.5166372984372863,1764531545,nominal
132,0.5183628763846673,1764531545,nominal
133,0.5200823669026253,1764531545,nominal
134,0.5219482129019057,1764531545,nominal
135,0.5238084646470448,1764531545,nominal
136,0.5256631010110756,1764531545,nominal
137,0.5273577169067694,1764531545,nominal
138,0.5290461858287785,1764531545,nominal
139,0.5308841358362418,1764531545,nominal
140,0.5327164010681527,1764531545,nominal
141,0.5343860587951024,1764531545,nominal
142,0.5360495344003977,1764531545,nominal
143,0.5377068227410616,1764531545,nominal
144,0.5393579191831528,1764531545,nominal
145,0.5410028195946524,1764531545,nominal
146,0.542481563891964,1764531545,nominal
147,0.5441142582797761,1764531545,nominal
148,0.5457407514755704,1764531545,nominal
149,0.547361041231808,1764531545,nominal
150,0.5488127723384374,1764531545,nominal
151,0.5504208679515805,1764531545,nominal
152,0.552022760321882,1764531545,nominal
153,0.5536184489755664,1764531545,nominal
154,0.5552079338787991,1764531545,nominal
155,0.5566259147375205,1764531545,nominal
156,0.558203237680963,1764531545,nominal
157,0.5597743633428851,1764531545,nominal
158,0.5613392933289845,1764531545,nominal
159,0.5628980296520693,1764531545,nominal
160,0.564450574725598,1764531545,nominal
161,0.5658281685844112,1764531545,nominal
162,0.5671992973180102,1764531545,nominal
163,0.5683941220953544,1764531545,nominal
164,0.5695822809062518,1764531545,nominal
165,0.5709347186834656,1764531545,nominal
166,0.572280760445987,1764531545,nominal
167,0.5736204221658477,1764531545,nominal
168,0.5749537200617815,1764531545,nominal
169,0.5762806705929869,1764531545,nominal
170,0.577774924281362,1764531545,nominal
171,0.5794372769772276,1764531545,nominal
172,0.58109377267801,1764531545,nominal
173,0.5829197548277754,1764531545,nominal
174,0.5847401320479182,1764531545,nominal
175,0.5863783869324203,1764531545,nominal
176,0.5880107633569611,1764531545,nominal
177,0.5896372587470462,1764531545,nominal
178,0.5910797229960749,1764531545,nominal
179,0.5925161145027723,1764531545,nominal
180,0.593946442335228,1764531545,nominal
181,0.5953707158388496,1764531545,nominal
182,0.5967889446310589,1764531545,nominal
183,0.5982011385960425,1764531545,nominal
184,0.5996073078795573,1764531545,nominal
185,0.6011892814036686,1764531545,nominal
186,0.6027653886133718,1764531545,nominal
187,0.6043356302781198,1764531545,nominal
188,0.6059000075107632,1764531545,nominal
189,0.6074585217626342,1764531545,nominal
190,0.609011174818657,1764531545,nominal
191,0.6105579687924939,1764531545,nominal
192,0.6120989061217217,1764531545,nominal
193,0.6136339895630412,1764531545,nominal
194,0.6151632221875182,1764531545,nominal
195,0.6166866073758612,1764531545,nominal
196,0.618204148813729,1764531545,nominal
197,0.6197158504870752,1764531545,nominal
198,0.6214103234249304,1764531545,nominal
199,0.6230990501078636,1764531545,nominal
200,0.6247820258287956,1764531545,nominal
201,0.6264592462596815,1764531545,nominal
202,0.628130707446999,1764531545,nominal
203,0.6297964058072538,1764531545,nominal
204,0.6314563381225011,1764531545,nominal
205,0.6329182641316946,1764531545,nominal
206,0.6341816771849924,1764531545,nominal
207,0.6352461515237342,1764531545,nominal
208,0.636304916023303,1764531545,nominal
209,0.637357996103869,1764531545,nominal
210,0.6382109651234454,1764531545,nominal
211,0.6388635796672003,1764531545,nominal
212,0.6395108932228791,1764531545,nominal
213,0.640152948818977,1764531545,nominal
214,0.6407897892092711,1764531545,nominal
215,0.6416178472152685,1764531545,nominal
216,0.6420277949623797,1764531545,nominal
217,0.6426321289686829,1764531545,nominal
218,0.6430361010545358,1764531545,nominal
219,0.6434374482368646,1764531545,nominal
220,0.6438361882351875,1764531545,nominal
221,0.6444306584592944,1764531545,nominal
222,0.6450222036377252,1764531545,nominal
223,0.6456108369030175,1764531545,nominal
224,0.6461965713514257,1764531545,nominal
225,0.6465797823199536,1764531545,nominal
226,0.647571766480272,1764531545,nominal
227,0.6485584179517945,1764531545,nominal
228,0.6497406177529673,1764531545,nominal
229,0.6507160737177569,1764531545,nominal
230,0.6518879512237284,1764531545,nominal
231,0.6528523000679908,1764531545,nominal
232,0.6538114381666266,1764531545,nominal
233,0.6547653903724058,1764531545,nominal
234,0.6557141815074864,1764531545,nominal
235,0.6568615044759981,1764531545,nominal
236,0.6580034921240273,1764531545,nominal
237,0.6591401618965698,1764531545,nominal
238,0.6602715313117146,1764531545,nominal
239,0.6616029401875764,1764531545,nominal
240,0.6629288843088532,1764531545,nominal
241,0.6644555729842937,1764531545,nominal
242,0.6659766552616414,1764531545,nominal
243,0.6674921343869412,1764531545,nominal
244,0.6690020138638408,1764531545,nominal
245,0.6702983205609867,1764531545,nominal
246,0.6713808576505762,1764531545,nominal
247,0.6724582472316871,1764531545,nominal
248,0.6735305078566136,1764531545,nominal
249,0.6745976581178414,1764531545,nominal
250,0.6756597166457969,1764531545,nominal
251,0.6767167021066327,1764531545,nominal
252,0.6777686332000527,1764531545,nominal
253,0.6788155286571718,1764531545,nominal
254,0.6798574072384113,1764531545,nominal
255,0.6811060653348029,1764531545,nominal
256,0.6825616454892481,1764531545,nominal
257,0.6840117104781648,1764531545,nominal
258,0.6854562662594131,1764531545,nominal
259,0.6868953190042006,1764531545,nominal
260,0.688115014265807,1764531545,nominal
261,0.6893294954005701,1764531545,nominal
262,0.6905387756689833,1764531545,nominal
263,0.6917428684365943,1764531545,nominal
264,0.6929417871714578,1764531545,nominal
265,0.6941355454416186,1764531545,nominal
266,0.695324156912625,1764531545,nominal
267,0.6965076353450743,1764531545,nominal
268,0.6976859945921867,1764531545,nominal
269,0.6988592485974098,1764531545,nominal
270,0.7002450327993779,1764531545,nominal
271,0.7016254074495097,1764531545,nominal
272,0.7030003808412996,1764531545,nominal
273,0.7043699614418443,1764531545,nominal
274,0.7057341578888935,1764531545,nominal
275,0.7070929789879259,1764531545,nominal
276,0.708446433709253,1764531545,nominal
277,0.7097945311851476,1764531545,nominal
278,0.7109165775695,1764531545,nominal
279,0.7120336641049466,1764531545,nominal
280,0.7131458058367668,1764531545,nominal
281,0.7142530178706036,1764531545,nominal
282,0.7153553153704639,1764531545,nominal
283,0.7164527135567472,1764531545,nominal
284,0.7175452277043,1764531545,nominal
285,0.7186328731404994,1764531545,nominal
286,0.7197156652433613,1764531545,nominal
287,0.7207936194396755,1764531545,nominal
288,0.7220908737808122,1764531545,nominal
289,0.7233828901689133,1764531545,nominal
290,0.7246696792739401,1764531545,nominal
291,0.7259512518944027,1764531545,nominal
292,0.7272276189548555,1764531545,nominal
293,0.7284987915034177,1764531545,nominal
294,0.729764780709319,1764531545,nominal
295,0.7310255978604714,1764531545,nominal
296,0.7322812543610655,1764531545,nominal
297,0.7335317617291919,1764531545,nominal
298,0.7347771315944887,1764531545,nominal
299,0.7360173756958124,1764531545,nominal
300,0.7372525058789342,1764531545,nominal
301,0.7384825340942623,1764531545,nominal
302,0.7397074723945867,1764531545,nominal
303,0.7409273329328503,1764531545,nominal
304,0.742142127959943,1764531545,nominal
305,0.7433518698225225,1764531545,nominal
306,0.7445565709608559,1764531545,nominal
307,0.7457562439066884,1764531545,nominal
308,0.7469509012811345,1764531545,nominal
309,0.7481405557925935,1764531545,nominal
310,0.7493252202346885,1764531545,nominal
311,0.7505049074842295,1764531545,nominal
312,0.7516796304991992,1764531545,nominal
313,0.752849402316763,1764531545,nominal
314,0.754014236051302,1764531545,nominal
315,0.7551741448924684,1764531545,nominal
316,0.7563291421032649,1764531545,nominal
317,0.7574792410181462,1764531545,nominal
318,0.7586244550411434,1764531545,nominal
319,0.7597647976440114,1764531545,nominal
320,0.7609002823643976,1764531545,nominal
321,0.762030922804034,1764531545,nominal
322,0.7631567326269509,1764531545,nominal
323,0.7642777255577119,1764531545,nominal
324,0.7653939153796727,1764531545,nominal
325,0.7665053159332589,1764531545,nominal
326,0.7676119411142676,1764531545,nominal
327,0.7687138048721887,1764531545,nominal
328,0.7695737921535779,1764531545,nominal
329,0.7704296778906852,1764531545,nominal
330,0.7712814788808022,1764531545,nominal
331,0.7721292118975621,1764531545,nominal
332,0.7729728936901682,1764531545,nominal
333,0.7738125409826381,1764531545,nominal
334,0.7746481704730643,1764531545,nominal
335,0.7754797988328882,1764531545,nominal
336,0.7763074427061905,1764531545,nominal
337,0.7771311187089954,1764531545,nominal
338,0.7781905468986354,1764531545,nominal
339,0.7792453676290176,1764531545,nominal
340,0.7802955952108108,1764531545,nominal
341,0.7813412439905059,1764531545,nominal
342,0.7823823283490055,1764531545,nominal
343,0.7834188627002338,1764531545,nominal
344,0.784209515756544,1764531545,nominal
345,0.7849963462993698,1764531545,nominal
346,0.7857793707512317,1764531545,nominal
347,0.7865586054984558,1764531545,nominal
348,0.7873340668906506,1764531545,nominal
349,0.7881057712401965,1764531545,nominal
350,0.7888737348217475,1764531545,nominal
351,0.7896379738717448,1764531545,nominal
352,0.7903985045879425,1764531545,nominal
353,0.7911553431289442,1764531545,nominal
354,0.7921522005160277,1764531545,nominal
355,0.7931446618130625,1764531545,nominal
356,0.7941327415892214,1764531545,nominal
357,0.7951164544323311,1764531545,nominal
358,0.7960958149477115,1764531545,nominal
359,0.7970708377570346,1764531545,nominal
360,0.7980415374971978,1764531545,nominal
361,0.7990079288192143,1764531545,nominal
362,0.79997002638712,1764531545,nominal
363,0.8009278448768952,1764531545,nominal
364,0.8018813989754031,1764531545,nominal
365,0.8028307033793444,1764531545,nominal
366,0.8037757727942254,1764531545,nominal
367,0.8047166219333441,1764531545,nominal
368,0.8056532655167893,1764531545,nominal
369,0.8065857182704561,1764531545,nominal
370,0.8072663700443033,1764531545,nominal
371,0.8076958555707922,1764531545,nominal
372,0.8081228509768502,1764531545,nominal
373,0.8085473716665891,1764531545,nominal
374,0.8089694329460668,1764531545,nominal
375,0.8093890500238342,1764531545,nominal
376,0.8098062380114803,1764531545,nominal
377,0.8102210119241776,1764531545,nominal
378,0.8106333866812254,1764531545,nominal
379,0.811043377106594,1764531545,nominal
380,0.811700358141432,1764531545,nominal
381,0.8126036854705622,1764531545,nominal
382,0.8135029587210049,1764531545,nominal
383,0.8143981924140591,1764531545,nominal
384,0.8152894010692101,1764531545,nominal
385,0.8161765992033025,1764531545,nominal
386,0.8170598013297252,1764531545,nominal
387,0.8179390219576097,1764531545,nominal
388,0.8185631512356255,1764531545,nominal
389,0.8191841827672504,1764531545,nominal
390,0.8198021310821959,1764531545,nominal
391,0.820417010657591,1764531545,nominal
392,0.8210288359178989,1764531545,nominal
393,0.8212669802689537,1764531545,nominal
394,0.8215041707189817,1764531545,nominal
395,0.8217404100361485,1764531545,nominal
396,0.8219757009900807,1764531545,nominal
397,0.8222100463517639,1764531545,nominal
398,0.8226962735370241,1764531545,nominal
399,0.8229276289232316,1764531545,nominal
400,0.8231580512125835,1764531545,nominal
401,0.8233875431704789,1764531545,nominal
402,0.8236161075631493,1764531545,nominal
403,0.8242149792097223,1764531545,nominal
404,0.8248108445801294,1764531545,nominal
405,0.8251497405438377,1764531545,nominal
406,0.825486612671818,1764531545,nominal
407,0.8258214741529214,1764531545,nominal
408,0.8261543380837685,1764531545,nominal
409,0.8267397654720305,1764531545,nominal
410,0.8273222578426545,1764531545,nominal
411,0.8279018293164192,1764531545,nominal
412,0.828478493958256,1764531545,nominal
413,0.8290522657772499,1764531545,nominal
414,0.8296231587266442,1764531545,nominal
415,0.8304467683226628,1764531545,nominal
416,0.831266605426292,1764531545,nominal
417,0.8320826845312337,1764531545,nominal
418,0.8326388614854875,1764531545,nominal
419,0.8331922400499852,1764531545,nominal
420,0.8337428338408973,1764531545,nominal
421,0.8342906564181337,1764531545,nominal
422,0.8348357212853899,1764531545,nominal
423,0.8353780418901987,1764531545,nominal
424,0.8359176316239854,1764531545,nominal
425,0.8364545038221256,1764531545,nominal
426,0.8369886717640083,1764531545,nominal
427,0.8375201486730992,1764531545,nominal
428,0.8383066737277611,1764531545,nominal
429,0.8390895777442109,1764531545,nominal
430,0.8398688749265198,1764531545,nominal
431,0.8406445794566098,1764531545,nominal
432,0.8414167054937643,1764531545,nominal
433,0.8421852671741528,1764531545,nominal
434,0.8429502786103596,1764531545,nominal
435,0.8437117538909261,1764531545,nominal
436,0.8444697070798991,1764531545,nominal
437,0.845224152216389,1764531545,nominal
438,0.8459751033141371,1764531545,nominal
439,0.8467225743610903,1764531545,nominal
440,0.8474665793189858,1764531545,nominal
441,0.8482071321229435,1764531545,nominal
442,0.8489442466810658,1764531545,nominal
443,0.8496779368740474,1764531545,nominal
444,0.8504082165547923,1764531545,nominal
445,0.8511350995480381,1764531545,nominal
446,0.8518585996499893,1764531545,nominal
447,0.8525787306279579,1764531545,nominal
448,0.8532955062200117,1764531545,nominal
449,0.8533884822014554,1764531545,nominal
450,0.8534810872201599,1764531545,nominal
451,0.8535733223113128,1764531545,nominal
452,0.8536651885115473,1764531545,nominal
453,0.8537566868588877,1764531545,nominal
454,0.8538478183926963,1764531545,nominal
455,0.8539385841536217,1764531545,nominal
456,0.8540289851835456,1764531545,nominal
457,0.8541190225255326,1764531545,nominal
458,0.8542086972237787,1764531545,nominal
459,0.8549207282636958,1764531545,nominal
460,0.8556294105091992,1764531545,nominal
461,0.8563347579320301,1764531545,nominal
462,0.8570367844704352,1764531545,nominal
463,0.857472328474472,1764531545,nominal
464,0.8579056189758685,1764531545,nominal
465,0.858336667691075,1764531545,nominal
466,0.8587654862781712,1764531545,nominal
467,0.8591920863370839,1764531545,nominal
468,0.8596164794098073,1764531545,nominal
469,0.8600386769806216,1764531545,nominal
470,0.8604586904763146,1764531545,nominal
471,0.8608765312664016,1764531545,nominal
472,0.8612922106633475,1764531545,nominal
473,0.8619701192994782,1764531545,nominal
474,0.8626448293800392,1764531545,nominal
475,0.8633163544291221,1764531545,nominal
476,0.8639847079352696,1764531545,nominal
477,0.8646499033512414,1764531545,nominal
478,0.8653119540937869,1764531545,nominal
479,0.8659708735434254,1764531545,nominal
480,0.8666266750442301,1764531545,nominal
481,0.8672793719036195,1764531545,nominal
482,0.867928977392154,1764531545,nominal
483,0.8685755047433399,1764531545,nominal
484,0.8692189671534357,1764531545,nominal
485,0.8698593777812681,1764531545,nominal
486,0.8704967497480501,1764531545,nominal
487,0.8711310961372075,1764531545,nominal
488,0.8717624299942076,1764531545,nominal
489,0.8723907643263966,1764531545,nominal
490,0.8730161121028391,1764531545,nominal
491,0.8736384862541661,1764531545,nominal
492,0.8742578996724237,1764531545,nominal
493,0.8748743652109312,1764531545,nominal
494,0.8754878956841418,1764531545,nominal
495,0.8760985038675075,1764531545,nominal
496,0.8767062024973521,1764531545,nominal
497,0.8773110042707442,1764531545,nominal
498,0.8779129218453787,1764531545,nominal
499,0.8785119678394615,1764531545,nominal
500,0.8791081548315975,1764531545,nominal
501,0.8797014953606859,1764531545,nominal
502,0.8802920019258167,1764531545,nominal
503,0.8808796869861738,1764531545,nominal
504,0.881464562960941,1764531545,nominal
505,0.8820466422292129,1764531545,nominal
506,0.88262593712991,1764531545,nominal
507,0.8832024599616968,1764531545,nominal
508,0.8837762229829045,1764531545,nominal
509,0.8843472384114591,1764531545,nominal
510,0.8849155184248099,1764531545,nominal
511,0.8854810751598653,1764531545,nominal
512,0.88604392071293,1764531545,nominal
513,0.8866040671396479,1764531545,nominal
514,0.8871615264549457,1764531545,nominal
515,0.8877163106329834,1764531545,nominal
516,0.8882684316071053,1764531545,nominal
517,0.8888179012697976,1764531545,nominal
518,0.8893647314726455,1764531545,nominal
519,0.8899089340262971,1764531545,nominal
520,0.8904505207004291,1764531545,nominal
521,0.8909895032237158,1764531545,nominal
522,0.8915258932838008,1764531545,nominal
523,0.8920597025272728,1764531545,nominal
524,0.8925909425596441,1764531545,nominal
525,0.8931196249453311,1764531545,nominal
526,0.8936457612076407,1764531545,nominal
527,0.8941693628287548,1764531545,nominal
528,0.8946904412497231,1764531545,nominal
529,0.8952090078704537,1764531545,nominal
530,0.8957250740497108,1764531545,nominal
531,0.8962386511051122,1764531545,nominal
532,0.8967497503131308,1764531545,nominal
533,0.8972583829090975,1764531545,nominal
534,0.897764560087209,1764531545,nominal
535,0.8982682930005348,1764531545,nominal
536,0.8987695927610305,1764531545,nominal
537,0.8992684704395507,1764531545,nominal
538,0.8997649370658646,1764531545,nominal
539,0.9002590036286758,1764531545,nominal
540,0.9007506810756428,1764531545,nominal
541,0.9012399803134012,1764531545,nominal
542,0.9017269122075908,1764531545,nominal
543,0.9022114875828822,1764531545,nominal
544,0.9026937172230064,1764531545,nominal
545,0.9031736118707876,1764531545,nominal
546,0.9036511822281764,1764531545,nominal
547,0.904126438956286,1764531545,nominal
548,0.9045993926754304,1764531545,nominal
549,0.9050700539651646,1764531545,nominal
550,0.9055384333643254,1764531545,nominal
551,0.9060045413710772,1764531545,nominal
552,0.9064683884429554,1764531545,nominal
553,0.9069299849969156,1764531545,nominal
554,0.9073893414093824,1764531545,nominal
555,0.9078464680163002,1764531545,nominal
556,0.908301375113186,1764531545,nominal
557,0.9087540729551836,1764531545,nominal
558,0.9092045717571208,1764531545,nominal
559,0.9096528816935656,1764531545,nominal
560,0.910099012898887,1764531545,nominal
561,0.9105429754673142,1764531545,nominal
562,0.9109847794530004,1764531545,nominal
563,0.9114244348700864,1764531545,nominal
564,0.911861951692765,1764531545,nominal
565,0.9122973398553488,1764531545,nominal
566,0.9127306092523382,1764531545,nominal
567,0.9131617697384904,1764531545,nominal
568,0.9135908311288912,1764531545,nominal
569,0.9140178031990258,1764531545,nominal
570,0.914442695684854,1764531545,nominal
571,0.9148655182828844,1764531545,nominal
572,0.9152862806502492,1764531545,nominal
573,0.9157049924047826,1764531545,nominal
574,0.9161216631250996,1764531545,nominal
575,0.9165363023506744,1764531545,nominal
576,0.9169489195819216,1764531545,nominal
577,0.9173595242802782,1764531545,nominal
578,0.9177681258682856,1764531545,nominal
579,0.9181747337296756,1764531545,nominal
580,0.918579357209452,1764531545,nominal
581,0.91898200561398,1764531545,nominal
582,0.9193826882110708,1764531545,nominal
583,0.9197814142300704,1764531545,nominal
584,0.9201781928619492,1764531545,nominal
585,0.9205730332593896,1764531545,nominal
586,0.9209659445368786,1764531545,nominal
587,0.921356935770799,1764531545,nominal
588,0.9217460159995212,1764531545,nominal
589,0.9221331942234964,1764531545,nominal
590,0.9225184794053514,1764531545,nominal
591,0.9229018804699828,1764531545,nominal
592,0.9232834063046522,1764531545,nominal
593,0.9236630657590836,1764531545,nominal
594,0.9240408676455598,1764531545,nominal
595,0.9244168207390197,1764531545,nominal
596,0.924790933777158,1764531545,nominal
597,0.9251632154605222,1764531545,nominal
598,0.9255336744526156,1764531545,nominal
599,0.9259023193799945,1764531545,nominal
600,0.9262691588323708,1764531545,nominal
601,0.926634201362714,1764531545,nominal
602,0.926997455487352,1764531545,nominal
603,0.9273589296860753,1764531545,nominal
604,0.9277186324022388,1764531545,nominal
605,0.9280765720428678,1764531545,nominal
606,0.9284327569787596,1764531545,nominal
607,0.9287871955445912,1764531545,nominal
608,0.929139896039022,1764531545,nominal
609,0.9294908667248024,1764531545,nominal
610,0.9298401158288768,1764531545,nominal
611,0.9301876515424936,1764531545,nominal
612,0.9305334820213096,1764531545,nominal
613,0.9308776153854996,1764531545,nominal
614,0.9312200597198628,1764531545,nominal
615,0.9315608230739316,1764531545,nominal
616,0.9318999134620816,1764531545,nominal
617,0.932237338863638,1764531545,nominal
618,0.9325731072229866,1764531545,nominal
619,0.9329072264496836,1764531545,nominal
620,0.9332397044185656,1764531545,nominal
621,0.9335705489698584,1764531545,nominal
622,0.9338997679092896,1764531545,nominal
623,0.9342273690081984,1764531545,nominal
624,0.9345533600036464,1764531545,nominal
625,0.93487774859853,1764531545,nominal
626,0.9352005424616906,1764531545,nominal
627,0.9355217492280282,1764531545,nominal
628,0.93556191394317,1764531545,nominal
629,0.935601809999424,1764531545,nominal
630,0.9356414394370236,1764531545,nominal
631,0.9356808042787668,1764531545,nominal
632,0.9357199065301756,1764531545,nominal
633,0.9357587481796608,1764531545,nominal
634,0.9357973311986812,1764531545,nominal
635,0.9358356575419006,1764531545,nominal
636,0.9358737291473466,1764531545,nominal
637,0.9359115479365644,1764531545,nominal
638,0.9362289054943252,1764531545,nominal
639,0.9365447053647188,1764531545,nominal
640,0.9368589549860016,1764531545,nominal
641,0.9371716617635882,1764531545,nominal
642,0.9374828330701608,1764531545,nominal
643,0.9377924762457788,1764531545,nominal
644,0.9381005985979862,1764531545,nominal
645,0.9384072074019234,1764531545,nominal
646,0.938712309900434,1764531545,nominal
647,0.9390159133041768,1764531545,nominal
648,0.9393180247917324,1764531545,nominal
649,0.9396186515097172,1764531545,nominal
650,0.9399178005728884,1764531545,nominal
651,0.940215479064258,1764531545,nominal
652,0.9405116940352014,1764531545,nominal
653,0.9408064525055666,1764531545,nominal
654,0.941099761463786,1764531545,nominal
655,0.9413916278669858,1764531545,nominal
656,0.9416820586410966,1764531545,nominal
657,0.941971060680964,1764531545,nominal
658,0.9422586408504576,1764531545,nominal
659,0.9425448059825842,1764531545,nominal
660,0.9428295628795954,1764531545,nominal
661,0.9431129183131004,1764531545,nominal
662,0.9433948790241744,1764531545,nominal
663,0.9436754517234708,1764531545,nominal
664,0.9439546430913304,1764531545,nominal
665,0.944232459777894,1764531545,nominal
666,0.9445089084032096,1764531545,nominal
667,0.9447839955573456,1764531545,nominal
668,0.9450577278004992,1764531545,nominal
669,0.9453301116631088,1764531545,nominal
670,0.9456011536459626,1764531545,nominal
671,0.9458708602203096,1764531545,nominal
672,0.9461392378279696,1764531545,nominal
673,0.9464062928814434,1764531545,nominal
674,0.9466720317640224,1764531545,nominal
675,0.9469364608298992,1764531545,nominal
676,0.9471995864042776,1764531545,nominal
677,0.9474614147834812,1764531545,nominal
678,0.9477219522350648,1764531545,nominal
679,0.9479812049979224,1764531545,nominal
680,0.948239179282398,1764531545,nominal
681,0.9484958812703934,1764531545,nominal
682,0.9487513171154796,1764531545,nominal
683,0.949005492943004,1764531545,nominal
684,0.9492584148502006,1764531545,nominal
685,0.949510088906298,1764531545,nominal
686,0.9497605211526292,1764531545,nominal
687,0.9500097176027392,1764531545,nominal
688,0.9502576842424936,1764531545,nominal
689,0.9505044270301882,1764531545,nominal
690,0.9507499518966556,1764531545,nominal
691,0.950994264745373,1764531545,nominal
692,0.951237371452572,1764531545,nominal
693,0.9514792778673444,1764531545,nominal
694,0.9517199898117504,1764531545,nominal
695,0.9519595130809256,1764531545,nominal
696,0.9521978534431896,1764531545,nominal
697,0.9524350166401504,1764531545,nominal
698,0.9526710083868132,1764531545,nominal
699,0.9529058343716862,1764531545,nominal
700,0.9531395002568874,1764531545,nominal
701,0.9533720116782504,1764531545,nominal
702,0.9536033742454304,1764531545,nominal
703,0.9538335935420104,1764531545,nominal
704,0.9540626751256064,1764531545,nominal
705,0.9542906245279728,1764531545,nominal
706,0.954517447255108,1764531545,nominal
707,0.9547431487873592,1764531545,nominal
708,0.954967734579526,1764531545,nominal
709,0.955191210060967,1764531545,nominal
710,0.9554135806357024,1764531545,nominal
711,0.9556348516825188,1764531545,nominal
712,0.9558550285550726,1764531545,nominal
713,0.9560741165819944,1764531545,nominal
714,0.9562921210669914,1764531545,nominal
715,0.956509047288951,1764531545,nominal
716,0.9567249005020436,1764531545,nominal
717,0.9569396859358256,1764531545,nominal
718,0.9571534087953412,1764531545,nominal
719,0.9573660742612248,1764531545,nominal
720,0.9575776874898032,1764531545,nominal
721,0.9577882536131966,1764531545,nominal
722,0.9579977777394209,1764531545,nominal
723,0.9582062649524872,1764531545,nominal
724,0.9584137203125058,1764531545,nominal
725,0.958620148855783,1764531545,nominal
726,0.958825555594924,1764531545,nominal
727,0.9590299455189318,1764531545,nominal
728,0.9592333235933086,1764531545,nominal
729,0.9591516781056356,1764531545,nominal
730,0.959070405283783,1764531545,nominal
731,0.9589895036429557,1764531545,nominal
732,0.9589089717016496,1764531545,nominal
733,0.9588288079816808,1764531545,nominal
734,0.9587490110082167,1764531545,nominal
735,0.9586695793098028,1764531545,nominal
736,0.9585905114183916,1764531545,nominal
737,0.9585118058693708,1764531545,nominal
738,0.9584334612015888,1764531545,nominal
739,0.958639586930392,1764531545,nominal
740,0.95884469431508,1764531545,nominal
741,0.9590487883092952,1764531545,nominal
742,0.9592518738435136,1764531545,nominal
743,0.9594539558251438,1764531545,nominal
744,0.9596550391386212,1764531545,nominal
745,0.9598551286455062,1764531545,nominal
746,0.960054229184578,1764531545,nominal
747,0.960252345571932,1764531545,nominal
748,0.9604494826010734,1764531545,nominal
749,0.960645645043014,1764531545,nominal
750,0.960840837646366,1764531545,nominal
751,0.9610350651374372,1764531545,nominal
752,0.9612283322203236,1764531545,nominal
753,0.9614206435770064,1764531545,nominal
754,0.9616120038674436,1764531545,nominal
755,0.961802417729664,1764531545,nominal
756,0.961991889779861,1764531545,nominal
757,0.9621804246124848,1764531545,nominal
758,0.9623680268003356,1764531545,nominal
759,0.9625547008946568,1764531545,nominal
760,0.9627404514252258,1764531545,nominal
761,0.9629252829004468,1764531545,nominal
762,0.9631091998074426,1764531545,nominal
763,0.963292206612145,1764531545,nominal
764,0.9634743077593872,1764531545,nominal
765,0.963655507672994,1764531545,nominal
766,0.9638358107558724,1764531545,nominal
767,0.964015221390102,1764531545,nominal
768,0.9641937439370248,1764531545,nominal
769,0.964371382737335,1764531545,nominal
770,0.9645481421111692,1764531545,nominal
771,0.9647240263581948,1764531545,nominal
772,0.964899039757699,1764531545,nominal
773,0.9650731865686768,1764531545,nominal
774,0.9652464710299218,1764531545,nominal
775,0.9654188973601112,1764531545,nominal
776,0.9655904697578952,1764531545,nominal
777,0.9657611924019844,1764531545,nominal
778,0.9659310694512374,1764531545,nominal
779,0.9661001050447464,1764531545,nominal
780,0.9662683033019251,1764531545,nominal
781,0.966435668322595,1764531545,nominal
782,0.9666022041870704,1764531545,nominal
783,0.9667679149562451,1764531545,nominal
784,0.9669328046716787,1764531545,nominal
785,0.96709687735568,1764531545,nominal
786,0.9672601370113928,1764531545,nominal
787,0.9674225876228808,1764531545,nominal
788,0.9675842331552122,1764531545,nominal
789,0.9677450775545428,1764531545,nominal
790,0.9679051247482005,1764531545,nominal
791,0.9680643786447688,1764531545,nominal
792,0.9682228431341696,1764531545,nominal
793,0.9683805220877464,1764531545,nominal
794,0.9685374193583476,1764531545,nominal
795,0.9686935387804072,1764531545,nominal
796,0.9688488841700286,1764531545,nominal
797,0.969003459325065,1764531545,nominal
798,0.9691572680252024,1764531545,nominal
799,0.9693103140320392,1764531545,nominal
800,0.9694626010891682,1764531545,nominal
801,0.9696141329222562,1764531545,nominal
802,0.9697649132391258,1764531545,nominal
803,0.9699149457298344,1764531545,nominal
804,0.9700642340667536,1764531545,nominal
805,0.9702127819046502,1764531545,nominal
806,0.9703605928807636,1764531545,nominal
807,0.970507670614886,1764531545,nominal
808,0.97065401870944,1764531545,nominal
809,0.9707996407495578,1764531545,nominal
810,0.970944540303159,1764531545,nominal
811,0.9710887209210276,1764531545,nominal
812,0.9712321861368902,1764531545,nominal
813,0.9713749394674936,1764531545,nominal
814,0.9715169844126796,1764531545,nominal
815,0.9716583244554649,1764531545,nominal
816,0.9717989630621134,1764531545,nominal
817,0.9719389036822164,1764531545,nominal
818,0.9720781497487648,1764531545,nominal
819,0.9722167046782269,1764531545,nominal
820,0.9723545718706212,1764531545,nominal
821,0.9724917547095946,1764531545,nominal
822,0.9726282565624936,1764531545,nominal
823,0.972764080780441,1764531545,nominal
824,0.972899230698408,1764531545,nominal
825,0.97303370963529,1764531545,nominal
826,0.9731675208939778,1764531545,nominal
827,0.9733006677614328,1764531545,nominal
828,0.9734331535087584,1764531545,nominal
829,0.9735649813912736,1764531545,nominal
830,0.9736961546485844,1764531545,nominal
831,0.9738266765046566,1764531545,nominal
832,0.973956550167887,1764531545,nominal
833,0.9740857788311748,1764531545,nominal
834,0.974214365671994,1764531545,nominal
835,0.9743423138524628,1764531545,nominal
836,0.9744696265194144,1764531545,nominal
837,0.974596306804468,1764531545,nominal
838,0.9747223578240992,1764531545,nominal
839,0.9748477826797082,1764531545,nominal
840,0.9749725844576912,1764531545,nominal
841,0.9750967662295076,1764531545,nominal
842,0.975220331051751,1764531545,nominal
843,0.9753432819662168,1764531545,nominal
844,0.97546562199997,1764531545,nominal
845,0.9755873541654152,1764531545,nominal
846,0.9757084814603626,1764531545,nominal
847,0.9758290068680958,1764531545,nominal
848,0.9759489333574408,1764531545,nominal
849,0.9760682638828309,1764531545,nominal
850,0.9761870013843744,1764531545,nominal
851,0.9763051487879216,1764531545,nominal
852,0.9764227090051298,1764531545,nominal
853,0.9765396849335304,1764531545,nominal
854,0.976656079456594,1764531545,nominal
855,0.9767718954437956,1764531545,nominal
856,0.97688713575068,1764531545,nominal
857,0.9770018032189272,1764531545,nominal
858,0.9771159006764158,1764531545,nominal
859,0.9772294309372886,1764531545,nominal
860,0.9773423968020156,1764531545,nominal
861,0.9774548010574589,1764531545,nominal
862,0.9775666464769346,1764531545,nominal
863,0.9776779358202776,1764531545,nominal
864,0.9777886718339048,1764531545,nominal
865,0.9778988572508758,1764531545,nominal
866,0.9780084947909576,1764531545,nominal
867,0.9781175871606858,1764531545,nominal
868,0.9782261370534262,1764531545,nominal
869,0.9783341471494378,1764531545,nominal
870,0.9784416201159328,1764531545,nominal
871,0.9785485586071384,1764531545,nominal
872,0.978654965264358,1764531545,nominal
873,0.9787608427160316,1764531545,nominal
874,0.978866193577796,1764531545,nominal
875,0.9789710204525454,1764531545,nominal
876,0.9790753259304906,1764531545,nominal
877,0.9791791125892196,1764531545,nominal
878,0.9792823829937564,1764531545,nominal
879,0.97938513969662,1764531545,nominal
880,0.9794873852378831,1764531545,nominal
881,0.979589122145232,1764531545,nominal
882,0.979690352934024,1764531545,nominal
883,0.979791080107345,1764531545,nominal
884,0.9798913061560685,1764531545,nominal
885,0.9799910335589126,1764531545,nominal
886,0.9800902647824976,1764531545,nominal
887,0.9801890022814032,1764531545,nominal
888,0.9802872484982248,1764531545,nominal
889,0.9803850058636312,1764531545,nominal
890,0.9804822767964204,1764531545,nominal
891,0.9805790637035752,1764531545,nominal
892,0.98067536898032,1764531545,nominal
893,0.9807711950101764,1764531545,nominal
894,0.980866544165018,1764531545,nominal
895,0.9809614188051264,1764531545,nominal
896,0.9810558212792452,1764531545,nominal
897,0.981149753924636,1764531545,nominal
898,0.9812432190671307,1764531545,nominal
899,0.981336219021189,1764531545,nominal
900,0.9814287560899492,1764531545,nominal
901,0.9815208325652832,1764531545,nominal
902,0.9816124507278507,1764531545,nominal
903,0.9817036128471524,1764531545,nominal
904,0.9817943211815812,1764531545,nominal
905,0.9818845779784772,1764531545,nominal
906,0.9819743854741796,1764531545,nominal
907,0.982063745894078,1764531545,nominal
908,0.9821526614526664,1764531545,nominal
909,0.9822411343535938,1764531545,nominal
910,0.982329166789716,1764531545,nominal
911,0.9824167609431472,1764531545,nominal
912,0.982503918985312,1764531545,nominal
913,0.9825906430769944,1764531545,nominal
914,0.9826769353683904,1764531545,nominal
915,0.982762797999158,1764531545,nominal
916,0.9828482330984676,1764531545,nominal
917,0.9829332427850516,1764531545,nominal
918,0.9830178291672536,1764531545,nominal
919,0.9831019943430808,1764531545,nominal
920,0.9831857404002504,1764531545,nominal
921,0.9832690694162406,1764531545,nominal
922,0.983351983458338,1764531545,nominal
923,0.9834344845836884,1764531545,nominal
924,0.9835165748393436,1764531545,nominal
925,0.9835982562623108,1764531545,nominal
926,0.9836795308796,1764531545,nominal
927,0.9834720830802058,1764531545,nominal
928,0.9832656726555956,1764531545,nominal
929,0.9830602944403916,1764531545,nominal
930,0.9828559432944822,1764531545,nominal
931,0.982652614102907,1764531545,nominal
932,0.9824503017757412,1764531545,nominal
933,0.9822490012479808,1764531545,nominal
934,0.9820487074794289,1764531545,nominal
935,0.98184941545458,1764531545,nominal
936,0.9816511201825092,1764531545,nominal
937,0.9817420192739882,1764531545,nominal
938,0.9818324665755996,1764531545,nominal
939,0.9819224643181532,1764531545,nominal
940,0.982012014721603,1764531545,nominal
941,0.9821011199950967,1764531545,nominal
942,0.9821897823370284,1764531545,nominal
943,0.9822780039350872,1764531545,nominal
944,0.98236578696631,1764531545,nominal
945,0.9824531335971296,1764531545,nominal
946,0.9825400459834258,1764531545,nominal
947,0.982626526270575,1764531545,nominal
948,0.9827125765934994,1764531545,nominal
949,0.9827981990767168,1764531545,nominal
950,0.982883395834389,1764531545,nominal
951,0.9829681689703716,1764531545,nominal
952,0.983052520578262,1764531545,nominal
953,0.983136452741448,1764531545,nominal
954,0.9832199675331564,1764531545,nominal
955,0.9833030670165008,1764531545,nominal
956,0.9833857532445296,1764531545,nominal
957,0.9834680282602736,1764531545,nominal
958,0.9835498940967922,1764531545,nominal
959,0.983631352777223,1764531545,nominal
960,0.9837124063148271,1764531545,nominal
961,0.9837930567130372,1764531545,nominal
962,0.9838733059655016,1764531545,nominal
963,0.9839531560561336,1764531545,nominal
964,0.9840326089591565,1764531545,nominal
965,0.9841116666391486,1764531545,nominal
966,0.9841903310510912,1764531545,nominal
967,0.984268604140412,1764531545,nominal
968,0.9843464878430314,1764531545,nominal
969,0.984423984085408,1764531545,nominal
970,0.984501094784583,1764531545,nominal
971,0.9845778218482252,1764531545,nominal
972,0.984654167174676,1764531545,nominal
973,0.9847301326529924,1764531545,nominal
974,0.9848057201629936,1764531545,nominal
975,0.9848809315753024,1764531545,nominal
976,0.9849557687513903,1764531545,nominal
977,0.9850302335436216,1764531545,nominal
978,0.9851043277952952,1764531545,nominal
979,0.98517805334069,1764531545,nominal
980,0.9852514120051052,1764531545,nominal
981,0.9853244056049056,1764531545,nominal
982,0.9853970359475632,1764531545,nominal
983,0.9854693048316993,1764531545,nominal
984,0.985541214047127,1764531545,nominal
985,0.9856127653748942,1764531545,nominal
986,0.985683960587324,1764531545,nominal
987,0.9857548014480576,1764531545,nominal
988,0.9858252897120944,1764531545,nominal
989,0.9858954271258348,1764531545,nominal
990,0.9859652154271208,1764531545,nominal
991,0.9860346563452764,1764531545,nominal
992,0.9861037516011496,1764531545,nominal
993,0.9861725029071512,1764531545,nominal
994,0.9862409119672964,1764531545,nominal
995,0.9863089804772456,1764531545,nominal
996,0.9863767101243426,1764531545,nominal
997,0.986444102587656,1764531545,nominal
998,0.986511159538018,1764531545,nominal
999,0.9865778826380646,1764531545,nominal
1000,0.986644273542274,1764531545,nominal
1001,0.986710333897007,1764531545,nominal
1002,0.9867760653405444,1764531545,nominal
1003,0.986841469503127,1764531545,nominal
1004,0.9869065480069936,1764531545,nominal
1005,0.9869713024664196,1764531545,nominal
1006,0.9870357344877554,1764531545,nominal
1007,0.9870998456694644,1764531545,nominal
1008,0.9871636376021596,1764531545,nominal
1009,0.9872271118686448,1764531545,nominal
1010,0.987290270043948,1764531545,nominal
1011,0.9873531136953612,1764531545,nominal
1012,0.9874156443824772,1764531545,nominal
1013,0.9874778636572268,1764531545,nominal
1014,0.9875397730639148,1764531545,nominal
1015,0.9876013741392576,1764531545,nominal
1016,0.9876626684124196,1764531545,nominal
1017,0.9877236574050487,1764531545,nominal
1018,0.9877843426313148,1764531545,nominal
1019,0.9878447255979426,1764531545,nominal
1020,0.9879048078042494,1764531545,nominal
1021,0.9879645907421812,1764531545,nominal
1022,0.9880240758963474,1764531545,nominal
1023,0.988083264744056,1764531545,nominal
1024,0.9881421587553488,1764531545,nominal
1025,0.988200759393038,1764531545,nominal
1026,0.9882590681127392,1764531545,nominal
1027,0.9883170863629062,1764531545,nominal
1028,0.9883748155848674,1764531545,nominal
1029,0.9884322572128584,1764531545,nominal
1030,0.9884894126740568,1764531545,nominal
1031,0.9885462833886168,1764531545,nominal
1032,0.988602870769702,1764531545,nominal
1033,0.9886591762235204,1764531545,nominal
1034,0.9887152011493576,1764531545,nominal
1035,0.9887709469396098,1764531545,nominal
1036,0.9888264149798176,1764531545,nominal
1037,0.9888816066486992,1764531545,nominal
1038,0.9889365233181828,1764531545,nominal
1039,0.9889911663534404,1764531545,nominal
1040,0.98904553711292,1764531545,nominal
1041,0.9890996369483775,1764531545,nominal
1042,0.9891534672049106,1764531545,nominal
1043,0.9892070292209896,1764531545,nominal
1044,0.98926032432849,1764531545,nominal
1045,0.9893133538527252,1764531545,nominal
1046,0.989366119112477,1764531545,nominal
1047,0.989418621420028,1764531545,nominal
1048,0.9894708620811932,1764531545,nominal
1049,0.9895228423953508,1764531545,nominal
1050,0.989574563655474,1764531545,nominal
1051,0.9896260271481616,1764531545,nominal
1052,0.9896772341536691,1764531545,nominal
1053,0.98972818594594,1764531545,nominal
1054,0.9897788837926356,1764531545,nominal
1055,0.9898293289551652,1764531545,nominal
1056,0.9898795226887176,1764531545,nominal
1057,0.9899294662422916,1764531545,nominal
1058,0.9899791608587236,1764531545,nominal
1059,0.99002860777472,1764531545,nominal
1060,0.9900778082208864,1764531545,nominal
1061,0.9901267634217562,1764531545,nominal
1062,0.9901754745958216,1764531545,nominal
1063,0.9902239429555618,1764531545,nominal
1064,0.9902721697074726,1764531545,nominal
1065,0.9903201560520954,1764531545,nominal
1066,0.9903679031840472,1764531545,nominal
1067,0.9904154122920475,1764531545,nominal
1068,0.9904626845589488,1764531545,nominal
1069,0.9905097211617632,1764531545,nominal
1070,0.9905565232716927,1764531545,nominal
1071,0.9906030920541574,1764531545,nominal
1072,0.9906494286688214,1764531545,nominal
1073,0.9906955342696238,1764531545,nominal
1074,0.990741410004804,1764531545,nominal
1075,0.9907870570169316,1764531545,nominal
1076,0.9908324764429324,1764531545,nominal
1077,0.9908776694141168,1764531545,nominal
1078,0.9909226370562064,1764531545,nominal
1079,0.9909673804893628,1764531545,nominal
1080,0.9910119008282122,1764531545,nominal
1081,0.9910561991818748,1764531545,nominal
1082,0.9911002766539904,1764531545,nominal
1083,0.9911441343427444,1764531545,nominal
1084,0.9911877733408972,1764531545,nominal
1085,0.991231194735807,1764531545,nominal
1086,0.991274399609459,1764531545,nominal
1087,0.9913173890384898,1764531545,nominal
1088,0.9913601640942148,1764531545,nominal
1089,0.991402725842654,1764531545,nominal
1090,0.9914450753445556,1764531545,nominal
1091,0.9914872136554262,1764531545,nominal
1092,0.991529141825552,1764531545,nominal
1093,0.991570860900026,1764531545,nominal
1094,0.9916123719187744,1764531545,nominal
1095,0.9916536759165806,1764531545,nominal
1096,0.9916947739231098,1764531545,nominal
1097,0.9917356669629358,1764531545,nominal
1098,0.991776356055564,1764531545,nominal
1099,0.9918168422154572,1764531545,nominal
1100,0.9918571264520608,1764531545,nominal
1101,0.9918972097698256,1764531545,nominal
1102,0.9919370931682338,1764531545,nominal
1103,0.9919767776418226,1764531545,nominal
1104,0.992016264180208,1764531545,nominal
1105,0.99205555376811,1764531545,nominal
1106,0.9920946473853752,1764531545,nominal
1107,0.9921335460070024,1764531545,nominal
1108,0.9921722506031636,1764531545,nominal
1109,0.9922107621392308,1764531545,nominal
1110,0.9922490815757972,1764531545,nominal
1111,0.9922872098687012,1764531545,nominal
1112,0.99232514796905,1764531545,nominal
1113,0.9923628968232432,1764531545,nominal
1114,0.992400457372994,1764531545,nominal
1115,0.9924378305553538,1764531545,nominal
1116,0.9924750173027348,1764531545,nominal
1117,0.9925120185429328,1764531545,nominal
1118,0.9925488351991488,1764531545,nominal
1119,0.9925854681900128,1764531545,nominal
1120,0.9926219184296048,1764531545,nominal
1121,0.9926581868274788,1764531545,nominal
1122,0.9926942742886836,1764531545,nominal
1123,0.9927301817137856,1764531545,nominal
1124,0.9927659099988904,1764531545,nominal
1125,0.9928014600356646,1764531545,nominal
1126,0.9928368327113584,1764531545,nominal
1127,0.992872028908826,1764531545,nominal
1128,0.9929070495065476,1764531545,nominal
1129,0.9929418953786524,1764531545,nominal
1130,0.9929765673949364,1764531545,nominal
1131,0.993011066420888,1764531545,nominal
1132,0.9930453933177052,1764531545,nominal
1133,0.9930795489423194,1764531545,nominal
1134,0.9931135341474154,1764531545,nominal
1135,0.9931473497814516,1764531545,nominal
1136,0.9931809966886816,1764531545,nominal
1137,0.9932144757091748,1764531545,nominal
1138,0.9932477876788364,1764531545,nominal
1139,0.993280933429428,1764531545,nominal
1140,0.9933139137885884,1764531545,nominal
1141,0.9933467295798536,1764531545,nominal
1142,0.9933793816226768,1764531545,nominal
1143,0.9934118707324482,1764531545,nominal
1144,0.9934441977205156,1764531545,nominal
1145,0.9934763633942044,1764531545,nominal
1146,0.9935083685568358,1764531545,nominal
1147,0.9935402140077488,1764531545,nominal
1148,0.9935719005423178,1764531545,nominal
1149,0.9936034289519732,1764531545,nominal
1150,0.9936348000242198,1764531545,nominal
1151,0.9936660145426576,1764531545,nominal
1152,0.9936970732869996,1764531545,nominal
1153,0.993727977033092,1764531545,nominal
1154,0.9937587265529316,1764531545,nominal
1155,0.9937893226146866,1764531545,nominal
1156,0.9938197659827144,1764531545,nominal
1157,0.99385005741758,1764531545,nominal
1158,0.9938801976760768,1764531545,nominal
1159,0.9939101875112416,1764531545,nominal
1160,0.9939400276723762,1764531545,nominal
1161,0.993969718905064,1764531545,nominal
1162,0.9939992619511896,1764531545,nominal
1163,0.994028657548956,1764531545,nominal
1164,0.9940579064329024,1764531545,nominal
1165,0.994087009333923,1764531545,nominal
1166,0.9941159669792864,1764531545,nominal
1167,0.9941447800926496,1764531545,nominal
1168,0.9941734493940791,1764531545,nominal
1169,0.994201975600068,1764531545,nominal
1170,0.9942303594235522,1764531545,nominal
1171,0.9942586015739292,1764531545,nominal
1172,0.9942867027570744,1764531545,nominal
1173,0.9943146636753608,1764531545,nominal
1174,0.9943424850276732,1764531545,nominal
1175,0.9943701675094274,1764531545,nominal
1176,0.9943977118125866,1764531545,nominal
1177,0.9944251186256786,1764531545,nominal
1178,0.9944523886338124,1764531545,nominal
1179,0.9944795225186954,1764531545,nominal
1180,0.9945065209586506,1764531545,nominal
1181,0.9945333846286316,1764531545,nominal
1182,0.9945601142002414,1764531545,nominal
1183,0.9945867103417472,1764531545,nominal
1184,0.994613173718098,1764531545,nominal
1185,0.99463950499094,1764531545,nominal
1186,0.9946657048186336,1764531545,nominal
1187,0.9946917738562694,1764531545,nominal
1188,0.994717712755684,1764531545,nominal
1189,0.9947435221654766,1764531545,nominal
1190,0.9947692027310244,1764531545,nominal
1191,0.9947947550944992,1764531545,nominal
1192,0.9948201798948824,1764531545,nominal
1193,0.9948454777679808,1764531545,nominal
1194,0.994870649346444,1764531545,nominal
1195,0.9948956952597764,1764531545,nominal
1196,0.9949206161343568,1764531545,nominal
1197,0.9949454125934512,1764531545,nominal
1198,0.9949700852572284,1764531545,nominal
1199,0.9949946347427764,1764531545,nominal
1200,0.995019061664117,1764531545,nominal
1201,0.9950433666322204,1764531545,nominal
1202,0.9950675502550206,1764531545,nominal
1203,0.9950916131374312,1764531545,nominal
1204,0.9951155558813594,1764531545,nominal
1205,0.9951393790857213,1764531545,nominal
1206,0.9951630833464554,1764531545,nominal
1207,0.99518666925654,1764531545,nominal
1208,0.995210137406005,1764531545,nominal
1209,0.995233488381948,1764531545,nominal
1210,0.995256722768549,1764531545,nominal
1211,0.9952798411470828,1764531545,nominal
1212,0.995302844095936,1764531545,nominal
1213,0.99532573219062,1764531545,nominal
1214,0.9953485060037848,1764531545,nominal
1215,0.9953711661052336,1764531545,nominal
1216,0.9953937130619368,1764531545,nominal
1217,0.9954161474380472,1764531545,nominal
1218,0.9954384697949114,1764531545,nominal
1219,0.9954606806910852,1764531545,nominal
1220,0.9954827806823482,1764531545,nominal
1221,0.9955047703217156,1764531545,nominal
1222,0.995526650159453,1764531545,nominal
1223,0.9955484207430904,1764531545,nominal
1224,0.9955700826174346,1764531545,nominal
1225,0.9955916363245836,1764531545,nominal
1226,0.9956130824039386,1764531545,nominal
1227,0.99563442139222,1764531545,nominal
1228,0.9956556538234772,1764531545,nominal
1229,0.9956767802291052,1764531545,nominal
1230,0.9956978011378552,1764531545,nominal
1231,0.995718717075849,1764531545,nominal
1232,0.9957395285665908,1764531545,nominal
1233,0.995760236130982,1764531545,nominal
1234,0.9957808402873324,1764531545,nominal
1235,0.995801341551374,1764531545,nominal
1236,0.9958217404362733,1764531545,nominal
1237,0.9958420374526432,1764531545,nominal
1238,0.9958622331085584,1764531545,nominal
1239,0.9958823279095644,1764531545,nominal
1240,0.9959023223586924,1764531545,nominal
1241,0.9959222169564712,1764531545,nominal
1242,0.9959420122009388,1764531545,nominal
1243,0.995961708587656,1764531545,nominal
1244,0.9959813066097176,1764531545,nominal
1245,0.996000806757765,1764531545,nominal
1246,0.9960202095199988,1764531545,nominal
1247,0.99603951538219,1764531545,nominal
1248,0.9960587248276924,1764531545,nominal
1249,0.9960778383374552,1764531545,nominal
1250,0.9960968563900336,1764531545,nominal
1251,0.996115779461602,1764531545,nominal
1252,0.9961346080259652,1764531545,nominal
1253,0.9961533425545692,1764531545,nominal
1254,0.9961719835165148,1764531545,nominal
1255,0.996190531378568,1764531545,nominal
1256,0.9962089866051717,1764531545,nominal
1257,0.9962273496584568,1764531545,nominal
1258,0.9962456209982548,1764531545,nominal
1259,0.996263801082108,1764531545,nominal
1260,0.996281890365282,1764531545,nominal
1261,0.9962998893007758,1764531545,nominal
1262,0.9963177983393336,1764531545,nominal
1263,0.996335617929456,1764531545,nominal
1264,0.9963533485174112,1764531545,nominal
1265,0.9963709905472454,1764531545,nominal
1266,0.9963885444607954,1764531545,nominal
1267,0.9964060106976972,1764531545,nominal
1268,0.996423389695399,1764531545,nominal
1269,0.996440681889171,1764531545,nominal
1270,0.9964578877121164,1764531545,nominal
1271,0.9964750075951816,1764531545,nominal
1272,0.9964920419671688,1764531545,nominal
1273,0.9965089912547436,1764531545,nominal
1274,0.9965258558824486,1764531545,nominal
1275,0.9965426362727116,1764531545,nominal
1276,0.996559332845858,1764531545,nominal
1277,0.9965759460201196,1764531545,nominal
1278,0.9965924762116458,1764531545,nominal
1279,0.9966089238345142,1764531545,nominal
1280,0.9966252893007396,1764531545,nominal
1281,0.9966415730202858,1764531545,nominal
1282,0.9966577754010748,1764531545,nominal
1283,0.9966738968489977,1764531545,nominal
1284,0.9966899377679233,1764531545,nominal
1285,0.9967058985597096,1764531545,nominal
1286,0.9967217796242136,1764531545,nominal
1287,0.9967375813593002,1764531545,nominal
1288,0.9967533041608534,1764531545,nominal
1289,0.996768948422785,1764531545,nominal
1290,0.9967845145370448,1764531545,nominal
1291,0.9968000028936312,1764531545,nominal
1292,0.9968154138805992,1764531545,nominal
1293,0.9968307478840712,1764531545,nominal
1294,0.9968460052882469,1764531545,nominal
1295,0.9968611864754108,1764531545,nominal
1296,0.9968762918259448,1764531545,nominal
1297,0.9968913217183352,1764531545,nominal
1298,0.9969062765291828,1764531545,nominal
1299,0.9969211566332123,1764531545,nominal
1300,0.9969359624032824,1764531545,nominal
1301,0.9969506942103936,1764531545,nominal
1302,0.9969653524236984,1764531545,nominal
1303,0.9969799374105102,1764531545,nominal
1304,0.9969944495363122,1764531545,nominal
1305,0.9970088891647672,1764531545,nominal
1306,0.9970232566577262,1764531545,nominal
1307,0.9970375523752364,1764531545,nominal
1308,0.9970517766755526,1764531545,nominal
1309,0.9970659299151432,1764531545,nominal
1310,0.9970800124487014,1764531545,nominal
1311,0.9970940246291528,1764531545,nominal
1312,0.9971079668076644,1764531545,nominal
1313,0.9971218393336532,1764531545,nominal
1314,0.9971356425547958,1764531545,nominal
1315,0.9971493768170356,1764531545,nominal
1316,0.9971630424645924,1764531545,nominal
1317,0.997176639839971,1764531545,nominal
1318,0.9971901692839688,1764531545,nominal
1319,0.9972036311356856,1764531545,nominal
1320,0.9972170257325303,1764531545,nominal
1321,0.9972303534102316,1764531545,nominal
1322,0.997243614502844,1764531545,nominal
1323,0.9972568093427578,1764531545,nominal
1324,0.9972699382607064,1764531545,nominal
1325,0.9972830015857752,1764531545,nominal
1326,0.997295999645409,1764531545,nominal
1327,0.9973089327654212,1764531545,nominal
1328,0.9973218012700004,1764531545,nominal
1329,0.9973346054817208,1764531545,nominal
1330,0.9973473457215472,1764531545,nominal
1331,0.997360022308846,1764531545,nominal
1332,0.9973726355613908,1764531545,nominal
1333,0.9973851857953712,1764531545,nominal
1334,0.997397673325402,1764531545,nominal
1335,0.9974100984645282,1764531545,nominal
1336,0.9974224615242354,1764531545,nominal
1337,0.9974347628144556,1764531545,nominal
1338,0.9974470026435768,1764531545,nominal
1339,0.997459181318449,1764531545,nominal
1340,0.9974712991443924,1764531545,nominal
1341,0.997483356425206,1764531545,nominal
1342,0.9974953534631738,1764531545,nominal
1343,0.9975072905590724,1764531545,nominal
1344,0.9975191680121795,1764531545,nominal
1345,0.9975309861202808,1764531545,nominal
1346,0.9975427451796768,1764531545,nominal
1347,0.9975544454851912,1764531545,nominal
1348,0.9975660873301784,1764531545,nominal
1349,0.9975776710065288,1764531545,nominal
1350,0.9975891968046784,1764531545,nominal
1351,0.9976006650136152,1764531545,nominal
1352,0.9976120759208856,1764531545,nominal
1353,0.9976234298126035,1764531545,nominal
1354,0.9976347269734552,1764531545,nominal
1355,0.9976459676867075,1764531545,nominal
1356,0.9976571522342156,1764531545,nominal
1357,0.9976682808964282,1764531545,nominal
1358,0.9976793539523964,1764531545,nominal
1359,0.9976903716797796,1764531545,nominal
1360,0.9977013343548524,1764531545,nominal
1361,0.9977122422525118,1764531545,nominal
1362,0.9977230956462844,1764531545,nominal
1363,0.9977338948083324,1764531545,nominal
1364,0.9977446400094606,1764531545,nominal
1365,0.997755331519124,1764531545,nominal
1366,0.997765969605433,1764531545,nominal
1367,0.997776554535162,1764531545,nominal
1368,0.9977870865737536,1764531545,nominal
1369,0.997797565985328,1764531545,nominal
1370,0.997807993032687,1764531545,nominal
1371,0.9978183679773228,1764531545,nominal
1372,0.9978286910794226,1764531545,nominal
1373,0.9978389625978764,1764531545,nominal
1374,0.9978491827902828,1764531545,nominal
1375,0.9978593519129556,1764531545,nominal
1376,0.9978694702209306,1764531545,nominal
1377,0.997879537967971,1764531545,nominal
1378,0.9978895554065748,1764531545,nominal
1379,0.99789952278798,1764531545,nominal
1380,0.997909440362172,1764531545,nominal
1381,0.9979193083778894,1764531545,nominal
1382,0.9979291270826296,1764531545,nominal
1383,0.9979388967226556,1764531545,nominal
1384,0.9979486175430022,1764531545,nominal
1385,0.9979582897874818,1764531545,nominal
1386,0.9979679136986908,1764531545,nominal
1387,0.9979774895180152,1764531545,nominal
1388,0.9979870174856372,1764531545,nominal
1389,0.9979964978405405,1764531545,nominal
1390,0.9980059308205166,1764531545,nominal
1391,0.9980153166621716,1764531545,nominal
1392,0.99802465560093,1764531545,nominal
1393,0.998033947871043,1764531545,nominal
1394,0.9980431937055928,1764531545,nominal
1395,0.9980523933364984,1764531545,nominal
1396,0.9980615469945222,1764531545,nominal
1397,0.9980706549092756,1764531545,nominal
1398,0.9980797173092238,1764531545,nominal
1399,0.9980887344216928,1764531545,nominal
1400,0.998097706472874,1764531545,nominal
1401,0.9981066336878311,1764531545,nominal
1402,0.998115516290504,1764531545,nominal
1403,0.9981243545037156,1764531545,nominal
1404,0.9981331485491772,1764531545,nominal
1405,0.998141898647494,1764531545,nominal
1406,0.9981506050181704,1764531545,nominal
1407,0.9981592678796158,1764531545,nominal
1408,0.9981678874491496,1764531545,nominal
1409,0.9981764639430069,1764531545,nominal
1410,0.9981849975763434,1764531545,nominal
1411,0.9981934885632426,1764531545,nominal
1412,0.9982019371167186,1764531545,nominal
1413,0.9982103434487228,1764531545,nominal
1414,0.9982187077701496,1764531545,nominal
1415,0.9982270302908404,1764531545,nominal
1416,0.99823531121959,1764531545,nominal
1417,0.9982435507641508,1764531545,nominal
1418,0.9982517491312388,1764531545,nominal
1419,0.9982599065265388,1764531545,nominal
1420,0.9982680231547084,1764531545,nominal
1421,0.9982760992193854,1764531545,nominal
1422,0.9982841349231896,1764531545,nominal
1423,0.9982921304677308,1764531545,nominal
1424,0.9983000860536124,1764531545,nominal
1425,0.9983080018804368,1764531545,nominal
1426,0.99831587814681,1764531545,nominal
1427,0.9983237150503476,1764531545,nominal
1428,0.998331512787678,1764531545,nominal
1429,0.998339271554449,1764531545,nominal
1430,0.998346991545332,1764531545,nominal
1431,0.9983546729540268,1764531545,nominal
1432,0.998362315973266,1764531545,nominal
1433,0.9983699207948208,1764531545,nominal
1434,0.9983774876095056,1764531545,nominal
1435,0.998385016607182,1764531545,nominal
1436,0.9983925079767638,1764531545,nominal
1437,0.9983999619062226,1764531545,nominal
1438,0.9984073785825917,1764531545,nominal
1439,0.99841475819197,1764531545,nominal
1440,0.9984221009195292,1764531545,nominal
1441,0.9984294069495154,1764531545,nominal
1442,0.9984366764652558,1764531545,nominal
1443,0.9984439096491624,1764531545,nominal
1444,0.9984511066827364,1764531545,nominal
1445,0.9984582677465736,1764531545,nominal
1446,0.9984653930203682,1764531545,nominal
1447,0.9984724826829174,1764531545,nominal
1448,0.9984795369121262,1764531545,nominal
1449,0.9984865558850112,1764531545,nominal
1450,0.9984935397777056,1764531545,nominal
1451,0.9985004887654632,1764531545,nominal
1452,0.998507403022664,1764531545,nominal
1453,0.9985142827228162,1764531545,nominal
1454,0.9985211280385624,1764531545,nominal
1455,0.998527939141684,1764531545,nominal
1456,0.9985347162031044,1764531545,nominal
1457,0.9985414593928934,1764531545,nominal
1458,0.9985481688802724,1764531545,nominal
1459,0.9985548448336182,1764531545,nominal
1460,0.9985614874204668,1764531545,nominal
1461,0.9985680968075172,1764531545,nominal
1462,0.9985746731606376,1764531545,nominal
1463,0.9985812166448672,1764531545,nominal
1464,0.9985877274244216,1764531545,nominal
1465,0.9985942056626969,1764531545,nominal
1466,0.9986006515222724,1764531545,nominal
1467,0.9986070651649172,1764531545,nominal
1468,0.998613446751592,1764531545,nominal
1469,0.9986197964424542,1764531545,nominal
1470,0.9986261143968616,1764531545,nominal
1471,0.9986324007733762,1764531545,nominal
1472,0.9986386557297686,1764531545,nominal
1473,0.9986448794230222,1764531545,nominal
1474,0.9986510720093354,1764531545,nominal
1475,0.998657233644128,1764531545,nominal
1476,0.9986633644820434,1764531545,nominal
1477,0.9986694646769528,1764531545,nominal
1478,0.9986755343819592,1764531545,nominal
1479,0.9986815737494016,1764531545,nominal
1480,0.998687582930858,1764531545,nominal
1481,0.9986935620771498,1764531545,nominal
1482,0.9986995113383452,1764531545,nominal
1483,0.9987054308637634,1764531545,nominal
1484,0.998711320801978,1764531545,nominal
1485,0.9987171813008204,1764531545,nominal
1486,0.9987230125073844,1764531545,nominal
1487,0.9987288145680294,1764531545,nominal
1488,0.9987345876283836,1764531545,nominal
1489,0.998740331833348,1764531545,nominal
1490,0.998746047327101,1764531545,nominal
1491,0.9987517342531,1764531545,nominal
1492,0.9987573927540868,1764531545,nominal
1493,0.9987630229720896,1764531545,nominal
1494,0.9987686250484292,1764531545,nominal
1495,0.9987741991237188,1764531545,nominal
1496,0.9987797453378704,1764531545,nominal
1497,0.9987852638300976,1764531545,nominal
1498,0.998790754738918,1764531545,nominal
1499,0.9987962182021586,1764531545,nominal
1500,0.9988016543569572,1764531545,nominal
1501,0.9988070633397672,1764531545,nominal
1502,0.9988124452863612,1764531545,nominal
1503,0.9988178003318328,1764531545,nominal
1504,0.9988231286106016,1764531545,nominal
1505,0.9988284302564158,1764531545,nominal
1506,0.9988337054023556,1764531545,nominal
1507,0.9988389541808372,1764531545,nominal
1508,0.99855245008823,1764531545,nominal
1509,0.9982669507500762,1764531545,nominal
1510,0.9979824551565888,1764531545,nominal
1511,0.9976971431201024,1764531545,nominal
1512,0.997118052328237,1764531545,nominal
1513,0.9962433841553132,1764531545,nominal
1514,0.995070056046408,1764531545,nominal
1515,0.9935937075503044,1764531545,nominal
1516,0.9918087033828896,1764531545,nominal
1517,0.9900066104857892,1764531545,nominal
1518,0.9882020041069176,1764531545,nominal
1519,0.9860872126311554,1764531545,nominal
1520,0.9836598149485064,1764531545,nominal
1521,0.9812363364024924,1764531545,nominal
1522,0.9788226718573446,1764531545,nominal
1523,0.9764246317891636,1764531545,nominal
1524,0.974059711593366,1764531545,nominal
1525,0.971430827076592,1764531545,nominal
1526,0.9691442217461392,1764531545,nominal
1527,0.966303881599753,1764531545,nominal
1528,0.963501946306013,1764531545,nominal
1529,0.960725074264579,1764531545,nominal
1530,0.9576861664863884,1764531545,nominal
1531,0.9543762263403804,1764531545,nominal
1532,0.9508139774241108,1764531545,nominal
1533,0.9472871776338224,1764531545,nominal
1534,0.9437953513975464,1764531545,nominal
1535,0.9406180306013788,1764531545,nominal
1536,0.9371778530452765,1764531545,nominal
1537,0.9340481897743912,1764531545,nominal
1538,0.9309472774986376,1764531545,nominal
1539,0.9281647333997765,1764531545,nominal
1540,0.9256802179915364,1764531545,nominal
1541,0.9232164149858072,1764531545,nominal
1542,0.9210608710711932,1764531545,nominal
1543,0.9189227298500552,1764531545,nominal
1544,0.9167844644169372,1764531545,nominal
1545,0.91466249663473,1764531545,nominal
1546,0.9122898231128972,1764531545,nominal
1547,0.9099366518120352,1764531545,nominal
1548,0.9073189317461086,1764531545,nominal
1549,0.9047231428220324,1764531545,nominal
1550,0.9021490455913288,1764531545,nominal
1551,0.8995964039908754,1764531545,nominal
1552,0.8967840673910036,1764531545,nominal
1553,0.8942757496608128,1764531545,nominal
1554,0.8917881790182024,1764531545,nominal
1555,0.8893211326047286,1764531545,nominal
1556,0.8871290819703215,1764531545,nominal
1557,0.8849535738331208,1764531545,nominal
1558,0.8833243133585987,1764531545,nominal
1559,0.881428680035688,1764531545,nominal
1560,0.8798224495062156,1764531545,nominal
1561,0.8782267446201216,1764531545,nominal
1562,0.8771665448933255,1764531545,nominal
1563,0.8755878068583549,1764531545,nominal
1564,0.8740193868102256,1764531545,nominal
1565,0.8724612051762242,1764531545,nominal
1566,0.8709131831295182,1764531545,nominal
1567,0.8696499663414191,1764531545,nominal
1568,0.868394795767436,1764531545,nominal
1569,0.8669043706866533,1764531545,nominal
1570,0.865424503428172,1764531545,nominal
1571,0.8642283143135691,1764531545,nominal
1572,0.862526257615316,1764531545,nominal
1573,0.8611092267818493,1764531545,nominal
1574,0.8599741630611761,1764531545,nominal
1575,0.8591181584474844,1764531545,nominal
1576,0.8582676885537643,1764531545,nominal
1577,0.8571524269753193,1764531545,nominal
1578,0.8557751066306986,1764531545,nominal
1579,0.8549154657418843,1764531545,nominal
1580,0.8538233730536305,1764531545,nominal
1581,0.8527387962942948,1764531545,nominal
1582,0.8521671742276475,1764531545,nominal
1583,0.8515990848522405,1764531545,nominal
1584,0.8507668469798045,1764531545,nominal
1585,0.8496726910683021,1764531545,nominal
1586,0.8485858671085628,1764531545,nominal
1587,0.847506315091919,1764531545,nominal
1588,0.8464339756309799,1764531545,nominal
1589,0.8451028486006374,1764531545,nominal
1590,0.8435152929472796,1764531545,nominal
1591,0.8419388568734251,1764531545,nominal
1592,0.8401087214419127,1764531545,nominal
1593,0.8382580530679876,1764531545,nominal
1594,0.8364192993418699,1764531545,nominal
1595,0.834592374722968,1764531545,nominal
1596,0.8327771943388036,1764531545,nominal
1597,0.8309736739797072,1764531545,nominal
1598,0.8289561459823362,1764531545,nominal
1599,0.826953225262064,1764531545,nominal
1600,0.8251883754245517,1764531545,nominal
1601,0.8232121876938148,1764531545,nominal
1602,0.8215113346150902,1764531545,nominal
1603,0.8198224604585674,1764531545,nominal
1604,0.8181454618940522,1764531545,nominal
1605,0.8164802367067411,1764531545,nominal
1606,0.8150862124724167,1764531545,nominal
1607,0.8137017161522666,1764531545,nominal
1608,0.8125440257502323,1764531545,nominal
1609,0.8113933323135782,1764531545,nominal
1610,0.8102495881915298,1764531545,nominal
1611,0.8088544308453129,1764531545,nominal
1612,0.8072098463861079,1764531545,nominal
1613,0.8055756251042963,1764531545,nominal
1614,0.8039516947081841,1764531545,nominal
1615,0.8023832769590616,1764531545,nominal
1616,0.8003580459363292,1764531545,nominal
1617,0.7983941837988213,1764531545,nominal
1618,0.7967012633540104,1764531545,nominal
1619,0.795021363803762,1764531545,nominal
1620,0.7933543576480209,1764531545,nominal
1621,0.7921616538731684,1764531545,nominal
1622,0.7907696927106851,1764531545,nominal
1623,0.789640494061822,1764531545,nominal
1624,0.7887711916085607,1764531545,nominal
1625,0.7881142678019548,1764531545,nominal
1626,0.7876681300518,1764531545,nominal
1627,0.7874312168725587,1764531545,nominal
1628,0.7871955832301096,1764531545,nominal
1629,0.7872126512780302,1764531545,nominal
1630,0.7874810658679529,1764531545,nominal
1631,0.7877481104774056,1764531545,nominal
1632,0.7884720993454959,1764531545,nominal
1633,0.7891929558710457,1764531545,nominal
1634,0.7899106908236239,1764531545,nominal
1635,0.7906253149673267,1764531545,nominal
1636,0.7915891592792291,1764531545,nominal
1637,0.7925490200130414,1764531545,nominal
1638,0.7935049086741255,1764531545,nominal
1639,0.7944568367931527,1764531545,nominal
1640,0.7954048159252052,1764531545,nominal
1641,0.7963488576488914,1764531545,nominal
1642,0.7972889735654705,1764531545,nominal
1643,0.7982251752979863,1764531545,nominal
1644,0.7991574744904139,1764531545,nominal
1645,0.800085882806815,1764531545,nominal
1646,0.8010104119305032,1764531545,nominal
1647,0.8019310735632212,1764531545,nominal
1648,0.8028478794243259,1764531545,nominal
1649,0.8037608412499858,1764531545,nominal
1650,0.8046699707923859,1764531545,nominal
1651,0.8055752798189442,1764531545,nominal
1652,0.8064767801115375,1764531545,nominal
1653,0.8073744834657363,1764531545,nominal
1654,0.8082684016900501,1764531545,nominal
1655,0.8091585466051818,1764531545,nominal
1656,0.8100449300432918,1764531545,nominal
1657,0.8109275638472708,1764531545,nominal
1658,0.8118064598700222,1764531545,nominal
1659,0.8126816299737544,1764531545,nominal
1660,0.8135530860292819,1764531545,nominal
1661,0.8144208399153342,1764531545,nominal
1662,0.8152849035178754,1764531545,nominal
1663,0.8161452887294313,1764531545,nominal
1664,0.8170020074484269,1764531545,nominal
1665,0.8178550715785307,1764531545,nominal
1666,0.8187044930280095,1764531545,nominal
1667,0.81955028370909,1764531545,nominal
1668,0.8203924555373306,1764531545,nominal
1669,0.8212310204310007,1764531545,nominal
1670,0.8220659903104678,1764531545,nominal
1671,0.822897377097595,1764531545,nominal
1672,0.8237251927151434,1764531545,nominal
1673,0.8245494490861863,1764531545,nominal
1674,0.8253701581335281,1764531545,nominal
1675,0.826187331779134,1764531545,nominal
1676,0.8270009819435654,1764531545,nominal
1677,0.8278111205454249,1764531545,nominal
1678,0.8286177595008075,1764531545,nominal
1679,0.8294209107227601,1764531545,nominal
1680,0.8302205861207497,1764531545,nominal
1681,0.831016797600137,1764531545,nominal
1682,0.8318095570616593,1764531545,nominal
1683,0.8325988764009198,1764531545,nominal
1684,0.8333847675078849,1764531545,nominal
1685,0.8341672422663885,1764531545,nominal
1686,0.8349463125536422,1764531545,nominal
1687,0.8357219902397555,1764531545,nominal
1688,0.8364942871872598,1764531545,nominal
1689,0.8372632152506425,1764531545,nominal
1690,0.8380287862758851,1764531545,nominal
1691,0.8387910121000097,1764531545,nominal
1692,0.8395499045506332,1764531545,nominal
1693,0.8403054754455253,1764531545,nominal
1694,0.8410577365921765,1764531545,nominal
1695,0.8418066997873701,1764531545,nominal
1696,0.842552376816762,1764531545,nominal
1697,0.843294779454467,1764531545,nominal
1698,0.8440339194626499,1764531545,nominal
1699,0.8447698085911263,1764531545,nominal
1700,0.8455024585769649,1764531545,nominal
1701,0.8462318811441003,1764531545,nominal
1702,0.8469580880029502,1764531545,nominal
1703,0.8476810908500374,1764531545,nominal
1704,0.8484009013676203,1764531545,nominal
1705,0.8491175312233272,1764531545,nominal
1706,0.8498309920697983,1764531545,nominal
1707,0.8505412955443314,1764531545,nominal
1708,0.8512484532685353,1764531545,nominal
1709,0.8519524768479882,1764531545,nominal
1710,0.8526533778719011,1764531545,nominal
1711,0.8533511679127875,1764531545,nominal
1712,0.8540458585261386,1764531545,nominal
1713,0.8547374612501037,1764531545,nominal
1714,0.855425987605176,1764531545,nominal
1715,0.8561114490938836,1764531545,nominal
1716,0.8567938572004864,1764531545,nominal
1717,0.8574732233906778,1764531545,nominal
1718,0.8581495591112908,1764531545,nominal
1719,0.8588228757900114,1764531545,nominal
1720,0.8594931848350941,1764531545,nominal
1721,0.860160497635085,1764531545,nominal
1722,0.8608248255585483,1764531545,nominal
1723,0.8614861799537988,1764531545,nominal
1724,0.8621445721486374,1764531545,nominal
1725,0.8628000134500937,1764531545,nominal
1726,0.8634525151441721,1764531545,nominal
1727,0.8641020884956018,1764531545,nominal
1728,0.8647487447475937,1764531545,nominal
1729,0.8653924951215994,1764531545,nominal
1730,0.8660333508170766,1764531545,nominal
1731,0.8666713230112569,1764531545,nominal
1732,0.8673064228589215,1764531545,nominal
1733,0.8679386614921768,1764531545,nominal
1734,0.8685680500202384,1764531545,nominal
1735,0.869194599529216,1764531545,nominal
1736,0.8698183210819055,1764531545,nominal
1737,0.8704392257175834,1764531545,nominal
1738,0.8710573244518053,1764531545,nominal
1739,0.8716726282762094,1764531545,nominal
1740,0.8722851481583238,1764531545,nominal
1741,0.8728948950413775,1764531545,nominal
1742,0.8735018798441149,1764531545,nominal
1743,0.8741061134606157,1764531545,nominal
1744,0.8747076067601168,1764531545,nominal
1745,0.8753063705868391,1764531545,nominal
1746,0.8759024157598184,1764531545,nominal
1747,0.8764957530727385,1764531545,nominal
1748,0.8770863932937699,1764531545,nominal
1749,0.8776743471654102,1764531545,nominal
1750,0.8782596254043296,1764531545,nominal
1751,0.8788422387012196,1764531545,nominal
1752,0.8794221977206441,1764531545,nominal
1753,0.8799995131008953,1764531545,nominal
1754,0.8805741954538531,1764531545,nominal
1755,0.8811462553648464,1764531545,nominal
1756,0.8817157033925183,1764531545,nominal
1757,0.8822825500686966,1764531545,nominal
1758,0.8828468058982639,1764531545,nominal
1759,0.8834084813590346,1764531545,nominal
1760,0.8839675869016321,1764531545,nominal
1761,0.8845241329493705,1764531545,nominal
1762,0.88507812989814,1764531545,nominal
1763,0.8856295881162942,1764531545,nominal
1764,0.8861785179445405,1764531545,nominal
1765,0.8867249296958343,1764531545,nominal
1766,0.8872688336552756,1764531545,nominal
1767,0.8878102400800082,1764531545,nominal
1768,0.8883491591991224,1764531545,nominal
1769,0.8888856012135606,1764531545,nominal
1770,0.8894195762960244,1764531545,nominal
1771,0.8899510945908864,1764531545,nominal
1772,0.8904801662141032,1764531545,nominal
1773,0.891006801253132,1764531545,nominal
1774,0.8915310097668488,1764531545,nominal
1775,0.8920528017854708,1764531545,nominal
1776,0.8925721873104796,1764531545,nominal
1777,0.8930891763145488,1764531545,nominal
1778,0.8936037787414722,1764531545,nominal
1779,0.8941160045060964,1764531545,nominal
1780,0.8946258634942544,1764531545,nominal
1781,0.8951333655627016,1764531545,nominal
1782,0.895638520539056,1764531545,nominal
1783,0.8961413382217384,1764531545,nominal
1784,0.8966418283799166,1764531545,nominal
1785,0.8971400007534515,1764531545,nominal
1786,0.897635865052844,1764531545,nominal
1787,0.8981294309591873,1764531545,nominal
1788,0.8986207081241181,1764531545,nominal
1789,0.899109706169772,1764531545,nominal
1790,0.8995964346887406,1764531545,nominal
1791,0.9000809032440301,1764531545,nominal
1792,0.9005631213690227,1764531545,nominal
1793,0.90104309856744,1764531545,nominal
1794,0.9015208443133078,1764531545,nominal
1795,0.901996368050924,1764531545,nominal
1796,0.9024696791948276,1764531545,nominal
1797,0.9029407871297694,1764531545,nominal
1798,0.903409701210686,1764531545,nominal
1799,0.9038764307626742,1764531545,nominal
1800,0.904340985080968,1764531545,nominal
1801,0.9048033734309175,1764531545,nominal
1802,0.9052636050479694,1764531545,nominal
1803,0.9057216891376492,1764531545,nominal
1804,0.9061776348755458,1764531545,nominal
1805,0.9066314514072964,1764531545,nominal
1806,0.9070831478485752,1764531545,nominal
1807,0.907532733285082,1764531545,nominal
1808,0.9079802167725336,1764531545,nominal
1809,0.9084256073366552,1764531545,nominal
1810,0.9088689139731768,1764531545,nominal
1811,0.9093101456478268,1764531545,nominal
1812,0.9097493112963304,1764531545,nominal
1813,0.9101864198244094,1764531545,nominal
1814,0.91062148010778,1764531545,nominal
1815,0.911054500992158,1764531545,nominal
1816,0.9114854912932604,1764531545,nominal
1817,0.9119144597968096,1764531545,nominal
1818,0.9123414152585428,1764531545,nominal
1819,0.9127663664042156,1764531545,nominal
1820,0.9131893219296154,1764531545,nominal
1821,0.9136102905005684,1764531545,nominal
1822,0.914029280752954,1764531545,nominal
1823,0.9144463012927164,1764531545,nominal
1824,0.9148613606958806,1764531545,nominal
1825,0.9152744675085668,1764531545,nominal
1826,0.9156856302470084,1764531545,nominal
1827,0.9160948573975706,1764531545,nominal
1828,0.916502157416769,1764531545,nominal
1829,0.9169075387312916,1764531545,nominal
1830,0.9173110097380202,1764531545,nominal
1831,0.9177125788040532,1764531545,nominal
1832,0.9181122542667314,1764531545,nominal
1833,0.9185100444336616,1764531545,nominal
1834,0.918905957582745,1764531545,nominal
1835,0.9193000019622036,1764531545,nominal
1836,0.9196921857906096,1764531545,nominal
1837,0.920082517256916,1764531545,nominal
1838,0.920471004520486,1764531545,nominal
1839,0.9208576557111262,1764531545,nominal
1840,0.9212424789291191,1764531545,nominal
1841,0.9216254822452574,1764531545,nominal
1842,0.9220066737008784,1764531545,nominal
1843,0.9223860613079008,1764531545,nominal
1844,0.9227636530488608,1764531545,nominal
1845,0.9231394568769508,1764531545,nominal
1846,0.9235134807160568,1764531545,nominal
1847,0.9238857324608002,1764531545,nominal
1848,0.924256219976576,1764531545,nominal
1849,0.9246249510995956,1764531545,nominal
1850,0.9249919336369292,1764531545,nominal
1851,0.9253571753665486,1764531545,nominal
1852,0.9257206840373702,1764531545,nominal
1853,0.9260824673693016,1764531545,nominal
1854,0.926442533053286,1764531545,nominal
1855,0.9268008887513488,1764531545,nominal
1856,0.9271575420966448,1764531545,nominal
1857,0.9275125006935058,1764531545,nominal
1858,0.92786577211749,1764531545,nominal
1859,0.9282173639154306,1764531545,nominal
1860,0.928567283605486,1764531545,nominal
1861,0.9289155386771906,1764531545,nominal
1862,0.9292621365915068,1764531545,nominal
1863,0.9296070847808768,1764531545,nominal
1864,0.929950390649275,1764531545,nominal
1865,0.930292061572262,1764531545,nominal
1866,0.9306321048970382,1764531545,nominal
1867,0.9309705279424996,1764531545,nominal
1868,0.931307337999292,1764531545,nominal
1869,0.9316425423298672,1764531545,nominal
1870,0.9319761481685402,1764531545,nominal
1871,0.9323081627215456,1764531545,nominal
1872,0.9326385931670956,1764531545,nominal
1873,0.9329674466554384,1764531545,nominal
1874,0.9332947303089162,1764531545,nominal
1875,0.9336204512220256,1764531545,nominal
1876,0.9339446164614774,1764531545,nominal
1877,0.9342672330662556,1764531545,nominal
1878,0.9345883080476796,1764531545,nominal
1879,0.9349078483894656,1764531545,nominal
1880,0.9352258610477876,1764531545,nominal
1881,0.9355423529513396,1764531545,nominal
1882,0.9358573310014,1764531545,nominal
1883,0.9361708020718932,1764531545,nominal
1884,0.9364827730094532,1764531545,nominal
1885,0.9367932506334886,1764531545,nominal
1886,0.9371022417362472,1764531545,nominal
1887,0.9374097530828798,1764531545,nominal
1888,0.9377157914115064,1764531545,nominal
1889,0.9380203634332812,1764531545,nominal
1890,0.9383234758324602,1764531545,nominal
1891,0.9386251352664656,1764531545,nominal
1892,0.938925348365954,1764531545,nominal
1893,0.9392241217348828,1764531545,nominal
1894,0.9395214619505792,1764531545,nominal
1895,0.9398173755638056,1764531545,nominal
1896,0.9401118690988304,1764531545,nominal
1897,0.9404049490534944,1764531545,nominal
1898,0.9406966218992808,1764531545,nominal
1899,0.9409868940813844,1764531545,nominal
1900,0.94127577201878,1764531545,nominal
1901,0.9415632621042932,1764531545,nominal
1902,0.9418493707046705,1764531545,nominal
1903,0.9421341041606474,1764531545,nominal
1904,0.9424174687870224,1764531545,nominal
1905,0.942699470872725,1764531545,nominal
1906,0.9429801166808875,1764531545,nominal
1907,0.9432594124489172,1764531545,nominal
1908,0.9435373643885668,1764531545,nominal
1909,0.943813978686006,1764531545,nominal
1910,0.9440892615018952,1764531545,nominal
1911,0.944363218971455,1764531545,nominal
1912,0.9446358572045412,1764531545,nominal
1913,0.9449071822857154,1764531545,nominal
1914,0.945177200274319,1764531545,nominal
1915,0.9454459172045458,1764531545,nominal
1916,0.9457133390855148,1764531545,nominal
1917,0.9459794719013442,1764531545,nominal
1918,0.9462443216112236,1764531545,nominal
1919,0.9465078941494898,1764531545,nominal
1920,0.946770195425698,1764531545,nominal
1921,0.9470312313246974,1764531545,nominal
1922,0.9472910077067056,1764531545,nominal
1923,0.9475495304073815,1764531545,nominal
1924,0.9478068052379004,1764531545,nominal
1925,0.9480628379850288,1764531545,nominal
1926,0.9483176344111977,1764531545,nominal
1927,0.9485712002545788,1764531545,nominal
1928,0.9488235412291584,1764531545,nominal
1929,0.9490746630248128,1764531545,nominal
1930,0.9493245713073836,1764531545,nominal
1931,0.9495732717187508,1764531545,nominal
1932,0.9498207698769108,1764531545,nominal
1933,0.9500670713760504,1764531545,nominal
1934,0.9503121817866216,1764531545,nominal
1935,0.9505561066554176,1764531545,nominal
1936,0.9507988515056484,1764531545,nominal
1937,0.9510404218370164,1764531545,nominal
1938,0.9512808231257917,1764531545,nominal
1939,0.9515200608248872,1764531545,nominal
1940,0.951758140363936,1764531545,nominal
1941,0.9519950671493652,1764531545,nominal
1942,0.9522308465644737,1764531545,nominal
1943,0.9524654839695054,1764531545,nominal
1944,0.9526989847017278,1764531545,nominal
1945,0.952931354075506,1764531545,nominal
1946,0.9531625973823796,1764531545,nominal
1947,0.9533927198911376,1764531545,nominal
1948,0.953621726847896,1764531545,nominal
1949,0.9538496234761716,1764531545,nominal
1950,0.9540764149769596,1764531545,nominal
1951,0.954302106528809,1764531545,nominal
1952,0.9545267032878978,1764531545,nominal
1953,0.9547502103881104,1764531545,nominal
1954,0.9549726329411125,1764531545,nominal
1955,0.9551939760364264,1764531545,nominal
1956,0.955414244741509,1764531545,nominal
1957,0.9556334441018256,1764531545,nominal
1958,0.955851579140926,1764531545,nominal
1959,0.9560686548605222,1764531545,nominal
1960,0.9562846762405608,1764531545,nominal
1961,0.9564996482393024,1764531545,nominal
1962,0.9567135757933944,1764531545,nominal
1963,0.956926463817948,1764531545,nominal
1964,0.9571383172066144,1764531545,nominal
1965,0.9573491408316585,1764531545,nominal
1966,0.9575589395440356,1764531545,nominal
1967,0.9577677181734672,1764531545,nominal
1968,0.9579754815285156,1764531545,nominal
1969,0.9581822343966594,1764531545,nominal
1970,0.9583879815443688,1764531545,nominal
1971,0.9585927277171812,1764531545,nominal
1972,0.9587964776397756,1764531545,nominal
1973,0.958999236016048,1764531545,nominal
1974,0.9592010075291866,1764531545,nominal
1975,0.9594017968417464,1764531545,nominal
1976,0.959601608595724,1764531545,nominal
1977,0.9598004474126324,1764531545,nominal
1978,0.9599983178935756,1764531545,nominal
1979,0.960195224619324,1764531545,nominal
1980,0.9603911721503868,1764531545,nominal
1981,0.9605861650270886,1764531545,nominal
1982,0.960780207769642,1764531545,nominal
1983,0.9609733048782236,1764531545,nominal
1984,0.9611654608330458,1764531545,nominal
1985,0.9613566800944324,1764531545,nominal
1986,0.9615469671028918,1764531545,nominal
1987,0.9617363262791916,1764531545,nominal
1988,0.9619247620244312,1764531545,nominal
1989,0.9621122787201152,1764531545,nominal
1990,0.9622988807282288,1764531545,nominal
1991,0.962484572391308,1764531545,nominal
1992,0.9626693580325156,1764531545,nominal
1993,0.9628532419557124,1764531545,nominal
1994,0.9630362284455324,1764531545,nominal
1995,0.9632183217674518,1764531545,nominal
1996,0.9633995261678658,1764531545,nominal
1997,0.9635798458741588,1764531545,nominal
1998,0.9637592850947772,1764531545,nominal
1999,0.9639378480193024,1764531545,nominal
2000,0.9641155388185224,1764531545,nominal
2001,0.9642923616445036,1764531545,nominal
1,0.3333333333333333,1764531490,nominal
2,0.3333333333333333,1764531490,nominal
3,0.3333333333333333,1764531490,nominal
4,0.3333333333333333,1764531490,nominal
5,0.3333333333333333,1764531490,nominal
6,0.3333333333333333,1764531490,nominal
7,0.3333333333333333,1764531490,nominal
8,0.3333333333333333,1764531490,nominal
9,0.3333333333333333,1764531490,nominal
10,0.8681960479623043,1764531490,nominal
11,0.8685114388527695,1764531490,nominal
12,0.8688253236546006,1764531490,nominal
13,0.8691377091764964,1764531490,nominal
14,0.8691896780722735,1764531490,nominal
15,0.8692411128660276,1764531490,nominal
16,0.8697027564571789,1764531490,nominal
17,0.8699016897696084,1764531490,nominal
18,0.8700983247655407,1764531490,nominal
19,0.8700329716629743,1764531490,nominal
20,0.8697065676533807,1764531490,nominal
21,0.8691201303450461,1764531490,nominal
22,0.8685347047909532,1764531490,nominal
23,0.8679503145364685,1764531490,nominal
24,0.8676271005859395,1764531490,nominal
25,0.8673038332687514,1764531490,nominal
26,0.8669805352669355,1764531490,nominal
27,0.8669176580800958,1764531490,nominal
28,0.8665931546730544,1764531490,nominal
29,0.8665293289813453,1764531490,nominal
30,0.8667252463634428,1764531490,nominal
31,0.8671800479834554,1764531490,nominal
32,0.8673706925548583,1764531490,nominal
33,0.8675593205237128,1764531490,nominal
34,0.8677459537052034,1764531490,nominal
35,0.8676691119596532,1764531490,nominal
36,0.8675913829700896,1764531490,nominal
37,0.867251096495727,1764531490,nominal
38,0.8671728555622701,1764531490,nominal
39,0.8670937819828709,1764531490,nominal
40,0.8670138948184946,1764531490,nominal
41,0.8669332128490731,1764531490,nominal
42,0.8671139632128924,1764531490,nominal
43,0.8672928718767187,1764531490,nominal
44,0.8674699583595555,1764531490,nominal
45,0.8676452419696827,1764531490,nominal
46,0.8678187418068927,1764531490,nominal
47,0.8679904767647032,1764531490,nominal
48,0.8681604655325516,1764531490,nominal
49,0.8680656468312329,1764531490,nominal
50,0.8677070779512152,1764531490,nominal
51,0.867349080772527,1764531490,nominal
52,0.8669916689049874,1764531490,nominal
53,0.8663715532151185,1764531490,nominal
54,0.8657532742446955,1764531490,nominal
55,0.8651368420358186,1764531490,nominal
56,0.8645222662834593,1764531490,nominal
57,0.864172978712776,1764531490,nominal
58,0.8638243320178567,1764531490,nominal
59,0.8634763378279141,1764531490,nominal
60,0.863129007507912,1764531490,nominal
61,0.8625187110766479,1764531490,nominal
62,0.8619103435366773,1764531490,nominal
63,0.8615675984328349,1764531490,nominal
64,0.8612255497675813,1764531490,nominal
65,0.8611480237867771,1764531490,nominal
66,0.8610700223091787,1764531490,nominal
67,0.860991558052369,1764531490,nominal
68,0.8609126435425026,1764531490,nominal
69,0.861097446537656,1764531490,nominal
70,0.861544973736325,1764531490,nominal
71,0.8622543208762605,1764531490,nominal
72,0.8629600232926927,1764531490,nominal
73,0.8633973185883593,1764531490,nominal
74,0.8638320374523561,1764531490,nominal
75,0.8639991843421132,1764531490,nominal
76,0.8641648842802532,1764531490,nominal
77,0.8643291510955637,1764531490,nominal
78,0.8644919984762224,1764531490,nominal
79,0.8646534399712553,1764531490,nominal
80,0.8648134889919828,1764531490,nominal
81,0.8649721588134481,1764531490,nominal
82,0.865129462575834,1764531490,nominal
83,0.8652854132858638,1764531490,nominal
84,0.8654400238181904,1764531490,nominal
85,0.8655933069167687,1764531490,nominal
86,0.8657452751962169,1764531490,nominal
87,0.8656298180464619,1764531490,nominal
88,0.8655142520313241,1764531490,nominal
89,0.8653985859367698,1764531490,nominal
90,0.8652828284020664,1764531490,nominal
91,0.8651669879218308,1764531490,nominal
92,0.8650510728480469,1764531490,nominal
93,0.8652015628014832,1764531490,nominal
94,0.8653508040918896,1764531490,nominal
95,0.8657654831771527,1764531490,nominal
96,0.8661778040861577,1764531490,nominal
97,0.8665877811395915,1764531490,nominal
98,0.8667284077887423,1764531490,nominal
99,0.8666007853364326,1764531490,nominal
100,0.8664731996523432,1764531490,nominal
101,0.8663456577674759,1764531490,nominal
102,0.8659509733105166,1764531490,nominal
103,0.865290434707078,1764531490,nominal
104,0.8646325563532384,1764531490,nominal
105,0.8639773353446021,1764531490,nominal
106,0.863324768622515,1764531490,nominal
107,0.8629419745499377,1764531490,nominal
108,0.862827661370966,1764531490,nominal
109,0.8629806359827921,1764531490,nominal
110,0.8631324447548997,1764531490,nominal
111,0.8632830977713195,1764531490,nominal
112,0.8634326050201839,1764531490,nominal
113,0.8638485665491356,1764531490,nominal
114,0.8639945494710093,1764531490,nominal
115,0.8641394213803647,1764531490,nominal
116,0.8642831918770753,1764531490,nominal
117,0.864425870469721,1764531490,nominal
118,0.8645674665765044,1764531490,nominal
119,0.8644399527807478,1764531490,nominal
120,0.8643126026919766,1764531490,nominal
121,0.8641854211246605,1764531490,nominal
122,0.8643265693093133,1764531490,nominal
123,0.864466664499634,1764531490,nominal
124,0.8648740463910765,1764531490,nominal
125,0.8650107904000336,1764531490,nominal
126,0.8648780432647228,1764531490,nominal
127,0.8647455209038514,1764531490,nominal
128,0.8643447168806436,1764531490,nominal
129,0.8642139631805731,1764531490,nominal
130,0.8640834403371072,1764531490,nominal
131,0.8636845680159737,1764531490,nominal
132,0.8632872406928932,1764531490,nominal
133,0.8628914567878965,1764531490,nominal
134,0.8624972146411796,1764531490,nominal
135,0.8621045125147971,1764531490,nominal
136,0.8619819387720754,1764531490,nominal
137,0.8618595915510655,1764531490,nominal
138,0.862006163503715,1764531490,nominal
139,0.8621517228953035,1764531490,nominal
140,0.862027458058805,1764531490,nominal
141,0.8621722960625664,1764531490,nominal
142,0.8620472244178042,1764531490,nominal
143,0.8619224167137467,1764531490,nominal
144,0.8611707999956564,1764531490,nominal
145,0.8606916625974917,1764531490,nominal
146,0.8599457759292185,1764531490,nominal
147,0.8592034160999259,1764531490,nominal
148,0.8584645691290341,1764531490,nominal
149,0.8577292210458067,1764531490,nominal
150,0.8572662767271105,1764531490,nominal
151,0.8568054720235643,1764531490,nominal
152,0.8563467984415555,1764531490,nominal
153,0.8558902475016196,1764531490,nominal
154,0.8560639627415819,1764531490,nominal
155,0.8562365601545275,1764531490,nominal
156,0.8564080478997065,1764531490,nominal
157,0.8565784340690488,1764531490,nominal
158,0.8567477266877714,1764531490,nominal
159,0.8569159337149784,1764531490,nominal
160,0.8568136415845693,1764531490,nominal
161,0.856442129285474,1764531490,nominal
162,0.8563415459024095,1764531490,nominal
163,0.8559717262555554,1764531490,nominal
164,0.8556034332377369,1764531490,nominal
165,0.855236663615251,1764531490,nominal
166,0.8551408106038888,1764531490,nominal
167,0.8550451407088289,1764531490,nominal
168,0.854949656449596,1764531490,nominal
169,0.854854360291552,1764531490,nominal
170,0.8547592546466903,1764531490,nominal
171,0.8549338914344973,1764531490,nominal
172,0.8548378486468211,1764531490,nominal
173,0.8550116392586602,1764531490,nominal
174,0.855184366630747,1764531490,nominal
175,0.8553560380582645,1764531490,nominal
176,0.855526660779811,1764531490,nominal
177,0.8556962419778846,1764531490,nominal
178,0.855864788779362,1764531490,nominal
179,0.8560323082559745,1764531490,nominal
180,0.8564688644428289,1764531490,nominal
181,0.8569032006727625,1764531490,nominal
182,0.8576055990010428,1764531490,nominal
183,0.8583046597224601,1764531490,nominal
184,0.8590003970936514,1764531490,nominal
185,0.8596928253334999,1764531490,nominal
186,0.8603819586228728,1764531490,nominal
187,0.8610678111043667,1764531490,nominal
188,0.8617503968820593,1764531490,nominal
189,0.8624297300212698,1764531490,nominal
190,0.8631058245483239,1764531490,nominal
191,0.8635073404934186,1764531490,nominal
192,0.8639068046342964,1764531490,nominal
193,0.8643042274464855,1764531490,nominal
194,0.8646996193543499,1764531490,nominal
195,0.8644719561300596,1764531490,nominal
196,0.8642453250690781,1764531490,nominal
197,0.8640197220990213,1764531490,nominal
198,0.8637951431566642,1764531490,nominal
199,0.8632997904113074,1764531490,nominal
200,0.862806757439884,1764531490,nominal
201,0.8625878483152687,1764531490,nominal
202,0.8623699349793749,1764531490,nominal
203,0.8621530134639562,1764531490,nominal
204,0.8619370798102262,1764531490,nominal
205,0.8623450177888496,1764531490,nominal
206,0.8627508669475225,1764531490,nominal
207,0.8631546379823881,1764531490,nominal
208,0.8635563415371756,1764531490,nominal
209,0.8642283641124591,1764531490,nominal
210,0.8648971675437743,1764531490,nominal
211,0.8655627658868996,1764531490,nominal
212,0.8662251731563024,1764531490,nominal
213,0.8668844033249464,1764531490,nominal
214,0.8675404703241041,1764531490,nominal
215,0.8681933880431769,1764531490,nominal
216,0.8688431703295204,1764531490,nominal
217,0.8694898309882758,1764531490,nominal
218,0.8701333837822068,1764531490,nominal
219,0.8707738424315428,1764531490,nominal
220,0.8714112206138276,1764531490,nominal
221,0.8720455319637728,1764531490,nominal
222,0.8726767900731194,1764531490,nominal
223,0.8733050084905004,1764531490,nominal
224,0.8739302007213132,1764531490,nominal
225,0.8742782910322378,1764531490,nominal
226,0.8746245850233363,1764531490,nominal
227,0.8749690920778672,1764531490,nominal
228,0.8753118215305385,1764531490,nominal
229,0.87565278266773,1764531490,nominal
230,0.8759919847277169,1764531490,nominal
231,0.876329436900891,1764531490,nominal
232,0.8766651483299833,1764531490,nominal
233,0.8769991281102845,1764531490,nominal
234,0.8773313852898665,1764531490,nominal
235,0.8779366658069867,1764531490,nominal
236,0.878539027067065,1764531490,nominal
237,0.8788635519538299,1764531490,nominal
238,0.8791864016663267,1764531490,nominal
239,0.8795075849775025,1764531490,nominal
240,0.8798271106144196,1764531490,nominal
241,0.8801449872584758,1764531490,nominal
242,0.8801860248278066,1764531490,nominal
243,0.8802267221828814,1764531490,nominal
244,0.8802670824637119,1764531490,nominal
245,0.8803071087789196,1764531490,nominal
246,0.8803468042060693,1764531490,nominal
247,0.8806614944683564,1764531490,nominal
248,0.8809745658486163,1764531490,nominal
249,0.8812860267801764,1764531490,nominal
250,0.8815958856525535,1764531490,nominal
251,0.8819041508116634,1764531490,nominal
252,0.8824864767552693,1764531490,nominal
253,0.8830659945875581,1764531490,nominal
254,0.8836427169195382,1764531490,nominal
255,0.8842166563189033,1764531490,nominal
256,0.8847878253099796,1764531490,nominal
257,0.885356236373677,1764531490,nominal
258,0.8856457189674427,1764531490,nominal
259,0.8859337087554401,1764531490,nominal
260,0.8862202135636609,1764531490,nominal
261,0.8865052411767443,1764531490,nominal
262,0.886788799338184,1764531490,nominal
263,0.8870708957505349,1764531490,nominal
264,0.8873515380756205,1764531490,nominal
265,0.8876307339347373,1764531490,nominal
266,0.88790849090886,1764531490,nominal
267,0.8881848165388456,1764531490,nominal
268,0.8887364217510821,1764531490,nominal
269,0.8892853610635431,1764531490,nominal
270,0.889831646553837,1764531490,nominal
271,0.8903752902562918,1764531490,nominal
272,0.890916304161939,1764531490,nominal
273,0.8914547002185014,1764531490,nominal
274,0.8917311881463131,1764531490,nominal
275,0.8920060758668258,1764531490,nominal
276,0.8922793734094115,1764531490,nominal
277,0.8925510907356561,1764531490,nominal
278,0.8928212377398264,1764531490,nominal
279,0.8930898242493346,1764531490,nominal
280,0.8933568600252014,1764531490,nominal
281,0.8936223547625138,1764531490,nominal
282,0.8938863180908827,1764531490,nominal
283,0.8941487595748957,1764531490,nominal
284,0.8946703672841355,1764531490,nominal
285,0.8951894562999533,1764531490,nominal
286,0.8954294563538849,1764531490,nominal
287,0.8956682117456084,1764531490,nominal
288,0.8959057290895711,1764531490,nominal
289,0.8961420149640879,1764531490,nominal
290,0.896377075911537,1764531490,nominal
291,0.8963341230418079,1764531490,nominal
292,0.896291278000035,1764531490,nominal
293,0.8962485414100989,1764531490,nominal
294,0.8962059138797119,1764531490,nominal
295,0.895886570080316,1764531490,nominal
296,0.8958455311286706,1764531490,nominal
297,0.8958045963315975,1764531490,nominal
298,0.8957637662646349,1764531490,nominal
299,0.8957230414881797,1764531490,nominal
300,0.8956824225477049,1764531490,nominal
301,0.8959188274333444,1764531490,nominal
302,0.8961540166511666,1764531490,nominal
303,0.8963879965651649,1764531490,nominal
304,0.8966207735054263,1764531490,nominal
305,0.8971294918094463,1764531490,nominal
306,0.8976357587234643,1764531490,nominal
307,0.8981395853516314,1764531490,nominal
308,0.8986409827573033,1764531490,nominal
309,0.8991399619630562,1764531490,nominal
310,0.899636533950701,1764531490,nominal
311,0.9001307096613038,1764531490,nominal
312,0.9006224999952068,1764531490,nominal
313,0.9011119158120512,1764531490,nominal
314,0.9015989679308024,1764531490,nominal
315,0.9020836671297788,1764531490,nominal
316,0.9025660241466807,1764531490,nominal
317,0.9030460496786225,1764531490,nominal
318,0.9035237543821658,1764531490,nominal
319,0.9039991488733568,1764531490,nominal
320,0.9044722437277634,1764531490,nominal
321,0.904943049480514,1764531490,nominal
322,0.9054115766263408,1764531490,nominal
323,0.905877835619623,1764531490,nominal
324,0.9063418368744304,1764531490,nominal
325,0.9068035907645732,1764531490,nominal
326,0.907263107623649,1764531490,nominal
327,0.9074416342046352,1764531490,nominal
328,0.907619232466911,1764531490,nominal
329,0.9077959073849602,1764531490,nominal
330,0.9079716639054338,1764531490,nominal
331,0.9081465069473134,1764531490,nominal
332,0.9083204414020728,1764531490,nominal
333,0.9084934721338396,1764531490,nominal
334,0.9086656039795552,1764531490,nominal
335,0.9088368417491328,1764531490,nominal
336,0.9087281322217972,1764531490,nominal
337,0.9088989563470428,1764531490,nominal
338,0.9090688942450232,1764531490,nominal
339,0.9092379506469744,1764531490,nominal
340,0.9094061302577968,1764531490,nominal
341,0.9095734377562074,1764531490,nominal
342,0.9097398777948944,1764531490,nominal
343,0.9099054550006682,1764531490,nominal
344,0.9100701739746108,1764531490,nominal
345,0.9102340392922282,1764531490,nominal
346,0.9106764579277824,1764531490,nominal
347,0.9111167330016688,1764531490,nominal
348,0.9115548743997024,1764531490,nominal
349,0.9119908919686464,1764531490,nominal
350,0.9124247955162768,1764531490,nominal
351,0.912856594811447,1764531490,nominal
352,0.913286299584154,1764531490,nominal
353,0.9137139195256055,1764531490,nominal
354,0.9141394642882892,1764531490,nominal
355,0.914562943486043,1764531490,nominal
356,0.9149843666941252,1764531490,nominal
357,0.9154037434492884,1764531490,nominal
358,0.915821083249852,1764531490,nominal
359,0.9162363955557776,1764531490,nominal
360,0.916649689788745,1764531490,nominal
361,0.9170609753322284,1764531490,nominal
362,0.9174702615315754,1764531490,nominal
363,0.9178775576940856,1764531490,nominal
364,0.918282873089091,1764531490,nominal
365,0.918686216948037,1764531490,nominal
366,0.9190875984645646,1764531490,nominal
367,0.9194870267945938,1764531490,nominal
368,0.9198845110564068,1764531490,nominal
369,0.9202800603307344,1764531490,nominal
370,0.9206736836608403,1764531490,nominal
371,0.9210653900526092,1764531490,nominal
372,0.9214551884746326,1764531490,nominal
373,0.9218430878582992,1764531490,nominal
374,0.922229097097883,1764531490,nominal
375,0.922613225050634,1764531490,nominal
376,0.9229954805368676,1764531490,nominal
377,0.923375872340058,1764531490,nominal
378,0.9237544092069288,1764531490,nominal
379,0.9238497492854044,1764531490,nominal
380,0.9239445828481168,1764531490,nominal
381,0.9240389127235176,1764531490,nominal
382,0.9241327417229948,1764531490,nominal
383,0.9242260726409864,1764531490,nominal
384,0.9243189082550944,1764531490,nominal
385,0.9244112513261948,1764531490,nominal
386,0.9245031045985516,1764531490,nominal
387,0.9245944707999254,1764531490,nominal
388,0.924685352641684,1764531490,nominal
389,0.9250573245530186,1764531490,nominal
390,0.9254274827460828,1764531490,nominal
391,0.9257958357420762,1764531490,nominal
392,0.9261623920262888,1764531490,nominal
393,0.9265271600481968,1764531490,nominal
394,0.9268901482215598,1764531490,nominal
395,0.9272513649245152,1764531490,nominal
396,0.9276108184996772,1764531490,nominal
397,0.9279685172542358,1764531490,nominal
398,0.928324469460052,1764531490,nominal
399,0.9286786833537596,1764531490,nominal
400,0.9290311671368632,1764531490,nominal
401,0.9293819289758378,1764531490,nominal
402,0.9297309770022308,1764531490,nominal
403,0.9300783193127612,1764531490,nominal
404,0.9304239639694204,1764531490,nominal
405,0.930767918999576,1764531490,nominal
406,0.931110192396072,1764531490,nominal
407,0.9314507921173316,1764531490,nominal
408,0.931789726087461,1764531490,nominal
409,0.9321270021963508,1764531490,nominal
410,0.9324626282997808,1764531490,nominal
411,0.932796612219524,1764531490,nominal
412,0.9331289617434504,1764531490,nominal
413,0.9334596846256306,1764531490,nominal
414,0.9337887885864428,1764531490,nominal
415,0.9341162813126754,1764531490,nominal
416,0.934442170457635,1764531490,nominal
417,0.9347664636412496,1764531490,nominal
418,0.9350891684501756,1764531490,nominal
419,0.9354102924379046,1764531490,nominal
420,0.935729843124869,1764531490,nominal
421,0.936047827998548,1764531490,nominal
422,0.9363642545135764,1764531490,nominal
423,0.9366791300918492,1764531490,nominal
424,0.9369924621226312,1764531490,nominal
425,0.9373042579626618,1764531490,nominal
426,0.9376145249362656,1764531490,nominal
427,0.9379232703354572,1764531490,nominal
428,0.9382305014200508,1764531490,nominal
429,0.9385362254177684,1764531490,nominal
430,0.9388404495243466,1764531490,nominal
431,0.9391431809036462,1764531490,nominal
432,0.9394444266877596,1764531490,nominal
433,0.93974419397712,1764531490,nominal
434,0.94004248984061,1764531490,nominal
435,0.940339321315669,1764531490,nominal
436,0.9406346954084042,1764531490,nominal
437,0.9409286190936978,1764531490,nominal
438,0.941221099315316,1764531490,nominal
439,0.9415121429860186,1764531490,nominal
440,0.9418017569876672,1764531490,nominal
441,0.9420899481713352,1764531490,nominal
442,0.9423767233574156,1764531490,nominal
443,0.942662089335732,1764531490,nominal
444,0.9429460528656454,1764531490,nominal
445,0.9432286206761648,1764531490,nominal
446,0.943509799466056,1764531490,nominal
447,0.9437895959039504,1764531490,nominal
448,0.9440680166284552,1764531490,nominal
449,0.9443450682482604,1764531490,nominal
450,0.94462075734225,1764531490,nominal
451,0.9448950904596094,1764531490,nominal
452,0.9451680741199356,1764531490,nominal
453,0.9454397148133452,1764531490,nominal
454,0.9457100190005842,1764531490,nominal
455,0.9459789931131356,1764531490,nominal
456,0.9462466435533298,1764531490,nominal
457,0.9465129766944512,1764531490,nominal
458,0.9467779988808488,1764531490,nominal
459,0.9467571612011472,1764531490,nominal
460,0.9467364078522638,1764531490,nominal
461,0.9467157386186263,1764531490,nominal
462,0.9466951532835658,1764531490,nominal
463,0.9466746516293432,1764531490,nominal
464,0.9466542334371802,1764531490,nominal
465,0.946633898487286,1764531490,nominal
466,0.9466136465588854,1764531490,nominal
467,0.9465934774302466,1764531490,nominal
468,0.9465733908787082,1764531490,nominal
469,0.946837998141328,1764531490,nominal
470,0.9471013038772595,1764531490,nominal
471,0.9473633143486856,1764531490,nominal
472,0.9476240357893728,1764531490,nominal
473,0.9478834744047778,1764531490,nominal
474,0.9481416363721548,1764531490,nominal
475,0.9483985278406613,1764531490,nominal
476,0.9486541549314657,1764531490,nominal
477,0.9489085237378532,1764531490,nominal
478,0.9491616403253312,1764531490,nominal
479,0.9494135107317384,1764531490,nominal
480,0.9496641409673474,1764531490,nominal
481,0.9499135370149724,1764531490,nominal
482,0.9501617048300754,1764531490,nominal
483,0.9504086503408712,1764531490,nominal
484,0.950654379448433,1764531490,nominal
485,0.9508988980267978,1764531490,nominal
486,0.951142211923072,1764531490,nominal
487,0.9513843269575368,1764531490,nominal
488,0.9516252489237518,1764531490,nominal
489,0.951864983588661,1764531490,nominal
490,0.9521035366926968,1764531490,nominal
491,0.9523409139498852,1764531490,nominal
492,0.9525771210479496,1764531490,nominal
493,0.952812163648414,1764531490,nominal
494,0.953046047386709,1764531490,nominal
495,0.9532787778722736,1764531490,nominal
496,0.9535103606886596,1764531490,nominal
497,0.9537408013936348,1764531490,nominal
498,0.9539701055192872,1764531490,nominal
499,0.9541982785721256,1764531490,nominal
500,0.9544253260331848,1764531490,nominal
501,0.9546512533581264,1764531490,nominal
502,0.9548760659773428,1764531490,nominal
503,0.955099769296058,1764531490,nominal
504,0.9553223686944298,1764531490,nominal
505,0.9555438695276524,1764531490,nominal
506,0.955764277126057,1764531490,nominal
507,0.9559835967952136,1764531490,nominal
508,0.9562018338160312,1764531490,nominal
509,0.95641899344486,1764531490,nominal
510,0.9566350809135914,1764531490,nominal
511,0.956850101429758,1764531490,nominal
512,0.9570640601766346,1764531490,nominal
513,0.9572769623133373,1764531490,nominal
514,0.9574888129749234,1764531490,nominal
515,0.9576996172724916,1764531490,nominal
516,0.9579093802932804,1764531490,nominal
517,0.9581181071007672,1764531490,nominal
518,0.9583258027347674,1764531490,nominal
519,0.9585324722115324,1764531490,nominal
520,0.9587381205238488,1764531490,nominal
521,0.9589427526411344,1764531490,nominal
522,0.9591463735095388,1764531490,nominal
523,0.9593489880520384,1764531490,nominal
524,0.9595506011685346,1764531490,nominal
525,0.9597512177359508,1764531490,nominal
526,0.9596428176057408,1764531490,nominal
527,0.9595347131846348,1764531490,nominal
528,0.9594269051181964,1764531490,nominal
529,0.9593193940323232,1764531490,nominal
530,0.9592121805334464,1764531490,nominal
531,0.9591052652087227,1764531490,nominal
532,0.9589986486262312,1764531490,nominal
533,0.958892331335163,1764531490,nominal
534,0.9587863138660164,1764531490,nominal
535,0.9586805967307857,1764531490,nominal
536,0.958886505201234,1764531490,nominal
537,0.959091386584085,1764531490,nominal
538,0.959295245969728,1764531490,nominal
539,0.9594980884238528,1764531490,nominal
540,0.9596999189875598,1764531490,nominal
541,0.9599007426774736,1764531490,nominal
542,0.9601005644858516,1764531490,nominal
543,0.9602993893806964,1764531490,nominal
544,0.9602101106992376,1764531490,nominal
545,0.960121266640228,1764531490,nominal
546,0.9600328551596378,1764531490,nominal
547,0.9599448742221915,1764531490,nominal
548,0.9598573218013414,1764531490,nominal
549,0.9597701958792408,1764531490,nominal
550,0.9596834944467182,1764531490,nominal
551,0.9595972155032496,1764531490,nominal
552,0.959511357056932,1764531490,nominal
553,0.959425917124458,1764531490,nominal
554,0.959627936191934,1764531490,nominal
555,0.9598289491019466,1764531490,nominal
556,0.9600289608275404,1764531490,nominal
557,0.9602279763177428,1764531490,nominal
558,0.9604260004976696,1764531490,nominal
559,0.9606230382686352,1764531490,nominal
560,0.9608190945082582,1764531490,nominal
561,0.9610141740705672,1764531490,nominal
562,0.9612082817861084,1764531490,nominal
563,0.9614014224620512,1764531490,nominal
564,0.9615936008822928,1764531490,nominal
565,0.961784821807564,1764531490,nominal
566,0.9619750899755344,1764531490,nominal
567,0.9621644101009164,1764531490,nominal
568,0.9623527868755692,1764531490,nominal
569,0.962540224968602,1764531490,nominal
570,0.962726729026479,1764531490,nominal
571,0.9629123036731204,1764531490,nominal
572,0.9630969535100056,1764531490,nominal
573,0.963280683116277,1764531490,nominal
574,0.9634634970488394,1764531490,nominal
575,0.9636453998424634,1764531490,nominal
576,0.9638263960098856,1764531490,nominal
577,0.9640064900419092,1764531490,nominal
578,0.9641856864075058,1764531490,nominal
579,0.9643639895539138,1764531490,nominal
580,0.9645414039067388,1764531490,nominal
581,0.9647179338700532,1764531490,nominal
582,0.9648935838264946,1764531490,nominal
583,0.9650683581373644,1764531490,nominal
584,0.9652422611427266,1764531490,nominal
585,0.965415297161505,1764531490,nominal
586,0.9655874704915808,1764531490,nominal
587,0.96575878540989,1764531490,nominal
588,0.9659292461725202,1764531490,nominal
589,0.9660988570148062,1764531490,nominal
590,0.966267622151427,1764531490,nominal
591,0.9664355457765008,1764531490,nominal
592,0.9666026320636806,1764531490,nominal
593,0.9667688851662488,1764531490,nominal
594,0.9669343092172118,1764531490,nominal
595,0.9670989083293944,1764531490,nominal
596,0.9672626865955344,1764531490,nominal
597,0.9674256480883736,1764531490,nominal
598,0.9675877968607532,1764531490,nominal
599,0.967749136945706,1764531490,nominal
600,0.9679096723565478,1764531490,nominal
601,0.9680694070869712,1764531490,nominal
602,0.9682283451111348,1764531490,nominal
603,0.9683864903837568,1764531490,nominal
604,0.9685438468402044,1764531490,nominal
605,0.968700418396585,1764531490,nominal
606,0.968856208949836,1764531490,nominal
607,0.969011222377815,1764531490,nominal
608,0.9691654625393892,1764531490,nominal
609,0.969318933274524,1764531490,nominal
610,0.9694716384043722,1764531490,nominal
611,0.9696235817313626,1764531490,nominal
612,0.9697747670392874,1764531490,nominal
613,0.9699251980933904,1764531490,nominal
614,0.9700748786404536,1764531490,nominal
615,0.9702238124088848,1764531490,nominal
616,0.9703720031088044,1764531490,nominal
617,0.970519454432131,1764531490,nominal
618,0.970666170052667,1764531490,nominal
619,0.9708121536261856,1764531490,nominal
620,0.970957408790514,1764531490,nominal
621,0.97110193916562,1764531490,nominal
622,0.9712457483536956,1764531490,nominal
623,0.9713888399392404,1764531490,nominal
624,0.9715312174891474,1764531490,nominal
625,0.971672884552784,1764531490,nominal
626,0.9718138446620772,1764531490,nominal
627,0.9719541013315952,1764531490,nominal
628,0.9720936580586296,1764531490,nominal
629,0.9722325183232776,1764531490,nominal
630,0.9723706855885244,1764531490,nominal
631,0.9725081633003236,1764531490,nominal
632,0.9726449548876792,1764531490,nominal
633,0.9727810637627248,1764531490,nominal
634,0.9729164933208044,1764531490,nominal
635,0.9730512469405544,1764531490,nominal
636,0.9731853279839796,1764531490,nominal
637,0.973318739796535,1764531490,nominal
638,0.9734514857072049,1764531490,nominal
639,0.9735835690285796,1764531490,nominal
640,0.9737149930569348,1764531490,nominal
641,0.9738457610723104,1764531490,nominal
642,0.9739758763385864,1764531490,nominal
643,0.9741053421035611,1764531490,nominal
644,0.974234161599028,1764531490,nominal
645,0.9743623380408514,1764531490,nominal
646,0.9744898746290448,1764531490,nominal
647,0.9746167745478448,1764531490,nominal
648,0.9747430409657868,1764531490,nominal
649,0.9748686770357822,1764531490,nominal
650,0.9749936858951906,1764531490,nominal
651,0.9751180706658972,1764531490,nominal
652,0.975241834454384,1764531490,nominal
653,0.9753649803518066,1764531490,nominal
654,0.9754875114340666,1764531490,nominal
655,0.9756094307618844,1764531490,nominal
656,0.975730741380873,1764531490,nominal
657,0.9758514463216104,1764531490,nominal
658,0.9759715485997116,1764531490,nominal
659,0.976091051215902,1764531490,nominal
660,0.9762099571560864,1764531490,nominal
661,0.9763282693914234,1764531490,nominal
662,0.9764459908783945,1764531490,nominal
663,0.9765631245588748,1764531490,nominal
664,0.9766796733602056,1764531490,nominal
665,0.9767956401952618,1764531490,nominal
666,0.9769110279625232,1764531490,nominal
667,0.9770258395461434,1764531490,nominal
668,0.97714007781602,1764531490,nominal
669,0.9772537456278616,1764531490,nominal
670,0.977366845823259,1764531490,nominal
671,0.9774793812297504,1764531490,nominal
672,0.9775913546608918,1764531490,nominal
673,0.9777027689163236,1764531490,nominal
674,0.977813626781838,1764531490,nominal
675,0.9779239310294464,1764531490,nominal
676,0.9780336844174448,1764531490,nominal
677,0.9781428896904828,1764531490,nominal
678,0.978251549579627,1764531490,nominal
679,0.9783596668024288,1764531490,nominal
680,0.9784672440629888,1764531490,nominal
681,0.9785742840520226,1764531490,nominal
682,0.9786807894469252,1764531490,nominal
683,0.9787867629118362,1764531490,nominal
684,0.978892207097704,1764531490,nominal
685,0.9789971246423496,1764531490,nominal
686,0.9791015181705308,1764531490,nominal
687,0.9792053902940052,1764531490,nominal
688,0.9793087436115931,1764531490,nominal
689,0.9794115807092424,1764531490,nominal
690,0.9795139041600884,1764531490,nominal
691,0.9796157165245172,1764531490,nominal
692,0.9797170203502292,1764531490,nominal
693,0.9798178181722984,1764531490,nominal
694,0.9799181125132354,1764531490,nominal
695,0.9800179058830484,1764531490,nominal
696,0.9801172007793044,1764531490,nominal
697,0.980215999687188,1764531490,nominal
698,0.9803143050795642,1764531490,nominal
699,0.9804121194170368,1764531490,nominal
700,0.9805094451480092,1764531490,nominal
701,0.9806062847087426,1764531490,nominal
702,0.9807026405234168,1764531490,nominal
703,0.980798515004188,1764531490,nominal
704,0.980893910551248,1764531490,nominal
705,0.9809888295528826,1764531490,nominal
706,0.9810832743855292,1764531490,nominal
707,0.9811772474138356,1764531490,nominal
708,0.9812707509907173,1764531490,nominal
709,0.9813637874574132,1764531490,nominal
710,0.9814563591435458,1764531490,nominal
711,0.981548468367175,1764531490,nominal
712,0.981640117434857,1764531490,nominal
713,0.9817313086416984,1764531490,nominal
714,0.981822044271414,1764531490,nominal
715,0.9819123265963818,1764531490,nominal
716,0.9820021578776978,1764531490,nominal
717,0.9820915403652328,1764531490,nominal
718,0.982180476297686,1764531490,nominal
719,0.9822689679026404,1764531490,nominal
720,0.9823570173966172,1764531490,nominal
721,0.982444626985129,1764531490,nominal
722,0.9825317988627356,1764531490,nominal
723,0.9826185352130962,1764531490,nominal
724,0.9827048382090232,1764531490,nominal
725,0.9827907100125356,1764531490,nominal
726,0.982876152774912,1764531490,nominal
727,0.982961168636743,1764531490,nominal
728,0.9830457597279836,1764531490,nominal
729,0.9831299281680056,1764531490,nominal
730,0.9832136760656492,1764531490,nominal
731,0.9832970055192756,1764531490,nominal
732,0.9833799186168166,1764531490,nominal
733,0.9834624174358289,1764531490,nominal
734,0.9835445040435412,1764531490,nominal
735,0.9836261804969084,1764531490,nominal
736,0.9837074488426591,1764531490,nominal
737,0.9837883111173492,1764531490,nominal
738,0.9838687693474084,1764531490,nominal
739,0.983948825549192,1764531490,nominal
740,0.9840284817290306,1764531490,nominal
741,0.9841077398832784,1764531490,nominal
742,0.9841866019983624,1764531490,nominal
743,0.9842650700508322,1764531490,nominal
744,0.9843431460074076,1764531490,nominal
745,0.9844208318250268,1764531490,nominal
746,0.984498129450896,1764531490,nominal
747,0.9845750408225356,1764531490,nominal
748,0.9846515678678288,1764531490,nominal
749,0.9847277125050689,1764531490,nominal
750,0.984803476643006,1764531490,nominal
751,0.9848788621808954,1764531490,nominal
752,0.9849538710085426,1764531490,nominal
753,0.9850285050063512,1764531490,nominal
754,0.9851027660453684,1764531490,nominal
755,0.9851766559873316,1764531490,nominal
756,0.9852501766847148,1764531490,nominal
757,0.9853233299807715,1764531490,nominal
758,0.9853961177095848,1764531490,nominal
759,0.9854685416961084,1764531490,nominal
760,0.985540603756214,1764531490,nominal
761,0.9856123056967347,1764531490,nominal
762,0.9856836493155112,1764531490,nominal
763,0.9857546364014342,1764531490,nominal
764,0.9858252687344904,1764531490,nominal
765,0.9858955480858052,1764531490,nominal
766,0.9859654762176868,1764531490,nominal
767,0.9860350548836702,1764531490,nominal
768,0.9861042858285596,1764531490,nominal
769,0.986173170788472,1764531490,nominal
770,0.9862417114908806,1764531490,nominal
771,0.9863099096546564,1764531490,nominal
772,0.9863777669901116,1764531490,nominal
773,0.9864452851990416,1764531490,nominal
774,0.9865124659747668,1764531490,nominal
775,0.9865793110021744,1764531490,nominal
776,0.9866458219577612,1764531490,nominal
777,0.9867120005096732,1764531490,nominal
778,0.9867778483177486,1764531490,nominal
779,0.986843367033558,1764531490,nominal
780,0.9869085583004455,1764531490,nominal
781,0.9869734237535692,1764531490,nominal
782,0.987037965019942,1764531490,nominal
783,0.9871021837184712,1764531490,nominal
784,0.9871660814599996,1764531490,nominal
785,0.9872296598473442,1764531490,nominal
786,0.9872929204753376,1764531490,nominal
787,0.987355864930865,1764531490,nominal
788,0.9874184947929064,1764531490,nominal
789,0.9874808116325736,1764531490,nominal
790,0.9875428170131498,1764531490,nominal
791,0.9876045124901288,1764531490,nominal
792,0.9876658996112524,1764531490,nominal
793,0.9877269799165506,1764531490,nominal
794,0.9877877549383776,1764531490,nominal
795,0.9878482262014516,1764531490,nominal
796,0.9879083952228916,1764531490,nominal
797,0.9879682635122554,1764531490,nominal
798,0.9880278325715772,1764531490,nominal
799,0.988087103895405,1764531490,nominal
800,0.988146078970836,1764531490,nominal
801,0.9882047592775564,1764531490,nominal
802,0.9882631462878756,1764531490,nominal
803,0.9883212414667646,1764531490,nominal
804,0.9883790462718908,1764531490,nominal
805,0.9884365621536544,1764531490,nominal
806,0.9884937905552266,1764531490,nominal
807,0.9885507329125824,1764531490,nominal
808,0.988607390654538,1764531490,nominal
809,0.988663765202786,1764531490,nominal
810,0.9887198579719304,1764531490,nominal
811,0.9887756703695226,1764531490,nominal
812,0.9888312037960948,1764531490,nominal
813,0.9888864596451968,1764531490,nominal
814,0.9889414393034284,1764531490,nominal
815,0.9889961441504768,1764531490,nominal
816,0.9890505755591472,1764531490,nominal
817,0.9891047348954004,1764531490,nominal
818,0.9891586235183842,1764531490,nominal
819,0.9892122427804696,1764531490,nominal
820,0.9892655940272818,1764531490,nominal
821,0.9893186785977351,1764531490,nominal
822,0.9893714978240672,1764531490,nominal
823,0.9894240530318698,1764531490,nominal
824,0.989476345540124,1764531490,nominal
825,0.9895283766612316,1764531490,nominal
826,0.9895801477010484,1764531490,nominal
827,0.9896316599589168,1764531490,nominal
828,0.9896829147276972,1764531490,nominal
829,0.989733913293802,1764531490,nominal
830,0.9897846569372256,1764531490,nominal
831,0.9898351469315778,1764531490,nominal
832,0.9898853845441142,1764531490,nominal
833,0.9899353710357692,1764531490,nominal
834,0.9899851076611856,1764531490,nominal
835,0.9900345956687486,1764531490,nominal
836,0.9900838363006134,1764531490,nominal
837,0.9901328307927388,1764531490,nominal
838,0.9901815803749172,1764531490,nominal
839,0.9902300862708052,1764531490,nominal
840,0.9902783496979536,1764531490,nominal
841,0.9903263718678382,1764531490,nominal
842,0.9903741539858903,1764531490,nominal
843,0.9904216972515266,1764531490,nominal
844,0.9904690028581782,1764531490,nominal
845,0.9905160719933216,1764531490,nominal
846,0.9905629058385076,1764531490,nominal
847,0.990609505569391,1764531490,nominal
848,0.9906558723557596,1764531490,nominal
849,0.9907020073615638,1764531490,nominal
850,0.9907479117449453,1764531490,nominal
851,0.990793586658266,1764531490,nominal
852,0.9908390332481372,1764531490,nominal
853,0.9908842526554476,1764531490,nominal
854,0.9909292460153916,1764531490,nominal
855,0.9909740144574986,1764531490,nominal
856,0.9910185591056602,1764531490,nominal
857,0.9910628810781588,1764531490,nominal
858,0.991106981487695,1764531490,nominal
859,0.9911508614414164,1764531490,nominal
860,0.9911945220409436,1764531490,nominal
861,0.9912379643823992,1764531490,nominal
862,0.9912811895564344,1764531490,nominal
863,0.991324198648256,1764531490,nominal
864,0.9913669927376544,1764531490,nominal
865,0.9914095728990298,1764531490,nominal
866,0.9914519402014192,1764531490,nominal
867,0.9914940957085228,1764531490,nominal
868,0.9915360404787316,1764531490,nominal
869,0.9915777755651526,1764531490,nominal
870,0.9916193020156352,1764531490,nominal
871,0.9916606208727988,1764531490,nominal
872,0.9917017331740569,1764531490,nominal
873,0.9917426399516438,1764531490,nominal
874,0.9917833422326414,1764531490,nominal
875,0.9918238410390032,1764531490,nominal
876,0.991864137387581,1764531490,nominal
877,0.9919042322901492,1764531490,nominal
878,0.991944126753431,1764531490,nominal
879,0.991983821779124,1764531490,nominal
880,0.9920233183639232,1764531490,nominal
881,0.9920626174995482,1764531490,nominal
882,0.9921017201727668,1764531490,nominal
883,0.9921406273654196,1764531490,nominal
884,0.9921793400544446,1764531490,nominal
885,0.9922178592119026,1764531490,nominal
886,0.992256185805,1764531490,nominal
887,0.9922943207961136,1764531490,nominal
888,0.992332265142815,1764531490,nominal
889,0.9923700197978944,1764531490,nominal
890,0.9924075857093836,1764531490,nominal
891,0.992444963820581,1764531490,nominal
892,0.9924821550700744,1764531490,nominal
893,0.9925191603917646,1764531490,nominal
894,0.9925559807148884,1764531490,nominal
895,0.9925926169640424,1764531490,nominal
896,0.9926290700592064,1764531490,nominal
897,0.9926653409157647,1764531490,nominal
898,0.992701430444532,1764531490,nominal
899,0.9927373395517726,1764531490,nominal
900,0.9927730691392256,1764531490,nominal
901,0.9928086201041268,1764531490,nominal
902,0.9928439933392312,1764531490,nominal
903,0.9928791897328342,1764531490,nominal
904,0.992914210168796,1764531490,nominal
905,0.992949055526562,1764531490,nominal
906,0.9929837266811844,1764531490,nominal
907,0.9930182245033468,1764531490,nominal
908,0.9930525498593824,1764531490,nominal
909,0.9930867036112984,1764531490,nominal
910,0.9931206866167966,1764531490,nominal
911,0.9931544997292944,1764531490,nominal
912,0.9931881437979472,1764531490,nominal
913,0.993221619667668,1764531490,nominal
914,0.9932549281791508,1764531490,nominal
915,0.99328807016889,1764531490,nominal
916,0.9933210464692014,1764531490,nominal
917,0.993353857908244,1764531490,nominal
918,0.99338650531004,1764531490,nominal
919,0.993418989494495,1764531490,nominal
920,0.99345131127742,1764531490,nominal
921,0.9934834714705498,1764531490,nominal
922,0.9935154708815656,1764531490,nominal
923,0.9935473103141128,1764531490,nominal
924,0.9935789905678236,1764531490,nominal
925,0.9936105124383348,1764531490,nominal
926,0.9936418767173092,1764531490,nominal
927,0.9936730841924544,1764531490,nominal
928,0.9937041356475436,1764531490,nominal
929,0.9937350318624344,1764531490,nominal
930,0.9937657736130888,1764531490,nominal
931,0.9937963616715918,1764531490,nominal
932,0.9938267968061716,1764531490,nominal
933,0.9938570797812194,1764531490,nominal
934,0.9938872113573064,1764531490,nominal
935,0.993917192291205,1764531490,nominal
936,0.9939470233359068,1764531490,nominal
937,0.9939767052406407,1764531490,nominal
938,0.9940062387508946,1764531490,nominal
939,0.9940356246084296,1764531490,nominal
940,0.9940648635513024,1764531490,nominal
941,0.994093956313882,1764531490,nominal
942,0.9941229036268686,1764531490,nominal
943,0.9941517062173116,1764531490,nominal
944,0.994180364808628,1764531490,nominal
945,0.9942088801206208,1764531490,nominal
946,0.9942372528694962,1764531490,nominal
947,0.9942654837678824,1764531490,nominal
948,0.9942935735248468,1764531490,nominal
949,0.994321522845915,1764531490,nominal
950,0.9943493324330864,1764531490,nominal
951,0.994377002984854,1764531490,nominal
952,0.9944045351962196,1764531490,nominal
953,0.9944319297587136,1764531490,nominal
954,0.9944591873604104,1764531490,nominal
955,0.9944863086859476,1764531490,nominal
956,0.9945132944165403,1764531490,nominal
957,0.9945401452300016,1764531490,nominal
958,0.9945668618007564,1764531490,nominal
959,0.9945934447998604,1764531490,nominal
960,0.9946198948950166,1764531490,nominal
961,0.9946462127505908,1764531490,nominal
962,0.9946723990276302,1764531490,nominal
963,0.9946984543838776,1764531490,nominal
964,0.9947243794737908,1764531490,nominal
965,0.9947501749485562,1764531490,nominal
966,0.9947758414561064,1764531490,nominal
967,0.994801379641137,1764531490,nominal
968,0.9948267901451217,1764531490,nominal
969,0.9948520736063284,1764531490,nominal
970,0.9948772306598366,1764531490,nominal
971,0.9949022619375516,1764531490,nominal
972,0.9949271680682208,1764531490,nominal
973,0.9949519496774506,1764531490,nominal
974,0.9949766073877208,1764531490,nominal
975,0.9950011418184002,1764531490,nominal
976,0.9950255535857628,1764531490,nominal
977,0.9950498433030032,1764531490,nominal
978,0.9950740115802515,1764531490,nominal
979,0.9950980590245894,1764531490,nominal
980,0.9951219862400636,1764531490,nominal
981,0.9951457938277036,1764531490,nominal
982,0.9951694823855346,1764531490,nominal
983,0.9951930525085936,1764531490,nominal
984,0.9952165047889434,1764531490,nominal
985,0.9952398398156892,1764531490,nominal
986,0.9952630581749914,1764531490,nominal
987,0.995286160450081,1764531490,nominal
988,0.9953091472212744,1764531490,nominal
989,0.9953320190659888,1764531490,nominal
990,0.9953547765587544,1764531490,nominal
991,0.995377420271231,1764531490,nominal
992,0.9953999507722217,1764531490,nominal
993,0.9954223686276856,1764531490,nominal
994,0.9954446744007552,1764531490,nominal
995,0.995466868651748,1764531490,nominal
996,0.9954889519381808,1764531490,nominal
997,0.9955109248147844,1764531490,nominal
998,0.9955327878335172,1764531490,nominal
999,0.9955545415435794,1764531490,nominal
1000,0.9955761864914258,1764531490,nominal
1001,0.9955977232207812,1764531490,nominal
1002,0.995619152272652,1764531490,nominal
1003,0.9956404741853412,1764531490,nominal
1004,0.9956616894944614,1764531490,nominal
1005,0.9956827987329484,1764531490,nominal
1006,0.995703802431074,1764531490,nominal
1007,0.9957247011164608,1764531490,nominal
1008,0.9957454953140934,1764531490,nominal
1009,0.9957661855463328,1764531490,nominal
1010,0.99578677233293,1764531490,nominal
1011,0.9958072561910372,1764531490,nominal
1012,0.9958276376352228,1764531490,nominal
1013,0.9958479171774828,1764531490,nominal
1014,0.9958680953272548,1764531490,nominal
1015,0.9958881725914296,1764531490,nominal
1016,0.995908149474365,1764531490,nominal
1017,0.995928026477898,1764531490,nominal
1018,0.995947804101357,1764531490,nominal
1019,0.9959674828415752,1764531490,nominal
1020,0.995987063192902,1764531490,nominal
1021,0.9960065456472168,1764531490,nominal
1022,0.9960259306939396,1764531490,nominal
1023,0.9960452188200448,1764531490,nominal
1024,0.9960644105100728,1764531490,nominal
1025,0.9960835062461416,1764531490,nominal
1026,0.9961025065079608,1764531490,nominal
1027,0.9961214117728404,1764531490,nominal
1028,0.996140222515706,1764531490,nominal
1029,0.9961589392091096,1764531490,nominal
1030,0.9961775623232402,1764531490,nominal
1031,0.9961960923259372,1764531490,nominal
1032,0.996214529682702,1764531490,nominal
1033,0.9962328748567087,1764531490,nominal
1034,0.9962511283088168,1764531490,nominal
1035,0.9962692904975812,1764531490,nominal
1036,0.996287361879266,1764531490,nominal
1037,0.9963053429078544,1764531490,nominal
1038,0.99632323403506,1764531490,nominal
1039,0.9963410357103388,1764531490,nominal
1040,0.9963587483809004,1764531490,nominal
1041,0.9963763724917188,1764531490,nominal
1042,0.996393908485544,1764531490,nominal
1043,0.9964113568029126,1764531490,nominal
1044,0.9964287178821596,1764531490,nominal
1045,0.9964459921594286,1764531490,nominal
1046,0.9964631800686838,1764531490,nominal
1047,0.9964802820417192,1764531490,nominal
1048,0.9964972985081711,1764531490,nominal
1049,0.9965142298955286,1764531490,nominal
1050,0.9965310766291428,1764531490,nominal
1051,0.9965478391322402,1764531490,nominal
1052,0.9965645178259304,1764531490,nominal
1053,0.9965811131292184,1764531490,nominal
1054,0.9965976254590156,1764531490,nominal
1055,0.9966140552301482,1764531490,nominal
1056,0.9966304028553696,1764531490,nominal
1057,0.9966466687453696,1764531490,nominal
1058,0.9966628533087852,1764531490,nominal
1059,0.9966789569522112,1764531490,nominal
1060,0.9966949800802092,1764531490,nominal
1061,0.996710923095319,1764531490,nominal
1062,0.996726786398068,1764531490,nominal
1063,0.9967425703869818,1764531490,nominal
1064,0.9967582754585936,1764531490,nominal
1065,0.9967739020074544,1764531490,nominal
1066,0.9967894504261432,1764531490,nominal
1067,0.996804921105276,1764531490,nominal
1068,0.996820314433517,1764531490,nominal
1069,0.9968356307975872,1764531490,nominal
1070,0.996850870582274,1764531490,nominal
1071,0.996866034170442,1764531490,nominal
1072,0.9968811219430416,1764531490,nominal
1073,0.9968961342791188,1764531490,nominal
1074,0.9969110715558251,1764531490,nominal
1075,0.9969259341484268,1764531490,nominal
1076,0.9969407224303136,1764531490,nominal
1077,0.9969554367730088,1764531490,nominal
1078,0.9969700775461792,1764531490,nominal
1079,0.9969846451176436,1764531490,nominal
1080,0.9969991398533812,1764531490,nominal
1081,0.9970135621175422,1764531490,nominal
1082,0.9970279122724568,1764531490,nominal
1083,0.9970421906786432,1764531490,nominal
1084,0.9970563976948188,1764531490,nominal
1085,0.9970705336779055,1764531490,nominal
1086,0.9970845989830432,1764531490,nominal
1087,0.9970985939635952,1764531490,nominal
1088,0.9971125189711584,1764531490,nominal
1089,0.9971263743555726,1764531490,nominal
1090,0.9971401604649286,1764531490,nominal
1091,0.9971538776455768,1764531490,nominal
1092,0.9971675262421364,1764531490,nominal
1093,0.9971811065975036,1764531490,nominal
1094,0.9971946190528608,1764531490,nominal
1095,0.997208063947685,1764531490,nominal
1096,0.9972214416197552,1764531490,nominal
1097,0.9972347524051628,1764531490,nominal
1098,0.9972479966383182,1764531490,nominal
1099,0.997261174651961,1764531490,nominal
1100,0.9972742867771668,1764531490,nominal
1101,0.9972873333433558,1764531490,nominal
1102,0.9973003146783024,1764531490,nominal
1103,0.9973132311081416,1764531490,nominal
1104,0.9973260829573783,1764531490,nominal
1105,0.9973388705488954,1764531490,nominal
1106,0.9973515942039608,1764531490,nominal
1107,0.9973642542422372,1764531490,nominal
1108,0.997376850981789,1764531490,nominal
1109,0.9973893847390904,1764531490,nominal
1110,0.9974018558290338,1764531490,nominal
1111,0.997414264564937,1764531490,nominal
1112,0.9974266112585516,1764531490,nominal
1113,0.9974388962200712,1764531490,nominal
1114,0.9974511197581376,1764531490,nominal
1115,0.997463282179851,1764531490,nominal
1116,0.997475383790775,1764531490,nominal
1117,0.9974874248949466,1764531490,nominal
1118,0.9974994057948824,1764531490,nominal
1119,0.9975113267915864,1764531490,nominal
1120,0.9975231881845588,1764531490,nominal
1121,0.9975349902718011,1764531490,nominal
1122,0.9975467333498264,1764531490,nominal
1123,0.9975584177136648,1764531490,nominal
1124,0.997570043656871,1764531490,nominal
1125,0.997581611471533,1764531490,nominal
1126,0.9975931214482784,1764531490,nominal
1127,0.9976045738762812,1764531490,nominal
1128,0.9976159690432702,1764531490,nominal
1129,0.9976273072355364,1764531490,nominal
1130,0.9976385887379384,1764531490,nominal
1131,0.9976498138339112,1764531490,nominal
1132,0.9976609828054732,1764531490,nominal
1133,0.997672095933232,1764531490,nominal
1134,0.9976831534963936,1764531490,nominal
1135,0.9976941557727668,1764531490,nominal
1136,0.997705103038772,1764531490,nominal
1137,0.9977159955694488,1764531490,nominal
1138,0.99772683363846,1764531490,nominal
1139,0.9977376175181012,1764531490,nominal
1140,0.9977483474793069,1764531490,nominal
1141,0.9977590237916564,1764531490,nominal
1142,0.997769646723382,1764531490,nominal
1143,0.9977802165413746,1764531490,nominal
1144,0.9977907335111909,1764531490,nominal
1145,0.9978011978970596,1764531490,nominal
1146,0.9978116099618892,1764531490,nominal
1147,0.9978219699672728,1764531490,nominal
1148,0.9978322781734972,1764531490,nominal
1149,0.997842534839546,1764531490,nominal
1150,0.9978527402231095,1764531490,nominal
1151,0.9978628945805892,1764531490,nominal
1152,0.9978729981671046,1764531490,nominal
1153,0.9978830512365,1764531490,nominal
1154,0.9978930540413504,1764531490,nominal
1155,0.9979030068329684,1764531490,nominal
1156,0.9979129098614098,1764531490,nominal
1157,0.9979227633754804,1764531490,nominal
1158,0.9979325676227422,1764531490,nominal
1159,0.9979423228495192,1764531490,nominal
1160,0.9979520293009048,1764531490,nominal
1161,0.9979616872207656,1764531490,nominal
1162,0.9979712968517502,1764531490,nominal
1163,0.9979808584352936,1764531490,nominal
1164,0.997990372211624,1764531490,nominal
1165,0.9979998384197684,1764531490,nominal
1166,0.9980092572975586,1764531490,nominal
1167,0.9980186290816376,1764531490,nominal
1168,0.9980279540074656,1764531490,nominal
1169,0.9980372323093248,1764531490,nominal
1170,0.9980464642203268,1764531490,nominal
1171,0.9980556499724176,1764531490,nominal
1172,0.9980647897963836,1764531490,nominal
1173,0.998073883921857,1764531490,nominal
1174,0.9980829325773224,1764531490,nominal
1175,0.998091935990122,1764531490,nominal
1176,0.9981008943864612,1764531490,nominal
1177,0.9981098079914148,1764531490,nominal
1178,0.9981186770289318,1764531490,nominal
1179,0.998127501721842,1764531490,nominal
1180,0.9981362822918612,1764531490,nominal
1181,0.9981450189595964,1764531490,nominal
1182,0.9981537119445518,1764531490,nominal
1183,0.9981623614651344,1764531490,nominal
1184,0.9981709677386588,1764531490,nominal
1185,0.9981795309813531,1764531490,nominal
1186,0.9981880514083654,1764531490,nominal
1187,0.9981965292337668,1764531490,nominal
1188,0.9982049646705587,1764531490,nominal
1189,0.9982133579306778,1764531490,nominal
1190,0.9982217092250008,1764531490,nominal
1191,0.9982300187633504,1764531490,nominal
1192,0.9982382867545,1764531490,nominal
1193,0.9982465134061796,1764531490,nominal
1194,0.9982546989250802,1764531490,nominal
1195,0.9982628435168596,1764531490,nominal
1196,0.9982709473861476,1764531490,nominal
1197,0.9982790107365508,1764531490,nominal
1198,0.9982870337706574,1764531490,nominal
1199,0.9982950166900436,1764531490,nominal
1200,0.9983029596952768,1764531490,nominal
1201,0.9983108629859228,1764531490,nominal
1202,0.9983187267605488,1764531490,nominal
1203,0.9983265512167288,1764531490,nominal
1204,0.9983343365510504,1764531490,nominal
1205,0.9983420829591176,1764531490,nominal
1206,0.998349790635556,1764531490,nominal
1207,0.9983574597740186,1764531490,nominal
1208,0.9983650905671902,1764531490,nominal
1209,0.9983726832067924,1764531490,nominal
1210,0.998380237883588,1764531490,nominal
1211,0.998387754787386,1764531490,nominal
1212,0.9983952341070468,1764531490,nominal
1213,0.998402676030486,1764531490,nominal
1214,0.99841008074468,1764531490,nominal
1215,0.9984174484356704,1764531490,nominal
1216,0.9984247792885688,1764531490,nominal
1217,0.9984320734875612,1764531490,nominal
1218,0.998439331215912,1764531490,nominal
1219,0.9984465526559708,1764531490,nominal
1220,0.9984537379891744,1764531490,nominal
1221,0.9984608873960524,1764531490,nominal
1222,0.9984680010562323,1764531490,nominal
1223,0.998475079148444,1764531490,nominal
1224,0.9984821218505224,1764531490,nominal
1225,0.9984891293394144,1764531490,nominal
1226,0.998496101791182,1764531490,nominal
1227,0.9985030393810068,1764531490,nominal
1228,0.9985099422831945,1764531490,nominal
1229,0.9985168106711796,1764531490,nominal
1230,0.9985236447175287,1764531490,nominal
1231,0.9985304445939468,1764531490,nominal
1232,0.9985372104712796,1764531490,nominal
1233,0.9985439425195192,1764531490,nominal
1234,0.9985506409078068,1764531490,nominal
1235,0.9985573058044386,1764531490,nominal
1236,0.99856393737687,1764531490,nominal
1237,0.998570535791718,1764531490,nominal
1238,0.998577101214767,1764531490,nominal
1239,0.9985836338109728,1764531490,nominal
1240,0.998590133744466,1764531490,nominal
1241,0.9985966011785576,1764531490,nominal
1242,0.9986030362757404,1764531490,nominal
1243,0.998609439197696,1764531490,nominal
1244,0.9986158101052974,1764531490,nominal
1245,0.9986221491586136,1764531490,nominal
1246,0.998628456516912,1764531490,nominal
1247,0.9986347323386656,1764531490,nominal
1248,0.9986409767815532,1764531490,nominal
1249,0.9986471900024668,1764531490,nominal
1250,0.998653372157513,1764531490,nominal
1251,0.9986595234020182,1764531490,nominal
1252,0.9986656438905326,1764531490,nominal
1253,0.9986717337768328,1764531490,nominal
1254,0.9986777932139272,1764531490,nominal
1255,0.9986838223540592,1764531490,nominal
1256,0.9986898213487112,1764531490,nominal
1257,0.9986957903486072,1764531490,nominal
1258,0.9987017295037186,1764531490,nominal
1259,0.9987076389632668,1764531490,nominal
1260,0.9987135188757268,1764531490,nominal
1261,0.9987193693888318,1764531490,nominal
1262,0.9987251906495755,1764531490,nominal
1263,0.998730982804218,1764531490,nominal
1264,0.9987367459982868,1764531490,nominal
1265,0.998742480376582,1764531490,nominal
1266,0.9987481860831808,1764531490,nominal
1267,0.9987538632614388,1764531490,nominal
1268,0.9987595120539956,1764531490,nominal
1269,0.9987651326027774,1764531490,nominal
1270,0.9987707250490008,1764531490,nominal
1271,0.9987762895331758,1764531490,nominal
1272,0.9987818261951112,1764531490,nominal
1273,0.9987873351739156,1764531490,nominal
1274,0.9987928166080022,1764531490,nominal
1275,0.9987982706350932,1764531490,nominal
1276,0.9988036973922207,1764531490,nominal
1277,0.9988090970157328,1764531490,nominal
1278,0.9988144696412956,1764531490,nominal
1279,0.9988198154038964,1764531490,nominal
1280,0.9988251344378484,1764531490,nominal
1281,0.9988304268767928,1764531490,nominal
1282,0.9988356928537026,1764531490,nominal
1283,0.998840932500886,1764531490,nominal
1284,0.9988461459499896,1764531490,nominal
1285,0.9988513333320022,1764531490,nominal
1286,0.998856494777257,1764531490,nominal
1287,0.9988616304154364,1764531490,nominal
1288,0.9988667403755735,1764531490,nominal
1289,0.9988718247860572,1764531490,nominal
1290,0.9988768837746336,1764531490,nominal
1291,0.9988819174684108,1764531490,nominal
1292,0.9988869259938606,1764531490,nominal
1293,0.9988919094768236,1764531490,nominal
1294,0.99889686804251,1764531490,nominal
1295,0.9989018018155046,1764531490,nominal
1296,0.9989067109197692,1764531490,nominal
1297,0.9989115954786462,1764531490,nominal
1298,0.9989164556148604,1764531490,nominal
1299,0.9989212914505238,1764531490,nominal
1300,0.9989261031071376,1764531490,nominal
1301,0.9989308907055956,1764531490,nominal
1302,0.9989356543661868,1764531490,nominal
1303,0.9989403942085991,1764531490,nominal
1304,0.998945110351922,1764531490,nominal
1305,0.9989498029146496,1764531490,nominal
1306,0.9989544720146832,1764531490,nominal
1307,0.9989591177693348,1764531490,nominal
1308,0.9989637402953304,1764531490,nominal
1309,0.9989683397088108,1764531490,nominal
1310,0.9989729161253385,1764531490,nominal
1311,0.998977469659896,1764531490,nominal
1312,0.998982000426892,1764531490,nominal
1313,0.9989865085401632,1764531490,nominal
1314,0.9989909941129766,1764531490,nominal
1315,0.9989954572580336,1764531490,nominal
1316,0.9989998980874716,1764531490,nominal
1317,0.9990043167128668,1764531490,nominal
1318,0.9990087132452392,1764531490,nominal
1319,0.9990130877950516,1764531490,nominal
1320,0.9990174404722166,1764531490,nominal
1321,0.9990217713860956,1764531490,nominal
1322,0.999026080645504,1764531490,nominal
1323,0.999030368358713,1764531490,nominal
1324,0.9990346346334524,1764531490,nominal
1325,0.9990388795769134,1764531490,nominal
1326,0.9990431032957512,1764531490,nominal
1327,0.999047305896088,1764531490,nominal
1328,0.9990514874835152,1764531490,nominal
1329,0.999055648163096,1764531490,nominal
1330,0.9990597880393688,1764531490,nominal
1331,0.999063907216349,1764531490,nominal
1332,0.999068005797532,1764531490,nominal
1333,0.9990720838858956,1764531490,nominal
1334,0.999076141583903,1764531490,nominal
1335,0.9990801789935052,1764531490,nominal
1336,0.999084196216143,1764531490,nominal
1337,0.9990881933527502,1764531490,nominal
1338,0.999092170503756,1764531490,nominal
1339,0.9990961277690876,1764531490,nominal
1340,0.999100065248172,1764531490,nominal
1341,0.99910398303994,1764531490,nominal
1342,0.9991078812428272,1764531490,nominal
1343,0.9991117599547767,1764531490,nominal
1344,0.9991156192732428,1764531490,nominal
1345,0.9991194592951912,1764531490,nominal
1346,0.9991232801171046,1764531490,nominal
1347,0.9991270818349816,1764531490,nominal
1348,0.999130864544342,1764531490,nominal
1349,0.9991346283402274,1764531490,nominal
1350,0.999138373317204,1764531490,nominal
1351,0.999142099569366,1764531490,nominal
1352,0.999145807190336,1764531490,nominal
1353,0.99914949627327,1764531490,nominal
1354,0.9991531669108568,1764531490,nominal
1355,0.9991568191953224,1764531490,nominal
1356,0.9991604532184316,1764531490,nominal
1357,0.9991640690714908,1764531490,nominal
1358,0.9991676668453492,1764531490,nominal
1359,0.9991712466304018,1764531490,nominal
1360,0.9991748085165923,1764531490,nominal
1361,0.999178352593414,1764531490,nominal
1362,0.9991818789499134,1764531490,nominal
1363,0.9991853876746912,1764531490,nominal
1364,0.9991888788559048,1764531490,nominal
1365,0.999192352581272,1764531490,nominal
1366,0.9991958089380713,1764531490,nominal
1367,0.9991992480131444,1764531490,nominal
1368,0.9992026698928996,1764531490,nominal
1369,0.9992060746633126,1764531490,nominal
1370,0.9992094624099296,1764531490,nominal
1371,0.9992128332178692,1764531490,nominal
1372,0.9992161871718236,1764531490,nominal
1373,0.9992195243560624,1764531490,nominal
1374,0.9992228448544334,1764531490,nominal
1375,0.9992261487503656,1764531490,nominal
1376,0.9992294361268704,1764531490,nominal
1377,0.9992327070665444,1764531490,nominal
1378,0.9992359616515708,1764531490,nominal
1379,0.9992391999637228,1764531490,nominal
1380,0.9992424220843636,1764531490,nominal
1381,0.9992456280944508,1764531490,nominal
1382,0.9992488180745362,1764531490,nominal
1383,0.9992519921047694,1764531490,nominal
1384,0.9992551502648992,1764531490,nominal
1385,0.9992582926342756,1764531490,nominal
1386,0.9992614192918512,1764531490,nominal
1387,0.9992645303161852,1764531490,nominal
1388,0.9992676257854428,1764531490,nominal
1389,0.9992707057773992,1764531490,nominal
1390,0.9992737703694404,1764531490,nominal
1391,0.9992768196385652,1764531490,nominal
1392,0.9992798536613876,1764531490,nominal
1393,0.9992828725141388,1764531490,nominal
1394,0.9992858762726688,1764531490,nominal
1395,0.999288865012448,1764531490,nominal
1396,0.99929183880857,1764531490,nominal
1397,0.999294797735752,1764531490,nominal
1398,0.9992977418683388,1764531490,nominal
1399,0.9993006712803028,1764531490,nominal
1400,0.9993035860452464,1764531490,nominal
1401,0.9993064862364046,1764531490,nominal
1402,0.9993093719266456,1764531490,nominal
1403,0.9993122431884736,1764531490,nominal
1404,0.9993151000940306,1764531490,nominal
1405,0.9993179427150968,1764531490,nominal
1406,0.9993207711230948,1764531490,nominal
1407,0.9993235853890892,1764531490,nominal
1408,0.99932638558379,1764531490,nominal
1409,0.9993291717775526,1764531490,nominal
1410,0.999331944040382,1764531490,nominal
1411,0.999334702441932,1764531490,nominal
1412,0.9993374470515088,1764531490,nominal
1413,0.9993401779380716,1764531490,nominal
1414,0.9993428951702358,1764531490,nominal
1415,0.9993455988162722,1764531490,nominal
1416,0.9993482889441114,1764531490,nominal
1417,0.999350965621344,1764531490,nominal
1418,0.9993536289152228,1764531490,nominal
1419,0.9993562788926638,1764531490,nominal
1420,0.9993589156202493,1764531490,nominal
1421,0.9993615391642277,1764531490,nominal
1422,0.9993641495905172,1764531490,nominal
1423,0.9993667469647054,1764531490,nominal
1424,0.9993693313520532,1764531490,nominal
1425,0.9993719028174934,1764531490,nominal
1426,0.999374461425636,1764531490,nominal
1427,0.9993770072407674,1764531490,nominal
1428,0.9993795403268516,1764531490,nominal
1429,0.9993820607475336,1764531490,nominal
1430,0.9993845685661406,1764531490,nominal
1431,0.9993870638456824,1764531490,nominal
1432,0.9993895466488536,1764531490,nominal
1433,0.9993920170380364,1764531490,nominal
1434,0.9993944750752998,1764531490,nominal
1435,0.9993969208224036,1764531490,nominal
1436,0.9993993543407982,1764531490,nominal
1437,0.9994017756916268,1764531490,nominal
1438,0.9994041849357268,1764531490,nominal
1439,0.9994065821336316,1764531490,nominal
1440,0.999408967345572,1764531490,nominal
1441,0.9994113406314776,1764531490,nominal
1442,0.9994137020509783,1764531490,nominal
1443,0.9994160516634056,1764531490,nominal
1444,0.9994183895277948,1764531490,nominal
1445,0.9994207157028858,1764531490,nominal
1446,0.9994230302471248,1764531490,nominal
1447,0.9994253332186656,1764531490,nominal
1448,0.9994276246753716,1764531490,nominal
1449,0.999429904674817,1764531490,nominal
1450,0.9994321732742872,1764531490,nominal
1451,0.9994344305307824,1764531490,nominal
1452,0.9994366765010172,1764531490,nominal
1453,0.9994389112414224,1764531490,nominal
1454,0.9994411348081468,1764531490,nominal
1455,0.9994433472570587,1764531490,nominal
1456,0.9994455486437474,1764531490,nominal
1457,0.9994477390235232,1764531490,nominal
1458,0.9994499184514206,1764531490,nominal
1459,0.9994520869821988,1764531490,nominal
1460,0.9994542446703428,1764531490,nominal
1461,0.9994563915700664,1764531490,nominal
1462,0.9994585277353104,1764531490,nominal
1463,0.999460653219748,1764531490,nominal
1464,0.9994627680767822,1764531490,nominal
1465,0.9994648723595504,1764531490,nominal
1466,0.9994669661209232,1764531490,nominal
1467,0.999469049413508,1764531490,nominal
1468,0.9994711222896482,1764531490,nominal
1469,0.9994731848014256,1764531490,nominal
1470,0.999475237000662,1764531490,nominal
1471,0.99947727893892,1764531490,nominal
1472,0.9994793106675044,1764531490,nominal
1473,0.999481332237463,1764531490,nominal
1474,0.999483343699589,1764531490,nominal
1475,0.9994853451044212,1764531490,nominal
1476,0.999487336502246,1764531490,nominal
1477,0.9994893179430984,1764531490,nominal
1478,0.9994912894767628,1764531490,nominal
1479,0.9994932511527752,1764531490,nominal
1480,0.9994952030204232,1764531490,nominal
1481,0.999497145128749,1764531490,nominal
1482,0.999499077526549,1764531490,nominal
1483,0.9995010002623752,1764531490,nominal
1484,0.999502913384538,1764531490,nominal
1485,0.9995048169411046,1764531490,nominal
1486,0.9995067109799036,1764531490,nominal
1487,0.9995085955485236,1764531490,nominal
1488,0.999510470694315,1764531490,nominal
1489,0.9995123364643916,1764531490,nominal
1490,0.9995141929056324,1764531490,nominal
1491,0.9995160400646816,1764531490,nominal
1492,0.9995178779879492,1764531490,nominal
1493,0.9995197067216142,1764531490,nominal
1494,0.9995215263116248,1764531490,nominal
1495,0.9995233368036986,1764531490,nominal
1496,0.999525138243326,1764531490,nominal
1497,0.999526930675768,1764531490,nominal
1498,0.9995287141460611,1764531490,nominal
1499,0.9995304886990156,1764531490,nominal
1500,0.9995322543792184,1764531490,nominal
1501,0.9995340112310328,1764531490,nominal
1502,0.9995357592986004,1764531490,nominal
1503,0.9995374986258428,1764531490,nominal
1504,0.9995392292564612,1764531490,nominal
1505,0.9995409512339388,1764531490,nominal
1506,0.999542664601541,1764531490,nominal
1507,0.999544369402317,1764531490,nominal
1508,0.9995460656791006,1764531490,nominal
1509,0.9995477534745124,1764531490,nominal
1510,0.9995494328309584,1764531490,nominal
1511,0.9995511037906334,1764531490,nominal
1512,0.9995527663955212,1764531490,nominal
1513,0.999554420687396,1764531490,nominal
1514,0.9995560667078224,1764531490,nominal
1515,0.9995577044981572,1764531490,nominal
1516,0.9995593340995516,1764531490,nominal
1517,0.9995609555529492,1764531490,nominal
1518,0.9995625688990905,1764531490,nominal
1519,0.9995641741785116,1764531490,nominal
1520,0.999565771431546,1764531490,nominal
1521,0.9995673606983252,1764531490,nominal
1522,0.9995689420187804,1764531490,nominal
1523,0.9995705154326436,1764531490,nominal
1524,0.9995720809794472,1764531490,nominal
1525,0.9995736386985268,1764531490,nominal
1526,0.9995751886290202,1764531490,nominal
1527,0.999576730809871,1764531490,nominal
1528,0.9995782652798268,1764531490,nominal
1529,0.9995797920774424,1764531490,nominal
1530,0.9995813112410789,1764531490,nominal
1531,0.9995828228089064,1764531490,nominal
1532,0.9995843268189036,1764531490,nominal
1533,0.99958582330886,1764531490,nominal
1534,0.9995873123163752,1764531490,nominal
1535,0.999588793878862,1764531490,nominal
1536,0.9995902680335448,1764531490,nominal
1537,0.9995917348174628,1764531490,nominal
1538,0.9995931942674696,1764531490,nominal
1539,0.9995946464202344,1764531490,nominal
1540,0.999596091312244,1764531490,nominal
1541,0.9995975289798018,1764531490,nominal
1542,0.9995989594590295,1764531490,nominal
1543,0.9996003827858696,1764531490,nominal
1544,0.9996017989960834,1764531490,nominal
1545,0.9996032081252538,1764531490,nominal
1546,0.999604610208786,1764531490,nominal
1547,0.9996060052819083,1764531490,nominal
1548,0.9996073933796724,1764531490,nominal
1549,0.9996087745369554,1764531490,nominal
1550,0.9996101487884592,1764531490,nominal
1551,0.999611516168713,1764531490,nominal
1552,0.9996128767120728,1764531490,nominal
1553,0.9996142304527228,1764531490,nominal
1554,0.9996155774246768,1764531490,nominal
1555,0.9996169176617782,1764531490,nominal
1556,0.9996182511977008,1764531490,nominal
1557,0.9996195780659508,1764531490,nominal
1558,0.9996208982998662,1764531490,nominal
1559,0.9996222119326188,1764531490,nominal
1560,0.9996235189972144,1764531490,nominal
1561,0.9996248195264934,1764531490,nominal
1562,0.9996261135531328,1764531490,nominal
1563,0.9996274011096454,1764531490,nominal
1564,0.9996286822283816,1764531490,nominal
1565,0.9996299569415308,1764531490,nominal
1566,0.99963122528112,1764531490,nominal
1567,0.999632487279018,1764531490,nominal
1568,0.9996337429669322,1764531490,nominal
1569,0.9996349923764132,1764531490,nominal
1570,0.9996362355388524,1764531490,nominal
1571,0.9996374724854856,1764531490,nominal
1572,0.9996387032473916,1764531490,nominal
1573,0.9996399278554934,1764531490,nominal
1574,0.9996411463405608,1764531490,nominal
1575,0.9996423587332084,1764531490,nominal
1576,0.9996435650638984,1764531490,nominal
1577,0.9996447653629404,1764531490,nominal
1578,0.9996459596604929,1764531490,nominal
1579,0.9996471479865626,1764531490,nominal
1580,0.9996483303710076,1764531490,nominal
1581,0.9996495068435356,1764531490,nominal
1582,0.9996506774337062,1764531490,nominal
1583,0.9996518421709312,1764531490,nominal
1584,0.9996530010844752,1764531490,nominal
1585,0.9996541542034566,1764531490,nominal
1586,0.9996553015568485,1764531490,nominal
1587,0.9996564431734778,1764531490,nominal
1588,0.9996575790820292,1764531490,nominal
1589,0.9996587093110428,1764531490,nominal
1590,0.9996598338889158,1764531490,nominal
1591,0.9996609528439044,1764531490,nominal
1592,0.9996620662041228,1764531490,nominal
1593,0.9996631739975448,1764531490,nominal
1594,0.9996642762520042,1764531490,nominal
1595,0.999665372995196,1764531490,nominal
1596,0.9996664642546764,1764531490,nominal
1597,0.9996675500578636,1764531490,nominal
1598,0.9996686304320396,1764531490,nominal
1599,0.9996697054043489,1764531490,nominal
1600,0.999670775001801,1764531490,nominal
1601,0.9996718392512705,1764531490,nominal
1602,0.9996728981794964,1764531490,nominal
1603,0.9996739518130854,1764531490,nominal
1604,0.9996750001785109,1764531490,nominal
1605,0.999676043302113,1764531490,nominal
1606,0.9996770812101012,1764531490,nominal
1607,0.9996781139285535,1764531490,nominal
1608,0.999679141483418,1764531490,nominal
1609,0.9996801639005118,1764531490,nominal
1610,0.999681181205524,1764531490,nominal
1611,0.9996821934240148,1764531490,nominal
1612,0.999683200581417,1764531490,nominal
1613,0.9996842027030364,1764531490,nominal
1614,0.999685199814051,1764531490,nominal
1615,0.9996861919395144,1764531490,nominal
1616,0.999687179104354,1764531490,nominal
1617,0.9996881613333732,1764531490,nominal
1618,0.9996891386512506,1764531490,nominal
1619,0.9996901110825424,1764531490,nominal
1620,0.999691078651681,1764531490,nominal
1621,0.9996920413829776,1764531490,nominal
1622,0.999692999300621,1764531490,nominal
1623,0.9996939524286798,1764531490,nominal
1624,0.9996949007911016,1764531490,nominal
1625,0.9996958444117144,1764531490,nominal
1626,0.9996967833142276,1764531490,nominal
1627,0.9996977175222314,1764531490,nominal
1628,0.9996986470591984,1764531490,nominal
1629,0.9996995719484838,1764531490,nominal
1630,0.9997004922133258,1764531490,nominal
1631,0.9997014078768468,1764531490,nominal
1632,0.9997023189620532,1764531490,nominal
1633,0.9997032254918368,1764531490,nominal
1634,0.9997041274889744,1764531490,nominal
1635,0.9997050249761292,1764531490,nominal
1636,0.9997059179758512,1764531490,nominal
1637,0.9997068065105776,1764531490,nominal
1638,0.9997076906026334,1764531490,nominal
1639,0.9997085702742314,1764531490,nominal
1640,0.9997094455474744,1764531490,nominal
1641,0.9997103164443542,1764531490,nominal
1642,0.999711182986752,1764531490,nominal
1643,0.9997120451964407,1764531490,nominal
1644,0.9997129030950838,1764531490,nominal
1645,0.9997137567042362,1764531490,nominal
1646,0.9997146060453456,1764531490,nominal
1647,0.999715451139752,1764531490,nominal
1648,0.9997162920086892,1764531490,nominal
1649,0.999717128673284,1764531490,nominal
1650,0.9997179611545584,1764531490,nominal
1651,0.999718789473429,1764531490,nominal
1652,0.9997196136507076,1764531490,nominal
1653,0.9997204337071024,1764531490,nominal
1654,0.9997212496632176,1764531490,nominal
1655,0.9997220615395548,1764531490,nominal
1656,0.9997228693565128,1764531490,nominal
1657,0.999723673134388,1764531490,nominal
1658,0.9997244728933764,1764531490,nominal
1659,0.9997252686535724,1764531490,nominal
1660,0.9997260604349694,1764531490,nominal
1661,0.9997268482574616,1764531490,nominal
1662,0.9997276321408436,1764531490,nominal
1663,0.9997284121048112,1764531490,nominal
1664,0.999729188168961,1764531490,nominal
1665,0.9997299603527924,1764531490,nominal
1666,0.9997307286757064,1764531490,nominal
1667,0.9997314931570084,1764531490,nominal
1668,0.9997322538159056,1764531490,nominal
1669,0.9997330106715108,1764531490,nominal
1670,0.9997337637428396,1764531490,nominal
1671,0.999734513048814,1764531490,nominal
1672,0.9997352586082606,1764531490,nominal
1673,0.9997360004399118,1764531490,nominal
1674,0.999736738562407,1764531490,nominal
1675,0.9997374729942912,1764531490,nominal
1676,0.9997382037540185,1764531490,nominal
1677,0.9997389308599488,1764531490,nominal
1678,0.9997396543303512,1764531490,nominal
1679,0.9997403741834036,1764531490,nominal
1680,0.9997410904371924,1764531490,nominal
1681,0.9997418031097146,1764531490,nominal
1682,0.9997425122188756,1764531490,nominal
1683,0.9997432177824928,1764531490,nominal
1684,0.9997439198182936,1764531490,nominal
1685,0.9997446183439171,1764531490,nominal
1686,0.9997453133769144,1764531490,nominal
1687,0.9997460049347482,1764531490,nominal
1688,0.9997466930347948,1764531490,nominal
1689,0.9997473776943424,1764531490,nominal
1690,0.9997480589305944,1764531490,nominal
1691,0.9997487367606668,1764531490,nominal
1692,0.9997494112015902,1764531490,nominal
1693,0.9997500822703108,1764531490,nominal
1694,0.9997507499836892,1764531490,nominal
1695,0.9997514143585025,1764531490,nominal
1696,0.9997520754114432,1764531490,nominal
1697,0.9997527331591206,1764531490,nominal
1698,0.9997533876180612,1764531490,nominal
1699,0.9997540388047088,1764531490,nominal
1700,0.9997546867354248,1764531490,nominal
1701,0.9997553314264884,1764531490,nominal
1702,0.999755972894098,1764531490,nominal
1703,0.9997566111543714,1764531490,nominal
1704,0.9997572462233448,1764531490,nominal
1705,0.9997578781169748,1764531490,nominal
1706,0.999758506851138,1764531490,nominal
1707,0.9997591324416316,1764531490,nominal
1708,0.9997597549041743,1764531490,nominal
1709,0.9997603742544056,1764531490,nominal
1710,0.9997609905078872,1764531490,nominal
1711,0.9997616036801028,1764531490,nominal
1712,0.9997622137864584,1764531490,nominal
1713,0.9997628208422836,1764531490,nominal
1714,0.999763424862831,1764531490,nominal
1715,0.9997640258632772,1764531490,nominal
1716,0.999764623858722,1764531490,nominal
1717,0.999765218864191,1764531490,nominal
1718,0.999765810894634,1764531490,nominal
1719,0.999766399964926,1764531490,nominal
1720,0.9997669860898678,1764531490,nominal
1721,0.999767569284186,1764531490,nominal
1722,0.999768149562534,1764531490,nominal
1723,0.9997687269394911,1764531490,nominal
1724,0.9997693014295648,1764531490,nominal
1725,0.9997698730471896,1764531490,nominal
1726,0.9997704418067268,1764531490,nominal
1727,0.999771007722468,1764531490,nominal
1728,0.9997715708086312,1764531490,nominal
1729,0.9997721310793648,1764531490,nominal
1730,0.999772688548746,1764531490,nominal
1731,0.9997732432307812,1764531490,nominal
1732,0.9997737951394072,1764531490,nominal
1733,0.9997743442884914,1764531490,nominal
1734,0.9997748906918312,1764531490,nominal
1735,0.9997754343631552,1764531490,nominal
1736,0.9997759753161236,1764531490,nominal
1737,0.9997765135643284,1764531490,nominal
1738,0.9997770491212932,1764531490,nominal
1739,0.999777582000474,1764531490,nominal
1740,0.99977811221526,1764531490,nominal
1741,0.9997786397789729,1764531490,nominal
1742,0.9997791647048684,1764531490,nominal
1743,0.9997796870061352,1764531490,nominal
1744,0.9997802066958968,1764531490,nominal
1745,0.9997807237872104,1764531490,nominal
1746,0.9997812382930684,1764531490,nominal
1747,0.999781750226398,1764531490,nominal
1748,0.999782259600062,1764531490,nominal
1749,0.9997827664268584,1764531490,nominal
1750,0.9997832707195216,1764531490,nominal
1751,0.9997837724907228,1764531490,nominal
1752,0.9997842717530684,1764531490,nominal
1753,0.9997847685191036,1764531490,nominal
1754,0.9997852628013092,1764531490,nominal
1755,0.9997857546121046,1764531490,nominal
1756,0.999786243963847,1764531490,nominal
1757,0.9997867308688312,1764531490,nominal
1758,0.9997872153392918,1764531490,nominal
1759,0.9997876973874008,1764531490,nominal
1760,0.9997881770252698,1764531490,nominal
1761,0.9997886542649504,1764531490,nominal
1762,0.9997891291184332,1764531490,nominal
1763,0.9997896015976496,1764531490,nominal
1764,0.9997900717144708,1764531490,nominal
1765,0.9997905394807084,1764531490,nominal
1766,0.9997910049081156,1764531490,nominal
1767,0.9997914680083868,1764531490,nominal
1768,0.9997919287931571,1764531490,nominal
1769,0.9997923872740044,1764531490,nominal
1770,0.999792843462448,1764531490,nominal
1771,0.9997932973699504,1764531490,nominal
1772,0.9997937490079158,1764531490,nominal
1773,0.999794198387692,1764531490,nominal
1774,0.9997946455205704,1764531490,nominal
1775,0.9997950904177846,1764531490,nominal
1776,0.9997955330905136,1764531490,nominal
1777,0.9997959735498798,1764531490,nominal
1778,0.9997964118069498,1764531490,nominal
1779,0.999796847872735,1764531490,nominal
1780,0.999797281758192,1764531490,nominal
1781,0.9997977134742224,1764531490,nominal
1782,0.9997981430316732,1764531490,nominal
1783,0.9997985704413374,1764531490,nominal
1784,0.999798995713954,1764531490,nominal
1785,0.999799418860208,1764531490,nominal
1786,0.9997998398907316,1764531490,nominal
1787,0.9998002588161028,1764531490,nominal
1788,0.999800675646848,1764531490,nominal
1789,0.99980109039344,1764531490,nominal
1790,0.9998015030662996,1764531490,nominal
1791,0.9998019136757956,1764531490,nominal
1792,0.9998023222322444,1764531490,nominal
1793,0.999802728745912,1764531490,nominal
1794,0.9998031332270116,1764531490,nominal
1795,0.9998035356857062,1764531490,nominal
1796,0.999803936132108,1764531490,nominal
1797,0.9998043345762784,1764531490,nominal
1798,0.9998047310282282,1764531490,nominal
1799,0.999805125497919,1764531490,nominal
1800,0.999805517995262,1764531490,nominal
1801,0.9998059085301184,1764531490,nominal
1802,0.9998062971123012,1764531490,nominal
1803,0.9998066837515738,1764531490,nominal
1804,0.9998070684576504,1764531490,nominal
1805,0.9998074512401972,1764531490,nominal
1806,0.9998078321088318,1764531490,nominal
1807,0.9998082110731236,1764531490,nominal
1808,0.9998085881425944,1764531490,nominal
1809,0.9998089633267184,1764531490,nominal
1810,0.9998093366349224,1764531490,nominal
1811,0.999809708076586,1764531490,nominal
1812,0.9998100776610412,1764531490,nominal
1813,0.9998104453975752,1764531490,nominal
1814,0.9998108112954266,1764531490,nominal
1815,0.9998111753637892,1764531490,nominal
1816,0.9998115376118106,1764531490,nominal
1817,0.9998118980485922,1764531490,nominal
1818,0.9998122566831904,1764531490,nominal
1819,0.999812613524616,1764531490,nominal
1820,0.999812968581835,1764531490,nominal
1821,0.9998133218637684,1764531490,nominal
1822,0.9998136733792924,1764531490,nominal
1823,0.9998140231372392,1764531490,nominal
1824,0.9998143711463968,1764531490,nominal
1825,0.999814717415509,1764531490,nominal
1826,0.999815061953276,1764531490,nominal
1827,0.9998154047683548,1764531490,nominal
1828,0.9998157458693584,1764531490,nominal
1829,0.9998160852648572,1764531490,nominal
1830,0.999816422963379,1764531490,nominal
1831,0.9998167589734088,1764531490,nominal
1832,0.9998170933033884,1764531490,nominal
1833,0.9998174259617189,1764531490,nominal
1834,0.999817756956758,1764531490,nominal
1835,0.999818086296822,1764531490,nominal
1836,0.9998184139901866,1764531490,nominal
1837,0.9998187400450844,1764531490,nominal
1838,0.999819064469708,1764531490,nominal
1839,0.9998193872722092,1764531490,nominal
1840,0.999819708460698,1764531490,nominal
1841,0.9998200280432448,1764531490,nominal
1842,0.999820346027879,1764531490,nominal
1843,0.9998206624225904,1764531490,nominal
1844,0.9998209772353288,1764531490,nominal
1845,0.9998212904740036,1764531490,nominal
1846,0.9998216021464854,1764531490,nominal
1847,0.9998219122606052,1764531490,nominal
1848,0.9998222208241548,1764531490,nominal
1849,0.9998225278448868,1764531490,nominal
1850,0.999822833330516,1764531490,nominal
1851,0.9998231372887167,1764531490,nominal
1852,0.999823439727127,1764531490,nominal
1853,0.9998237406533454,1764531490,nominal
1854,0.9998240400749332,1764531490,nominal
1855,0.9998243379994132,1764531490,nominal
1856,0.9998246344342714,1764531490,nominal
1857,0.9998249293869552,1764531490,nominal
1858,0.999825222864876,1764531490,nominal
1859,0.9998255148754076,1764531490,nominal
1860,0.999825805425887,1764531490,nominal
1861,0.9998260945236138,1764531490,nominal
1862,0.9998263821758526,1764531490,nominal
1863,0.9998266683898304,1764531490,nominal
1864,0.9998269531727386,1764531490,nominal
1865,0.9998272365317324,1764531490,nominal
1866,0.9998275184739316,1764531490,nominal
1867,0.9998277990064204,1764531490,nominal
1868,0.9998280781362464,1764531490,nominal
1869,0.9998283558704236,1764531490,nominal
1870,0.9998286322159308,1764531490,nominal
1871,0.9998289071797102,1764531490,nominal
1872,0.9998291807686712,1764531490,nominal
1873,0.9998294529896876,1764531490,nominal
1874,0.999829723849599,1764531490,nominal
1875,0.9998299933552114,1764531490,nominal
1876,0.9998302615132958,1764531490,nominal
1877,0.99983052833059,1764531490,nominal
1878,0.999830793813798,1764531490,nominal
1879,0.9998310579695904,1764531490,nominal
1880,0.9998313208046036,1764531490,nominal
1881,0.9998315823254422,1764531490,nominal
1882,0.999831842538677,1764531490,nominal
1883,0.9998321014508456,1764531490,nominal
1884,0.999832359068454,1764531490,nominal
1885,0.999832615397974,1764531490,nominal
1886,0.999832870445847,1764531490,nominal
1887,0.9998331242184808,1764531490,nominal
1888,0.9998333767222516,1764531490,nominal
1889,0.9998336279635036,1764531490,nominal
1890,0.9998338779485496,1764531490,nominal
1891,0.9998341266836708,1764531490,nominal
1892,0.9998343741751164,1764531490,nominal
1893,0.9998346204291052,1764531490,nominal
1894,0.9998348654518242,1764531490,nominal
1895,0.9998351092494298,1764531490,nominal
1896,0.9998353518280476,1764531490,nominal
1897,0.9998355931937724,1764531490,nominal
1898,0.9998358333526688,1764531490,nominal
1899,0.9998360723107708,1764531490,nominal
1900,0.9998363100740826,1764531490,nominal
1901,0.999836546648578,1764531490,nominal
1902,0.9998367820402012,1764531490,nominal
1903,0.9998370162548664,1764531490,nominal
1904,0.9998372492984582,1764531490,nominal
1905,0.9998374811768326,1764531490,nominal
1906,0.9998377118958152,1764531490,nominal
1907,0.9998379414612028,1764531490,nominal
1908,0.999838169878764,1764531490,nominal
1909,0.9998383971542376,1764531490,nominal
1910,0.9998386232933336,1764531490,nominal
1911,0.9998388483017346,1764531490,nominal
1912,0.9998390721850938,1764531490,nominal
1913,0.9998392949490362,1764531490,nominal
1914,0.9998395165991592,1764531490,nominal
1915,0.9998397371410316,1764531490,nominal
1916,0.999839956580195,1764531490,nominal
1917,0.9998401749221626,1764531490,nominal
1918,0.9998403921724206,1764531490,nominal
1919,0.9998406083364274,1764531490,nominal
1920,0.9998408234196144,1764531490,nominal
1921,0.9998410374273856,1764531490,nominal
1922,0.999841250365118,1764531490,nominal
1923,0.9998414622381622,1764531490,nominal
1924,0.9998416730518408,1764531490,nominal
1925,0.9998418828114516,1764531490,nominal
1926,0.9998420915222642,1764531490,nominal
1927,0.9998422991895232,1764531490,nominal
1928,0.999842505818446,1764531490,nominal
1929,0.999842711414224,1764531490,nominal
1930,0.9998429159820236,1764531490,nominal
1931,0.999843119526984,1764531490,nominal
1932,0.99984332205422,1764531490,nominal
1933,0.99984352356882,1764531490,nominal
1934,0.9998437240758468,1764531490,nominal
1935,0.9998439235803388,1764531490,nominal
1936,0.9998441220873086,1764531490,nominal
1937,0.9998443196017436,1764531490,nominal
1938,0.9998445161286064,1764531490,nominal
1939,0.9998447116728352,1764531490,nominal
1940,0.999844906239343,1764531490,nominal
1941,0.9998450998330184,1764531490,nominal
1942,0.9998452924587252,1764531490,nominal
1943,0.999845484121304,1764531490,nominal
1944,0.99984567482557,1764531490,nominal
1945,0.9998458645763144,1764531490,nominal
1946,0.9998460533783056,1764531490,nominal
1947,0.9998462412362868,1764531490,nominal
1948,0.9998464281549784,1764531490,nominal
1949,0.9998466141390764,1764531490,nominal
1950,0.999846799193254,1764531490,nominal
1951,0.9998469833221612,1764531490,nominal
1952,0.9998471665304238,1764531490,nominal
1953,0.9998473488226448,1764531490,nominal
1954,0.9998475302034052,1764531490,nominal
1955,0.999847710677262,1764531490,nominal
1956,0.9998478902487496,1764531490,nominal
1957,0.9998480689223797,1764531490,nominal
1958,0.9998482467026418,1764531490,nominal
1959,0.9998484235940028,1764531490,nominal
1960,0.999848599600907,1764531490,nominal
1961,0.9998487747277768,1764531490,nominal
1962,0.9998489489790124,1764531490,nominal
1963,0.9998491223589916,1764531490,nominal
1964,0.9998492948720714,1764531490,nominal
1965,0.9998494665225858,1764531490,nominal
1966,0.9998496373148476,1764531490,nominal
1967,0.9998498072531482,1764531490,nominal
1968,0.9998499763417577,1764531490,nominal
1969,0.9998501445849238,1764531490,nominal
1970,0.9998503119868744,1764531490,nominal
1971,0.9998504785518154,1764531490,nominal
1972,0.9998506442839316,1764531490,nominal
1973,0.9998508091873874,1764531490,nominal
1974,0.999850973266326,1764531490,nominal
1975,0.99985113652487,1764531490,nominal
1976,0.9998512989671214,1764531490,nominal
1977,0.9998514605971618,1764531490,nominal
1978,0.999851621419052,1764531490,nominal
1979,0.9998517814368328,1764531490,nominal
1980,0.9998519406545244,1764531490,nominal
1981,0.999852099076128,1764531490,nominal
1982,0.9998522567056236,1764531490,nominal
1983,0.999852413546972,1764531490,nominal
1984,0.9998525696041136,1764531490,nominal
1985,0.9998527248809694,1764531490,nominal
1986,0.9998528793814412,1764531490,nominal
1987,0.9998530331094104,1764531490,nominal
1988,0.9998531860687402,1764531490,nominal
1989,0.9998533382632732,1764531490,nominal
1990,0.999853489696834,1764531490,nominal
1991,0.9998536403732268,1764531490,nominal
1992,0.9998537902962374,1764531490,nominal
1993,0.9998539394696336,1764531490,nominal
1994,0.9998540878971623,1764531490,nominal
1995,0.999854235582554,1764531490,nominal
1996,0.9998543825295184,1764531490,nominal
1997,0.9998545287417484,1764531490,nominal
1998,0.9998546742229172,1764531490,nominal
1999,0.99985481897668,1764531490,nominal
2000,0.9998549630066742,1764531490,nominal
2001,0.9998551063165184,1764531490,nominal
1,0.3333333333333333,1764531436,nominal
2,0.3333333333333333,1764531436,nominal
3,0.3333333333333333,1764531436,nominal
4,0.3333333333333333,1764531436,nominal
5,0.3333333333333333,1764531436,nominal
6,0.3333333333333333,1764531436,nominal
7,0.3333333333333333,1764531436,nominal
8,0.3333333333333333,1764531436,nominal
9,0.3333333333333333,1764531436,nominal
10,0.5082382328885561,1764531436,nominal
11,0.5083621495044117,1764531436,nominal
12,0.5084116514559939,1764531436,nominal
13,0.5086125788184219,1764531436,nominal
14,0.5087389368501003,1764531436,nominal
15,0.5086386891061848,1764531436,nominal
16,0.5088151333723966,1764531436,nominal
17,0.5088667275018034,1764531436,nominal
18,0.5090714543449958,1764531436,nominal
19,0.5091513876090431,1764531436,nominal
20,0.5093851742199754,1764531436,nominal
21,0.5097728481897971,1764531436,nominal
22,0.5105137105081936,1764531436,nominal
23,0.5111274328182498,1764531436,nominal
24,0.5120938884380274,1764531436,nominal
25,0.5134121057635035,1764531436,nominal
26,0.5147263481472802,1764531436,nominal
27,0.516164392842155,1764531436,nominal
28,0.517470551618028,1764531436,nominal
29,0.5189015398616077,1764531436,nominal
30,0.5203289241913839,1764531436,nominal
31,0.5217526947065045,1764531436,nominal
32,0.523172841734165,1764531436,nominal
33,0.5247202384440811,1764531436,nominal
34,0.526264364715198,1764531436,nominal
35,0.5274480502993049,1764531436,nominal
36,0.5286295280493396,1764531436,nominal
37,0.529808790021765,1764531436,nominal
38,0.5311189857786531,1764531436,nominal
39,0.5324271617181502,1764531436,nominal
40,0.5337333064835482,1764531436,nominal
41,0.5349029318361033,1764531436,nominal
42,0.5360702992185049,1764531436,nominal
43,0.5372354012120283,1764531436,nominal
44,0.5382624370515132,1764531436,nominal
45,0.539647905282961,1764531436,nominal
46,0.5410295735863022,1764531436,nominal
47,0.5422445581207065,1764531436,nominal
48,0.5434559608476283,1764531436,nominal
49,0.5446637791886428,1764531436,nominal
50,0.5458680107222735,1764531436,nominal
51,0.5472075937368395,1764531436,nominal
52,0.548543734560601,1764531436,nominal
53,0.549876425735776,1764531436,nominal
54,0.551345869680595,1764531436,nominal
55,0.5528119896914956,1764531436,nominal
56,0.5542747736278764,1764531436,nominal
57,0.5555369331609279,1764531436,nominal
58,0.5567969245556805,1764531436,nominal
59,0.558054738197629,1764531436,nominal
60,0.5593103645567695,1764531436,nominal
61,0.5605637941876938,1764531436,nominal
62,0.5618150177296763,1764531436,nominal
63,0.5630640259067609,1764531436,nominal
64,0.5643108095278381,1764531436,nominal
65,0.5655553594867228,1764531436,nominal
66,0.5667976667622233,1764531436,nominal
67,0.5684053853248022,1764531436,nominal
68,0.5700096305276519,1764531436,nominal
69,0.5716103871409058,1764531436,nominal
70,0.5730602542862355,1764531436,nominal
71,0.574506344429083,1764531436,nominal
72,0.5759486493783392,1764531436,nominal
73,0.5773871611540242,1764531436,nominal
74,0.5786480244274078,1764531436,nominal
75,0.5799052559696404,1764531436,nominal
76,0.5811588525874659,1764531436,nominal
77,0.5824088112459243,1764531436,nominal
78,0.5836551290670268,1764531436,nominal
79,0.5848978033284328,1764531436,nominal
80,0.5862885267447385,1764531436,nominal
81,0.5876756412432114,1764531436,nominal
82,0.5890591395435545,1764531436,nominal
83,0.5904390145528072,1764531436,nominal
84,0.5919928978135096,1764531436,nominal
85,0.5935431090319515,1764531436,nominal
86,0.5947183133637018,1764531436,nominal
87,0.595891181543097,1764531436,nominal
88,0.5970617066361216,1764531436,nominal
89,0.59807432761747,1764531436,nominal
90,0.599084537963583,1764531436,nominal
91,0.6000923344762731,1764531436,nominal
92,0.601097714022703,1764531436,nominal
93,0.6021006735352784,1764531436,nominal
94,0.6031012100115386,1764531436,nominal
95,0.6039412852813147,1764531436,nominal
96,0.6051525534296553,1764531436,nominal
97,0.6062006862566528,1764531436,nominal
98,0.6072445232855779,1764531436,nominal
99,0.608443999533583,1764531436,nominal
100,0.6092962905395412,1764531436,nominal
101,0.6101449706189048,1764531436,nominal
102,0.6108290141063284,1764531436,nominal
103,0.6115095436423411,1764531436,nominal
104,0.6121865754912359,1764531436,nominal
105,0.6130222484291857,1764531436,nominal
106,0.6138543667901831,1764531436,nominal
107,0.6148457953546665,1764531436,nominal
108,0.6158336026640809,1764531436,nominal
109,0.6168177945584661,1764531436,nominal
110,0.6181463476368533,1764531436,nominal
111,0.619470916068279,1764531436,nominal
112,0.6209564857164652,1764531436,nominal
113,0.62243817185831,1764531436,nominal
114,0.6239159667822618,1764531436,nominal
115,0.6253898629801157,1764531436,nominal
116,0.626859853145614,1764531436,nominal
117,0.6283259301730453,1764531436,nominal
118,0.6297880871558412,1764531436,nominal
119,0.6312463173851711,1764531436,nominal
120,0.6327006143485349,1764531436,nominal
121,0.6341509717283553,1764531436,nominal
122,0.6355973834005686,1764531436,nominal
123,0.6370398434332118,1764531436,nominal
124,0.6384783460850139,1764531436,nominal
125,0.6397227528978217,1764531436,nominal
126,0.640963351762856,1764531436,nominal
127,0.64220014211121,1764531436,nominal
128,0.6434331235124324,1764531436,nominal
129,0.6446622956732441,1764531436,nominal
130,0.6458876584362601,1764531436,nominal
131,0.6471092117787123,1764531436,nominal
132,0.6483269558111786,1764531436,nominal
133,0.6495408907763138,1764531436,nominal
134,0.6507510170475853,1764531436,nominal
135,0.6521512883884758,1764531436,nominal
136,0.6535475502424564,1764531436,nominal
137,0.6549397990028981,1764531436,nominal
138,0.6563280312359704,1764531436,nominal
139,0.6577122436792335,1764531436,nominal
140,0.6590924332402297,1764531436,nominal
141,0.6604685969950779,1764531436,nominal
142,0.66184073218707,1764531436,nominal
143,0.6632088362252675,1764531436,nominal
144,0.6645729066831028,1764531436,nominal
145,0.6659329412969801,1764531436,nominal
146,0.6672889379648806,1764531436,nominal
147,0.6686408947449691,1764531436,nominal
148,0.6699888098542028,1764531436,nominal
149,0.6711520314361856,1764531436,nominal
150,0.6723112578392407,1764531436,nominal
151,0.6734664931451361,1764531436,nominal
152,0.6746177415407454,1764531436,nominal
153,0.6757650073167397,1764531436,nominal
154,0.6769082948662859,1764531436,nominal
155,0.6780476086837521,1764531436,nominal
156,0.6791829533634233,1764531436,nominal
157,0.6803143335982244,1764531436,nominal
158,0.6814417541784501,1764531436,nominal
159,0.6823749062334871,1764531436,nominal
160,0.6833057314623645,1764531436,nominal
161,0.684234227722777,1764531436,nominal
162,0.6851603929302313,1764531436,nominal
163,0.6860842250579526,1764531436,nominal
164,0.687005722136786,1764531436,nominal
165,0.6879248822550951,1764531436,nominal
166,0.6888417035586559,1764531436,nominal
167,0.6897561842505496,1764531436,nominal
168,0.6906683225910482,1764531436,nominal
169,0.6919550018250992,1764531436,nominal
170,0.6932375697051937,1764531436,nominal
171,0.6945160274081235,1764531436,nominal
172,0.6957903762456472,1764531436,nominal
173,0.6970606176631057,1764531436,nominal
174,0.6983267532380436,1764531436,nominal
175,0.6995887846788379,1764531436,nominal
176,0.7008467138233306,1764531436,nominal
177,0.7019088039642707,1764531436,nominal
178,0.7027748328999156,1764531436,nominal
179,0.7036371167371995,1764531436,nominal
180,0.7044956676856549,1764531436,nominal
181,0.7051572328280645,1764531436,nominal
182,0.7058153064860336,1764531436,nominal
183,0.7064699061386898,1764531436,nominal
184,0.7071210492049044,1764531436,nominal
185,0.7077687530429242,1764531436,nominal
186,0.7084130349500176,1764531436,nominal
187,0.708874986552084,1764531436,nominal
188,0.7095310437567288,1764531436,nominal
189,0.7101851331066696,1764531436,nominal
190,0.7108372557203563,1764531436,nominal
191,0.7116841652382915,1764531436,nominal
192,0.7125287946344185,1764531436,nominal
193,0.7133711431907229,1764531436,nominal
194,0.7142112102406964,1764531436,nominal
195,0.7150489951691862,1764531436,nominal
196,0.7158844974122384,1764531436,nominal
197,0.7170934441068001,1764531436,nominal
198,0.7182982777974538,1764531436,nominal
199,0.719499002347435,1764531436,nominal
200,0.7206956217299572,1764531436,nominal
201,0.7218881400268992,1764531436,nominal
202,0.7230765614274971,1764531436,nominal
203,0.7242608902270429,1764531436,nominal
204,0.7252396283780345,1764531436,nominal
205,0.7262145507108527,1764531436,nominal
206,0.7271856660982178,1764531436,nominal
207,0.7281529834605173,1764531436,nominal
208,0.7291165117648238,1764531436,nominal
209,0.7300762600239173,1764531436,nominal
210,0.7310322372953222,1764531436,nominal
211,0.7319844526803484,1764531436,nominal
212,0.7329329153231462,1764531436,nominal
213,0.733877634409767,1764531436,nominal
214,0.735023714862285,1764531436,nominal
215,0.7361657594064904,1764531436,nominal
216,0.7373037733990243,1764531436,nominal
217,0.7382315777377101,1764531436,nominal
218,0.7391556862482573,1764531436,nominal
219,0.7400761084123343,1764531436,nominal
220,0.7409928537464732,1764531436,nominal
221,0.741905931801208,1764531436,nominal
222,0.7428153521602213,1764531436,nominal
223,0.7437211244395014,1764531436,nominal
224,0.7446232582865067,1764531436,nominal
225,0.7455217633793394,1764531436,nominal
226,0.7464166494259281,1764531436,nominal
227,0.7473079261632182,1764531436,nominal
228,0.7481956033563718,1764531436,nominal
229,0.7490796907979752,1764531436,nominal
230,0.749960198307255,1764531436,nominal
231,0.7508371357293038,1764531436,nominal
232,0.7517105129343116,1764531436,nominal
233,0.7525803398168094,1764531436,nominal
234,0.7534466262949155,1764531436,nominal
235,0.7543093823095967,1764531436,nominal
236,0.7550206892998107,1764531436,nominal
237,0.7559429238045537,1764531436,nominal
238,0.7568627678764814,1764531436,nominal
239,0.757780220027184,1764531436,nominal
240,0.7586952788252357,1764531436,nominal
241,0.7596079428960694,1764531436,nominal
242,0.7605182109218461,1764531436,nominal
243,0.7614260816413222,1764531436,nominal
244,0.7623315538497127,1764531436,nominal
245,0.7632346263985508,1764531436,nominal
246,0.764279783479953,1764531436,nominal
247,0.7653210184893516,1764531436,nominal
248,0.7663583391865724,1764531436,nominal
249,0.7673917533929085,1764531436,nominal
250,0.768421268990087,1764531436,nominal
251,0.7694468939192445,1764531436,nominal
252,0.7704686361799101,1764531436,nominal
253,0.771486503828997,1764531436,nominal
254,0.7725005049798037,1764531436,nominal
255,0.7735106478010209,1764531436,nominal
256,0.7745169405157498,1764531436,nominal
257,0.7755193914005252,1764531436,nominal
258,0.77651800878435,1764531436,nominal
259,0.7775128010477359,1764531436,nominal
260,0.7785037766217524,1764531436,nominal
261,0.7794909439870856,1764531436,nominal
262,0.7804743116731028,1764531436,nominal
263,0.7814538882569266,1764531436,nominal
264,0.7824296823625166,1764531436,nominal
265,0.7834017026597603,1764531436,nominal
266,0.7843699578635694,1764531436,nominal
267,0.7853344567329873,1764531436,nominal
268,0.7862952080703012,1764531436,nominal
269,0.787252220720166,1764531436,nominal
270,0.7882055035687319,1764531436,nominal
271,0.7891550655427836,1764531436,nominal
272,0.7901009156088844,1764531436,nominal
273,0.7910430627725306,1764531436,nominal
274,0.7919815160773112,1764531436,nominal
275,0.7929162846040773,1764531436,nominal
276,0.7938473774701189,1764531436,nominal
277,0.7947748038283482,1764531436,nominal
278,0.7956985728664914,1764531436,nominal
279,0.7966186938062882,1764531436,nominal
280,0.7975351759026998,1764531436,nominal
281,0.7984480284431208,1764531436,nominal
282,0.799357260746604,1764531436,nominal
283,0.8002628821630873,1764531436,nominal
284,0.8011649020726326,1764531436,nominal
285,0.8020633298846688,1764531436,nominal
286,0.8029581750372438,1764531436,nominal
287,0.8038494469962834,1764531436,nominal
288,0.8047371552548573,1764531436,nominal
289,0.8056213093324532,1764531436,nominal
290,0.8065019187742569,1764531436,nominal
291,0.8073789931504401,1764531436,nominal
292,0.8082525420554558,1764531436,nominal
293,0.80912257510734,1764531436,nominal
294,0.8099891019470208,1764531436,nominal
295,0.8108521322376354,1764531436,nominal
296,0.811711675663852,1764531436,nominal
297,0.8125677419312006,1764531436,nominal
298,0.81342034076541,1764531436,nominal
299,0.8142694819117513,1764531436,nominal
300,0.815115175134389,1764531436,nominal
301,0.815957430215738,1764531436,nominal
302,0.8167962569558278,1764531436,nominal
303,0.817631665171674,1764531436,nominal
304,0.8184636646966553,1764531436,nominal
305,0.819292265379898,1764531436,nominal
306,0.8201174770856658,1764531436,nominal
307,0.8209393096927586,1764531436,nominal
308,0.8217577730939158,1764531436,nominal
309,0.8225728771952253,1764531436,nominal
310,0.8233846319155418,1764531436,nominal
311,0.8241930471859095,1764531436,nominal
312,0.8249981329489906,1764531436,nominal
313,0.8257998991585022,1764531436,nominal
314,0.8265983557786569,1764531436,nominal
315,0.8273935127836126,1764531436,nominal
316,0.8281853801569252,1764531436,nominal
317,0.8289739678910095,1764531436,nominal
318,0.8297592859866066,1764531436,nominal
319,0.8305413444522557,1764531436,nominal
320,0.8313201533037723,1764531436,nominal
321,0.8320957225637337,1764531436,nominal
322,0.8328680622609685,1764531436,nominal
323,0.8336371824300549,1764531436,nominal
324,0.8344030931108192,1764531436,nominal
325,0.8351658043478476,1764531436,nominal
326,0.8359253261899983,1764531436,nominal
327,0.8365725723450199,1764531436,nominal
328,0.8372179227916957,1764531436,nominal
329,0.837861378060992,1764531436,nominal
330,0.8385029387237064,1764531436,nominal
331,0.8391426053902639,1764531436,nominal
332,0.8397803787105125,1764531436,nominal
333,0.8404162593735167,1764531436,nominal
334,0.8410502481073501,1764531436,nominal
335,0.8416823456788848,1764531436,nominal
336,0.8423125528935816,1764531436,nominal
337,0.8430467740974024,1764531436,nominal
338,0.8437778523752176,1764531436,nominal
339,0.8445057983057133,1764531436,nominal
340,0.84523062246338,1764531436,nominal
341,0.8459523354180956,1764531436,nominal
342,0.8466709477347134,1764531436,nominal
343,0.8473864699726564,1764531436,nominal
344,0.8480989126855158,1764531436,nominal
345,0.8488082864206561,1764531436,nominal
346,0.8495146017188248,1764531436,nominal
347,0.8502178691137682,1764531436,nominal
348,0.8509180991318518,1764531436,nominal
349,0.8516153022916869,1764531436,nominal
350,0.8523094891037614,1764531436,nominal
351,0.8530006700700759,1764531436,nominal
352,0.8536888556837858,1764531436,nominal
353,0.854374056428848,1764531436,nominal
354,0.8550562827796722,1764531436,nominal
355,0.8557355452007771,1764531436,nominal
356,0.8564118541464535,1764531436,nominal
357,0.857085220060429,1764531436,nominal
358,0.8577556533755407,1764531436,nominal
359,0.858175293887904,1764531436,nominal
360,0.8585928745028921,1764531436,nominal
361,0.8590084049713798,1764531436,nominal
362,0.8594218950033602,1764531436,nominal
363,0.8598333542680389,1764531436,nominal
364,0.860242792393925,1764531436,nominal
365,0.8606502189689268,1764531436,nominal
366,0.8610556435404461,1764531436,nominal
367,0.8614590756154745,1764531436,nominal
368,0.8618605246606913,1764531436,nominal
369,0.8625096780147579,1764531436,nominal
370,0.8631559895358969,1764531436,nominal
371,0.8637994694912273,1764531436,nominal
372,0.8644401281342328,1764531436,nominal
373,0.865077975704485,1764531436,nominal
374,0.8657130224273687,1764531436,nominal
375,0.8663452785138132,1764531436,nominal
376,0.8669747541600261,1764531436,nominal
377,0.8673502403561228,1764531436,nominal
378,0.8677238656658024,1764531436,nominal
379,0.8680956390957276,1764531436,nominal
380,0.8684655696124369,1764531436,nominal
381,0.8688336661424695,1764531436,nominal
382,0.8691999375724884,1764531436,nominal
383,0.8695643927494057,1764531436,nominal
384,0.8699270404805082,1764531436,nominal
385,0.8702878895335822,1764531436,nominal
386,0.8706469486370406,1764531436,nominal
387,0.8712570992578377,1764531436,nominal
388,0.871864554355602,1764531436,nominal
389,0.8724693239401158,1764531436,nominal
390,0.87307141800434,1764531436,nominal
391,0.8736708465241912,1764531436,nominal
392,0.8742676194583223,1764531436,nominal
393,0.8748617467479075,1764531436,nominal
394,0.8754532383164304,1764531436,nominal
395,0.8760421040694759,1764531436,nominal
396,0.8766283538945263,1764531436,nominal
397,0.8772119976607597,1764531436,nominal
398,0.8777930452188529,1764531436,nominal
399,0.8783715064007875,1764531436,nominal
400,0.8789473910196595,1764531436,nominal
401,0.879520708869492,1764531436,nominal
402,0.8800914697250513,1764531436,nominal
403,0.880659683341668,1764531436,nominal
404,0.8812253594550579,1764531436,nominal
405,0.8817885077811496,1764531436,nominal
406,0.8823491380159137,1764531436,nominal
407,0.8829072598351955,1764531436,nominal
408,0.8834628828945505,1764531436,nominal
409,0.8840160168290839,1764531436,nominal
410,0.8845666712532924,1764531436,nominal
411,0.8851148557609096,1764531436,nominal
412,0.8856605799247541,1764531436,nominal
413,0.8862038532965802,1764531436,nominal
414,0.8867446854069334,1764531436,nominal
415,0.887283085765006,1764531436,nominal
416,0.8878190638584985,1764531436,nominal
417,0.8883526291534816,1764531436,nominal
418,0.8888837910942622,1764531436,nominal
419,0.8894125591032525,1764531436,nominal
420,0.8899389425808406,1764531436,nominal
421,0.8904629509052653,1764531436,nominal
422,0.8909845934324925,1764531436,nominal
423,0.8915038794960951,1764531436,nominal
424,0.8920208184071353,1764531436,nominal
425,0.8925354194540487,1764531436,nominal
426,0.8930476919025331,1764531436,nominal
427,0.893557644995437,1764531436,nominal
428,0.8940652879526538,1764531436,nominal
429,0.8945706299710157,1764531436,nominal
430,0.8950736802241918,1764531436,nominal
431,0.8955744478625879,1764531436,nominal
432,0.8960729420132499,1764531436,nominal
433,0.8965691717797678,1764531436,nominal
434,0.8970631462421831,1764531436,nominal
435,0.897554874456899,1764531436,nominal
436,0.8980443654565919,1764531436,nominal
437,0.8985316282501261,1764531436,nominal
438,0.89901667182247,1764531436,nominal
439,0.8991638790909573,1764531436,nominal
440,0.8993105350137582,1764531436,nominal
441,0.8994566408404099,1764531436,nominal
442,0.8996021978250419,1764531436,nominal
443,0.8997472072262948,1764531436,nominal
444,0.8998916703072378,1764531436,nominal
445,0.9000355883352884,1764531436,nominal
446,0.9001789625821306,1764531436,nominal
447,0.9003217943236362,1764531436,nominal
448,0.900464084839784,1764531436,nominal
449,0.9009434597112584,1764531436,nominal
450,0.9011576568595018,1764531436,nominal
451,0.9013707091149156,1764531436,nominal
452,0.9015826228779708,1764531436,nominal
453,0.9017934045113668,1764531436,nominal
454,0.902003060340262,1764531436,nominal
455,0.9022115966525036,1764531436,nominal
456,0.9024190196988544,1764531436,nominal
457,0.9026253356932216,1764531436,nominal
458,0.9028305508128808,1764531436,nominal
459,0.9030346711987012,1764531436,nominal
460,0.9035017883871874,1764531436,nominal
461,0.9039667429239092,1764531436,nominal
462,0.9044295438728518,1764531436,nominal
463,0.904890200270359,1764531436,nominal
464,0.9053487211250956,1764531436,nominal
465,0.905805115418009,1764531436,nominal
466,0.9062593921022944,1764531436,nominal
467,0.906711560103362,1764531436,nominal
468,0.9071616283188044,1764531436,nominal
469,0.907609605618367,1764531436,nominal
470,0.9080555008439216,1764531436,nominal
471,0.9084993228094388,1764531436,nominal
472,0.9089410803009642,1764531436,nominal
473,0.9093807820765956,1764531436,nominal
474,0.9098184368664616,1764531436,nominal
475,0.9102540533727046,1764531436,nominal
476,0.91068764026946,1764531436,nominal
477,0.9111192062028431,1764531436,nominal
478,0.9115487597909332,1764531436,nominal
479,0.9119763096237608,1764531436,nominal
480,0.912401864263298,1764531436,nominal
481,0.9128254322434476,1764531436,nominal
482,0.9132470220700352,1764531436,nominal
483,0.9136666422208028,1764531436,nominal
484,0.9140843011454044,1764531436,nominal
485,0.9145000072654016,1764531436,nominal
486,0.914913768974261,1764531436,nominal
487,0.9153255946373552,1764531436,nominal
488,0.915735492591962,1764531436,nominal
489,0.9161434711472664,1764531436,nominal
490,0.916549538584366,1764531436,nominal
491,0.9169537031562728,1764531436,nominal
492,0.9173559730879212,1764531436,nominal
493,0.9177563565761758,1764531436,nominal
494,0.9181548617898384,1764531436,nominal
495,0.9185514968696596,1764531436,nominal
496,0.918946269928348,1764531436,nominal
497,0.9193391890505854,1764531436,nominal
498,0.9197302622930378,1764531436,nominal
499,0.9201194976843712,1764531436,nominal
500,0.9205069032252692,1764531436,nominal
501,0.9208924868884464,1764531436,nominal
502,0.9212762566186704,1764531436,nominal
503,0.9213890114158888,1764531436,nominal
504,0.921501123344179,1764531436,nominal
505,0.9216125963909576,1764531436,nominal
506,0.9217234345162748,1764531436,nominal
507,0.9218336416530204,1764531436,nominal
508,0.9219432217071284,1764531436,nominal
509,0.9220521785577784,1764531436,nominal
510,0.922160516057598,1764531436,nominal
511,0.9222682380328616,1764531436,nominal
512,0.9223753482836876,1764531436,nominal
513,0.9227518829753028,1764531436,nominal
514,0.9231266457259756,1764531436,nominal
515,0.9234996442795088,1764531436,nominal
516,0.9238708863522356,1764531436,nominal
517,0.9242403796330424,1764531436,nominal
518,0.9246081317833944,1764531436,nominal
519,0.9249741504373634,1764531436,nominal
520,0.9253384432016538,1764531436,nominal
521,0.9257010176556312,1764531436,nominal
522,0.9260618813513516,1764531436,nominal
523,0.9264210418135914,1764531436,nominal
524,0.9267785065398793,1764531436,nominal
525,0.9271342830005266,1764531436,nominal
526,0.9274883786386624,1764531436,nominal
527,0.927840800870264,1764531436,nominal
528,0.9281915570841952,1764531436,nominal
529,0.9285406546422388,1764531436,nominal
530,0.9288881008791338,1764531436,nominal
531,0.9292339031026122,1764531436,nominal
532,0.9295780685934376,1764531436,nominal
533,0.9299206046054423,1764531436,nominal
534,0.930261518365568,1764531436,nominal
535,0.9306008170739049,1764531436,nominal
536,0.9309385079037328,1764531436,nominal
537,0.9312745980015632,1764531436,nominal
538,0.9316090944871804,1764531436,nominal
539,0.931942004453686,1764531436,nominal
540,0.9322733349675416,1764531436,nominal
541,0.9326030930686122,1764531436,nominal
542,0.932658463147886,1764531436,nominal
543,0.9327134836966634,1764531436,nominal
544,0.9327681571884108,1764531436,nominal
545,0.932822486077006,1764531436,nominal
546,0.9328764727969064,1764531436,nominal
547,0.9329301197633172,1764531436,nominal
548,0.9329834293723576,1764531436,nominal
549,0.9330364040012248,1764531436,nominal
550,0.933089046008357,1764531436,nominal
551,0.9331413577335956,1764531436,nominal
552,0.9334668109117958,1764531436,nominal
553,0.9337907196786084,1764531436,nominal
554,0.934113090923866,1764531436,nominal
555,0.9344339315113118,1764531436,nominal
556,0.9347532482786473,1764531436,nominal
557,0.9350710480375776,1764531436,nominal
558,0.9353873375738626,1764531436,nominal
559,0.9357021236473616,1764531436,nominal
560,0.9360154129920856,1764531436,nominal
561,0.9363272123162452,1764531436,nominal
562,0.9366375283023,1764531436,nominal
563,0.9369463676070116,1764531436,nominal
564,0.9372537368614928,1764531436,nominal
565,0.9375596426712606,1764531436,nominal
566,0.9378640916162864,1764531436,nominal
567,0.9381670902510508,1764531436,nominal
568,0.9384686451045964,1764531436,nominal
569,0.9387687626805806,1764531436,nominal
570,0.9390674494573296,1764531436,nominal
571,0.9393647118878944,1764531436,nominal
572,0.939660556400104,1764531436,nominal
573,0.939954989396622,1764531436,nominal
574,0.9402480172550032,1764531436,nominal
575,0.9405396463277468,1764531436,nominal
576,0.9408298829423568,1764531436,nominal
577,0.941118733401397,1764531436,nominal
578,0.9414062039825484,1764531436,nominal
579,0.9416923009386684,1764531436,nominal
580,0.9417013003789024,1764531436,nominal
581,0.941710190799462,1764531436,nominal
582,0.9417189733938636,1764531436,nominal
583,0.9417276493430612,1764531436,nominal
584,0.9417362198155784,1764531436,nominal
585,0.941744685967636,1764531436,nominal
586,0.9417530489432788,1764531436,nominal
587,0.9417613098745032,1764531436,nominal
588,0.9417694698813804,1764531436,nominal
589,0.9417775300721816,1764531436,nominal
590,0.9420617255951907,1764531436,nominal
591,0.9423445635649488,1764531436,nominal
592,0.9426260501338404,1764531436,nominal
593,0.942906191429853,1764531436,nominal
594,0.9431849935566342,1764531436,nominal
595,0.9434624625935506,1764531436,nominal
596,0.9437386045957468,1764531436,nominal
597,0.9440134255942054,1764531436,nominal
598,0.9442869315958056,1764531436,nominal
599,0.9445591285833852,1764531436,nominal
600,0.9448300225157976,1764531436,nominal
601,0.9450996193279768,1764531436,nominal
602,0.945367924930994,1764531436,nominal
603,0.9456349452121224,1764531436,nominal
604,0.9459006860348952,1764531436,nominal
605,0.9461651532391704,1764531436,nominal
606,0.9464283526411909,1764531436,nominal
607,0.9466902900336476,1764531436,nominal
608,0.9469509711857408,1764531436,nominal
609,0.9472104018432452,1764531436,nominal
610,0.9474685877285696,1764531436,nominal
611,0.9477255345408228,1764531436,nominal
612,0.9479812479558754,1764531436,nominal
613,0.9482357336264235,1764531436,nominal
614,0.9484889971820544,1764531436,nominal
615,0.9487410442293076,1764531436,nominal
616,0.9489918803517412,1764531436,nominal
617,0.9492415111099948,1764531436,nominal
618,0.949489942041856,1764531436,nominal
619,0.9497371786623232,1764531436,nominal
620,0.9499832264636708,1764531436,nominal
621,0.9502280909155156,1764531436,nominal
622,0.9504717774648804,1764531436,nominal
623,0.9507142915362606,1764531436,nominal
624,0.9509556385316889,1764531436,nominal
625,0.9511958238308008,1764531436,nominal
626,0.951434852790902,1764531436,nominal
627,0.9516727307470324,1764531436,nominal
628,0.9519094630120328,1764531436,nominal
629,0.9521450548766118,1764531436,nominal
630,0.952379511609411,1764531436,nominal
631,0.9526128384570722,1764531436,nominal
632,0.9528450406443034,1764531436,nominal
633,0.953076123373946,1764531436,nominal
634,0.9533060918270408,1764531436,nominal
635,0.9535349511628952,1764531436,nominal
636,0.9537627065191504,1764531436,nominal
637,0.9539893630118472,1764531436,nominal
638,0.9542149257354944,1764531436,nominal
639,0.954439399763136,1764531436,nominal
640,0.954662790146416,1764531436,nominal
641,0.9548851019156488,1764531436,nominal
642,0.9551063400798848,1764531436,nominal
643,0.9553265096269784,1764531436,nominal
644,0.955545615523654,1764531436,nominal
645,0.955763662715576,1764531436,nominal
646,0.9559806561274136,1764531436,nominal
647,0.9561966006629108,1764531436,nominal
648,0.956411501204952,1764531436,nominal
649,0.9566253626156306,1764531436,nominal
650,0.9568381897363168,1764531436,nominal
651,0.9570499873877252,1764531436,nominal
652,0.957260760369981,1764531436,nominal
653,0.9574705134626909,1764531436,nominal
654,0.9576792514250072,1764531436,nominal
655,0.9578869789956984,1764531436,nominal
656,0.958093700893215,1764531436,nominal
657,0.9582994218157588,1764531436,nominal
658,0.958504146441349,1764531436,nominal
659,0.9587078794278918,1764531436,nominal
660,0.9589106254132465,1764531436,nominal
661,0.9591123890152938,1764531436,nominal
662,0.959313174832004,1764531436,nominal
663,0.9595129874415044,1764531436,nominal
664,0.9597118314021462,1764531436,nominal
665,0.9599097112525732,1764531436,nominal
666,0.9601066315117894,1764531436,nominal
667,0.9603025966792256,1764531436,nominal
668,0.960497611234808,1764531436,nominal
669,0.9606916796390252,1764531436,nominal
670,0.9608848063329958,1764531436,nominal
671,0.961076995738536,1764531436,nominal
672,0.9612682522582264,1764531436,nominal
673,0.9614585802754804,1764531436,nominal
674,0.9613667396997566,1764531436,nominal
675,0.9612753135503416,1764531436,nominal
676,0.9611843002239858,1764531436,nominal
677,0.961093698120454,1764531436,nominal
678,0.9610035056425652,1764531436,nominal
679,0.9609137211962308,1764531436,nominal
680,0.9608243431904936,1764531436,nominal
681,0.960735370037564,1764531436,nominal
682,0.9606468001528564,1764531436,nominal
683,0.9605586319550256,1764531436,nominal
684,0.9607523436040832,1764531436,nominal
685,0.9609451158035054,1764531436,nominal
686,0.9611369529596068,1764531436,nominal
687,0.961327859459578,1764531436,nominal
688,0.9612093972383432,1764531436,nominal
689,0.9610913004853991,1764531436,nominal
690,0.9609735693388952,1764531436,nominal
691,0.9608562039208952,1764531436,nominal
692,0.960739204337552,1764531436,nominal
693,0.9606225706792836,1764531436,nominal
694,0.9605063030209464,1764531436,nominal
695,0.9603904014220072,1764531436,nominal
696,0.960274865926717,1764531436,nominal
697,0.9601596965642788,1764531436,nominal
698,0.9603566241816686,1764531436,nominal
699,0.960552584709013,1764531436,nominal
700,0.960747582796988,1764531436,nominal
701,0.9609416230749992,1764531436,nominal
702,0.9611347101512666,1764531436,nominal
703,0.9613268486129084,1764531436,nominal
704,0.9615180430260266,1764531436,nominal
705,0.961708297935789,1764531436,nominal
706,0.9618976178665152,1764531436,nominal
707,0.9620860073217582,1764531436,nominal
708,0.9622734707843904,1764531436,nominal
709,0.962460012716684,1764531436,nominal
710,0.9626456375603966,1764531436,nominal
711,0.9628303497368528,1764531436,nominal
712,0.9630141536470268,1764531436,nominal
713,0.9631970536716256,1764531436,nominal
714,0.9633790541711714,1764531436,nominal
715,0.9635601594860836,1764531436,nominal
716,0.9637403739367596,1764531436,nominal
717,0.963919701823658,1764531436,nominal
718,0.96409814742738,1764531436,nominal
719,0.9642757150087494,1764531436,nominal
720,0.9644524088088956,1764531436,nominal
721,0.9643447807668803,1764531436,nominal
722,0.9642376540470418,1764531436,nominal
723,0.9641310265356438,1764531436,nominal
724,0.9640248961252182,1764531436,nominal
725,0.9639192607145832,1764531436,nominal
726,0.9638141182088572,1764531436,nominal
727,0.9637094665194786,1764531436,nominal
728,0.9636053035642174,1764531436,nominal
729,0.963501627267192,1764531436,nominal
730,0.963398435558883,1764531436,nominal
731,0.9635793043003372,1764531436,nominal
732,0.9637592846914932,1764531436,nominal
733,0.9639383810078824,1764531436,nominal
734,0.9641165975054136,1764531436,nominal
735,0.9642939384204496,1764531436,nominal
736,0.9644704079698906,1764531436,nominal
737,0.964646010351248,1764531436,nominal
738,0.9648207497427276,1764531436,nominal
739,0.9649946303033043,1764531436,nominal
740,0.9651676561728036,1764531436,nominal
741,0.9653398314719778,1764531436,nominal
742,0.965511160302584,1764531436,nominal
743,0.9656816467474628,1764531436,nominal
744,0.9658512948706148,1764531436,nominal
745,0.9660201087172788,1764531436,nominal
746,0.9661880923140076,1764531436,nominal
747,0.9663552496687466,1764531436,nominal
748,0.9665215847709092,1764531436,nominal
749,0.966687101591454,1764531436,nominal
750,0.96685180408296,1764531436,nominal
751,0.9670156961797048,1764531436,nominal
752,0.967178781797738,1764531436,nominal
753,0.9673410648349582,1764531436,nominal
754,0.9675025491711894,1764531436,nominal
755,0.9676632386682534,1764531436,nominal
756,0.967823137170048,1764531436,nominal
757,0.9679822485026196,1764531436,nominal
758,0.9681405764742392,1764531436,nominal
759,0.9682981248754756,1764531436,nominal
760,0.9684548974792704,1764531436,nominal
761,0.9686108980410122,1764531436,nominal
762,0.9684593632907542,1764531436,nominal
763,0.9683083251052284,1764531436,nominal
764,0.9681577833150304,1764531436,nominal
765,0.96800773773278,1764531436,nominal
766,0.9678581881533392,1764531436,nominal
767,0.9677091343540256,1764531436,nominal
768,0.9675605760948286,1764531436,nominal
769,0.9674125131186184,1764531436,nominal
770,0.9672649451513587,1764531436,nominal
771,0.967117871902316,1764531436,nominal
772,0.9672814641714078,1764531436,nominal
773,0.9674442415030688,1764531436,nominal
774,0.9676062079319988,1764531436,nominal
775,0.9677673674732672,1764531436,nominal
776,0.967927724122404,1764531436,nominal
777,0.9680872818554908,1764531436,nominal
778,0.9682460446292488,1764531436,nominal
779,0.9684040163811304,1764531436,nominal
780,0.9685612010294068,1764531436,nominal
781,0.9687176024732588,1764531436,nominal
782,0.9688732245928624,1764531436,nominal
783,0.9690280712494812,1764531436,nominal
784,0.9691821462855492,1764531436,nominal
785,0.9693354535247628,1764531436,nominal
786,0.9694879967721654,1764531436,nominal
787,0.9696397798142344,1764531436,nominal
788,0.9697908064189692,1764531436,nominal
789,0.9699410803359756,1764531436,nominal
790,0.9700906052965518,1764531436,nominal
791,0.9702393850137752,1764531436,nominal
792,0.9703874231825864,1764531436,nominal
793,0.9705347234798736,1764531436,nominal
794,0.970681289564558,1764531436,nominal
795,0.9708271250776772,1764531436,nominal
796,0.9709722336424697,1764531436,nominal
797,0.9711166188644568,1764531436,nominal
798,0.9712602843315274,1764531436,nominal
799,0.9714032336140196,1764531436,nominal
800,0.971545470264804,1764531436,nominal
801,0.971686997819364,1764531436,nominal
802,0.9718278197958796,1764531436,nominal
803,0.971967939695308,1764531436,nominal
804,0.972107361001464,1764531436,nominal
805,0.9722460871811012,1764531436,nominal
806,0.9723841216839924,1764531436,nominal
807,0.9725214679430104,1764531436,nominal
808,0.9726581293742054,1764531436,nominal
809,0.9727941093768872,1764531436,nominal
810,0.9729294113337028,1764531436,nominal
811,0.9730640386107144,1764531436,nominal
812,0.9731979945574796,1764531436,nominal
813,0.973331282507128,1764531436,nominal
814,0.97346390577644,1764531436,nominal
815,0.9735958676659228,1764531436,nominal
816,0.9737271714598886,1764531436,nominal
817,0.9738578204265316,1764531436,nominal
818,0.9739878178180036,1764531436,nominal
819,0.9741171668704898,1764531436,nominal
820,0.9742458708042864,1764531436,nominal
821,0.9743739328238734,1764531436,nominal
822,0.9745013561179928,1764531436,nominal
823,0.97462814385972,1764531436,nominal
824,0.974754299206542,1764531436,nominal
825,0.974879825300428,1764531436,nominal
826,0.9750047252679056,1764531436,nominal
827,0.975129002220134,1764531436,nominal
828,0.9752526592529766,1764531436,nominal
829,0.9753756994470736,1764531436,nominal
830,0.9754981258679166,1764531436,nominal
831,0.975619941565918,1764531436,nominal
832,0.9757411495764856,1764531436,nominal
833,0.975861752920092,1764531436,nominal
834,0.975981754602348,1764531436,nominal
835,0.9761011576140722,1764531436,nominal
836,0.9762199649313624,1764531436,nominal
837,0.9763381795156656,1764531436,nominal
838,0.9764558043138486,1764531436,nominal
839,0.9765728422582672,1764531436,nominal
840,0.9766892962668366,1764531436,nominal
841,0.9768051692430992,1764531436,nominal
842,0.9769204640762952,1764531436,nominal
843,0.976748095824706,1764531436,nominal
844,0.97657657658488,1764531436,nominal
845,0.9764059022649376,1764531436,nominal
846,0.9762360687915488,1764531436,nominal
847,0.976067072109865,1764531436,nominal
848,0.9758989081834508,1764531436,nominal
849,0.975731572994217,1764531436,nominal
850,0.975565062542352,1764531436,nominal
851,0.9753993728462544,1764531436,nominal
852,0.9752344999424648,1764531436,nominal
853,0.9753574727540216,1764531436,nominal
854,0.9754798336718647,1764531436,nominal
855,0.9756015857221518,1764531436,nominal
856,0.975722731916296,1764531436,nominal
857,0.9758432752510352,1764531436,nominal
858,0.9759632187085018,1764531436,nominal
859,0.9760825652562892,1764531436,nominal
860,0.976201317847522,1764531436,nominal
861,0.9763194794209222,1764531436,nominal
862,0.976437052900878,1764531436,nominal
863,0.9765540411975114,1764531436,nominal
864,0.9766704472067436,1764531436,nominal
865,0.9767862738103632,1764531436,nominal
866,0.9769015238760932,1764531436,nominal
867,0.9770162002576556,1764531436,nominal
868,0.9771303057948384,1764531436,nominal
869,0.9772438433135608,1764531436,nominal
870,0.9773568156259392,1764531436,nominal
871,0.977469225530352,1764531436,nominal
872,0.9775810758115038,1764531436,nominal
873,0.977692369240491,1764531436,nominal
874,0.9778031085748654,1764531436,nominal
875,0.9779132965586986,1764531436,nominal
876,0.9780229359226458,1764531436,nominal
877,0.978132029384008,1764531436,nominal
878,0.9782405796467974,1764531436,nominal
879,0.9783485894017984,1764531436,nominal
880,0.9784560613266314,1764531436,nominal
881,0.9785629980858144,1764531436,nominal
882,0.9786694023308254,1764531436,nominal
883,0.9787752767001648,1764531436,nominal
884,0.978880623819416,1764531436,nominal
885,0.9789854463013068,1764531436,nominal
886,0.979089746745772,1764531436,nominal
887,0.979193527740012,1764531436,nominal
888,0.9792967918585542,1764531436,nominal
889,0.979399541663314,1764531436,nominal
890,0.9795017797036538,1764531436,nominal
891,0.9796035085164428,1764531436,nominal
892,0.9797047306261164,1764531436,nominal
893,0.9798054485447368,1764531436,nominal
894,0.97990566477205,1764531436,nominal
895,0.980005381795545,1764531436,nominal
896,0.9801046020905132,1764531436,nominal
897,0.9802033281201058,1764531436,nominal
898,0.980301562335391,1764531436,nominal
899,0.9803993071754136,1764531436,nominal
900,0.9804965650672504,1764531436,nominal
901,0.9805933384260682,1764531436,nominal
902,0.9806896296551812,1764531436,nominal
903,0.9807854411461068,1764531436,nominal
904,0.9808807752786222,1764531436,nominal
905,0.9809756344208208,1764531436,nominal
906,0.981070020929168,1764531436,nominal
907,0.9811639371485562,1764531436,nominal
908,0.9812573854123618,1764531436,nominal
909,0.9813503680424984,1764531436,nominal
910,0.9814428873494728,1764531436,nominal
911,0.98153494563244,1764531436,nominal
912,0.9816265451792564,1764531436,nominal
913,0.9817176882665348,1764531436,nominal
914,0.9818083771596984,1764531436,nominal
915,0.981898614113034,1764531436,nominal
916,0.981988401369746,1764531436,nominal
917,0.9820777411620089,1764531436,nominal
918,0.9821666357110213,1764531436,nominal
919,0.9822550872270568,1764531436,nominal
920,0.9823430979095188,1764531436,nominal
921,0.9824306699469912,1764531436,nominal
922,0.9825178055172908,1764531436,nominal
923,0.9826045067875196,1764531436,nominal
924,0.9826907759141148,1764531436,nominal
925,0.9827766150429024,1764531436,nominal
926,0.9828620263091458,1764531436,nominal
927,0.9829470118375992,1764531436,nominal
928,0.983031573742556,1764531436,nominal
929,0.9828274341203208,1764531436,nominal
930,0.9826243146617176,1764531436,nominal
931,0.9824222102939412,1764531436,nominal
932,0.9822211159689272,1764531436,nominal
933,0.9820210266632392,1764531436,nominal
934,0.981821937377958,1764531436,nominal
935,0.981623843138569,1764531436,nominal
936,0.9814267389948516,1764531436,nominal
937,0.9812306200207688,1764531436,nominal
938,0.9810354813143554,1764531436,nominal
939,0.9811294844125732,1764531436,nominal
940,0.9812230199604128,1764531436,nominal
941,0.9813160902696328,1764531436,nominal
942,0.9814086976407136,1764531436,nominal
943,0.9815008443629092,1764531436,nominal
944,0.9815925327143022,1764531436,nominal
945,0.9816837649618548,1764531436,nominal
946,0.9817745433614627,1764531436,nominal
947,0.9818648701580068,1764531436,nominal
948,0.9819547475854052,1764531436,nominal
949,0.9820441778666658,1764531436,nominal
950,0.9821331632139376,1764531436,nominal
951,0.982221705828562,1764531436,nominal
952,0.9823098079011248,1764531436,nominal
953,0.9823974716115056,1764531436,nominal
954,0.9824846991289312,1764531436,nominal
955,0.982571492612023,1764531436,nominal
956,0.98265785420885,1764531436,nominal
957,0.982743786056978,1764531436,nominal
958,0.9828292902835186,1764531436,nominal
959,0.9829143690051804,1764531436,nominal
960,0.9829990243283176,1764531436,nominal
961,0.9830832583489796,1764531436,nominal
962,0.9831670731529591,1764531436,nominal
963,0.9832504708158428,1764531436,nominal
964,0.9833334534030584,1764531436,nominal
965,0.9834160229699228,1764531436,nominal
966,0.9834981815616918,1764531436,nominal
967,0.983579931213607,1764531436,nominal
968,0.9836612739509436,1764531436,nominal
969,0.9837422117890576,1764531436,nominal
970,0.983822746733435,1764531436,nominal
971,0.9839028807797356,1764531436,nominal
972,0.9839826159138434,1764531436,nominal
973,0.9840619541119106,1764531436,nominal
974,0.9841408973404056,1764531436,nominal
975,0.9842194475561586,1764531436,nominal
976,0.9842976067064086,1764531436,nominal
977,0.9843753767288476,1764531436,nominal
978,0.9844527595516672,1764531436,nominal
979,0.984529757093605,1764531436,nominal
980,0.984606371263988,1764531436,nominal
981,0.9846826039627792,1764531436,nominal
982,0.9847584570806208,1764531436,nominal
983,0.9848339324988806,1764531436,nominal
984,0.9849090320896956,1764531436,nominal
985,0.9849837577160158,1764531436,nominal
986,0.985058111231649,1764531436,nominal
987,0.9851320944813045,1764531436,nominal
988,0.985205709300636,1764531436,nominal
989,0.9852789575162862,1764531436,nominal
990,0.9853518409459292,1764531436,nominal
991,0.985424361398314,1764531436,nominal
992,0.9854965206733068,1764531436,nominal
993,0.9855683205619342,1764531436,nominal
994,0.9856397628464256,1764531436,nominal
995,0.985710849300255,1764531436,nominal
996,0.9857815816881838,1764531436,nominal
997,0.985851961766302,1764531436,nominal
998,0.9856238166704006,1764531436,nominal
999,0.9853964541602804,1764531436,nominal
1000,0.9851698736033206,1764531436,nominal
1001,0.9849440743419788,1764531436,nominal
1002,0.9847190556941212,1764531436,nominal
1003,0.9844948169533536,1764531436,nominal
1004,0.9842713573893468,1764531436,nominal
1005,0.9840486762481608,1764531436,nominal
1006,0.9838267727525672,1764531436,nominal
1007,0.9836056461023672,1764531436,nominal
1008,0.9836873380037038,1764531436,nominal
1009,0.9837686185521886,1764531436,nominal
1010,0.9838494898316638,1764531436,nominal
1011,0.9839299539153084,1764531436,nominal
1012,0.9840100128656945,1764531436,nominal
1013,0.9840896687348416,1764531436,nominal
1014,0.9841689235642722,1764531436,nominal
1015,0.9842477793850656,1764531436,nominal
1016,0.9843262382179128,1764531436,nominal
1017,0.984404302073169,1764531436,nominal
1018,0.9844819729509088,1764531436,nominal
1019,0.9845592528409786,1764531436,nominal
1020,0.98463614372305,1764531436,nominal
1021,0.9847126475666724,1764531436,nominal
1022,0.9847887663313258,1764531436,nominal
1023,0.9848645019664728,1764531436,nominal
1024,0.98493985641161,1764531436,nominal
1025,0.9850148315963212,1764531436,nominal
1026,0.9850894294403274,1764531436,nominal
1027,0.9851636518535378,1764531436,nominal
1028,0.9852375007361018,1764531436,nominal
1029,0.9853109779784596,1764531436,nominal
1030,0.9853840854613902,1764531436,nominal
1031,0.9854568250560654,1764531436,nominal
1032,0.985529198624096,1764531436,nominal
1033,0.9856012080175828,1764531436,nominal
1034,0.9856728550791668,1764531436,nominal
1035,0.985744141642076,1764531436,nominal
1036,0.9858150695301764,1764531436,nominal
1037,0.9858856405580187,1764531436,nominal
1038,0.9859558565308886,1764531436,nominal
1039,0.986025719244852,1764531436,nominal
1040,0.9860952304868056,1764531436,nominal
1041,0.9861643920345226,1764531436,nominal
1042,0.9862332056567,1764531436,nominal
1043,0.9863016731130068,1764531436,nominal
1044,0.9863697961541298,1764531436,nominal
1045,0.9864375765218196,1764531436,nominal
1046,0.9865050159489386,1764531436,nominal
1047,0.986572116159505,1764531436,nominal
1048,0.9866388788687402,1764531436,nominal
1049,0.9867053057831132,1764531436,nominal
1050,0.9867713986003864,1764531436,nominal
1051,0.9868371590096604,1764531436,nominal
1052,0.98690258869142,1764531436,nominal
1053,0.9869676893175764,1764531436,nominal
1054,0.9870324625515138,1764531436,nominal
1055,0.987096910048132,1764531436,nominal
1056,0.9871610334538916,1764531436,nominal
1057,0.9872248344068564,1764531436,nominal
1058,0.9872883145367374,1764531436,nominal
1059,0.9873514754649364,1764531436,nominal
1060,0.987414318804588,1764531436,nominal
1061,0.9874768461606032,1764531436,nominal
1062,0.9875390591297112,1764531436,nominal
1063,0.9876009593005024,1764531436,nominal
1064,0.98766254825347,1764531436,nominal
1065,0.987723827561052,1764531436,nominal
1066,0.987784798787672,1764531436,nominal
1067,0.987546155737419,1764531436,nominal
1068,0.9873083531616792,1764531436,nominal
1069,0.9867708658268484,1764531436,nominal
1070,0.9859327315947112,1764531436,nominal
1071,0.9847917128168682,1764531436,nominal
1072,0.9833443077597812,1764531436,nominal
1073,0.9815857591681556,1764531436,nominal
1074,0.9795100603849244,1764531436,nominal
1075,0.9771099595291888,1764531436,nominal
1076,0.9743970379697996,1764531436,nominal
1077,0.9716905681476318,1764531436,nominal
1078,0.9689728017004656,1764531436,nominal
1079,0.9662440367996707,1764531436,nominal
1080,0.963533071128054,1764531436,nominal
1081,0.9611500696388942,1764531436,nominal
1082,0.9587970430972704,1764531436,nominal
1083,0.9561897751956018,1764531436,nominal
1084,0.9539308861822658,1764531436,nominal
1085,0.9517357059742586,1764531436,nominal
1086,0.9495712276709152,1764531436,nominal
1087,0.9471352787140508,1764531436,nominal
1088,0.9444152419870496,1764531436,nominal
1089,0.9414763718684516,1764531436,nominal
1090,0.9385651893617336,1764531436,nominal
1091,0.9353832472456388,1764531436,nominal
1092,0.93195199650841,1764531436,nominal
1093,0.9291295704468469,1764531436,nominal
1094,0.9260389743166084,1764531436,nominal
1095,0.9232544301867396,1764531436,nominal
1096,0.9204952440594504,1764531436,nominal
1097,0.9180525711578582,1764531436,nominal
1098,0.9156313170907918,1764531436,nominal
1099,0.9135209109353432,1764531436,nominal
1100,0.9111569080521306,1764531436,nominal
1101,0.9085430943402052,1764531436,nominal
1102,0.9062222743790964,1764531436,nominal
1103,0.903367622344642,1764531436,nominal
1104,0.9008237614949725,1764531436,nominal
1105,0.8980195977023073,1764531436,nominal
1106,0.8952415092727114,1764531436,nominal
1107,0.8922085928946349,1764531436,nominal
1108,0.8889416245501968,1764531436,nominal
1109,0.8856910517995276,1764531436,nominal
1110,0.8827494183410899,1764531436,nominal
1111,0.880095385912819,1764531436,nominal
1112,0.8774654797342477,1764531436,nominal
1113,0.8748594070115424,1764531436,nominal
1114,0.8722768795899604,1764531436,nominal
1115,0.8694622671927162,1764531436,nominal
1116,0.8669282972011679,1764531436,nominal
1117,0.8649405555707077,1764531436,nominal
1118,0.8634914950128952,1764531436,nominal
1119,0.8618011400283967,1764531436,nominal
1120,0.8603755225486359,1764531436,nominal
1121,0.8589605005798402,1764531436,nominal
1122,0.8573058179015374,1764531436,nominal
1123,0.8561804899798984,1764531436,nominal
1124,0.8545476661011797,1764531436,nominal
1125,0.8531759344328702,1764531436,nominal
1126,0.8515665257732882,1764531436,nominal
1127,0.849969591897197,1764531436,nominal
1128,0.8481385270499201,1764531436,nominal
1129,0.8468311495712053,1764531436,nominal
1130,0.8452708018109578,1764531436,nominal
1131,0.8437224402849202,1764531436,nominal
1132,0.8421859466370705,1764531436,nominal
1133,0.8406612040243865,1764531436,nominal
1134,0.8394082181108885,1764531436,nominal
1135,0.8384238937998209,1764531436,nominal
1136,0.8376887225213026,1764531436,nominal
1137,0.8364573724328392,1764531436,nominal
1138,0.8354765844225268,1764531436,nominal
1139,0.8345025384429954,1764531436,nominal
1140,0.8337926776980314,1764531436,nominal
1141,0.8333445772158388,1764531436,nominal
1142,0.8328990602092015,1764531436,nominal
1143,0.8321995950286063,1764531436,nominal
1144,0.8317449462472053,1764531436,nominal
1145,0.8310370090131441,1764531436,nominal
1146,0.8303335530444276,1764531436,nominal
1147,0.8296345444814087,1764531436,nominal
1148,0.8289399497848375,1764531436,nominal
1149,0.8282497357320594,1764531436,nominal
1150,0.827563869413267,1764531436,nominal
1151,0.8268823182278074,1764531436,nominal
1152,0.8262050498805409,1764531436,nominal
1153,0.8257862904953795,1764531436,nominal
1154,0.8253700688444525,1764531436,nominal
1155,0.8249734452935338,1764531436,nominal
1156,0.824579041055492,1764531436,nominal
1157,0.8246768331669189,1764531436,nominal
1158,0.8247739370593989,1764531436,nominal
1159,0.8248703582085759,1764531436,nominal
1160,0.8249661020419602,1764531436,nominal
1161,0.8250611739393781,1764531436,nominal
1162,0.8256456681867719,1764531436,nominal
1163,0.8262272901532188,1764531436,nominal
1164,0.8268060531589271,1764531436,nominal
1165,0.8276200646994205,1764531436,nominal
1166,0.8284305418614047,1764531436,nominal
1167,0.8292374967149728,1764531436,nominal
1168,0.8300409413279446,1764531436,nominal
1169,0.8308408877652972,1764531436,nominal
1170,0.8316373480886028,1764531436,nominal
1171,0.8324303343554745,1764531436,nominal
1172,0.8332198586190204,1764531436,nominal
1173,0.834005932927305,1764531436,nominal
1174,0.8347885693228199,1764531436,nominal
1175,0.8355677798419601,1764531436,nominal
1176,0.8363435765145102,1764531436,nominal
1177,0.837115971363137,1764531436,nominal
1178,0.8378849764028883,1764531436,nominal
1179,0.8386506036407034,1764531436,nominal
1180,0.839412865074926,1764531436,nominal
1181,0.8401717726948276,1764531436,nominal
1182,0.8409273384801372,1764531436,nominal
1183,0.841679574400578,1764531436,nominal
1184,0.8424284924154115,1764531436,nominal
1185,0.843174104472989,1764531436,nominal
1186,0.8439164225103086,1764531436,nominal
1187,0.8446554584525807,1764531436,nominal
1188,0.8453912242128001,1764531436,nominal
1189,0.8461237316913236,1764531436,nominal
1190,0.8468529927754559,1764531436,nominal
1191,0.8475790193390406,1764531436,nominal
1192,0.8483018232420592,1764531436,nominal
1193,0.8490214163302354,1764531436,nominal
1194,0.8497378104346466,1764531436,nominal
1195,0.8504510173713414,1764531436,nominal
1196,0.8511610489409628,1764531436,nominal
1197,0.851867916928379,1764531436,nominal
1198,0.8525716331023193,1764531436,nominal
1199,0.8532722092150158,1764531436,nominal
1200,0.8539696570018527,1764531436,nominal
1201,0.8544174458399151,1764531436,nominal
1202,0.8548629518508468,1764531436,nominal
1203,0.8553061865672748,1764531436,nominal
1204,0.8557471614677767,1764531436,nominal
1205,0.8561858879770449,1764531436,nominal
1206,0.8566223774660491,1764531436,nominal
1207,0.8570566412522032,1764531436,nominal
1208,0.8574886905995301,1764531436,nominal
1209,0.8579185367188318,1764531436,nominal
1210,0.8583461907678555,1764531436,nominal
1211,0.8590201262624273,1764531436,nominal
1212,0.8596910415397909,1764531436,nominal
1213,0.8603589480624636,1764531436,nominal
1214,0.8610238572734965,1764531436,nominal
1215,0.8616857805961854,1764531436,nominal
1216,0.8623447294337848,1764531436,nominal
1217,0.8630007151692298,1764531436,nominal
1218,0.8636537491648622,1764531436,nominal
1219,0.8643038427621593,1764531436,nominal
1220,0.8649510072814719,1764531436,nominal
1221,0.8655952540217634,1764531436,nominal
1222,0.8662365942603562,1764531436,nominal
1223,0.8668750392526816,1764531436,nominal
1224,0.8675106002320352,1764531436,nominal
1225,0.8681432884093363,1764531436,nominal
1226,0.8687731149728924,1764531436,nominal
1227,0.8694000910881687,1764531436,nominal
1228,0.8700242278975611,1764531436,nominal
1229,0.8706455365201745,1764531436,nominal
1230,0.8712640280516051,1764531436,nominal
1231,0.8718797135637275,1764531436,nominal
1232,0.8724926041044864,1764531436,nominal
1233,0.8731027106976906,1764531436,nominal
1234,0.8737100443428144,1764531436,nominal
1235,0.8743146160148002,1764531436,nominal
1236,0.8749164366638676,1764531436,nominal
1237,0.8755155172153247,1764531436,nominal
1238,0.876111868569385,1764531436,nominal
1239,0.8767055016009869,1764531436,nominal
1240,0.877296427159618,1764531436,nominal
1241,0.8778846560691435,1764531436,nominal
1242,0.8784701991276374,1764531436,nominal
1243,0.8790530671072185,1764531436,nominal
1244,0.8796332707538902,1764531436,nominal
1245,0.8802108207873831,1764531436,nominal
1246,0.8807857279010013,1764531436,nominal
1247,0.8813580027614745,1764531436,nominal
1248,0.8819276560088094,1764531436,nominal
1249,0.88249469825615,1764531436,nominal
1250,0.8830591400896367,1764531436,nominal
1251,0.8836209920682716,1764531436,nominal
1252,0.8841802647237857,1764531436,nominal
1253,0.8847369685605111,1764531436,nominal
1254,0.8852911140552546,1764531436,nominal
1255,0.8858427116571761,1764531436,nominal
1256,0.886391771787669,1764531436,nominal
1257,0.8869383048402458,1764531436,nominal
1258,0.8874823211804235,1764531436,nominal
1259,0.8880238311456162,1764531436,nominal
1260,0.8885628450450269,1764531436,nominal
1261,0.8890993731595457,1764531436,nominal
1262,0.8896334257416484,1764531436,nominal
1263,0.8901650130152993,1764531436,nominal
1264,0.8906941451758573,1764531436,nominal
1265,0.8912208323899832,1764531436,nominal
1266,0.8917450847955523,1764531436,nominal
1267,0.8922669125015669,1764531436,nominal
1268,0.8927863255880749,1764531436,nominal
1269,0.8933033341060883,1764531436,nominal
1270,0.8938179480775054,1764531436,nominal
1271,0.8943301774950358,1764531436,nominal
1272,0.894840032322129,1764531436,nominal
1273,0.8953475224929031,1764531436,nominal
1274,0.8958526579120785,1764531436,nominal
1275,0.8963554484549128,1764531436,nominal
1276,0.8968559039671385,1764531436,nominal
1277,0.8973540342649038,1764531436,nominal
1278,0.8978498491347143,1764531436,nominal
1279,0.8983433583333786,1764531436,nominal
1280,0.8988345715879564,1764531436,nominal
1281,0.8993234985957063,1764531436,nominal
1282,0.8998101490240397,1764531436,nominal
1283,0.9002945325104744,1764531436,nominal
1284,0.9007766586625912,1764531436,nominal
1285,0.901256537057992,1764531436,nominal
1286,0.9017341772442624,1764531436,nominal
1287,0.9022095887389324,1764531436,nominal
1288,0.9026827810294438,1764531436,nominal
1289,0.9031537635731158,1764531436,nominal
1290,0.903622545797116,1764531436,nominal
1291,0.9040891370984296,1764531436,nominal
1292,0.9045535468438344,1764531436,nominal
1293,0.9050157843698758,1764531436,nominal
1294,0.9054758589828436,1764531436,nominal
1295,0.9059337799587512,1764531436,nominal
1296,0.9063895565433177,1764531436,nominal
1297,0.9068431979519488,1764531436,nominal
1298,0.9072947133697236,1764531436,nominal
1299,0.90774411195138,1764531436,nominal
1300,0.9081914028213034,1764531436,nominal
1301,0.9086365950735166,1764531436,nominal
1302,0.9090796977716716,1764531436,nominal
1303,0.9095207199490434,1764531436,nominal
1304,0.909959670608525,1764531436,nominal
1305,0.910396558722624,1764531436,nominal
1306,0.9108313932334622,1764531436,nominal
1307,0.9112641830527736,1764531436,nominal
1308,0.9116949370619082,1764531436,nominal
1309,0.9121236641118337,1764531436,nominal
1310,0.9125503730231412,1764531436,nominal
1311,0.9129750725860508,1764531436,nominal
1312,0.9133977715604203,1764531436,nominal
1313,0.9138184786757532,1764531436,nominal
1314,0.9142372026312098,1764531436,nominal
1315,0.9146539520956196,1764531436,nominal
1316,0.9150687357074948,1764531436,nominal
1317,0.9154815620750444,1764531436,nominal
1318,0.9158924397761908,1764531436,nominal
1319,0.916301377358588,1764531436,nominal
1320,0.9167083833396392,1764531436,nominal
1321,0.9171134662065183,1764531436,nominal
1322,0.91751663441619,1764531436,nominal
1323,0.9179178963954328,1764531436,nominal
1324,0.9183172605408636,1764531436,nominal
1325,0.9187147352189624,1764531436,nominal
1326,0.919110328766098,1764531436,nominal
1327,0.9195040494885556,1764531436,nominal
1328,0.9198959056625664,1764531436,nominal
1329,0.9202859055343368,1764531436,nominal
1330,0.9206740573200785,1764531436,nominal
1331,0.9210603692060408,1764531436,nominal
1332,0.9214448493485448,1764531436,nominal
1333,0.9218275058740156,1764531436,nominal
1334,0.9222083468790194,1764531436,nominal
1335,0.9225873804302976,1764531436,nominal
1336,0.922964614564805,1764531436,nominal
1337,0.9233400572897488,1764531436,nominal
1338,0.9237137165826258,1764531436,nominal
1339,0.9240856003912642,1764531436,nominal
1340,0.9244557166338636,1764531436,nominal
1341,0.9248240731990373,1764531436,nominal
1342,0.9251906779458544,1764531436,nominal
1343,0.9255555387038856,1764531436,nominal
1344,0.925918663273245,1764531436,nominal
1345,0.9262800594246376,1764531436,nominal
1346,0.9266397348994048,1764531436,nominal
1347,0.9269976974095716,1764531436,nominal
1348,0.9273539546378944,1764531436,nominal
1349,0.9277085142379108,1764531436,nominal
1350,0.9280613838339876,1764531436,nominal
1351,0.9284125710213712,1764531436,nominal
1352,0.9287620833662402,1764531436,nominal
1353,0.9291099284057558,1764531436,nominal
1354,0.9294561136481146,1764531436,nominal
1355,0.9298006465726022,1764531436,nominal
1356,0.9301435346296464,1764531436,nominal
1357,0.9304847852408724,1764531436,nominal
1358,0.930824405799158,1764531436,nominal
1359,0.9311624036686896,1764531436,nominal
1360,0.9314987861850182,1764531436,nominal
1361,0.9315064567439182,1764531436,nominal
1362,0.9315140740475378,1764531436,nominal
1363,0.9315216384700398,1764531436,nominal
1364,0.9315291503831692,1764531436,nominal
1365,0.9315366101562644,1764531436,nominal
1366,0.9315440181562692,1764531436,nominal
1367,0.9315513747477432,1764531436,nominal
1368,0.9315586802928728,1764531436,nominal
1369,0.931565935151483,1764531436,nominal
1370,0.9315731396810472,1764531436,nominal
1371,0.9319098092883452,1764531436,nominal
1372,0.9322448478127168,1764531436,nominal
1373,0.9322490863885065,1764531436,nominal
1374,0.9319234639445804,1764531436,nominal
1375,0.931267700335643,1764531436,nominal
1376,0.9305609173970216,1764531436,nominal
1377,0.9295202094849612,1764531436,nominal
1378,0.928142185004912,1764531436,nominal
1379,0.9267061014718436,1764531436,nominal
1380,0.9252090083471242,1764531436,nominal
1381,0.923704813205433,1764531436,nominal
1382,0.9221353918607262,1764531436,nominal
1383,0.9205569135395156,1764531436,nominal
1384,0.919261076078324,1764531436,nominal
1385,0.918251447536398,1764531436,nominal
1386,0.9172366287553956,1764531436,nominal
1387,0.916513385354275,1764531436,nominal
1388,0.9160854626869914,1764531436,nominal
1389,0.9156563720773904,1764531436,nominal
1390,0.9152261134824468,1764531436,nominal
1391,0.914729881515986,1764531436,nominal
1392,0.9142317896017343,1764531436,nominal
1393,0.9140400378931728,1764531436,nominal
1394,0.9138489836947808,1764531436,nominal
1395,0.9136586262457832,1764531436,nominal
1396,0.9134689647597825,1764531436,nominal
1397,0.9132799984251628,1764531436,nominal
1398,0.913091726405492,1764531436,nominal
1399,0.9129041478399176,1764531436,nominal
1400,0.9127853168025272,1764531436,nominal
1401,0.912667453071776,1764531436,nominal
1402,0.9126190832367086,1764531436,nominal
1403,0.9125718082334012,1764531436,nominal
1404,0.9125256261078702,1764531436,nominal
1405,0.9124805348903482,1764531436,nominal
1406,0.9124365325954532,1764531436,nominal
1407,0.9123936172223543,1764531436,nominal
1408,0.9123517867549378,1764531436,nominal
1409,0.9123110391619652,1764531436,nominal
1410,0.9122012492197912,1764531436,nominal
1411,0.9120924147022734,1764531436,nominal
1412,0.9119137803530698,1764531436,nominal
1413,0.9117358204386444,1764531436,nominal
1414,0.9115585338449884,1764531436,nominal
1415,0.911381919438801,1764531436,nominal
1416,0.9112059760678316,1764531436,nominal
1417,0.9110307025612142,1764531436,nominal
1418,0.9108560977297994,1764531436,nominal
1419,0.9106821603664828,1764531436,nominal
1420,0.9105088892465316,1764531436,nominal
1421,0.9103362831279046,1764531436,nominal
1422,0.910164340751571,1764531436,nominal
1423,0.9099930608418252,1764531436,nominal
1424,0.9098224421065976,1764531436,nominal
1425,0.9096524832377636,1764531436,nominal
1426,0.9094831829114466,1764531436,nominal
1427,0.9093145397883208,1764531436,nominal
1428,0.9091465525139067,1764531436,nominal
1429,0.9089792197188684,1764531436,nominal
1430,0.908812540019302,1764531436,nominal
1431,0.9086465120170256,1764531436,nominal
1432,0.9084811342998624,1764531436,nominal
1433,0.9083164054419228,1764531436,nominal
1434,0.9081523240038826,1764531436,nominal
1435,0.9079888885332574,1764531436,nominal
1436,0.9078260975646748,1764531436,nominal
1437,0.9076639496201429,1764531436,nominal
1438,0.907502443209315,1764531436,nominal
1439,0.9073415768297536,1764531436,nominal
1440,0.9071813489671884,1764531436,nominal
1441,0.9070217580957723,1764531436,nominal
1442,0.9068628026783356,1764531436,nominal
1443,0.9067044811666356,1764531436,nominal
1444,0.9065467920016032,1764531436,nominal
1445,0.9063897336135884,1764531436,nominal
1446,0.9062333044225996,1764531436,nominal
1447,0.9060775028385434,1764531436,nominal
1448,0.9059223272614602,1764531436,nominal
1449,0.9057677760817554,1764531436,nominal
1450,0.9056138476804296,1764531436,nominal
1451,0.9054605404293056,1764531436,nominal
1452,0.905307852691252,1764531436,nominal
1453,0.9051557828204054,1764531436,nominal
1454,0.9050043291623876,1764531436,nominal
1455,0.904853490054521,1764531436,nominal
1456,0.9047032638260436,1764531436,nominal
1457,0.9045536487983176,1764531436,nominal
1458,0.9044046432850368,1764531436,nominal
1459,0.9042562455924325,1764531436,nominal
1460,0.904108454019476,1764531436,nominal
1461,0.9039612668580764,1764531436,nominal
1462,0.9038146823932808,1764531436,nominal
1463,0.9036686989034663,1764531436,nominal
1464,0.9035233146605328,1764531436,nominal
1465,0.9033785279300924,1764531436,nominal
1466,0.903234336971658,1764531436,nominal
1467,0.9030907400388256,1764531436,nominal
1468,0.9029477353794568,1764531436,nominal
1469,0.9028053212358602,1764531436,nominal
1470,0.9026634958449676,1764531436,nominal
1471,0.9025222574385084,1764531436,nominal
1472,0.9024768350693207,1764531436,nominal
1473,0.9024323139224568,1764531436,nominal
1474,0.9023886925054282,1764531436,nominal
1475,0.9023459693229906,1764531436,nominal
1476,0.9023041428771992,1764531436,nominal
1477,0.9022632116674624,1764531436,nominal
1478,0.90222317419059,1764531436,nominal
1479,0.9021840289408468,1764531436,nominal
1480,0.9021457744099972,1764531436,nominal
1481,0.9021084090873516,1764531436,nominal
1482,0.9019733923680744,1764531436,nominal
1483,0.901838940101237,1764531436,nominal
1484,0.9017050504876288,1764531436,nominal
1485,0.9015717217247796,1764531436,nominal
1486,0.9014389520071012,1764531436,nominal
1487,0.9013067395260348,1764531436,nominal
1488,0.9011750824701864,1764531436,nominal
1489,0.9010439790254696,1764531436,nominal
1490,0.9009134273752404,1764531436,nominal
1491,0.900783425700432,1764531436,nominal
1492,0.900653972179687,1764531436,nominal
1493,0.9005250649894904,1764531436,nominal
1494,0.9003967023042959,1764531436,nominal
1495,0.900268882296654,1764531436,nominal
1496,0.9001416031373383,1764531436,nominal
1497,0.9000148629954662,1764531436,nominal
1498,0.8998886600386229,1764531436,nominal
1499,0.8997629924329794,1764531436,nominal
1500,0.8996378583434127,1764531436,nominal
1501,0.8995132559336178,1764531436,nominal
1502,0.8993891833662263,1764531436,nominal
1503,0.8992656388029174,1764531436,nominal
1504,0.8991426204045282,1764531436,nominal
1505,0.8990201263311632,1764531436,nominal
1506,0.8988981547423031,1764531436,nominal
1507,0.8987767037969093,1764531436,nominal
1508,0.8986557716535285,1764531436,nominal
1509,0.8985353564703966,1764531436,nominal
1510,0.8984154564055371,1764531436,nominal
1511,0.8982960696168643,1764531436,nominal
1512,0.8981771942622768,1764531436,nominal
1513,0.8980588284997578,1764531436,nominal
1514,0.8979409704874681,1764531436,nominal
1515,0.897939359949586,1764531436,nominal
1516,0.897938596255373,1764531436,nominal
1517,0.8979386777620032,1764531436,nominal
1518,0.897939602824881,1764531436,nominal
1519,0.8979413697976248,1764531436,nominal
1520,0.8979439770320461,1764531436,nominal
1521,0.8979474228781323,1764531436,nominal
1522,0.897951705684027,1764531436,nominal
1523,0.8979568237960088,1764531436,nominal
1524,0.8979627755584684,1764531436,nominal
1525,0.8978502120829387,1764531436,nominal
1526,0.8977381339612018,1764531436,nominal
1527,0.8976265393772838,1764531436,nominal
1528,0.8975154265163543,1764531436,nominal
1529,0.8975264859833404,1764531436,nominal
1530,0.8975383706585199,1764531436,nominal
1531,0.8975510788637305,1764531436,nominal
1532,0.8975646089187072,1764531436,nominal
1533,0.8975789591410498,1764531436,nominal
1534,0.8975941278461963,1764531436,nominal
1535,0.8976101133473884,1764531436,nominal
1536,0.8976269139556406,1764531436,nominal
1537,0.8976445279797075,1764531436,nominal
1538,0.8976629537260508,1764531436,nominal
1539,0.8975568428528873,1764531436,nominal
1540,0.8974511918454066,1764531436,nominal
1541,0.8973459989241042,1764531436,nominal
1542,0.8972412623113795,1764531436,nominal
1543,0.897136980231595,1764531436,nominal
1544,0.8970331509111384,1764531436,nominal
1545,0.8969297725784823,1764531436,nominal
1546,0.8968268434642411,1764531436,nominal
1547,0.8967243618012296,1764531436,nominal
1548,0.896622325824519,1764531436,nominal
1549,0.8965207337714921,1764531436,nominal
1550,0.8964195838818976,1764531436,nominal
1551,0.8963188743979035,1764531436,nominal
1552,0.8962186035641483,1764531436,nominal
1553,0.8961187696277937,1764531436,nominal
1554,0.8960193708385735,1764531436,nominal
1555,0.8959204054488431,1764531436,nominal
1556,0.8958218717136289,1764531436,nominal
1557,0.8957237678906738,1764531436,nominal
1558,0.895626092240485,1764531436,nominal
1559,0.8955288430263783,1764531436,nominal
1560,0.8954320185145243,1764531436,nominal
1561,0.8953356169739902,1764531436,nominal
1562,0.8952396366767837,1764531436,nominal
1563,0.8951440758978947,1764531436,nominal
1564,0.8950489329153365,1764531436,nominal
1565,0.8949542060101845,1764531436,nominal
1566,0.894859893466618,1764531436,nominal
1567,0.8947659935719562,1764531436,nominal
1568,0.894672504616698,1764531436,nominal
1569,0.894579424894557,1764531436,nominal
1570,0.8944867527024986,1764531436,nominal
1571,0.8943944863407752,1764531436,nominal
1572,0.8943026241129602,1764531436,nominal
1573,0.8942111643259826,1764531436,nominal
1574,0.8941201052901576,1764531436,nominal
1575,0.8940294453192219,1764531436,nominal
1576,0.8939391827303638,1764531436,nominal
1577,0.8938493158442523,1764531436,nominal
1578,0.8937598429850709,1764531436,nominal
1579,0.8936707624805411,1764531436,nominal
1580,0.8935820726619583,1764531436,nominal
1581,0.8934937718642122,1764531436,nominal
1582,0.8934058584258199,1764531436,nominal
1583,0.8933183306889483,1764531436,nominal
1584,0.8932311869994434,1764531436,nominal
1585,0.8931444257068518,1764531436,nominal
1586,0.8930580451644483,1764531436,nominal
1587,0.8929720437292589,1764531436,nominal
1588,0.892886419762082,1764531436,nominal
1589,0.8928011716275153,1764531436,nominal
1590,0.8927162976939732,1764531436,nominal
1591,0.8926317963337113,1764531436,nominal
1592,0.8925476659228458,1764531436,nominal
1593,0.8924639048413752,1764531436,nominal
1594,0.8925443059404707,1764531436,nominal
1595,0.8926254311910259,1764531436,nominal
1596,0.8927072784865303,1764531436,nominal
1597,0.8927898457145588,1764531436,nominal
1598,0.8928731307567196,1764531436,nominal
1599,0.8929571314886101,1764531436,nominal
1600,0.8930418457797724,1764531436,nominal
1601,0.8931272714936469,1764531436,nominal
1602,0.8932134064875263,1764531436,nominal
1603,0.8933002486125142,1764531436,nominal
1604,0.8932202200086448,1764531436,nominal
1605,0.8931405420973013,1764531436,nominal
1606,0.8930612133179019,1764531436,nominal
1607,0.8929822321138463,1764531436,nominal
1608,0.8929035969325312,1764531436,nominal
1609,0.8928253062253649,1764531436,nominal
1610,0.8927473584477765,1764531436,nominal
1611,0.8926697520592334,1764531436,nominal
1612,0.8925924855232493,1764531436,nominal
1613,0.8925155573073963,1764531436,nominal
1614,0.8924389658833182,1764531436,nominal
1615,0.8923627097267388,1764531436,nominal
1616,0.8922867873174715,1764531436,nominal
1617,0.8922111971394321,1764531436,nominal
1618,0.892135937680645,1764531436,nominal
1619,0.8920610074332546,1764531436,nominal
1620,0.8919864048935299,1764531436,nominal
1621,0.8919121285618764,1764531436,nominal
1622,0.8918381769428421,1764531436,nominal
1623,0.8917645485451257,1764531436,nominal
1624,0.8916912418815812,1764531436,nominal
1625,0.8916182554692257,1764531436,nominal
1626,0.8915455878292456,1764531436,nominal
1627,0.8914732374870019,1764531436,nominal
1628,0.8914012029720371,1764531436,nominal
1629,0.8913294828180769,1764531436,nominal
1630,0.8912580755630358,1764531436,nominal
1631,0.8911869797490234,1764531436,nominal
1632,0.8911161939223479,1764531436,nominal
1633,0.8910457166335154,1764531436,nominal
1634,0.890975546437239,1764531436,nominal
1635,0.8909056818924368,1764531436,nominal
1636,0.8908361215622379,1764531436,nominal
1637,0.8907668640139823,1764531436,nominal
1638,0.8906979078192233,1764531436,nominal
1639,0.8906292515537286,1764531436,nominal
1640,0.8905608937974847,1764531436,nominal
1641,0.8904928331346919,1764531436,nominal
1642,0.8904250681537714,1764531436,nominal
1643,0.8903575974473606,1764531436,nominal
1644,0.8902904196123146,1764531436,nominal
1645,0.8902235332497075,1764531436,nominal
1646,0.8901569369648301,1764531436,nominal
1647,0.8900906293671904,1764531436,nominal
1648,0.8900246090705101,1764531436,nominal
1649,0.8899588746927273,1764531436,nominal
1650,0.8898934248559892,1764531436,nominal
1651,0.889828258186656,1764531436,nominal
1652,0.8897633733152959,1764531436,nominal
1653,0.8896987688766806,1764531436,nominal
1654,0.8896344435097879,1764531436,nominal
1655,0.889570395857795,1764531436,nominal
1656,0.8895066245680741,1764531436,nominal
1657,0.8894431282921933,1764531436,nominal
1658,0.8893799056859113,1764531436,nominal
1659,0.8893169554091694,1764531436,nominal
1660,0.8892542761260954,1764531436,nominal
1661,0.889191866504992,1764531436,nominal
1662,0.889129725218335,1764531436,nominal
1663,0.889067850942771,1764531436,nominal
1664,0.8890062423591072,1764531436,nominal
1665,0.8889448981523114,1764531436,nominal
1666,0.8888838170115028,1764531436,nominal
1667,0.8888229976299493,1764531436,nominal
1668,0.8887624387050594,1764531436,nominal
1669,0.8887021389383771,1764531436,nominal
1670,0.8886420970355755,1764531436,nominal
1671,0.8885823117064529,1764531436,nominal
1672,0.8885227816649212,1764531436,nominal
1673,0.8884635056290041,1764531436,nominal
1674,0.8884044823208274,1764531436,nominal
1675,0.8883457104666123,1764531436,nominal
1676,0.8882871887966685,1764531436,nominal
1677,0.8882289160453878,1764531436,nominal
1678,0.8881708909512327,1764531436,nominal
1679,0.8881131122567352,1764531436,nominal
1680,0.8880555787084828,1764531436,nominal
1681,0.8879982890571121,1764531436,nominal
1682,0.8879412420573027,1764531436,nominal
1683,0.8878844364677645,1764531436,nominal
1684,0.8878278710512347,1764531436,nominal
1685,0.8877715445744652,1764531436,nominal
1686,0.8877154558082142,1764531436,nominal
1687,0.8876596035272377,1764531436,nominal
1688,0.8876039865102806,1764531436,nominal
1689,0.8875486035400669,1764531436,nominal
1690,0.8874934534032914,1764531436,nominal
1691,0.8874385348906079,1764531436,nominal
1692,0.8873838467966223,1764531436,nominal
1693,0.8873293879198811,1764531436,nominal
1694,0.8872751570628615,1764531436,nominal
1695,0.8872211530319606,1764531436,nominal
1696,0.8871673746374873,1764531436,nominal
1697,0.8871138206936512,1764531436,nominal
1698,0.8870604900185506,1764531436,nominal
1699,0.8870073814341659,1764531436,nominal
1700,0.8869544937663422,1764531436,nominal
1701,0.8869018258447849,1764531436,nominal
1702,0.8868493765030468,1764531436,nominal
1703,0.8867971445785168,1764531436,nominal
1704,0.886745128912409,1764531436,nominal
1705,0.8866933283497477,1764531436,nominal
1706,0.886641741739365,1764531436,nominal
1707,0.8865903679338822,1764531436,nominal
1708,0.8865392057896985,1764531436,nominal
1709,0.8864882541669832,1764531436,nominal
1710,0.8864375119296624,1764531436,nominal
1711,0.8863869779454043,1764531436,nominal
1712,0.8863366510856115,1764531436,nominal
1713,0.8862865302254075,1764531436,nominal
1714,0.8862366142436237,1764531436,nominal
1715,0.8861869020227903,1764531436,nominal
1716,0.8861373924491176,1764531436,nominal
1717,0.8860880844124932,1764531436,nominal
1718,0.8860389768064605,1764531436,nominal
1719,0.8859900685282123,1764531436,nominal
1720,0.8859413584785751,1764531436,nominal
1721,0.8858928455619997,1764531436,nominal
1722,0.8858445286865422,1764531436,nominal
1723,0.8857964067638601,1764531436,nominal
1724,0.8857484787091915,1764531436,nominal
1725,0.8857007434413487,1764531436,nominal
1726,0.8856531998826987,1764531436,nominal
1727,0.8856058469591569,1764531436,nominal
1728,0.8855586836001677,1764531436,nominal
1729,0.8855117087386971,1764531436,nominal
1730,0.8854649213112143,1764531436,nominal
1731,0.8854183202576851,1764531436,nominal
1732,0.8853719045215487,1764531436,nominal
1733,0.8853256730497144,1764531436,nominal
1734,0.8852796247925421,1764531436,nominal
1735,0.8852337587038299,1764531436,nominal
1736,0.8851880737408042,1764531436,nominal
1737,0.8851425688640988,1764531436,nominal
1738,0.8850972430377496,1764531436,nominal
1739,0.8850520952291744,1764531436,nominal
1740,0.8850071244091607,1764531436,nominal
1741,0.8849623295518559,1764531436,nominal
1742,0.8849177096347496,1764531436,nominal
1743,0.884873263638659,1764531436,nominal
1744,0.8848289905477154,1764531436,nominal
1745,0.8847848893493548,1764531436,nominal
1746,0.884740959034298,1764531436,nominal
1747,0.8846971985965396,1764531436,nominal
1748,0.8846536070333338,1764531436,nominal
1749,0.8846101833451786,1764531436,nominal
1750,0.8845669265358037,1764531436,nominal
1751,0.8845238356121523,1764531436,nominal
1752,0.8844809095843758,1764531436,nominal
1753,0.8844381474658077,1764531436,nominal
1754,0.8843955482729607,1764531436,nominal
1755,0.8843531110255005,1764531436,nominal
1756,0.8843108347462421,1764531436,nominal
1757,0.8842687184611319,1764531436,nominal
1758,0.8842267611992278,1764531436,nominal
1759,0.8841849619926938,1764531436,nominal
1760,0.8841433198767795,1764531436,nominal
1761,0.8841018338898053,1764531436,nominal
1762,0.8840605030731553,1764531436,nominal
1763,0.8840193264712484,1764531436,nominal
1764,0.8839783031315425,1764531436,nominal
1765,0.8839374321045005,1764531436,nominal
1766,0.8838967124435918,1764531436,nominal
1767,0.8838561432052666,1764531436,nominal
1768,0.8838157234489454,1764531436,nominal
1769,0.8837754522370093,1764531436,nominal
1770,0.8837353286347759,1764531436,nominal
1771,0.8836953517104877,1764531436,nominal
1772,0.8836555205353015,1764531436,nominal
1773,0.8836158341832709,1764531436,nominal
1774,0.8835762917313275,1764531436,nominal
1775,0.8835368922592749,1764531436,nominal
1776,0.8834976348497644,1764531436,nominal
1777,0.883458518588287,1764531436,nominal
1778,0.8834195425631559,1764531436,nominal
1779,0.8833807058654898,1764531436,nominal
1780,0.883342007589201,1764531436,nominal
1781,0.8833034468309808,1764531436,nominal
1782,0.8832650226902827,1764531436,nominal
1783,0.8832267342693061,1764531436,nominal
1784,0.8831885806729843,1764531436,nominal
1785,0.8831505610089697,1764531436,nominal
1786,0.8831126743876145,1764531436,nominal
1787,0.8830749199219626,1764531436,nominal
1788,0.8830372967277292,1764531436,nominal
1789,0.8829998039232853,1764531436,nominal
1790,0.8829624406296487,1764531436,nominal
1791,0.8829252059704605,1764531436,nominal
1792,0.8828880990719787,1764531436,nominal
1793,0.8828511190630595,1764531436,nominal
1794,0.8828142650751354,1764531436,nominal
1795,0.8827775362422146,1764531436,nominal
1796,0.8827409317008543,1764531436,nominal
1797,0.8827044505901498,1764531436,nominal
1798,0.8826680920517173,1764531436,nominal
1799,0.8826318552296826,1764531436,nominal
1800,0.8825957392706643,1764531436,nominal
1801,0.8825597433237559,1764531436,nominal
1802,0.8825238665405154,1764531436,nominal
1803,0.8824881080749486,1764531436,nominal
1804,0.8824524670834887,1764531436,nominal
1805,0.8824169427249939,1764531436,nominal
1806,0.8823815341607174,1764531436,nominal
1807,0.8823462405543022,1764531436,nominal
1808,0.8823110610717625,1764531436,nominal
1809,0.8822759948814686,1764531436,nominal
1810,0.8822410411541367,1764531436,nominal
1811,0.8822061990628023,1764531436,nominal
1812,0.8821714677828186,1764531436,nominal
1813,0.8821368464918312,1764531436,nominal
1814,0.882102334369768,1764531436,nominal
1815,0.8820679305988282,1764531436,nominal
1816,0.882033634363452,1764531436,nominal
1817,0.8819994448503253,1764531436,nominal
1818,0.8819653612483481,1764531436,nominal
1819,0.8819313827486313,1764531436,nominal
1820,0.8818975085444735,1764531436,nominal
1821,0.8818637378313506,1764531436,nominal
1822,0.8818300698068964,1764531436,nominal
1823,0.881796503670897,1764531436,nominal
1824,0.8817630386252621,1764531436,nominal
1825,0.8817296738740168,1764531436,nominal
1826,0.8816964086232926,1764531436,nominal
1827,0.8816632420813049,1764531436,nominal
1828,0.8816301734583348,1764531436,nominal
1829,0.8815972019667226,1764531436,nominal
1830,0.8815643268208464,1764531436,nominal
1831,0.8815315472371134,1764531436,nominal
1832,0.8814988624339373,1764531436,nominal
1833,0.8814662716317276,1764531436,nominal
1834,0.8814337740528772,1764531436,nominal
1835,0.8814013689217437,1764531436,nominal
1836,0.8813690554646282,1764531436,nominal
1837,0.8813368329097755,1764531436,nominal
1838,0.881304700487345,1764531436,nominal
1839,0.8812726574294047,1764531436,nominal
1840,0.8812407029699109,1764531436,nominal
1841,0.8812088363446969,1764531436,nominal
1842,0.8811770567914554,1764531436,nominal
1843,0.8811453635497253,1764531436,nominal
1844,0.8811137558608696,1764531436,nominal
1845,0.8810822329680793,1764531436,nominal
1846,0.8810507941163369,1764531436,nominal
1847,0.8810194385524085,1764531436,nominal
1848,0.8809881655248392,1764531436,nominal
1849,0.8809569742839212,1764531436,nominal
1850,0.8809258640816959,1764531436,nominal
1851,0.8808948341719283,1764531436,nominal
1852,0.8808638838100883,1764531436,nominal
1853,0.8808330122533505,1764531436,nominal
1854,0.8808022187605649,1764531436,nominal
1855,0.8807715025922483,1764531436,nominal
1856,0.8807408630105743,1764531436,nominal
1857,0.8807102992793479,1764531436,nominal
1858,0.8806798106639993,1764531436,nominal
1859,0.880649396431564,1764531436,nominal
1860,0.8806190558506697,1764531436,nominal
1861,0.8805887881915199,1764531436,nominal
1862,0.8805585927258869,1764531436,nominal
1863,0.8805284687270812,1764531436,nominal
1864,0.8804984154699597,1764531436,nominal
1865,0.8804684322308829,1764531436,nominal
1866,0.8804385182877229,1764531436,nominal
1867,0.8804086729198425,1764531436,nominal
1868,0.8803788954080712,1764531436,nominal
1869,0.8803491850347045,1764531436,nominal
1870,0.8803195410834748,1764531436,nominal
1871,0.8802899628395541,1764531436,nominal
1872,0.8802604495895205,1764531436,nominal
1873,0.8802310006213608,1764531436,nominal
1874,0.8802016152244355,1764531436,nominal
1875,0.8801722926894882,1764531436,nominal
1876,0.8801430323086116,1764531436,nominal
1877,0.8801138333752413,1764531436,nominal
1878,0.8800846951841402,1764531436,nominal
1879,0.8800556170313847,1764531436,nominal
1880,0.8800265982143431,1764531436,nominal
1881,0.8799976380316767,1764531436,nominal
1882,0.8799687357833035,1764531436,nominal
1883,0.8799398907704045,1764531436,nominal
1884,0.8799111022953909,1764531436,nominal
1885,0.8798823696619047,1764531436,nominal
1886,0.879853692174799,1764531436,nominal
1887,0.8798250691401154,1764531436,nominal
1888,0.8797964998650823,1764531436,nominal
1889,0.8797679836580847,1764531436,nominal
1890,0.8797395198286704,1764531436,nominal
1891,0.8797111076875198,1764531436,nominal
1892,0.8796827465464326,1764531436,nominal
1893,0.8796544357183185,1764531436,nominal
1894,0.8796261745171791,1764531436,nominal
1895,0.879597962258096,1764531436,nominal
1896,0.8795697982572155,1764531436,nominal
1897,0.87954168183173,1764531436,nominal
1898,0.879513612299871,1764531436,nominal
1899,0.8794855889808888,1764531436,nominal
1900,0.879457611195036,1764531436,nominal
1901,0.8794296782635621,1764531436,nominal
1902,0.8794017895086953,1764531436,nominal
1903,0.8793739442536177,1764531436,nominal
1904,0.8793461418224728,1764531436,nominal
1905,0.8793183815403186,1764531436,nominal
1906,0.8792906627331502,1764531436,nominal
1907,0.8792629847278561,1764531436,nominal
1908,0.879235346852226,1764531436,nominal
1909,0.8792077484349125,1764531436,nominal
1910,0.8791801888054384,1764531436,nominal
1911,0.8791526672941714,1764531436,nominal
1912,0.8791251832323127,1764531436,nominal
1913,0.8790977359518751,1764531436,nominal
1914,0.8790703247856855,1764531436,nominal
1915,0.8790429490673503,1764531436,nominal
1916,0.8790156081312633,1764531436,nominal
1917,0.8789883013125642,1764531436,nominal
1918,0.8789610279471495,1764531436,nominal
1919,0.8789337873716433,1764531436,nominal
1920,0.8789065789233882,1764531436,nominal
1921,0.8788794019404269,1764531436,nominal
1922,0.8788522557614954,1764531436,nominal
1923,0.8788251397259998,1764531436,nominal
1924,0.8787980531740168,1764531436,nominal
1925,0.8787709954462528,1764531436,nominal
1926,0.8787439658840525,1764531436,nominal
1927,0.8787169638293841,1764531436,nominal
1928,0.8786899886248073,1764531436,nominal
1929,0.878663039613483,1764531436,nominal
1930,0.8786361161391364,1764531436,nominal
1931,0.8786092175460494,1764531436,nominal
1932,0.8785823431790611,1764531436,nominal
1933,0.8785554923835364,1764531436,nominal
1934,0.8785286645053528,1764531436,nominal
1935,0.8785018588908925,1764531436,nominal
1936,0.8784750748870307,1764531436,nominal
1937,0.87844831184111,1764531436,nominal
1938,0.878421569100942,1764531436,nominal
1939,0.8783948460147718,1764531436,nominal
1940,0.8783681419312849,1764531436,nominal
1941,0.8783414561995779,1764531436,nominal
1942,0.8783147881691512,1764531436,nominal
1943,0.8782881371898992,1764531436,nominal
1944,0.8782615026120784,1764531436,nominal
1945,0.8782348837863126,1764531436,nominal
1946,0.8782082800635816,1764531436,nominal
1947,0.8781816907951764,1764531436,nominal
1948,0.8781551153327182,1764531436,nominal
1949,0.878128553028123,1764531436,nominal
1950,0.8781020032336,1764531436,nominal
1951,0.8780754653016385,1764531436,nominal
1952,0.8780489385849714,1764531436,nominal
1953,0.8780224224365922,1764531436,nominal
1954,0.8779959162097194,1764531436,nominal
1955,0.8779694192577907,1764531436,nominal
1956,0.8779429309344415,1764531436,nominal
1957,0.8779164505935091,1764531436,nominal
1958,0.8778899775889891,1764531436,nominal
1959,0.8778635112750499,1764531436,nominal
1960,0.8778370510060001,1764531436,nominal
1961,0.8778105961362777,1764531436,nominal
1962,0.8777841460204433,1764531436,nominal
1963,0.8777577000131581,1764531436,nominal
1964,0.8777312574691737,1764531436,nominal
1965,0.8777048177433203,1764531436,nominal
1966,0.8776783801904747,1764531436,nominal
1967,0.8776519441655765,1764531436,nominal
1968,0.877625509023588,1764531436,nominal
1969,0.8775990741194943,1764531436,nominal
1970,0.8775726388082725,1764531436,nominal
1971,0.8775462024449052,1764531436,nominal
1972,0.8775197643843426,1764531436,nominal
1973,0.8774933239814939,1764531436,nominal
1974,0.8774668805912165,1764531436,nominal
1975,0.8774404335683005,1764531436,nominal
1976,0.8774139822674528,1764531436,nominal
1977,0.877387526043288,1764531436,nominal
1978,0.8773610642503032,1764531436,nominal
1979,0.8773345962428709,1764531436,nominal
1980,0.8773081213752374,1764531436,nominal
1981,0.8772816390014797,1764531436,nominal
1982,0.8772551484755218,1764531436,nominal
1983,0.8772286491510908,1764531436,nominal
1984,0.8772021403817294,1764531436,nominal
1985,0.8771756215207588,1764531436,nominal
1986,0.8771490919212916,1764531436,nominal
1987,0.877122550936184,1764531436,nominal
1988,0.8770959979180527,1764531436,nominal
1989,0.8770694322192305,1764531436,nominal
1990,0.8770428531917941,1764531436,nominal
1991,0.877016260187498,1764531436,nominal
1992,0.8769896525577955,1764531436,nominal
1993,0.8769630296538229,1764531436,nominal
1994,0.8769363908263662,1764531436,nominal
1995,0.876909735425864,1764531436,nominal
1996,0.87688306280239,1764531436,nominal
1997,0.8768563723056157,1764531436,nominal
1998,0.8768296632848485,1764531436,nominal
1999,0.8768029350889589,1764531436,nominal
2000,0.876776187066403,1764531436,nominal
2001,0.8767494185652003,1764531436,nominal
1,0.3333333333333333,1764531380,nominal
2,0.3333333333333333,1764531380,nominal
3,0.3333333333333333,1764531380,nominal
4,0.3333333333333333,1764531380,nominal
5,0.3333333333333333,1764531380,nominal
6,0.3333333333333333,1764531380,nominal
7,0.3333333333333333,1764531380,nominal
8,0.3333333333333333,1764531380,nominal
9,0.3333333333333333,1764531380,nominal
10,0.6494577676894393,1764531380,nominal
11,0.6496814181587532,1764531380,nominal
12,0.6502636393179193,1764531380,nominal
13,0.6510675227936044,1764531380,nominal
14,0.6520926093425331,1764531380,nominal
15,0.6531139524571586,1764531380,nominal
16,0.6541315584920343,1764531380,nominal
17,0.654966688424959,1764531380,nominal
18,0.6555739399895605,1764531380,nominal
19,0.6559536372731111,1764531380,nominal
20,0.6563320928607455,1764531380,nominal
21,0.6567093083431592,1764531380,nominal
22,0.656680346171844,1764531380,nominal
23,0.6566516442869422,1764531380,nominal
24,0.656623200586215,1764531380,nominal
25,0.6565950129821274,1764531380,nominal
26,0.6567943896922445,1764531380,nominal
27,0.6574000339777194,1764531380,nominal
28,0.6582316468118524,1764531380,nominal
29,0.6590607774905488,1764531380,nominal
30,0.6598874277893274,1764531380,nominal
31,0.6607115995203179,1764531380,nominal
32,0.6619404952699751,1764531380,nominal
33,0.6631649903525849,1764531380,nominal
34,0.6639779541320902,1764531380,nominal
35,0.66438101157341,1764531380,nominal
36,0.6647832016728585,1764531380,nominal
37,0.665184522629239,1764531380,nominal
38,0.6653540013319944,1764531380,nominal
39,0.6655231714857728,1764531380,nominal
40,0.6656920312959332,1764531380,nominal
41,0.6658605789899451,1764531380,nominal
42,0.6660288128173081,1764531380,nominal
43,0.6657865209678783,1764531380,nominal
44,0.6659558516043675,1764531380,nominal
45,0.6665357113125338,1764531380,nominal
46,0.667113652261307,1764531380,nominal
47,0.6676896772264449,1764531380,nominal
48,0.6684974255863495,1764531380,nominal
49,0.6695366265504881,1764531380,nominal
50,0.6705727717399386,1764531380,nominal
51,0.6716058625654231,1764531380,nominal
52,0.6726359004949106,1764531380,nominal
53,0.6738391398123662,1764531380,nominal
54,0.6750378568406395,1764531380,nominal
55,0.6762320589712713,1764531380,nominal
56,0.6774217537073248,1764531380,nominal
57,0.6786069486615424,1764531380,nominal
58,0.6797876515545156,1764531380,nominal
59,0.6809638702128755,1764531380,nominal
60,0.6821356125674969,1764531380,nominal
61,0.6833028866517211,1764531380,nominal
62,0.6840548254261951,1764531380,nominal
63,0.684804354532698,1764531380,nominal
64,0.6855514768804483,1764531380,nominal
65,0.6862961954095395,1764531380,nominal
66,0.686799639076823,1764531380,nominal
67,0.6873013601787181,1764531380,nominal
68,0.6878013616191246,1764531380,nominal
69,0.6882996463194154,1764531380,nominal
70,0.6887962172182777,1764531380,nominal
71,0.689291077271554,1764531380,nominal
72,0.6901962851343701,1764531380,nominal
73,0.6913382331216789,1764531380,nominal
74,0.6923194403245109,1764531380,nominal
75,0.6932961254277707,1764531380,nominal
76,0.6945092440955646,1764531380,nominal
77,0.6957169920821702,1764531380,nominal
78,0.696919384255364,1764531380,nominal
79,0.6981164355881908,1764531380,nominal
80,0.6993081611561106,1764531380,nominal
81,0.7004945761341849,1764531380,nominal
82,0.7016756957942982,1764531380,nominal
83,0.7028515355024189,1764531380,nominal
84,0.7041836064035507,1764531380,nominal
85,0.7055106602088281,1764531380,nominal
86,0.7068327045242683,1764531380,nominal
87,0.7081497470961223,1764531380,nominal
88,0.7094617958085664,1764531380,nominal
89,0.7107688586814105,1764531380,nominal
90,0.7119063620980146,1764531380,nominal
91,0.7130386962455384,1764531380,nominal
92,0.7141658774436007,1764531380,nominal
93,0.7152879220793152,1764531380,nominal
94,0.7164048466049237,1764531380,nominal
95,0.7175166675354634,1764531380,nominal
96,0.7186234014464683,1764531380,nominal
97,0.7197250649717045,1764531380,nominal
98,0.7208216748009382,1764531380,nominal
99,0.7219132476777356,1764531380,nominal
100,0.7231694684580097,1764531380,nominal
101,0.7244208298463892,1764531380,nominal
102,0.7256673411003915,1764531380,nominal
103,0.7269090115851486,1764531380,nominal
104,0.7281458507714395,1764531380,nominal
105,0.7293778682337455,1764531380,nominal
106,0.73020000318952,1764531380,nominal
107,0.7310195380083706,1764531380,nominal
108,0.7318364755850214,1764531380,nominal
109,0.7326508188485845,1764531380,nominal
110,0.7334625707623553,1764531380,nominal
111,0.7342717343236104,1764531380,nominal
112,0.7350783125634004,1764531380,nominal
113,0.7358823085463453,1764531380,nominal
114,0.7366837253704249,1764531380,nominal
115,0.73748256616677,1764531380,nominal
116,0.7386841916761253,1764531380,nominal
117,0.7398810136654347,1764531380,nominal
118,0.7410730430042639,1764531380,nominal
119,0.742260290647824,1764531380,nominal
120,0.7434427676351671,1764531380,nominal
121,0.7446204850874036,1764531380,nominal
122,0.7457934542059366,1764531380,nominal
123,0.7469616862707162,1764531380,nominal
124,0.7481251926385157,1764531380,nominal
125,0.7492839847412232,1764531380,nominal
126,0.7504380740841544,1764531380,nominal
127,0.7515874722443853,1764531380,nominal
128,0.7527321908691001,1764531380,nominal
129,0.7538722416739626,1764531380,nominal
130,0.7547541850235978,1764531380,nominal
131,0.7556323536531115,1764531380,nominal
132,0.7565067596503893,1764531380,nominal
133,0.7573774151149536,1764531380,nominal
134,0.7582443321571658,1764531380,nominal
135,0.759107522897439,1764531380,nominal
136,0.7599669994654626,1764531380,nominal
137,0.7608227739994359,1764531380,nominal
138,0.7616748586453139,1764531380,nominal
139,0.7625232655560616,1764531380,nominal
140,0.7634364365524006,1764531380,nominal
141,0.7641578932245253,1764531380,nominal
142,0.7648749030635047,1764531380,nominal
143,0.7651885676792769,1764531380,nominal
144,0.7655002585213176,1764531380,nominal
145,0.7658099878439296,1764531380,nominal
146,0.7655295824394778,1764531380,nominal
147,0.7652493504986958,1764531380,nominal
148,0.7649693008050886,1764531380,nominal
149,0.7646894420439094,1764531380,nominal
150,0.7646003791752685,1764531380,nominal
151,0.7647021986979982,1764531380,nominal
152,0.7648036939449333,1764531380,nominal
153,0.7649048651957163,1764531380,nominal
154,0.7650057127364128,1764531380,nominal
155,0.7651062368594538,1764531380,nominal
156,0.7658002326068096,1764531380,nominal
157,0.766491912554652,1764531380,nominal
158,0.7671812801397742,1764531380,nominal
159,0.7678683388257967,1764531380,nominal
160,0.7685530921029515,1764531380,nominal
161,0.7692355434878649,1764531380,nominal
162,0.7697206980661718,1764531380,nominal
163,0.7706045890232842,1764531380,nominal
164,0.7714840360212998,1764531380,nominal
165,0.7723590587360044,1764531380,nominal
166,0.7732296768100043,1764531380,nominal
167,0.7740959098517135,1764531380,nominal
168,0.7749577774343613,1764531380,nominal
169,0.775815299095024,1764531380,nominal
170,0.7766684943336776,1764531380,nominal
171,0.7775173826122732,1764531380,nominal
172,0.7785611536705558,1764531380,nominal
173,0.7796004767099989,1764531380,nominal
174,0.7806353651539382,1764531380,nominal
175,0.7816658324584962,1764531380,nominal
176,0.7826918921113394,1764531380,nominal
177,0.783713557630451,1764531380,nominal
178,0.78473084256292,1764531380,nominal
179,0.7855417505235105,1764531380,nominal
180,0.7863485208583123,1764531380,nominal
181,0.7871511728312418,1764531380,nominal
182,0.7879497256569127,1764531380,nominal
183,0.7887441984999585,1764531380,nominal
184,0.7895346104743785,1764531380,nominal
185,0.7903209806428962,1764531380,nominal
186,0.7911033280163386,1764531380,nominal
187,0.791881671553032,1764531380,nominal
188,0.7926560301582138,1764531380,nominal
189,0.7936323243619229,1764531380,nominal
190,0.7946044040464607,1764531380,nominal
191,0.7955722827638848,1764531380,nominal
192,0.7965359740829425,1764531380,nominal
193,0.7974954915880749,1764531380,nominal
194,0.7984508488784304,1764531380,nominal
195,0.7994020595668976,1764531380,nominal
196,0.8003491372791457,1764531380,nominal
197,0.8012920956526836,1764531380,nominal
198,0.8022309483359282,1764531380,nominal
199,0.8031657089872898,1764531380,nominal
200,0.8040963912742668,1764531380,nominal
201,0.805023008872557,1764531380,nominal
202,0.8059455754651782,1764531380,nominal
203,0.8068641047416043,1764531380,nominal
204,0.8077786103969131,1764531380,nominal
205,0.8086891061309455,1764531380,nominal
206,0.8095956056474791,1764531380,nominal
207,0.8104981226534119,1764531380,nominal
208,0.8111837215033366,1764531380,nominal
209,0.8118657241433714,1764531380,nominal
210,0.8125441486947843,1764531380,nominal
211,0.8132190132099684,1764531380,nominal
212,0.8138903356722342,1764531380,nominal
213,0.8145581339956097,1764531380,nominal
214,0.8152224260246537,1764531380,nominal
215,0.815883229534278,1764531380,nominal
216,0.8165405622295822,1764531380,nominal
217,0.817194441745697,1764531380,nominal
218,0.8178448856476395,1764531380,nominal
219,0.8184919114301757,1764531380,nominal
220,0.8191355365176959,1764531380,nominal
221,0.8197757782640978,1764531380,nominal
222,0.8204126539526786,1764531380,nominal
223,0.8210461807960391,1764531380,nominal
224,0.8216763759359917,1764531380,nominal
225,0.8223032564434839,1764531380,nominal
226,0.8229268393185243,1764531380,nominal
227,0.8235471414901205,1764531380,nominal
228,0.8243838601186636,1764531380,nominal
229,0.8252168805286555,1764531380,nominal
230,0.8260462159049987,1764531380,nominal
231,0.8268718794248526,1764531380,nominal
232,0.8276938842570457,1764531380,nominal
233,0.8285122435614972,1764531380,nominal
234,0.8293269704886492,1764531380,nominal
235,0.8301380781789056,1764531380,nominal
236,0.8309455797620813,1764531380,nominal
237,0.8317494883568608,1764531380,nominal
238,0.8325498170702648,1764531380,nominal
239,0.833346578997124,1764531380,nominal
240,0.8341397872195653,1764531380,nominal
241,0.8349294548065022,1764531380,nominal
242,0.8357155948131362,1764531380,nominal
243,0.8364982202804663,1764531380,nominal
244,0.8372773442348053,1764531380,nominal
245,0.8380529796873059,1764531380,nominal
246,0.8388251396334934,1764531380,nominal
247,0.8395938370528071,1764531380,nominal
248,0.8403590849081498,1764531380,nominal
249,0.841120896145444,1764531380,nominal
250,0.8418792836931966,1764531380,nominal
251,0.8426342604620711,1764531380,nominal
252,0.843385839344467,1764531380,nominal
253,0.8441340332141066,1764531380,nominal
254,0.8448788549256293,1764531380,nominal
255,0.8456203173141934,1764531380,nominal
256,0.8463584331950841,1764531380,nominal
257,0.8470932153633298,1764531380,nominal
258,0.8478246765933243,1764531380,nominal
259,0.8485528296384567,1764531380,nominal
260,0.8492776872307471,1764531380,nominal
261,0.8499992620804909,1764531380,nominal
262,0.8507175668759075,1764531380,nominal
263,0.8514326142827968,1764531380,nominal
264,0.8521444169442028,1764531380,nominal
265,0.8528529874800822,1764531380,nominal
266,0.8535583384869798,1764531380,nominal
267,0.8542604825377111,1764531380,nominal
268,0.8549594321810504,1764531380,nominal
269,0.8556551999414238,1764531380,nominal
270,0.8563477983186113,1764531380,nominal
271,0.8570372397874517,1764531380,nominal
272,0.8577235367975548,1764531380,nominal
273,0.8584067017730201,1764531380,nominal
274,0.8590867471121602,1764531380,nominal
275,0.8597636851872293,1764531380,nominal
276,0.8604375283441604,1764531380,nominal
277,0.8611082889023034,1764531380,nominal
278,0.8617759791541725,1764531380,nominal
279,0.8624406113651975,1764531380,nominal
280,0.8631021977734811,1764531380,nominal
281,0.8637607505895594,1764531380,nominal
282,0.8644162819961707,1764531380,nominal
283,0.8650688041480277,1764531380,nominal
284,0.8657183291715942,1764531380,nominal
285,0.8663648691648684,1764531380,nominal
286,0.8670084361971703,1764531380,nominal
287,0.8676490423089337,1764531380,nominal
288,0.8682866995115034,1764531380,nominal
289,0.8689214197869378,1764531380,nominal
290,0.8695532150878147,1764531380,nominal
291,0.870182097337043,1764531380,nominal
292,0.8708080784276788,1764531380,nominal
293,0.8714311702227451,1764531380,nominal
294,0.8720513845550576,1764531380,nominal
295,0.872668733227053,1764531380,nominal
296,0.8732832280106232,1764531380,nominal
297,0.8738948806469526,1764531380,nominal
298,0.8745037028463618,1764531380,nominal
299,0.8751097062881518,1764531380,nominal
300,0.8757129026204553,1764531380,nominal
301,0.8763133034600917,1764531380,nominal
302,0.876910920392425,1764531380,nominal
303,0.8775057649712266,1764531380,nominal
304,0.8780978487185408,1764531380,nominal
305,0.8786871831245566,1764531380,nominal
306,0.8792737796474801,1764531380,nominal
307,0.8798576497134131,1764531380,nominal
308,0.8804388047162346,1764531380,nominal
309,0.8810172560174857,1764531380,nominal
310,0.8815930149462579,1764531380,nominal
311,0.882166092799086,1764531380,nominal
312,0.8827365008398439,1764531380,nominal
313,0.883304250299643,1764531380,nominal
314,0.8838693523767355,1764531380,nominal
315,0.8844318182364204,1764531380,nominal
316,0.8849916590109521,1764531380,nominal
317,0.8855488857994533,1764531380,nominal
318,0.8861035096678314,1764531380,nominal
319,0.8866555416486962,1764531380,nominal
320,0.8872049927412824,1764531380,nominal
321,0.8877518739113753,1764531380,nominal
322,0.8882961960912386,1764531380,nominal
323,0.8888379701795447,1764531380,nominal
324,0.8893772070413103,1764531380,nominal
325,0.8899139175078324,1764531380,nominal
326,0.8904481123766286,1764531380,nominal
327,0.8909798024113792,1764531380,nominal
328,0.8915089983418737,1764531380,nominal
329,0.8920357108639584,1764531380,nominal
330,0.8925599506394871,1764531380,nominal
331,0.8930817282962753,1764531380,nominal
332,0.8936010544280562,1764531380,nominal
333,0.8937662855310597,1764531380,nominal
334,0.8939309513489884,1764531380,nominal
335,0.894095052620352,1764531380,nominal
336,0.8942585900944671,1764531380,nominal
337,0.8944215645313278,1764531380,nominal
338,0.8945839767014819,1764531380,nominal
339,0.8947458273859048,1764531380,nominal
340,0.8949071173758746,1764531380,nominal
341,0.8950678474728488,1764531380,nominal
342,0.8952280184883405,1764531380,nominal
343,0.8957406398712683,1764531380,nominal
344,0.8962508173964064,1764531380,nominal
345,0.8967585619112373,1764531380,nominal
346,0.8972638842251861,1764531380,nominal
347,0.8977667951096182,1764531380,nominal
348,0.8982673052978369,1764531380,nominal
349,0.8987654254850844,1764531380,nominal
350,0.8992611663285449,1764531380,nominal
351,0.89975453844735,1764531380,nominal
352,0.9002455524225865,1764531380,nominal
353,0.9007342187973056,1764531380,nominal
354,0.9012205480765346,1764531380,nominal
355,0.9017045507272924,1764531380,nominal
356,0.9021862371786032,1764531380,nominal
357,0.902665617821516,1764531380,nominal
358,0.903142703009124,1764531380,nominal
359,0.9036175030565864,1764531380,nominal
360,0.9040900282411528,1764531380,nominal
361,0.904560288802189,1764531380,nominal
362,0.9050282949412028,1764531380,nominal
363,0.9054940568218762,1764531380,nominal
364,0.905957584570094,1764531380,nominal
365,0.906418888273978,1764531380,nominal
366,0.9068779779839212,1764531380,nominal
367,0.9073348637126248,1764531380,nominal
368,0.9077895554351352,1764531380,nominal
369,0.908242063088884,1764531380,nominal
370,0.9083459874476778,1764531380,nominal
371,0.9084495528191424,1764531380,nominal
372,0.9085527596761284,1764531380,nominal
373,0.9086556084987714,1764531380,nominal
374,0.908758099774403,1764531380,nominal
375,0.9088602339974594,1764531380,nominal
376,0.9089620116693922,1764531380,nominal
377,0.9090634332985784,1764531380,nominal
378,0.9091644994002334,1764531380,nominal
379,0.9092652104963208,1764531380,nominal
380,0.9097135518312114,1764531380,nominal
381,0.9101597102858802,1764531380,nominal
382,0.9106036960230616,1764531380,nominal
383,0.9110455191645128,1764531380,nominal
384,0.9114851897910868,1764531380,nominal
385,0.9119227179428082,1764531380,nominal
386,0.912358113618952,1764531380,nominal
387,0.91279138677812,1764531380,nominal
388,0.9132225473383222,1764531380,nominal
389,0.913651605177057,1764531380,nominal
390,0.9140785701313934,1764531380,nominal
391,0.9145034519980544,1764531380,nominal
392,0.9149262605335023,1764531380,nominal
393,0.9153470054540233,1764531380,nominal
394,0.9157656964358146,1764531380,nominal
395,0.9161823431150729,1764531380,nominal
396,0.916596955088082,1764531380,nominal
397,0.9170095419113043,1764531380,nominal
398,0.9174201131014712,1764531380,nominal
399,0.9178286781356744,1764531380,nominal
400,0.9182352464514592,1764531380,nominal
401,0.9186398274469189,1764531380,nominal
402,0.9190424304807886,1764531380,nominal
403,0.9194430648725416,1764531380,nominal
404,0.9198417399024854,1764531380,nominal
405,0.9202384648118596,1764531380,nominal
406,0.9206332488029332,1764531380,nominal
407,0.9210261010391046,1764531380,nominal
408,0.9214170306450006,1764531380,nominal
409,0.9218060467065772,1764531380,nominal
410,0.9221931582712208,1764531380,nominal
411,0.92257837434785,1764531380,nominal
412,0.9229617039070191,1764531380,nominal
413,0.9233431558810208,1764531380,nominal
414,0.9237227391639892,1764531380,nominal
415,0.9241004626120064,1764531380,nominal
416,0.9244763350432073,1764531380,nominal
417,0.924850365237884,1764531380,nominal
418,0.9252225619385942,1764531380,nominal
419,0.9255929338502674,1764531380,nominal
420,0.9259614896403122,1764531380,nominal
421,0.9263282379387252,1764531380,nominal
422,0.9266931873381984,1764531380,nominal
423,0.9270563463942304,1764531380,nominal
424,0.927417723625234,1764531380,nominal
425,0.927777327512648,1764531380,nominal
426,0.9281351665010454,1764531380,nominal
427,0.928491248998248,1764531380,nominal
428,0.928845583375434,1764531380,nominal
429,0.9291981779672523,1764531380,nominal
430,0.9295490410719348,1764531380,nominal
431,0.9298981809514076,1764531380,nominal
432,0.9302456058314044,1764531380,nominal
433,0.9305913239015804,1764531380,nominal
434,0.930935343315626,1764531380,nominal
435,0.9312776721913796,1764531380,nominal
436,0.9316183186109438,1764531380,nominal
437,0.931957290620798,1764531380,nominal
438,0.932294596231915,1764531380,nominal
439,0.9326302434198744,1764531380,nominal
440,0.9329642401249798,1764531380,nominal
441,0.9332965942523732,1764531380,nominal
442,0.9336273136721516,1764531380,nominal
443,0.9339564062194824,1764531380,nominal
444,0.9339498518604572,1764531380,nominal
445,0.9339433315829768,1764531380,nominal
446,0.9339368452047894,1764531380,nominal
447,0.9339303925446568,1764531380,nominal
448,0.9339239734223462,1764531380,nominal
449,0.933917587658626,1764531380,nominal
450,0.9339112350752592,1764531380,nominal
451,0.9339049154949988,1764531380,nominal
452,0.9338986287415808,1764531380,nominal
453,0.9338923746397187,1764531380,nominal
454,0.9342223167515892,1764531380,nominal
455,0.934550615140283,1764531380,nominal
456,0.9348772778784348,1764531380,nominal
457,0.9352023130010372,1764531380,nominal
458,0.9355257285055824,1764531380,nominal
459,0.9358475323522067,1764531380,nominal
460,0.9361677324638312,1764531380,nominal
461,0.9364863367263058,1764531380,nominal
462,0.9368033529885508,1764531380,nominal
463,0.9371187890627014,1764531380,nominal
464,0.937432652724248,1764531380,nominal
465,0.93774495171218,1764531380,nominal
466,0.9380556937291288,1764531380,nominal
467,0.9383648864415084,1764531380,nominal
468,0.9386725374796594,1764531380,nominal
469,0.9389786544379904,1764531380,nominal
470,0.9392832448751196,1764531380,nominal
471,0.9395863163140178,1764531380,nominal
472,0.9398878762421504,1764531380,nominal
473,0.9401879321116168,1764531380,nominal
474,0.9404864913392952,1764531380,nominal
475,0.9407835613069824,1764531380,nominal
476,0.9410791493615336,1764531380,nominal
477,0.9413732628150074,1764531380,nominal
478,0.9416659089448028,1764531380,nominal
479,0.9419570949938018,1764531380,nominal
480,0.94224682817051,1764531380,nominal
481,0.9425351156491965,1764531380,nominal
482,0.9428219645700346,1764531380,nominal
483,0.9431073820392416,1764531380,nominal
484,0.943391375129218,1764531380,nominal
485,0.943673950878688,1764531380,nominal
486,0.9439551162928376,1764531380,nominal
487,0.9442348783434557,1764531380,nominal
488,0.9445132439690704,1764531380,nominal
489,0.9447902200750896,1764531380,nominal
490,0.9450658135339388,1764531380,nominal
491,0.945340031185199,1764531380,nominal
492,0.9456128798357444,1764531380,nominal
493,0.9458843662598804,1764531380,nominal
494,0.9461544971994812,1764531380,nominal
495,0.946423279364126,1764531380,nominal
496,0.9466907194312358,1764531380,nominal
497,0.9469568240462116,1764531380,nominal
498,0.947221599822568,1764531380,nominal
499,0.9474850533420716,1764531380,nominal
500,0.9477471911548742,1764531380,nominal
501,0.94800801977965,1764531380,nominal
502,0.9482675457037296,1764531380,nominal
503,0.9485257753832356,1764531380,nominal
504,0.9487827152432158,1764531380,nominal
505,0.9490383716777778,1764531380,nominal
506,0.9492927510502231,1764531380,nominal
507,0.9495458596931802,1764531380,nominal
508,0.9497977039087367,1764531380,nominal
509,0.950048289968574,1764531380,nominal
510,0.9502976241140983,1764531380,nominal
511,0.950545712556573,1764531380,nominal
512,0.9507925614772502,1764531380,nominal
513,0.9510381770275028,1764531380,nominal
514,0.951282565328954,1764531380,nominal
515,0.9515257324736104,1764531380,nominal
516,0.95176768452399,1764531380,nominal
517,0.9520084275132528,1764531380,nominal
518,0.9522479674453308,1764531380,nominal
519,0.952486310295058,1764531380,nominal
520,0.9527234620082968,1764531380,nominal
521,0.9529594285020688,1764531380,nominal
522,0.9531942156646817,1764531380,nominal
523,0.9534278293558578,1764531380,nominal
524,0.9536602754068606,1764531380,nominal
525,0.9538915596206226,1764531380,nominal
526,0.9541216877718708,1764531380,nominal
527,0.9543506656072538,1764531380,nominal
528,0.954578498845468,1764531380,nominal
529,0.9548051931773816,1764531380,nominal
530,0.9550307542661608,1764531380,nominal
531,0.9552551877473944,1764531380,nominal
532,0.9554784992292176,1764531380,nominal
533,0.955700694292436,1764531380,nominal
534,0.9559217784906492,1764531380,nominal
535,0.9561417573503742,1764531380,nominal
536,0.9563606363711672,1764531380,nominal
537,0.9565784210257474,1764531380,nominal
538,0.9567951167601164,1764531380,nominal
539,0.9570107289936824,1764531380,nominal
540,0.9572252631193798,1764531380,nominal
541,0.95743872450379,1764531380,nominal
542,0.9576511184872616,1764531380,nominal
543,0.9578624503840312,1764531380,nominal
544,0.9580727254823412,1764531380,nominal
545,0.9582819490445602,1764531380,nominal
546,0.958490126307301,1764531380,nominal
547,0.9586972624815394,1764531380,nominal
548,0.9589033627527308,1764531380,nominal
549,0.9591084322809292,1764531380,nominal
550,0.9593124762009028,1764531380,nominal
551,0.959515499622251,1764531380,nominal
552,0.9597175076295212,1764531380,nominal
553,0.9599185052823238,1764531380,nominal
554,0.9601184976154472,1764531380,nominal
555,0.9603174896389736,1764531380,nominal
556,0.960515486338393,1764531380,nominal
557,0.9607124926747176,1764531380,nominal
558,0.9609085135845946,1764531380,nominal
559,0.9611035539804204,1764531380,nominal
560,0.9612976187504528,1764531380,nominal
561,0.9614907127589238,1764531380,nominal
562,0.9616828408461512,1764531380,nominal
563,0.96187400782865,1764531380,nominal
564,0.9620642184992444,1764531380,nominal
565,0.9622534776271778,1764531380,nominal
566,0.9624417899582228,1764531380,nominal
567,0.9626291602147922,1764531380,nominal
568,0.9628155930960468,1764531380,nominal
569,0.963001093278006,1764531380,nominal
570,0.963185665413656,1764531380,nominal
571,0.9633693141330576,1764531380,nominal
572,0.9635520440434534,1764531380,nominal
573,0.9637338597293768,1764531380,nominal
574,0.9639147657527576,1764531380,nominal
575,0.9640947666530292,1764531380,nominal
576,0.964273866947234,1764531380,nominal
577,0.96445207113013,1764531380,nominal
578,0.964629383674295,1764531380,nominal
579,0.9648058090302324,1764531380,nominal
580,0.9649813516264752,1764531380,nominal
581,0.96515601586969,1764531380,nominal
582,0.96532980614478,1764531380,nominal
583,0.96550272681499,1764531380,nominal
584,0.9656747822220068,1764531380,nominal
585,0.9658459766860628,1764531380,nominal
586,0.9660163145060384,1764531380,nominal
587,0.9661857999595624,1764531380,nominal
588,0.9663544373031135,1764531380,nominal
589,0.9665222307721214,1764531380,nominal
590,0.9666891845810666,1764531380,nominal
591,0.96685530292358,1764531380,nominal
592,0.966705837345298,1764531380,nominal
593,0.9665569183729588,1764531380,nominal
594,0.9664085450828006,1764531380,nominal
595,0.9662607165404288,1764531380,nominal
596,0.9661134318009812,1764531380,nominal
597,0.9659666899092916,1764531380,nominal
598,0.9658204899000536,1764531380,nominal
599,0.9656748307979802,1764531380,nominal
600,0.9655297116179656,1764531380,nominal
601,0.9653851313652426,1764531380,nominal
602,0.9652410890355396,1764531380,nominal
603,0.9650975836152378,1764531380,nominal
604,0.9649546140815236,1764531380,nominal
605,0.9644930283331938,1764531380,nominal
606,0.963712245516618,1764531380,nominal
607,0.962610416998995,1764531380,nominal
608,0.9611844396486664,1764531380,nominal
609,0.9597253023448176,1764531380,nominal
610,0.9579331739440364,1764531380,nominal
611,0.9558017472657534,1764531380,nominal
612,0.9536589994992298,1764531380,nominal
613,0.9515051101813464,1764531380,nominal
614,0.9493402598214876,1764531380,nominal
615,0.947164629847452,1764531380,nominal
616,0.944978402551466,1764531380,nominal
617,0.9427817610363328,1764531380,nominal
618,0.9405748891617474,1764531380,nominal
619,0.9378107939512148,1764531380,nominal
620,0.9350408270548104,1764531380,nominal
621,0.9323173027610842,1764531380,nominal
622,0.9295922735509264,1764531380,nominal
623,0.9265541705181252,1764531380,nominal
624,0.9231443190109938,1764531380,nominal
625,0.9197299553667236,1764531380,nominal
626,0.9163114542760404,1764531380,nominal
627,0.9128891873223473,1764531380,nominal
628,0.9095323164326728,1764531380,nominal
629,0.9064577360202964,1764531380,nominal
630,0.9034552176773528,1764531380,nominal
631,0.9003805694511086,1764531380,nominal
632,0.8973828383744198,1764531380,nominal
633,0.8941114528413774,1764531380,nominal
634,0.8908471859548303,1764531380,nominal
635,0.8873993221240816,1764531380,nominal
636,0.8840532469210646,1764531380,nominal
637,0.8808152191435273,1764531380,nominal
638,0.8776002761695677,1764531380,nominal
639,0.874408257341462,1764531380,nominal
640,0.8712390025745267,1764531380,nominal
641,0.8681891767185544,1764531380,nominal
642,0.8651651459869573,1764531380,nominal
643,0.8624294650033312,1764531380,nominal
644,0.8598165151662459,1764531380,nominal
645,0.8575357175530492,1764531380,nominal
646,0.8552746478357915,1764531380,nominal
647,0.8530330741439213,1764531380,nominal
648,0.8508107682686309,1764531380,nominal
649,0.8486075055892865,1764531380,nominal
650,0.8461707720656195,1764531380,nominal
651,0.8440605695443557,1764531380,nominal
652,0.8419694372126714,1764531380,nominal
653,0.8398971385810492,1764531380,nominal
654,0.8375960969549198,1764531380,nominal
655,0.8352630106201351,1764531380,nominal
656,0.8329512849632288,1764531380,nominal
657,0.8304173974316665,1764531380,nominal
658,0.8276663260210061,1764531380,nominal
659,0.824702980324338,1764531380,nominal
660,0.8217713518777877,1764531380,nominal
661,0.8183405154416296,1764531380,nominal
662,0.8148220559946059,1764531380,nominal
663,0.8113391821744619,1764531380,nominal
664,0.8081250029501115,1764531380,nominal
665,0.8049416762237241,1764531380,nominal
666,0.801557830073893,1764531380,nominal
667,0.7982077880715744,1764531380,nominal
668,0.7954030745208893,1764531380,nominal
669,0.7931341844172042,1764531380,nominal
670,0.7908841660489098,1764531380,nominal
671,0.7886528187050061,1764531380,nominal
672,0.7868611154479347,1764531380,nominal
673,0.7850857011565053,1764531380,nominal
674,0.7831838014364398,1764531380,nominal
675,0.781296829833907,1764531380,nominal
676,0.7796467820091658,1764531380,nominal
677,0.7780089014156607,1764531380,nominal
678,0.7763830768205519,1764531380,nominal
679,0.7742739337575822,1764531380,nominal
680,0.7726755938567343,1764531380,nominal
681,0.7713076348579793,1764531380,nominal
682,0.7696752457838267,1764531380,nominal
683,0.7683274439488489,1764531380,nominal
684,0.7669222215107823,1764531380,nominal
685,0.7655288245433557,1764531380,nominal
686,0.7644183351521316,1764531380,nominal
687,0.7635315062210856,1764531380,nominal
688,0.7626513583448824,1764531380,nominal
689,0.7619914924743673,1764531380,nominal
690,0.7613360674912611,1764531380,nominal
691,0.760954529808985,1764531380,nominal
692,0.7605754896458969,1764531380,nominal
693,0.7599299088252608,1764531380,nominal
694,0.7597689630291111,1764531380,nominal
695,0.7598775593882249,1764531380,nominal
696,0.7597165562024181,1764531380,nominal
697,0.7596141213451119,1764531380,nominal
698,0.7590334070044166,1764531380,nominal
699,0.7587247569495772,1764531380,nominal
700,0.7582080984125205,1764531380,nominal
701,0.7572182608340162,1764531380,nominal
702,0.7560266558017879,1764531380,nominal
703,0.7548443420657514,1764531380,nominal
704,0.7531983857802454,1764531380,nominal
705,0.7515665441147805,1764531380,nominal
706,0.7502109591280018,1764531380,nominal
707,0.7486045949435731,1764531380,nominal
708,0.7470118896686425,1764531380,nominal
709,0.745173228649449,1764531380,nominal
710,0.7435563390770972,1764531380,nominal
711,0.7421581202776016,1764531380,nominal
712,0.7412329598911833,1764531380,nominal
713,0.7405717750938197,1764531380,nominal
714,0.7401188808662842,1764531380,nominal
715,0.7396690756076246,1764531380,nominal
716,0.7389662271415799,1764531380,nominal
717,0.7387266113333064,1764531380,nominal
718,0.7384884170211015,1764531380,nominal
719,0.7382516344343384,1764531380,nominal
720,0.7375591990565233,1764531380,nominal
721,0.7366704674817045,1764531380,nominal
722,0.7353334340623978,1764531380,nominal
723,0.733553937314767,1764531380,nominal
724,0.7320428374680843,1764531380,nominal
725,0.7300941216069227,1764531380,nominal
726,0.7279653934345487,1764531380,nominal
727,0.725410148177844,1764531380,nominal
728,0.7230768373991859,1764531380,nominal
729,0.7205709816522056,1764531380,nominal
730,0.7185307417803243,1764531380,nominal
731,0.7167033739014964,1764531380,nominal
732,0.7153301462439278,1764531380,nominal
733,0.7139681965450477,1764531380,nominal
734,0.7123743301088836,1764531380,nominal
735,0.7109858095421919,1764531380,nominal
736,0.7096085723598983,1764531380,nominal
737,0.708674456264478,1764531380,nominal
738,0.7079883022350039,1764531380,nominal
739,0.7077378777440196,1764531380,nominal
740,0.7074890419145458,1764531380,nominal
741,0.7070705670906706,1764531380,nominal
742,0.7062242427176372,1764531380,nominal
743,0.7058125647124859,1764531380,nominal
744,0.7056433321497336,1764531380,nominal
745,0.7052855746809321,1764531380,nominal
746,0.7053590358482067,1764531380,nominal
747,0.7050025061366487,1764531380,nominal
748,0.7046477548252885,1764531380,nominal
749,0.7042947732504148,1764531380,nominal
750,0.7039435527865731,1764531380,nominal
751,0.7037666350182511,1764531380,nominal
752,0.7040191204154362,1764531380,nominal
753,0.7042701542113361,1764531380,nominal
754,0.7045197455075499,1764531380,nominal
755,0.7049575368432272,1764531380,nominal
756,0.7049645037854481,1764531380,nominal
757,0.7049714507768543,1764531380,nominal
758,0.7045504709879694,1764531380,nominal
759,0.7041322794381301,1764531380,nominal
760,0.7032902216225186,1764531380,nominal
761,0.7026915742046416,1764531380,nominal
762,0.7020969656578705,1764531380,nominal
763,0.7010969899418641,1764531380,nominal
764,0.7001032933291381,1764531380,nominal
765,0.6993516510013162,1764531380,nominal
766,0.6990275936249064,1764531380,nominal
767,0.6991285316568289,1764531380,nominal
768,0.699652794488936,1764531380,nominal
769,0.7001750107062412,1764531380,nominal
770,0.7011202435240298,1764531380,nominal
771,0.7020625112876606,1764531380,nominal
772,0.7030018161598831,1764531380,nominal
773,0.7043477082198062,1764531380,nominal
774,0.7056884610203651,1764531380,nominal
775,0.7070240822838346,1764531380,nominal
776,0.7083545798857827,1764531380,nominal
777,0.7096799618525398,1764531380,nominal
778,0.7110002363586964,1764531380,nominal
779,0.7123154117246193,1764531380,nominal
780,0.7136254964139901,1764531380,nominal
781,0.7149304990313685,1764531380,nominal
782,0.7162304283197735,1764531380,nominal
783,0.7175252931582904,1764531380,nominal
784,0.7188151025596999,1764531380,nominal
785,0.720099865668125,1764531380,nominal
786,0.7213795917567062,1764531380,nominal
787,0.7226542902252929,1764531380,nominal
788,0.7237272189512556,1764531380,nominal
789,0.7247952648591387,1764531380,nominal
790,0.7258584443740043,1764531380,nominal
791,0.7269167739587152,1764531380,nominal
792,0.7279702701121218,1764531380,nominal
793,0.7290189493672747,1764531380,nominal
794,0.7300628282896665,1764531380,nominal
795,0.7311019234755002,1764531380,nominal
796,0.7321362515499846,1764531380,nominal
797,0.7331658291656558,1764531380,nominal
798,0.7343916029651428,1764531380,nominal
799,0.7356124787549966,1764531380,nominal
800,0.7368284670593309,1764531380,nominal
801,0.7380395785020654,1764531380,nominal
802,0.7392458238049329,1764531380,nominal
803,0.740447213785507,1764531380,nominal
804,0.7416437593552531,1764531380,nominal
805,0.742835471517596,1764531380,nominal
806,0.7440223613660103,1764531380,nominal
807,0.7452044400821299,1764531380,nominal
808,0.7463817189338787,1764531380,nominal
809,0.74755420927362,1764531380,nominal
810,0.7483210499103764,1764531380,nominal
811,0.7490853537566127,1764531380,nominal
812,0.7498471240484221,1764531380,nominal
813,0.7506063640604553,1764531380,nominal
814,0.7513630771055757,1764531380,nominal
815,0.752117266534518,1764531380,nominal
816,0.7528689357355439,1764531380,nominal
817,0.7532167851339423,1764531380,nominal
818,0.7535638122246356,1764531380,nominal
819,0.7539100153666963,1764531380,nominal
820,0.754657585671717,1764531380,nominal
821,0.7554026262625179,1764531380,nominal
822,0.7561451408300286,1764531380,nominal
823,0.7564828997603069,1764531380,nominal
824,0.7564170337525096,1764531380,nominal
825,0.7559478250276097,1764531380,nominal
826,0.7550747165035615,1764531380,nominal
827,0.754202562392805,1764531380,nominal
828,0.7529240087353201,1764531380,nominal
829,0.7512368790528343,1764531380,nominal
830,0.7491382069621825,1764531380,nominal
831,0.7466242603569795,1764531380,nominal
832,0.743690570036625,1764531380,nominal
833,0.7407504974843548,1764531380,nominal
834,0.7378043028570065,1764531380,nominal
835,0.7348522459483717,1764531380,nominal
836,0.7318945861097801,1764531380,nominal
837,0.7291919602299911,1764531380,nominal
838,0.7264844104116015,1764531380,nominal
839,0.7237721385771695,1764531380,nominal
840,0.7210553462646118,1764531380,nominal
841,0.7183342345759176,1764531380,nominal
842,0.7156090041265851,1764531380,nominal
843,0.7128798549957945,1764531380,nominal
844,0.7101469866773422,1764531380,nominal
845,0.7073824123040806,1764531380,nominal
846,0.7045918020560861,1764531380,nominal
847,0.7015151296833043,1764531380,nominal
848,0.6984261328497217,1764531380,nominal
849,0.6953313388155924,1764531380,nominal
850,0.6922371996045719,1764531380,nominal
851,0.6891500504460462,1764531380,nominal
852,0.6860760705669937,1764531380,nominal
853,0.6830212467679935,1764531380,nominal
854,0.6799913401502344,1764531380,nominal
855,0.6769994057128739,1764531380,nominal
856,0.674044757012685,1764531380,nominal
857,0.6711267242272709,1764531380,nominal
858,0.6682446536519207,1764531380,nominal
859,0.6653979072146632,1764531380,nominal
860,0.6625858620087607,1764531380,nominal
861,0.6598079098419106,1764531380,nominal
862,0.6570634568014652,1764531380,nominal
863,0.6543519228350073,1764531380,nominal
864,0.6516727413456523,1764531380,nominal
865,0.6490253588014796,1764531380,nominal
866,0.6464092343585166,1764531380,nominal
867,0.6440596379320197,1764531380,nominal
868,0.641736143296664,1764531380,nominal
869,0.6394383367065137,1764531380,nominal
870,0.6371658132258043,1764531380,nominal
871,0.6349181764936075,1764531380,nominal
872,0.6326950384960217,1764531380,nominal
873,0.6304960193456042,1764531380,nominal
874,0.6283207470677828,1764531380,nominal
875,0.626168857393989,1764531380,nominal
876,0.6240399935612643,1764531380,nominal
877,0.6217115677616696,1764531380,nominal
878,0.6194091404308368,1764531380,nominal
879,0.617132299241939,1764531380,nominal
880,0.6148806406266714,1764531380,nominal
881,0.6126537695420493,1764531380,nominal
882,0.6104512992446358,1764531380,nominal
883,0.6082728510719299,1764531380,nominal
884,0.6061180542306468,1764531380,nominal
885,0.6041587426009571,1764531380,nominal
886,0.6022199841728284,1764531380,nominal
887,0.6003014755995684,1764531380,nominal
888,0.5984029195264331,1764531380,nominal
889,0.5967323381723495,1764531380,nominal
890,0.5950781458421253,1764531380,nominal
891,0.5934401181371268,1764531380,nominal
892,0.5918180347773546,1764531380,nominal
893,0.5902116795063549,1764531380,nominal
894,0.5886208399987646,1764531380,nominal
895,0.586879459320526,1764531380,nominal
896,0.5851551389196652,1764531380,nominal
897,0.5834476455296077,1764531380,nominal
898,0.5817567501632506,1764531380,nominal
899,0.5798835161615153,1764531380,nominal
900,0.5780293657831064,1764531380,nominal
901,0.5761940272392476,1764531380,nominal
902,0.5743772339176153,1764531380,nominal
903,0.5725787242585006,1764531380,nominal
904,0.5707982416345242,1764531380,nominal
905,0.5690355342337844,1764531380,nominal
906,0.5672903549463254,1764531380,nominal
907,0.5655624612538153,1764531380,nominal
908,0.563851615122329,1764531380,nominal
909,0.5621575828981347,1764531380,nominal
910,0.5604801352063843,1764531380,nominal
911,0.5588190468526161,1764531380,nominal
912,0.557174096726977,1764531380,nominal
913,0.5555450677110789,1764531380,nominal
914,0.5541168317508418,1764531380,nominal
915,0.552701556501539,1764531380,nominal
916,0.5512990805786058,1764531380,nominal
917,0.5500624717865172,1764531380,nominal
918,0.5488367278381273,1764531380,nominal
919,0.5476217188420953,1764531380,nominal
920,0.5465982030359482,1764531380,nominal
921,0.5455830047341765,1764531380,nominal
922,0.5445760332938966,1764531380,nominal
923,0.5435771993939978,1764531380,nominal
924,0.5425864150106671,1764531380,nominal
925,0.5416035933934592,1764531380,nominal
926,0.540628649041902,1764531380,nominal
927,0.5395115456903967,1764531380,nominal
928,0.5384034914245888,1764531380,nominal
929,0.5373043879968799,1764531380,nominal
930,0.5360395422413748,1764531380,nominal
931,0.5347856567282203,1764531380,nominal
932,0.5335426027914858,1764531380,nominal
933,0.5324828344835106,1764531380,nominal
934,0.5312595481866245,1764531380,nominal
935,0.5300467370420603,1764531380,nominal
936,0.5290149319358902,1764531380,nominal
937,0.5279912599414224,1764531380,nominal
938,0.5271450909403749,1764531380,nominal
939,0.5263048613847044,1764531380,nominal
940,0.5257850323124443,1764531380,nominal
941,0.5255824152507245,1764531380,nominal
942,0.5255266469197606,1764531380,nominal
943,0.5253032029153148,1764531380,nominal
944,0.5250810288417971,1764531380,nominal
945,0.5248601164323353,1764531380,nominal
946,0.5244736477274798,1764531380,nominal
947,0.5240897886470182,1764531380,nominal
948,0.5235422817198911,1764531380,nominal
949,0.5231646785028207,1764531380,nominal
950,0.5224787475390501,1764531380,nominal
951,0.5216327362121239,1764531380,nominal
952,0.5207933719248975,1764531380,nominal
953,0.519960586028594,1764531380,nominal
954,0.5191343108107132,1764531380,nominal
955,0.518314479478893,1764531380,nominal
956,0.5175010261451068,1764531380,nominal
957,0.5166938858101876,1764531380,nominal
958,0.515892994348673,1764531380,nominal
959,0.5149362311464876,1764531380,nominal
960,0.5139871630556251,1764531380,nominal
961,0.5130457083111701,1764531380,nominal
962,0.5121315352682746,1764531380,nominal
963,0.5112245715562352,1764531380,nominal
964,0.5104846729231023,1764531380,nominal
965,0.5097501767111553,1764531380,nominal
966,0.5090210321073165,1764531380,nominal
967,0.5084558886032869,1764531380,nominal
968,0.5078944051827206,1764531380,nominal
969,0.507336552670838,1764531380,nominal
970,0.5067823021965492,1764531380,nominal
971,0.5060920030817233,1764531380,nominal
972,0.5053889911181556,1764531380,nominal
973,0.5048473391979165,1764531380,nominal
974,0.5041532337908253,1764531380,nominal
975,0.5034641080969356,1764531380,nominal
976,0.502779916465304,1764531380,nominal
977,0.5019458557340299,1764531380,nominal
978,0.5011181832550943,1764531380,nominal
979,0.5002968353984737,1764531380,nominal
980,0.4996353332421735,1764531380,nominal
981,0.4989785133707471,1764531380,nominal
982,0.4981890067956033,1764531380,nominal
983,0.4972528320915269,1764531380,nominal
984,0.4963239191541437,1764531380,nominal
985,0.4954021944924016,1764531380,nominal
986,0.4944875855937532,1764531380,nominal
987,0.4935800209076865,1764531380,nominal
988,0.4928151516776773,1764531380,nominal
989,0.4920559969913988,1764531380,nominal
990,0.4911530644418974,1764531380,nominal
991,0.4902571965658145,1764531380,nominal
992,0.4893683212895819,1764531380,nominal
993,0.4884863675036336,1764531380,nominal
994,0.4876112650461648,1764531380,nominal
995,0.4867429446872188,1764531380,nominal
996,0.4858813381130978,1764531380,nominal
997,0.4850263779110882,1764531380,nominal
998,0.4840454177437298,1764531380,nominal
999,0.483218360519869,1764531380,nominal
1000,0.4825295892018575,1764531380,nominal
1001,0.4818458173304787,1764531380,nominal
1002,0.4812986758656993,1764531380,nominal
1003,0.4810319153500784,1764531380,nominal
1004,0.4807668483392541,1764531380,nominal
1005,0.480503461922995,1764531380,nominal
1006,0.4802417433153813,1764531380,nominal
1007,0.4801127327620877,1764531380,nominal
1008,0.4799844691755394,1764531380,nominal
1009,0.4798431818521312,1764531380,nominal
1010,0.4795718871401606,1764531380,nominal
1011,0.4793021737327992,1764531380,nominal
1012,0.4789038642676952,1764531380,nominal
1013,0.4782341259258914,1764531380,nominal
1014,0.477713009855818,1764531380,nominal
1015,0.4773249637937829,1764531380,nominal
1016,0.4769394337556921,1764531380,nominal
1017,0.4766998070661381,1764531380,nominal
1018,0.4765907539961496,1764531380,nominal
1019,0.4763533463562897,1764531380,nominal
1020,0.4761174144700266,1764531380,nominal
1021,0.4758829474568715,1764531380,nominal
1022,0.4759215342355027,1764531380,nominal
1023,0.4761028529654965,1764531380,nominal
1024,0.4761402921877766,1764531380,nominal
1025,0.4760488093580144,1764531380,nominal
1026,0.4759578321287288,1764531380,nominal
1027,0.4755961962262092,1764531380,nominal
1028,0.4750314909629817,1764531380,nominal
1029,0.4745985038583912,1764531380,nominal
1030,0.4744383642540789,1764531380,nominal
1031,0.4742790406382742,1764531380,nominal
1032,0.4738502821577235,1764531380,nominal
1033,0.4732821309138182,1764531380,nominal
1034,0.4727173841205608,1764531380,nominal
1035,0.4724252992500936,1764531380,nominal
1036,0.4721347627305388,1764531380,nominal
1037,0.4718457660200773,1764531380,nominal
1038,0.471777789147238,1764531380,nominal
1039,0.4715827207730951,1764531380,nominal
1040,0.4713887049211649,1764531380,nominal
1041,0.4711957354377278,1764531380,nominal
1042,0.471003806210839,1764531380,nominal
1043,0.4709535151973473,1764531380,nominal
1044,0.4711712269875681,1764531380,nominal
1045,0.471387551890109,1764531380,nominal
1046,0.471870796462746,1764531380,nominal
1047,0.4726203191775069,1764531380,nominal
1048,0.4732260022409237,1764531380,nominal
1049,0.4740985529106292,1764531380,nominal
1050,0.4749679272747122,1764531380,nominal
1051,0.4758341294837737,1764531380,nominal
1052,0.4768386183180154,1764531380,nominal
1053,0.4776979636917533,1764531380,nominal
1054,0.4785541507113017,1764531380,nominal
1055,0.4791347682796455,1764531380,nominal
1056,0.4794403058124437,1764531380,nominal
1057,0.4794717793566809,1764531380,nominal
1058,0.4797754032490166,1764531380,nominal
1059,0.4798049104419764,1764531380,nominal
1060,0.4795618368553512,1764531380,nominal
1061,0.4795922347941955,1764531380,nominal
1062,0.4796223666900609,1764531380,nominal
1063,0.47957830598288,1764531380,nominal
1064,0.4792623585310518,1764531380,nominal
1065,0.4789480937092302,1764531380,nominal
1066,0.4789072796742238,1764531380,nominal
1067,0.4790077720838642,1764531380,nominal
1068,0.4791077193897082,1764531380,nominal
1069,0.4792071246805762,1764531380,nominal
1070,0.479447126429978,1764531380,nominal
1071,0.4794133851760769,1764531380,nominal
1072,0.479379556600759,1764531380,nominal
1073,0.479419037408827,1764531380,nominal
1074,0.4797302867626108,1764531380,nominal
1075,0.4801803030362261,1764531380,nominal
1076,0.4803547109363784,1764531380,nominal
1077,0.4803870671893272,1764531380,nominal
1078,0.4802864333138714,1764531380,nominal
1079,0.4804582076238843,1764531380,nominal
1080,0.480761129499827,1764531380,nominal
1081,0.4812021278095391,1764531380,nominal
1082,0.4817736969534691,1764531380,nominal
1083,0.4823424550314942,1764531380,nominal
1084,0.4826346846630085,1764531380,nominal
1085,0.482785203865757,1764531380,nominal
1086,0.4830686275010059,1764531380,nominal
1087,0.4833506114653824,1764531380,nominal
1088,0.4834912616677371,1764531380,nominal
1089,0.4833573476597915,1764531380,nominal
1090,0.4829507023248225,1764531380,nominal
1091,0.4824072378084147,1764531380,nominal
1092,0.48173407471023,1764531380,nominal
1093,0.4810656502471989,1764531380,nominal
1094,0.4804019226979933,1764531380,nominal
1095,0.47974285081311,1764531380,nominal
1096,0.4789559304920983,1764531380,nominal
1097,0.4781746887149352,1764531380,nominal
1098,0.4776685532050689,1764531380,nominal
1099,0.4771657209395317,1764531380,nominal
1100,0.4766661657456754,1764531380,nominal
1101,0.4761698617139573,1764531380,nominal
1102,0.4755402715294771,1764531380,nominal
1103,0.4749150403289255,1764531380,nominal
1104,0.4742941306349319,1764531380,nominal
1105,0.4738132914196259,1764531380,nominal
1106,0.4733355557208202,1764531380,nominal
1107,0.4731269760142516,1764531380,nominal
1108,0.4726536916910654,1764531380,nominal
1109,0.4724489863295203,1764531380,nominal
1110,0.4722454392328288,1764531380,nominal
1111,0.472043043063087,1764531380,nominal
1112,0.4721069366553541,1764531380,nominal
1113,0.4721704408462701,1764531380,nominal
1114,0.4722335582974156,1764531380,nominal
1115,0.4721617292792419,1764531380,nominal
1116,0.4722248058230845,1764531380,nominal
1117,0.4722874993625149,1764531380,nominal
1118,0.4726149332962067,1764531380,nominal
1119,0.4729407928270332,1764531380,nominal
1120,0.4732650850155792,1764531380,nominal
1121,0.4738535407180211,1764531380,nominal
1122,0.4744395667560929,1764531380,nominal
1123,0.4750231700852447,1764531380,nominal
1124,0.475871170025348,1764531380,nominal
1125,0.4767162004563804,1764531380,nominal
1126,0.4775550677133212,1764531380,nominal
1127,0.4781227947886253,1764531380,nominal
1128,0.4785522863699774,1764531380,nominal
1129,0.4787113135096871,1764531380,nominal
1130,0.4791379589429626,1764531380,nominal
1131,0.479293898531909,1764531380,nominal
1132,0.4791803571970472,1764531380,nominal
1133,0.4789966610100427,1764531380,nominal
1134,0.4786815654972412,1764531380,nominal
1135,0.47863632381701,1764531380,nominal
1136,0.4787276235843076,1764531380,nominal
1137,0.4788185200891294,1764531380,nominal
1138,0.4787768818328058,1764531380,nominal
1139,0.4790042038313726,1764531380,nominal
1140,0.4789616490293196,1764531380,nominal
1141,0.4789192950794327,1764531380,nominal
1142,0.4790137735559577,1764531380,nominal
1143,0.4791785234537175,1764531380,nominal
1144,0.479205746222175,1764531380,nominal
1145,0.4789638509220424,1764531380,nominal
1146,0.4784548002367473,1764531380,nominal
1147,0.4779490490155019,1764531380,nominal
1148,0.4774465714446172,1764531380,nominal
1149,0.4766800612959465,1764531380,nominal
1150,0.4760540598324845,1764531380,nominal
1151,0.4754321777951315,1764531380,nominal
1152,0.4746799115267637,1764531380,nominal
1153,0.4739329648080744,1764531380,nominal
1154,0.4731912907353323,1764531380,nominal
1155,0.4724548429330216,1764531380,nominal
1156,0.4717235755464082,1764531380,nominal
1157,0.4709974432342306,1764531380,nominal
1158,0.4702764011615158,1764531380,nominal
1159,0.4695604049925151,1764531380,nominal
1160,0.4689790795757209,1764531380,nominal
1161,0.4685336549071943,1764531380,nominal
1162,0.4680910447896633,1764531380,nominal
1163,0.4676512280403155,1764531380,nominal
1164,0.4672141836755456,1764531380,nominal
1165,0.4667798909086076,1764531380,nominal
1166,0.466348329147301,1764531380,nominal
1167,0.4659194779916898,1764531380,nominal
1168,0.4657527322226568,1764531380,nominal
1169,0.4655869062815381,1764531380,nominal
1170,0.4651628749906436,1764531380,nominal
1171,0.4648700381656702,1764531380,nominal
1172,0.4645789729133537,1764531380,nominal
1173,0.4642896667732892,1764531380,nominal
1174,0.4642603337089602,1764531380,nominal
1175,0.4642311626168783,1764531380,nominal
1176,0.4644604124641768,1764531380,nominal
1177,0.4649470784075859,1764531380,nominal
1178,0.4654317059492553,1764531380,nominal
1179,0.4661734778904712,1764531380,nominal
1180,0.4671723297094771,1764531380,nominal
1181,0.4681681932069408,1764531380,nominal
1182,0.4694221004492371,1764531380,nominal
1183,0.4706013029300819,1764531380,nominal
1184,0.4717784370442568,1764531380,nominal
1185,0.4732170550144734,1764531380,nominal
1186,0.4746540009141206,1764531380,nominal
1187,0.4760892575033849,1764531380,nominal
1188,0.4775228076580191,1764531380,nominal
1189,0.4789546343695476,1764531380,nominal
1190,0.480384720745468,1764531380,nominal
1191,0.4818130500094436,1764531380,nominal
1192,0.4832396055014905,1764531380,nominal
1193,0.4850038421496772,1764531380,nominal
1194,0.4864256771472309,1764531380,nominal
1195,0.4878456883974169,1764531380,nominal
1196,0.4892638597627325,1764531380,nominal
1197,0.4906801752223815,1764531380,nominal
1198,0.4917522975327061,1764531380,nominal
1199,0.4924801013439218,1764531380,nominal
1200,0.4928633299056091,1764531380,nominal
1201,0.4929015892280529,1764531380,nominal
1202,0.4927355569478384,1764531380,nominal
1203,0.4922235291842017,1764531380,nominal
1204,0.4917116776423059,1764531380,nominal
1205,0.4909946773568243,1764531380,nominal
1206,0.4899291365707486,1764531380,nominal
1207,0.4885139097871762,1764531380,nominal
1208,0.4872424795162412,1764531380,nominal
1209,0.4859711635726476,1764531380,nominal
1210,0.4848446320533835,1764531380,nominal
1211,0.4838634510854581,1764531380,nominal
1212,0.482882665718556,1764531380,nominal
1213,0.4820482574538928,1764531380,nominal
1214,0.481360846641452,1764531380,nominal
1215,0.4808855591681581,1764531380,nominal
1216,0.4807704480991811,1764531380,nominal
1217,0.4808043629597925,1764531380,nominal
1218,0.4808396360898213,1764531380,nominal
1219,0.4810252503920051,1764531380,nominal
1220,0.4812125276881234,1764531380,nominal
1221,0.4814014676982853,1764531380,nominal
1222,0.4815920701613536,1764531380,nominal
1223,0.4817843348346518,1764531380,nominal
1224,0.4819782614936721,1764531380,nominal
1225,0.4819572306206935,1764531380,nominal
1226,0.4817205091779921,1764531380,nominal
1227,0.4814851892965298,1764531380,nominal
1228,0.4812512619744012,1764531380,nominal
1229,0.4810187182706574,1764531380,nominal
1230,0.480787549304919,1764531380,nominal
1231,0.4805577462569927,1764531380,nominal
1232,0.4803293003664858,1764531380,nominal
1233,0.4801022029324243,1764531380,nominal
1234,0.4798764453128719,1764531380,nominal
1235,0.4796520189245495,1764531380,nominal
1236,0.4794289152424569,1764531380,nominal
1237,0.4792071257994956,1764531380,nominal
1238,0.4789866421860922,1764531380,nominal
1239,0.4787674560498253,1764531380,nominal
1240,0.4785495590950512,1764531380,nominal
1241,0.4783329430825331,1764531380,nominal
1242,0.4781175998290707,1764531380,nominal
1243,0.477903521207132,1764531380,nominal
1244,0.4776906991444856,1764531380,nominal
1245,0.477479125623836,1764531380,nominal
1246,0.4772687926824598,1764531380,nominal
1247,0.4772921645768931,1764531380,nominal
1248,0.4773170382380844,1764531380,nominal
1249,0.4773434113946599,1764531380,nominal
1250,0.4773712818153167,1764531380,nominal
1251,0.477400647308548,1764531380,nominal
1252,0.4774315057223698,1764531380,nominal
1253,0.4774638549440487,1764531380,nominal
1254,0.4774976928998297,1764531380,nominal
1255,0.4775330175546664,1764531380,nominal
1256,0.4775698269119515,1764531380,nominal
1257,0.477608119013248,1764531380,nominal
1258,0.4776478919380221,1764531380,nominal
1259,0.4776891438033768,1764531380,nominal
1260,0.477731872763786,1764531380,nominal
1261,0.4777760770108299,1764531380,nominal
1262,0.4778217547729322,1764531380,nominal
1263,0.4778689043150964,1764531380,nominal
1264,0.4779175239386445,1764531380,nominal
1265,0.4779676119809564,1764531380,nominal
1266,0.4780191668152097,1764531380,nominal
1267,0.4778256454895119,1764531380,nominal
1268,0.4776332460279265,1764531380,nominal
1269,0.4774419613613662,1764531380,nominal
1270,0.4775008723032148,1764531380,nominal
1271,0.4775612371377096,1764531380,nominal
1272,0.4776230544935903,1764531380,nominal
1273,0.4776863230333117,1764531380,nominal
1274,0.4777510414527913,1764531380,nominal
1275,0.4778172084811591,1764531380,nominal
1276,0.4778848228805085,1764531380,nominal
1277,0.4779538834456456,1764531380,nominal
1278,0.4780243890038431,1764531380,nominal
1279,0.4780963384145907,1764531380,nominal
1280,0.4779130626692623,1764531380,nominal
1281,0.477730842401807,1764531380,nominal
1282,0.4775496710082631,1764531380,nominal
1283,0.4773695419292825,1764531380,nominal
1284,0.4771904486498221,1764531380,nominal
1285,0.4770123846988378,1764531380,nominal
1286,0.4768353436489802,1764531380,nominal
1287,0.4766593191162917,1764531380,nominal
1288,0.4764843047599056,1764531380,nominal
1289,0.4763102942817472,1764531380,nominal
1290,0.4761372814262358,1764531380,nominal
1291,0.4759652599799898,1764531380,nominal
1292,0.4757942237715327,1764531380,nominal
1293,0.4756241666710001,1764531380,nominal
1294,0.475455082589851,1764531380,nominal
1295,0.4752869654805775,1764531380,nominal
1296,0.4751198093364193,1764531380,nominal
1297,0.474953608191078,1764531380,nominal
1298,0.474788356118434,1764531380,nominal
1299,0.4746240472322647,1764531380,nominal
1300,0.4744606756859651,1764531380,nominal
1301,0.4742982356722694,1764531380,nominal
1302,0.4741367214229748,1764531380,nominal
1303,0.4739761272086671,1764531380,nominal
1304,0.4738164473384475,1764531380,nominal
1305,0.4736576761596616,1764531380,nominal
1306,0.4734998080576306,1764531380,nominal
1307,0.4733428374553828,1764531380,nominal
1308,0.4731867588133882,1764531380,nominal
1309,0.473031566629294,1764531380,nominal
1310,0.4731630881692985,1764531380,nominal
1311,0.473295991359703,1764531380,nominal
1312,0.4734302763983377,1764531380,nominal
1313,0.473565943504575,1764531380,nominal
1314,0.4737029929191155,1764531380,nominal
1315,0.4741315446184678,1764531380,nominal
1316,0.4748523172962985,1764531380,nominal
1317,0.4755744590234886,1764531380,nominal
1318,0.4762979685197555,1764531380,nominal
1319,0.4770228444421147,1764531380,nominal
1320,0.4774562358611698,1764531380,nominal
1321,0.4778911907789185,1764531380,nominal
1322,0.4783277104404531,1764531380,nominal
1323,0.4787657960669197,1764531380,nominal
1324,0.4792054488552659,1764531380,nominal
1325,0.479349997706867,1764531380,nominal
1326,0.4791981668286824,1764531380,nominal
1327,0.4790471909998743,1764531380,nominal
1328,0.4788970650063917,1764531380,nominal
1329,0.478747783668727,1764531380,nominal
1330,0.4785993418416736,1764531380,nominal
1331,0.4784517344140845,1764531380,nominal
1332,0.4783049563086335,1764531380,nominal
1333,0.4781590024815775,1764531380,nominal
1334,0.4780138679225209,1764531380,nominal
1335,0.4778695476541805,1764531380,nominal
1336,0.478035274888161,1764531380,nominal
1337,0.4782023993356434,1764531380,nominal
1338,0.4783709216409975,1764531380,nominal
1339,0.4785408424648887,1764531380,nominal
1340,0.478712162484065,1764531380,nominal
1341,0.4788848823911412,1764531380,nominal
1342,0.4793738603138642,1764531380,nominal
1343,0.4798644025363897,1764531380,nominal
1344,0.4803565099074154,1764531380,nominal
1345,0.4808501832431172,1764531380,nominal
1346,0.4810275282707016,1764531380,nominal
1347,0.4812062823990626,1764531380,nominal
1348,0.4813864463708192,1764531380,nominal
1349,0.4815680209431089,1764531380,nominal
1350,0.4817510068873721,1764531380,nominal
1351,0.481935404989134,1764531380,nominal
1352,0.482121216047787,1764531380,nominal
1353,0.4823084408763732,1764531380,nominal
1354,0.4824970803013673,1764531380,nominal
1355,0.4826871351624571,1764531380,nominal
1356,0.4828786063123273,1764531380,nominal
1357,0.4830714946164391,1764531380,nominal
1358,0.4832658009528134,1764531380,nominal
1359,0.4834615262118112,1764531380,nominal
1360,0.4836586712959144,1764531380,nominal
1361,0.4838572371195077,1764531380,nominal
1362,0.4837228183002001,1764531380,nominal
1363,0.4835891443088642,1764531380,nominal
1364,0.4834562106943131,1764531380,nominal
1365,0.4833240130342281,1764531380,nominal
1366,0.4831925469349577,1764531380,nominal
1367,0.4830618080313175,1764531380,nominal
1368,0.4829317919863917,1764531380,nominal
1369,0.482802494491336,1764531380,nominal
1370,0.4826739112651816,1764531380,nominal
1371,0.4825460380546407,1764531380,nominal
1372,0.4824188706339142,1764531380,nominal
1373,0.4822924048044985,1764531380,nominal
1374,0.4821666363949962,1764531380,nominal
1375,0.4820415612609264,1764531380,nominal
1376,0.4819171752845375,1764531380,nominal
1377,0.4817934743746198,1764531380,nominal
1378,0.4816704544663214,1764531380,nominal
1379,0.4815481115209632,1764531380,nominal
1380,0.4814264415258573,1764531380,nominal
1381,0.4813054404941247,1764531380,nominal
1382,0.4811851044645167,1764531380,nominal
1383,0.4810654295012341,1764531380,nominal
1384,0.4809464116937517,1764531380,nominal
1385,0.4808280471566404,1764531380,nominal
1386,0.481078156644562,1764531380,nominal
1387,0.4813296950454165,1764531380,nominal
1388,0.4815826637980601,1764531380,nominal
1389,0.4818370643447747,1764531380,nominal
1390,0.4820928981310468,1764531380,nominal
1391,0.4823501666053449,1764531380,nominal
1392,0.482608871218898,1764531380,nominal
1393,0.4828690134254718,1764531380,nominal
1394,0.4835073035724139,1764531380,nominal
1395,0.4841471158787409,1764531380,nominal
1396,0.4844101331744554,1764531380,nominal
1397,0.484674595352659,1764531380,nominal
1398,0.4849405038520823,1764531380,nominal
1399,0.4852078601128434,1764531380,nominal
1400,0.4854766655762211,1764531380,nominal
1401,0.4857469216844273,1764531380,nominal
1402,0.4860186298803789,1764531380,nominal
1403,0.4862917916074687,1764531380,nominal
1404,0.4861782634631267,1764531380,nominal
1405,0.4860653534514121,1764531380,nominal
1406,0.4859530579573689,1764531380,nominal
1407,0.4858413733888911,1764531380,nominal
1408,0.4857302961765657,1764531380,nominal
1409,0.4856198227735159,1764531380,nominal
1410,0.4855099496552463,1764531380,nominal
1411,0.4854006733194877,1764531380,nominal
1412,0.4856930862097898,1764531380,nominal
1413,0.4859869624724796,1764531380,nominal
1414,0.48628230363123,1764531380,nominal
1415,0.486579111206582,1764531380,nominal
1416,0.4868773867157104,1764531380,nominal
1417,0.4871771316721901,1764531380,nominal
1418,0.4874783475857597,1764531380,nominal
1419,0.4877810359620874,1764531380,nominal
1420,0.4880851983025351,1764531380,nominal
1421,0.488390836103921,1764531380,nominal
1422,0.4882844322603792,1764531380,nominal
1423,0.4881786036728667,1764531380,nominal
1424,0.4880733470062808,1764531380,nominal
1425,0.487968658946352,1764531380,nominal
1426,0.4878645361995011,1764531380,nominal
1427,0.4877609754926979,1764531380,nominal
1428,0.4876579735733199,1764531380,nominal
1429,0.4875555272090143,1764531380,nominal
1430,0.487453633187558,1764531380,nominal
1431,0.487352288316721,1764531380,nominal
1432,0.4872514894241299,1764531380,nominal
1433,0.4871512333571319,1764531380,nominal
1434,0.4870515169826606,1764531380,nominal
1435,0.486952337187102,1764531380,nominal
1436,0.4868536908761623,1764531380,nominal
1437,0.486755574974736,1764531380,nominal
1438,0.4866579864267745,1764531380,nominal
1439,0.4865609221951572,1764531380,nominal
1440,0.4864643792615624,1764531380,nominal
1441,0.4863683546263387,1764531380,nominal
1442,0.4862728453083782,1764531380,nominal
1443,0.4861778483449909,1764531380,nominal
1444,0.4860833607917783,1764531380,nominal
1445,0.4859893797225103,1764531380,nominal
1446,0.4858959022290005,1764531380,nominal
1447,0.4858029254209849,1764531380,nominal
1448,0.4857104464259985,1764531380,nominal
1449,0.485618462389256,1764531380,nominal
1450,0.4855269704735313,1764531380,nominal
1451,0.485435967859038,1764531380,nominal
1452,0.4853454517433114,1764531380,nominal
1453,0.4852554193410911,1764531380,nominal
1454,0.4851658678842042,1764531380,nominal
1455,0.4850767946214506,1764531380,nominal
1456,0.4849881968184865,1764531380,nominal
1457,0.4849000717577105,1764531380,nominal
1458,0.4848124167381525,1764531380,nominal
1459,0.4847252290753582,1764531380,nominal
1460,0.4846385061012794,1764531380,nominal
1461,0.4845522451641625,1764531380,nominal
1462,0.4844664436284385,1764531380,nominal
1463,0.4843810988746143,1764531380,nominal
1464,0.4842962082991631,1764531380,nominal
1465,0.4842117693144177,1764531380,nominal
1466,0.4841277793484624,1764531380,nominal
1467,0.484044235845029,1764531380,nominal
1468,0.4839611362633891,1764531380,nominal
1469,0.4843831264235661,1764531380,nominal
1470,0.4848066545772094,1764531380,nominal
1471,0.4852317219739424,1764531380,nominal
1472,0.4856583298406836,1764531380,nominal
1473,0.4860864793813945,1764531380,nominal
1474,0.4865161717768287,1764531380,nominal
1475,0.4869474081842789,1764531380,nominal
1476,0.4873801897373262,1764531380,nominal
1477,0.4878145175455861,1764531380,nominal
1478,0.4882503926944589,1764531380,nominal
1479,0.4881686275123226,1764531380,nominal
1480,0.488087294971065,1764531380,nominal
1481,0.4880063926210433,1764531380,nominal
1482,0.487925918027361,1764531380,nominal
1483,0.4878458687697699,1764531380,nominal
1484,0.4877662424425699,1764531380,nominal
1485,0.4876870366545158,1764531380,nominal
1486,0.4876082490287177,1764531380,nominal
1487,0.4875298772025462,1764531380,nominal
1488,0.4874519188275391,1764531380,nominal
1489,0.4873743715693054,1764531380,nominal
1490,0.4872972331074323,1764531380,nominal
1491,0.4872205011353925,1764531380,nominal
1492,0.4871441733604518,1764531380,nominal
1493,0.4870682475035776,1764531380,nominal
1494,0.4869927212993474,1764531380,nominal
1495,0.4869175924958596,1764531380,nominal
1496,0.4868428588546429,1764531380,nominal
1497,0.4867685181505675,1764531380,nominal
1498,0.4866945681717575,1764531380,nominal
1499,0.4866210067195017,1764531380,nominal
1500,0.486547831608168,1764531380,nominal
1501,0.4864750406651154,1764531380,nominal
1502,0.4864026317306096,1764531380,nominal
1503,0.4863306026577364,1764531380,nominal
1504,0.4862589513123182,1764531380,nominal
1505,0.4861876755728294,1764531380,nominal
1506,0.4861167733303124,1764531380,nominal
1507,0.4860462424882953,1764531380,nominal
1508,0.4859760809627098,1764531380,nominal
1509,0.4859062866818089,1764531380,nominal
1510,0.4858368575860861,1764531380,nominal
1511,0.485767791628195,1764531380,nominal
1512,0.4856990867728689,1764531380,nominal
1513,0.4856307409968416,1764531380,nominal
1514,0.4855627522887684,1764531380,nominal
1515,0.4854951186491476,1764531380,nominal
1516,0.4854278380902443,1764531380,nominal
1517,0.4853609086360109,1764531380,nominal
1518,0.4852943283220115,1764531380,nominal
1519,0.4852280951953458,1764531380,nominal
1520,0.485162207314574,1764531380,nominal
1521,0.4850966627496408,1764531380,nominal
1522,0.4850314595818015,1764531380,nominal
1523,0.484966595903548,1764531380,nominal
1524,0.4849020698185351,1764531380,nominal
1525,0.48547377002085,1764531380,nominal
1526,0.4860470553311635,1764531380,nominal
1527,0.4866219252111398,1764531380,nominal
1528,0.487198379079041,1764531380,nominal
1529,0.4877764163095135,1764531380,nominal
1530,0.4883560362333785,1764531380,nominal
1531,0.4895813670735676,1764531380,nominal
1532,0.4908069077445129,1764531380,nominal
1533,0.4920326434570856,1764531380,nominal
1534,0.4932585594074409,1764531380,nominal
1535,0.4938394621007919,1764531380,nominal
1536,0.4944219403174443,1764531380,nominal
1537,0.4950059931036368,1764531380,nominal
1538,0.4962414884931698,1764531380,nominal
1539,0.4974770737887633,1764531380,nominal
1540,0.4987127339396339,1764531380,nominal
1541,0.4992979809968642,1764531380,nominal
1542,0.4998847956637733,1764531380,nominal
1543,0.500473176738706,1764531380,nominal
1544,0.5010631229746129,1764531380,nominal
1545,0.5016546330788588,1764531380,nominal
1546,0.5022477057130388,1764531380,nominal
1547,0.5028423394927889,1764531380,nominal
1548,0.5027758054005977,1764531380,nominal
1549,0.5027096147713991,1764531380,nominal
1550,0.5026437657002016,1764531380,nominal
1551,0.5025782562929477,1764531380,nominal
1552,0.5025130846664448,1764531380,nominal
1553,0.5024482489482965,1764531380,nominal
1554,0.502383747276832,1764531380,nominal
1555,0.5023195778010384,1764531380,nominal
1556,0.502255738680491,1764531380,nominal
1557,0.5021922280852891,1764531380,nominal
1558,0.5021290441959854,1764531380,nominal
1559,0.5020661852035208,1764531380,nominal
1560,0.5020036493091576,1764531380,nominal
1561,0.5019414347244147,1764531380,nominal
1562,0.5018795396710012,1764531380,nominal
1563,0.5018179623807523,1764531380,nominal
1564,0.5024691259754903,1764531380,nominal
1565,0.5031218231031586,1764531380,nominal
1566,0.5037760512531054,1764531380,nominal
1567,0.5044318078626739,1764531380,nominal
1568,0.5050890903170786,1764531380,nominal
1569,0.5057478959492857,1764531380,nominal
1570,0.5064082220398962,1764531380,nominal
1571,0.5070700658170312,1764531380,nominal
1572,0.5077334244562196,1764531380,nominal
1573,0.5083982950802914,1764531380,nominal
1574,0.508336853607462,1764531380,nominal
1575,0.5082757262172757,1764531380,nominal
1576,0.5082149111759837,1764531380,nominal
1577,0.5081544067596118,1764531380,nominal
1578,0.5080942112539004,1764531380,nominal
1579,0.5080343229542394,1764531380,nominal
1580,0.5079747401656124,1764531380,nominal
1581,0.5079154612025321,1764531380,nominal
1582,0.5078564843889811,1764531380,nominal
1583,0.5077978080583544,1764531380,nominal
1584,0.5077394305533975,1764531380,nominal
1585,0.5076813502261498,1764531380,nominal
1586,0.5076235654378828,1764531380,nominal
1587,0.5075660745590456,1764531380,nominal
1588,0.5075088759692067,1764531380,nominal
1589,0.5074519680569942,1764531380,nominal
1590,0.5073953492200405,1764531380,nominal
1591,0.5073390178649254,1764531380,nominal
1592,0.5072829724071221,1764531380,nominal
1593,0.5072272112709372,1764531380,nominal
1594,0.5071717328894585,1764531380,nominal
1595,0.5071165357044992,1764531380,nominal
1596,0.5070616181665427,1764531380,nominal
1597,0.5070069787346874,1764531380,nominal
1598,0.5069526158765967,1764531380,nominal
1599,0.5068985280684394,1764531380,nominal
1600,0.5068447137948414,1764531380,nominal
1601,0.5067911715488308,1764531380,nominal
1602,0.5067378998317847,1764531380,nominal
1603,0.506684897153378,1764531380,nominal
1604,0.5066321620315325,1764531380,nominal
1605,0.5065796929923632,1764531380,nominal
1606,0.5065274885701274,1764531380,nominal
1607,0.5064755473071758,1764531380,nominal
1608,0.5064238677538999,1764531380,nominal
1609,0.5063724484686836,1764531380,nominal
1610,0.5063212880178508,1764531380,nominal
1611,0.50627038497562,1764531380,nominal
1612,0.5070862106971563,1764531380,nominal
1613,0.5079033618508707,1764531380,nominal
1614,0.5087218321565707,1764531380,nominal
1615,0.5095416152753259,1764531380,nominal
1616,0.5103627048095928,1764531380,nominal
1617,0.5111850943033504,1764531380,nominal
1618,0.5120087772422404,1764531380,nominal
1619,0.5128337470537057,1764531380,nominal
1620,0.5136599971071403,1764531380,nominal
1621,0.5144875207140415,1764531380,nominal
1622,0.5144361580278151,1764531380,nominal
1623,0.5143850525292643,1764531380,nominal
1624,0.5143342028027131,1764531380,nominal
1625,0.5142836074402005,1764531380,nominal
1626,0.5142332650414323,1764531380,nominal
1627,0.5141831742137332,1764531380,nominal
1628,0.5141333335719993,1764531380,nominal
1629,0.5140837417386505,1764531380,nominal
1630,0.514034397343588,1764531380,nominal
1631,0.5139852990241423,1764531380,nominal
1632,0.5139364454250319,1764531380,nominal
1633,0.5138878351983156,1764531380,nominal
1634,0.5138394670033468,1764531380,nominal
1635,0.5137913395067304,1764531380,nominal
1636,0.5137434513822757,1764531380,nominal
1637,0.5136958013109545,1764531380,nominal
1638,0.5136483879808541,1764531380,nominal
1639,0.5136012100871358,1764531380,nominal
1640,0.5135542663319899,1764531380,nominal
1641,0.5135075554245933,1764531380,nominal
1642,0.513461076081064,1764531380,nominal
1643,0.5134148270244236,1764531380,nominal
1644,0.5133688069845477,1764531380,nominal
1645,0.5133230146981314,1764531380,nominal
1646,0.5132774489086386,1764531380,nominal
1647,0.5132321083662685,1764531380,nominal
1648,0.5131869918279109,1764531380,nominal
1649,0.513142098057103,1764531380,nominal
1650,0.5130974258239905,1764531380,nominal
1651,0.5130529739052874,1764531380,nominal
1652,0.5130087410842348,1764531380,nominal
1653,0.512964726150561,1764531380,nominal
1654,0.512920927900442,1764531380,nominal
1655,0.512877345136459,1764531380,nominal
1656,0.512833976667565,1764531380,nominal
1657,0.5127908213090392,1764531380,nominal
1658,0.5127478778824524,1764531380,nominal
1659,0.5127051452156265,1764531380,nominal
1660,0.512662622142597,1764531380,nominal
1661,0.5126203075035731,1764531380,nominal
1662,0.5125782001449029,1764531380,nominal
1663,0.5125362989190326,1764531380,nominal
1664,0.51249460268447,1764531380,nominal
1665,0.5124531103057495,1764531380,nominal
1666,0.5124118206533907,1764531380,nominal
1667,0.5123707326038663,1764531380,nominal
1668,0.5123298450395628,1764531380,nominal
1669,0.5122891568487449,1764531380,nominal
1670,0.5122486669255183,1764531380,nominal
1671,0.5122083741697969,1764531380,nominal
1672,0.5121682774872648,1764531380,nominal
1673,0.5121283757893408,1764531380,nominal
1674,0.5120886679931429,1764531380,nominal
1675,0.5120491530214569,1764531380,nominal
1676,0.5120098298026964,1764531380,nominal
1677,0.5119706972708726,1764531380,nominal
1678,0.5119317543655578,1764531380,nominal
1679,0.5118930000318509,1764531380,nominal
1680,0.5118544332203464,1764531380,nominal
1681,0.5118160528870965,1764531380,nominal
1682,0.5117778579935818,1764531380,nominal
1683,0.5117398475066749,1764531380,nominal
1684,0.5117020203986073,1764531380,nominal
1685,0.5116643756469411,1764531380,nominal
1686,0.5128146827935328,1764531380,nominal
1687,0.5139652758265646,1764531380,nominal
1688,0.5151161407810065,1764531380,nominal
1689,0.5162672636747675,1764531380,nominal
1690,0.5174186305094068,1764531380,nominal
1691,0.518570227270842,1764531380,nominal
1692,0.5197220399300656,1764531380,nominal
1693,0.5208740544438558,1764531380,nominal
1694,0.5220262567554946,1764531380,nominal
1695,0.5231786327954853,1764531380,nominal
1696,0.5231397753802424,1764531380,nominal
1697,0.523101104091347,1764531380,nominal
1698,0.5230626178882967,1764531380,nominal
1699,0.5230243157359222,1764531380,nominal
1700,0.5229861966043498,1764531380,nominal
1701,0.5229482594689744,1764531380,nominal
1702,0.5229105033104237,1764531380,nominal
1703,0.5228729271145268,1764531380,nominal
1704,0.5228355298722851,1764531380,nominal
1705,0.522798310579838,1764531380,nominal
1706,0.5227612682384315,1764531380,nominal
1707,0.5227244018543885,1764531380,nominal
1708,0.5226877104390766,1764531380,nominal
1709,0.5226511930088775,1764531380,nominal
1710,0.5226148485851562,1764531380,nominal
1711,0.522578676194231,1764531380,nominal
1712,0.5225426748673442,1764531380,nominal
1713,0.5225068436406286,1764531380,nominal
1714,0.5224711815550828,1764531380,nominal
1715,0.5224356876565331,1764531380,nominal
1716,0.5224003609956159,1764531380,nominal
1717,0.5223652006277347,1764531380,nominal
1718,0.5223302056130451,1764531380,nominal
1719,0.5222953750164114,1764531380,nominal
1720,0.5222607079073893,1764531380,nominal
1721,0.5222262033601908,1764531380,nominal
1722,0.5221918604536566,1764531380,nominal
1723,0.5221576782712298,1764531380,nominal
1724,0.5221236559009274,1764531380,nominal
1725,0.5220897924353092,1764531380,nominal
1726,0.522056086971453,1764531380,nominal
1727,0.5220225386109237,1764531380,nominal
1728,0.521989146459752,1764531380,nominal
1729,0.5219559096284009,1764531380,nominal
1730,0.5219228272317379,1764531380,nominal
1731,0.5218898983890137,1764531380,nominal
1732,0.5218571222238317,1764531380,nominal
1733,0.5218244978641191,1764531380,nominal
1734,0.5217920244421062,1764531380,nominal
1735,0.5217597010942938,1764531380,nominal
1736,0.5217275269614308,1764531380,nominal
1737,0.5216955011884858,1764531380,nominal
1738,0.521663622924623,1764531380,nominal
1739,0.5216318913231746,1764531380,nominal
1740,0.5216003055416175,1764531380,nominal
1741,0.5215688647415435,1764531380,nominal
1742,0.5215375680886379,1764531380,nominal
1743,0.5215064147526556,1764531380,nominal
1744,0.5214754039073882,1764531380,nominal
1745,0.522948846955115,1764531380,nominal
1746,0.5244205994720451,1764531380,nominal
1747,0.5258906450820509,1764531380,nominal
1748,0.5273589674998392,1764531380,nominal
1749,0.5288255505314701,1764531380,nominal
1750,0.5302903780748511,1764531380,nominal
1751,0.5317534341202389,1764531380,nominal
1752,0.5332147027507244,1764531380,nominal
1753,0.5346741681427151,1764531380,nominal
1754,0.5361318145664034,1764531380,nominal
1755,0.5360992087889038,1764531380,nominal
1756,0.5360667509062952,1764531380,nominal
1757,0.536034440060982,1764531380,nominal
1758,0.5360022753994861,1764531380,nominal
1759,0.5359702560724209,1764531380,nominal
1760,0.5359383812344671,1764531380,nominal
1761,0.5359066500443446,1764531380,nominal
1762,0.5358750616647929,1764531380,nominal
1763,0.5358436152625402,1764531380,nominal
1764,0.5373663030189971,1764531380,nominal
1765,0.5388866381878628,1764531380,nominal
1766,0.5404046061266425,1764531380,nominal
1767,0.541920192311185,1764531380,nominal
1768,0.5434333823358996,1764531380,nominal
1769,0.5449441619139558,1764531380,nominal
1770,0.5464525168774869,1764531380,nominal
1771,0.5479584331777758,1764531380,nominal
1772,0.5494618968854315,1764531380,nominal
1773,0.5509628941905641,1764531380,nominal
1774,0.55092991934489,1764531380,nominal
1775,0.5508970913641248,1764531380,nominal
1776,0.5508644093855009,1764531380,nominal
1777,0.5508318725503012,1764531380,nominal
1778,0.5507994800038373,1764531380,nominal
1779,0.5507672308954185,1764531380,nominal
1780,0.5507351243783345,1764531380,nominal
1781,0.5507031596098251,1764531380,nominal
1782,0.5506713357510579,1764531380,nominal
1783,0.5506396519671013,1764531380,nominal
1784,0.5506081074269066,1764531380,nominal
1785,0.5505767013032765,1764531380,nominal
1786,0.550545432772843,1764531380,nominal
1787,0.5505143010160463,1764531380,nominal
1788,0.5504833052171078,1764531380,nominal
1789,0.5504524445640061,1764531380,nominal
1790,0.5504217182484582,1764531380,nominal
1791,0.5503911254658908,1764531380,nominal
1792,0.5503606654154183,1764531380,nominal
1793,0.5503303372998222,1764531380,nominal
1794,0.5503001403255222,1764531380,nominal
1795,0.5502700737025616,1764531380,nominal
1796,0.5502401366445746,1764531380,nominal
1797,0.5502103283687749,1764531380,nominal
1798,0.5501806480959196,1764531380,nominal
1799,0.5501510950503011,1764531380,nominal
1800,0.5501216684597121,1764531380,nominal
1801,0.5500923675554339,1764531380,nominal
1802,0.5500631915722056,1764531380,nominal
1803,0.5500341397482079,1764531380,nominal
1804,0.5500052113250365,1764531380,nominal
1805,0.5499764055476865,1764531380,nominal
1806,0.5499477216645239,1764531380,nominal
1807,0.5499191589272695,1764531380,nominal
1808,0.5498907165909733,1764531380,nominal
1809,0.5498623939139978,1764531380,nominal
1810,0.5516552786496981,1764531380,nominal
1811,0.553442937927605,1764531380,nominal
1812,0.5552253698506552,1764531380,nominal
1813,0.5570025727006667,1764531380,nominal
1814,0.5587745449369353,1764531380,nominal
1815,0.5605412851948459,1764531380,nominal
1816,0.5623027922844722,1764531380,nominal
1817,0.5640590651891894,1764531380,nominal
1818,0.5658101030642765,1764531380,nominal
1819,0.5675559052355321,1764531380,nominal
1820,0.5692964711978832,1764531380,nominal
1821,0.5710318006140018,1764531380,nominal
1822,0.5727618933129167,1764531380,nominal
1823,0.5744867492886397,1764531380,nominal
1824,0.5762063686987752,1764531380,nominal
1825,0.5779207518631484,1764531380,nominal
1826,0.5796298992624368,1764531380,nominal
1827,0.5813338115367817,1764531380,nominal
1828,0.583032489484439,1764531380,nominal
1829,0.5847259340603914,1764531380,nominal
1830,0.5846942846543886,1764531380,nominal
1831,0.5846627659779261,1764531380,nominal
1832,0.5846313772141777,1764531380,nominal
1833,0.584600117549847,1764531380,nominal
1834,0.5845689861751427,1764531380,nominal
1835,0.5845379822837508,1764531380,nominal
1836,0.5845071050728226,1764531380,nominal
1837,0.5844763537429399,1764531380,nominal
1838,0.5844457274981034,1764531380,nominal
1839,0.584415225545704,1764531380,nominal
1840,0.584384847096502,1764531380,nominal
1841,0.584354591364609,1764531380,nominal
1842,0.5843244575674587,1764531380,nominal
1843,0.5842944449257924,1764531380,nominal
1844,0.5842645526636333,1764531380,nominal
1845,0.5842347800082652,1764531380,nominal
1846,0.5842051261902139,1764531380,nominal
1847,0.5841755904432205,1764531380,nominal
1848,0.5841461720042265,1764531380,nominal
1849,0.5841168701133468,1764531380,nominal
1850,0.5840876840138536,1764531380,nominal
1851,0.584058612952151,1764531380,nominal
1852,0.5840296561777599,1764531380,nominal
1853,0.5840008129432872,1764531380,nominal
1854,0.5839720825044201,1764531380,nominal
1855,0.5839434641198895,1764531380,nominal
1856,0.5839149570514641,1764531380,nominal
1857,0.583886560563914,1764531380,nominal
1858,0.58385827392501,1764531380,nominal
1859,0.5838300964054874,1764531380,nominal
1860,0.5838020272790293,1764531380,nominal
1861,0.5837740658222524,1764531380,nominal
1862,0.5837462113146831,1764531380,nominal
1863,0.5837184630387379,1764531380,nominal
1864,0.5836908202797022,1764531380,nominal
1865,0.583663282325714,1764531380,nominal
1866,0.583635848467744,1764531380,nominal
1867,0.5836085179995725,1764531380,nominal
1868,0.5835812902177748,1764531380,nominal
1869,0.5835541644216959,1764531380,nominal
1870,0.5835271399134365,1764531380,nominal
1871,0.5835002159978361,1764531380,nominal
1872,0.5834733919824471,1764531380,nominal
1873,0.583446667177518,1764531380,nominal
1874,0.583420040895978,1764531380,nominal
1875,0.5833935124534146,1764531380,nominal
1876,0.5833670811680586,1764531380,nominal
1877,0.5833407463607588,1764531380,nominal
1878,0.583314507354974,1764531380,nominal
1879,0.5832883634767422,1764531380,nominal
1880,0.5832623140546729,1764531380,nominal
1881,0.5832363584199225,1764531380,nominal
1882,0.5832104959061807,1764531380,nominal
1883,0.583184725849647,1764531380,nominal
1884,0.5831590475890167,1764531380,nominal
1885,0.5831334604654609,1764531380,nominal
1886,0.5831079638226127,1764531380,nominal
1887,0.5830825570065417,1764531380,nominal
1888,0.5830572393657447,1764531380,nominal
1889,0.583032010251122,1764531380,nominal
1890,0.5830068690159633,1764531380,nominal
1891,0.5829818150159327,1764531380,nominal
1892,0.5829568476090365,1764531380,nominal
1893,0.5829319661556296,1764531380,nominal
1894,0.5829071700183794,1764531380,nominal
1895,0.582882458562254,1764531380,nominal
1896,0.5828578311545127,1764531380,nominal
1897,0.5828332871646726,1764531380,nominal
1898,0.5828088259645119,1764531380,nominal
1899,0.5827844469280318,1764531380,nominal
1900,0.5827601494314573,1764531380,nominal
1901,0.5827359328532152,1764531380,nominal
1902,0.5827117965739089,1764531380,nominal
1903,0.5826877399763107,1764531380,nominal
1904,0.58266376244535,1764531380,nominal
1905,0.5826398633680775,1764531380,nominal
1906,0.5826160421336741,1764531380,nominal
1907,0.5825922981334115,1764531380,nominal
1908,0.5825686307606546,1764531380,nominal
1909,0.5825450394108319,1764531380,nominal
1910,0.5825215234814268,1764531380,nominal
1911,0.5824980823719544,1764531380,nominal
1912,0.5824747154839555,1764531380,nominal
1913,0.582451422220972,1764531380,nominal
1914,0.5824282019885392,1764531380,nominal
1915,0.5824050541941576,1764531380,nominal
1916,0.5823819782472905,1764531380,nominal
1917,0.582358973559342,1764531380,nominal
1918,0.5823360395436379,1764531380,nominal
1919,0.5823131756154186,1764531380,nominal
1920,0.5822903811918176,1764531380,nominal
1921,0.5822676556918461,1764531380,nominal
1922,0.5822449985363801,1764531380,nominal
1923,0.584923152129444,1764531380,nominal
1924,0.5875807354264581,1764531380,nominal
1925,0.5902179440257362,1764531380,nominal
1926,0.592834971234959,1764531380,nominal
1927,0.5954320081032157,1764531380,nominal
1928,0.5980092434525235,1764531380,nominal
1929,0.6005668639088485,1764531380,nominal
1930,0.6031050539326165,1764531380,nominal
1931,0.6056239958487343,1764531380,nominal
1932,0.6081238698761251,1764531380,nominal
1933,0.6080991420136033,1764531380,nominal
1934,0.6080744878291662,1764531380,nominal
1935,0.608049906696097,1764531380,nominal
1936,0.6080253979896394,1764531380,nominal
1937,0.6080009610869865,1764531380,nominal
1938,0.6079765953672553,1764531380,nominal
1939,0.6079523002114805,1764531380,nominal
1940,0.6079280750025972,1764531380,nominal
1941,0.6079039191254204,1764531380,nominal
1942,0.6078798319666312,1764531380,nominal
1943,0.6078558129147571,1764531380,nominal
1944,0.6078318613601671,1764531380,nominal
1945,0.6078079766950393,1764531380,nominal
1946,0.6077841583133607,1764531380,nominal
1947,0.6077604056108992,1764531380,nominal
1948,0.6077367179851979,1764531380,nominal
1949,0.6077130948355551,1764531380,nominal
1950,0.6076895355630038,1764531380,nominal
1951,0.6076660395703043,1764531380,nominal
1952,0.6076426062619221,1764531380,nominal
1953,0.6076192350440235,1764531380,nominal
1954,0.6075959253244426,1764531380,nominal
1955,0.6075726765126754,1764531380,nominal
1956,0.6075494880198783,1764531380,nominal
1957,0.6075263592588223,1764531380,nominal
1958,0.6075032896439033,1764531380,nominal
1959,0.6074802785911197,1764531380,nominal
1960,0.6074573255180498,1764531380,nominal
1961,0.6074344298438551,1764531380,nominal
1962,0.607411590989238,1764531380,nominal
1963,0.6073888083764546,1764531380,nominal
1964,0.6073660814292773,1764531380,nominal
1965,0.6073434095730008,1764531380,nominal
1966,0.6073207922344052,1764531380,nominal
1967,0.6072982288417599,1764531380,nominal
1968,0.6072757188248039,1764531380,nominal
1969,0.6072532616147233,1764531380,nominal
1970,0.6072308566441383,1764531380,nominal
1971,0.6072085033471047,1764531380,nominal
1972,0.6071862011590807,1764531380,nominal
1973,0.6071639495169158,1764531380,nominal
1974,0.6071417478588473,1764531380,nominal
1975,0.6101952033418585,1764531380,nominal
1976,0.6132169850265179,1764531380,nominal
1977,0.6162075359721665,1764531380,nominal
1978,0.6191672912057054,1764531380,nominal
1979,0.6220966779014925,1764531380,nominal
1980,0.6249961155564001,1764531380,nominal
1981,0.6278660161602697,1764531380,nominal
1982,0.6307067843618208,1764531380,nominal
1983,0.6335188176302187,1764531380,nominal
1984,0.6363025064123959,1764531380,nominal
1985,0.6362782439248933,1764531380,nominal
1986,0.6362540359315618,1764531380,nominal
1987,0.636229881822532,1764531380,nominal
1988,0.6362057809894094,1764531380,nominal
1989,0.6361817328252285,1764531380,nominal
1990,0.636157736724464,1764531380,nominal
1991,0.6361337920830002,1764531380,nominal
1992,0.636109898298119,1764531380,nominal
1993,0.6389769101143477,1764531380,nominal
1994,0.6418135233969019,1764531380,nominal
1995,0.6446201752402676,1764531380,nominal
1996,0.6473972945709059,1764531380,nominal
1997,0.6501453023360304,1764531380,nominal
1998,0.6528646116871701,1764531380,nominal
1999,0.6555556281587399,1764531380,nominal
2000,0.658218749841684,1764531380,nominal
2001,0.6608543675524332,1764531380,nominal
1,0.3333333333333333,1764531329,nominal
2,0.3333333333333333,1764531329,nominal
3,0.3333333333333333,1764531329,nominal
4,0.3333333333333333,1764531329,nominal
5,0.3333333333333333,1764531329,nominal
6,0.3333333333333333,1764531329,nominal
7,0.3333333333333333,1764531329,nominal
8,0.3333333333333333,1764531329,nominal
9,0.3333333333333333,1764531329,nominal
10,0.4980658557866211,1764531329,nominal
11,0.498220695416524,1764531329,nominal
12,0.4985296567200137,1764531329,nominal
13,0.4988226805651648,1764531329,nominal
14,0.4992695439929421,1764531329,nominal
15,0.499714596880802,1764531329,nominal
16,0.5006648937347592,1764531329,nominal
17,0.5017529587951235,1764531329,nominal
18,0.5028372754252108,1764531329,nominal
19,0.5035655428663569,1764531329,nominal
20,0.5042913549775809,1764531329,nominal
21,0.5050003434426902,1764531329,nominal
22,0.5055497702642328,1764531329,nominal
23,0.506096990424841,1764531329,nominal
24,0.5066420100897107,1764531329,nominal
25,0.5071696368403575,1764531329,nominal
26,0.5076946667363863,1764531329,nominal
27,0.5080743357381038,1764531329,nominal
28,0.5082932734228567,1764531329,nominal
29,0.5088635903863243,1764531329,nominal
30,0.5095898265686007,1764531329,nominal
31,0.510312383158327,1764531329,nominal
32,0.5111914205801947,1764531329,nominal
33,0.5122271971227261,1764531329,nominal
34,0.5130982396403949,1764531329,nominal
35,0.5139655281498962,1764531329,nominal
36,0.5148290731497204,1764531329,nominal
37,0.5156888851951362,1764531329,nominal
38,0.5167072272390885,1764531329,nominal
39,0.5178843773668094,1764531329,nominal
40,0.5189134980744196,1764531329,nominal
41,0.5201021250624339,1764531329,nominal
42,0.5211232690311821,1764531329,nominal
43,0.5221406960787863,1764531329,nominal
44,0.5233185177148005,1764531329,nominal
45,0.5246568265440729,1764531329,nominal
46,0.5259909922551625,1764531329,nominal
47,0.5274677425514368,1764531329,nominal
48,0.5289405027222769,1764531329,nominal
49,0.530409261994369,1764531329,nominal
50,0.532022105281113,1764531329,nominal
51,0.5334640995667072,1764531329,nominal
52,0.5350695496618149,1764531329,nominal
53,0.5361461549144074,1764531329,nominal
54,0.5370703563990867,1764531329,nominal
55,0.5379918273089762,1764531329,nominal
56,0.5389105675004885,1764531329,nominal
57,0.5396575255376325,1764531329,nominal
58,0.5404020300411037,1764531329,nominal
59,0.5411440834361844,1764531329,nominal
60,0.5418836881992921,1764531329,nominal
61,0.542790989875398,1764531329,nominal
62,0.5435251238647835,1764531329,nominal
63,0.5447870660959906,1764531329,nominal
64,0.5460263532791844,1764531329,nominal
65,0.5472614581011631,1764531329,nominal
66,0.5484923809163853,1764531329,nominal
67,0.5498917120411694,1764531329,nominal
68,0.5512869013884483,1764531329,nominal
69,0.5525044284523656,1764531329,nominal
70,0.5537177736739245,1764531329,nominal
71,0.5549269383971458,1764531329,nominal
72,0.5563067479159164,1764531329,nominal
73,0.5571464391634002,1764531329,nominal
74,0.5581590554617001,1764531329,nominal
75,0.5591688925078283,1764531329,nominal
76,0.5599996516990813,1764531329,nominal
77,0.5606511673490543,1764531329,nominal
78,0.5613002753949242,1764531329,nominal
79,0.5621242529939968,1764531329,nominal
80,0.5629456147332452,1764531329,nominal
81,0.5635863983943515,1764531329,nominal
82,0.5642247954143741,1764531329,nominal
83,0.5654016658629959,1764531329,nominal
84,0.5663952234810419,1764531329,nominal
85,0.5673846593720284,1764531329,nominal
86,0.5685498840373616,1764531329,nominal
87,0.5698912592082764,1764531329,nominal
88,0.571228398930775,1764531329,nominal
89,0.5725613006306179,1764531329,nominal
90,0.5738899619481049,1764531329,nominal
91,0.5753964989359773,1764531329,nominal
92,0.5767161946049538,1764531329,nominal
93,0.5780316428017761,1764531329,nominal
94,0.5795262822468671,1764531329,nominal
95,0.5808327413603259,1764531329,nominal
96,0.5821349479362744,1764531329,nominal
97,0.5834329011174794,1764531329,nominal
98,0.584541451497307,1764531329,nominal
99,0.5856458531565387,1764531329,nominal
100,0.5867461119138422,1764531329,nominal
101,0.5878422337097559,1764531329,nominal
102,0.5891209587624561,1764531329,nominal
103,0.5903954333546633,1764531329,nominal
104,0.5914780902608829,1764531329,nominal
105,0.5927445905765637,1764531329,nominal
106,0.593454701057083,1764531329,nominal
107,0.5941624145773186,1764531329,nominal
108,0.5948677343465992,1764531329,nominal
109,0.5955706636137431,1764531329,nominal
110,0.5962712056666463,1764531329,nominal
111,0.5967795423371581,1764531329,nominal
112,0.5972858592867112,1764531329,nominal
113,0.5977901622358204,1764531329,nominal
114,0.598483121573072,1764531329,nominal
115,0.5991737081100775,1764531329,nominal
116,0.6002266990589098,1764531329,nominal
117,0.6010838638917633,1764531329,nominal
118,0.6021292461216097,1764531329,nominal
119,0.602978095349538,1764531329,nominal
120,0.6038231135817479,1764531329,nominal
121,0.6048574522010158,1764531329,nominal
122,0.6058877307033733,1764531329,nominal
123,0.6069139571725966,1764531329,nominal
124,0.6079361397809515,1764531329,nominal
125,0.6089542867875387,1764531329,nominal
126,0.6099684065366532,1764531329,nominal
127,0.6111738664283854,1764531329,nominal
128,0.6121793387121597,1764531329,nominal
129,0.6133769143315885,1764531329,nominal
130,0.6145702561783751,1764531329,nominal
131,0.6157593678965168,1764531329,nominal
132,0.616944253273539,1764531329,nominal
133,0.6181249162385742,1764531329,nominal
134,0.6193013608604505,1764531329,nominal
135,0.6204735913457942,1764531329,nominal
136,0.6218404053289854,1764531329,nominal
137,0.6230321533453008,1764531329,nominal
138,0.6244189641034538,1764531329,nominal
139,0.6256013241302415,1764531329,nominal
140,0.6265793701189634,1764531329,nominal
141,0.6273533308096056,1764531329,nominal
142,0.6281239428708217,1764531329,nominal
143,0.6288912170784792,1764531329,nominal
144,0.6296551642222948,1764531329,nominal
145,0.6304157951050289,1764531329,nominal
146,0.6309717924058871,1764531329,nominal
147,0.6316977265879851,1764531329,nominal
148,0.6322182797784995,1764531329,nominal
149,0.632937999941937,1764531329,nominal
150,0.6338568017446918,1764531329,nominal
151,0.6349746745148328,1764531329,nominal
152,0.6360884181504853,1764531329,nominal
153,0.6371980385887361,1764531329,nominal
154,0.6380995976348912,1764531329,nominal
155,0.6389973910875908,1764531329,nominal
156,0.6400960199683129,1764531329,nominal
157,0.6411905501019561,1764531329,nominal
158,0.6422809879063702,1764531329,nominal
159,0.643367339901255,1764531329,nominal
160,0.6444496127065593,1764531329,nominal
161,0.6455278130408925,1764531329,nominal
162,0.6466019477199502,1764531329,nominal
163,0.6476720236549517,1764531329,nominal
164,0.6489454227433628,1764531329,nominal
165,0.6500067017330418,1764531329,nominal
166,0.6510639436920016,1764531329,nominal
167,0.6521171559217973,1764531329,nominal
168,0.65337509298855,1764531329,nominal
169,0.6546286633221564,1764531329,nominal
170,0.6558778702350965,1764531329,nominal
171,0.6569128906461559,1764531329,nominal
172,0.6579439208515129,1764531329,nominal
173,0.6589709687238346,1764531329,nominal
174,0.6599940422138632,1764531329,nominal
175,0.661224278960975,1764531329,nominal
176,0.662450173919092,1764531329,nominal
177,0.6636717312923701,1764531329,nominal
178,0.6646767757199096,1764531329,nominal
179,0.6656778889199072,1764531329,nominal
180,0.6666750793462478,1764531329,nominal
181,0.6678814847978541,1764531329,nominal
182,0.6690835742783623,1764531329,nominal
183,0.6702813527054409,1764531329,nominal
184,0.6714748251221762,1764531329,nominal
185,0.6726639966953354,1764531329,nominal
186,0.6738488727136425,1764531329,nominal
187,0.6750294585860659,1764531329,nominal
188,0.6764212909027102,1764531329,nominal
189,0.6778084607381655,1764531329,nominal
190,0.6791909696398346,1764531329,nominal
191,0.6805688193342041,1764531329,nominal
192,0.6819420117247286,1764531329,nominal
193,0.6833105488897245,1764531329,nominal
194,0.6846744330802763,1764531329,nominal
195,0.6860336667181528,1764531329,nominal
196,0.6873882523937366,1764531329,nominal
197,0.6887381928639621,1764531329,nominal
198,0.6900834910502698,1764531329,nominal
199,0.6914241500365658,1764531329,nominal
200,0.6927601730672,1764531329,nominal
201,0.694091563544951,1764531329,nominal
202,0.6954183250290258,1764531329,nominal
203,0.6967404612330698,1764531329,nominal
204,0.6974740792054217,1764531329,nominal
205,0.6982052647307028,1764531329,nominal
206,0.6989340210891678,1764531329,nominal
207,0.6996603515948494,1764531329,nominal
208,0.7003842595952626,1764531329,nominal
209,0.7008833841855181,1764531329,nominal
210,0.7013807229684317,1764531329,nominal
211,0.7018762794526829,1764531329,nominal
212,0.7023700571638621,1764531329,nominal
213,0.7028620596442519,1764531329,nominal
214,0.7037162568747508,1764531329,nominal
215,0.7045668340309295,1764531329,nominal
216,0.7051897508384863,1764531329,nominal
217,0.705809683393421,1764531329,nominal
218,0.7064266446049149,1764531329,nominal
219,0.7072654115339174,1764531329,nominal
220,0.7081006086646835,1764531329,nominal
221,0.7089322470980138,1764531329,nominal
222,0.709760337951245,1764531329,nominal
223,0.7105848923574353,1764531329,nominal
224,0.7116320322829149,1764531329,nominal
225,0.7126750758059934,1764531329,nominal
226,0.7139407522503721,1764531329,nominal
227,0.7152018206392731,1764531329,nominal
228,0.7164582870988182,1764531329,nominal
229,0.7177101578799853,1764531329,nominal
230,0.7189574393567817,1764531329,nominal
231,0.7202001380244331,1764531329,nominal
232,0.7214382604975855,1764531329,nominal
233,0.7226718135085207,1764531329,nominal
234,0.7239008039053865,1764531329,nominal
235,0.7251252386504387,1764531329,nominal
236,0.7263451248183007,1764531329,nominal
237,0.727560469594233,1764531329,nominal
238,0.7287712802724173,1764531329,nominal
239,0.7299775642542581,1764531329,nominal
240,0.7311793290466918,1764531329,nominal
241,0.7323765822605155,1764531329,nominal
242,0.7335693316087267,1764531329,nominal
243,0.7347575849048761,1764531329,nominal
244,0.7359413500614368,1764531329,nominal
245,0.7371206350881847,1764531329,nominal
246,0.738295448090594,1764531329,nominal
247,0.7394657972682466,1764531329,nominal
248,0.7406316909132534,1764531329,nominal
249,0.7417931374086923,1764531329,nominal
250,0.7429501452270568,1764531329,nominal
251,0.7441027229287199,1764531329,nominal
252,0.745250879160411,1764531329,nominal
253,0.7463946226537069,1764531329,nominal
254,0.7475339622235359,1764531329,nominal
255,0.7486689067666952,1764531329,nominal
256,0.7497994652603814,1764531329,nominal
257,0.7509256467607369,1764531329,nominal
258,0.7520474604014056,1764531329,nominal
259,0.7531649153921044,1764531329,nominal
260,0.754278021017209,1764531329,nominal
261,0.7553867866343501,1764531329,nominal
262,0.7564912216730251,1764531329,nominal
263,0.7575913356332209,1764531329,nominal
264,0.7586871380840532,1764531329,nominal
265,0.7597786386624138,1764531329,nominal
266,0.7608658470716356,1764531329,nominal
267,0.7619487730801686,1764531329,nominal
268,0.7630274265202669,1764531329,nominal
269,0.7638626789929791,1764531329,nominal
270,0.7644550483006965,1764531329,nominal
271,0.7650446540096684,1764531329,nominal
272,0.7656315075921107,1764531329,nominal
273,0.7662156204910798,1764531329,nominal
274,0.7667970041202788,1764531329,nominal
275,0.7673756698638703,1764531329,nominal
276,0.7679516290762928,1764531329,nominal
277,0.7685248930820815,1764531329,nominal
278,0.7690954731756953,1764531329,nominal
279,0.7696633806213468,1764531329,nominal
280,0.77046990696871,1764531329,nominal
281,0.7712729840457492,1764531329,nominal
282,0.7720726230524702,1764531329,nominal
283,0.7728688351946846,1764531329,nominal
284,0.7736616316833763,1764531329,nominal
285,0.7744510237340764,1764531329,nominal
286,0.775237022566247,1764531329,nominal
287,0.7760196394026728,1764531329,nominal
288,0.776798885468861,1764531329,nominal
289,0.7778180197451261,1764531329,nominal
290,0.7788330388953846,1764531329,nominal
291,0.7798439536148587,1764531329,nominal
292,0.780606809001248,1764531329,nominal
293,0.7813663588197123,1764531329,nominal
294,0.7818782669188101,1764531329,nominal
295,0.7817888009737015,1764531329,nominal
296,0.7816997011122844,1764531329,nominal
297,0.7816109662545334,1764531329,nominal
298,0.7809228354777468,1764531329,nominal
299,0.7802374539107294,1764531329,nominal
300,0.7795548158902892,1764531329,nominal
301,0.7788749156888066,1764531329,nominal
302,0.778442753208798,1764531329,nominal
303,0.778012238394426,1764531329,nominal
304,0.7778285835988216,1764531329,nominal
305,0.7782484739230684,1764531329,nominal
306,0.7786667821969039,1764531329,nominal
307,0.7790835122954506,1764531329,nominal
308,0.7801022937536868,1764531329,nominal
309,0.7811168791641951,1764531329,nominal
310,0.7821272800750769,1764531329,nominal
311,0.7831335080734737,1764531329,nominal
312,0.7841355747844456,1764531329,nominal
313,0.7851334918698637,1764531329,nominal
314,0.786127271027313,1764531329,nominal
315,0.7871169239890099,1764531329,nominal
316,0.7878546371670883,1764531329,nominal
317,0.7885890703309867,1764531329,nominal
318,0.7893202354166251,1764531329,nominal
319,0.7900481443490561,1764531329,nominal
320,0.7907728090419972,1764531329,nominal
321,0.7914942413973712,1764531329,nominal
322,0.7922124533048532,1764531329,nominal
323,0.792927456641425,1764531329,nominal
324,0.7936392632709389,1764531329,nominal
325,0.7943478850436849,1764531329,nominal
326,0.7953030444158811,1764531329,nominal
327,0.7962541914361244,1764531329,nominal
328,0.7972013381286359,1764531329,nominal
329,0.7981444965406996,1764531329,nominal
330,0.7990836787417311,1764531329,nominal
331,0.8000188968223609,1764531329,nominal
332,0.8009501628935254,1764531329,nominal
333,0.8018774890855727,1764531329,nominal
334,0.8028008875473774,1764531329,nominal
335,0.8037203704454671,1764531329,nominal
336,0.8046359499631609,1764531329,nominal
337,0.8055476382997163,1764531329,nominal
338,0.8064554476694914,1764531329,nominal
339,0.8073593903011123,1764531329,nominal
340,0.8082594784366561,1764531329,nominal
341,0.809155724330842,1764531329,nominal
342,0.810048140250233,1764531329,nominal
343,0.8109367384724488,1764531329,nominal
344,0.8118215312853893,1764531329,nominal
345,0.8127025309864659,1764531329,nominal
346,0.8135797498818479,1764531329,nominal
347,0.8144532002857119,1764531329,nominal
348,0.8153228945195091,1764531329,nominal
349,0.8161888449112357,1764531329,nominal
350,0.8170510637947177,1764531329,nominal
351,0.8179095635089031,1764531329,nominal
352,0.8187643563971638,1764531329,nominal
353,0.8196154548066087,1764531329,nominal
354,0.8204628710874046,1764531329,nominal
355,0.8213066175921065,1764531329,nominal
356,0.8221467066749991,1764531329,nominal
357,0.8229831506914449,1764531329,nominal
358,0.8238159619972434,1764531329,nominal
359,0.8246451529479978,1764531329,nominal
360,0.8254707358984924,1764531329,nominal
361,0.8256869639390098,1764531329,nominal
362,0.82590234078853,1764531329,nominal
363,0.8261168688164918,1764531329,nominal
364,0.8263305503941628,1764531329,nominal
365,0.8265433878945555,1764531329,nominal
366,0.8267553836923426,1764531329,nominal
367,0.8269665401637729,1764531329,nominal
368,0.8271768596865893,1764531329,nominal
369,0.8273863446399451,1764531329,nominal
370,0.8275949974043224,1764531329,nominal
371,0.8284113922181091,1764531329,nominal
372,0.8292241892916231,1764531329,nominal
373,0.8300334013572596,1764531329,nominal
374,0.830839041140721,1764531329,nominal
375,0.8316411213604505,1764531329,nominal
376,0.8324396547270708,1764531329,nominal
377,0.8332346539428346,1764531329,nominal
378,0.8340261317010824,1764531329,nominal
379,0.8348141006857082,1764531329,nominal
380,0.8355985735706345,1764531329,nominal
381,0.8363795630192953,1764531329,nominal
382,0.8371570816841266,1764531329,nominal
383,0.8379311422060658,1764531329,nominal
384,0.838701757214059,1764531329,nominal
385,0.8394689393245759,1764531329,nominal
386,0.8402327011411325,1764531329,nominal
387,0.8409930552538218,1764531329,nominal
388,0.8417500142388527,1764531329,nominal
389,0.8425035906580943,1764531329,nominal
390,0.8432537970586317,1764531329,nominal
391,0.8440006459723245,1764531329,nominal
392,0.8444826990325286,1764531329,nominal
393,0.8449624464464327,1764531329,nominal
394,0.8454398984986848,1764531329,nominal
395,0.8459150654376397,1764531329,nominal
396,0.8463879574753541,1764531329,nominal
397,0.8468585847875835,1764531329,nominal
398,0.8473269575137825,1764531329,nominal
399,0.8477930857571063,1764531329,nominal
400,0.8482569795844156,1764531329,nominal
401,0.8487186490262818,1764531329,nominal
402,0.8494407763573939,1764531329,nominal
403,0.8501596534115834,1764531329,nominal
404,0.8508752925386358,1764531329,nominal
405,0.851587706069029,1764531329,nominal
406,0.8522969063135738,1764531329,nominal
407,0.8530029055630608,1764531329,nominal
408,0.8537057160879152,1764531329,nominal
409,0.8544053501378557,1764531329,nominal
410,0.8551018199415619,1764531329,nominal
411,0.8557951377063459,1764531329,nominal
412,0.856485315617831,1764531329,nominal
413,0.8571723658396363,1764531329,nominal
414,0.8578563005130668,1764531329,nominal
415,0.8585371317568107,1764531329,nominal
416,0.8592148716666401,1764531329,nominal
417,0.8598895323151196,1764531329,nominal
418,0.8605611257513202,1764531329,nominal
419,0.8612296640005377,1764531329,nominal
420,0.8618951590640177,1764531329,nominal
421,0.8625576229186857,1764531329,nominal
422,0.8632170675168823,1764531329,nominal
423,0.8638735047861049,1764531329,nominal
424,0.8645269466287527,1764531329,nominal
425,0.8651774049218791,1764531329,nominal
426,0.8658248915169471,1764531329,nominal
427,0.866469418239592,1764531329,nominal
428,0.8671109968893875,1764531329,nominal
429,0.8677496392396169,1764531329,nominal
430,0.8683853570370502,1764531329,nominal
431,0.8690181620017252,1764531329,nominal
432,0.8696480658267334,1764531329,nominal
433,0.8702750801780109,1764531329,nominal
434,0.8708992166941343,1764531329,nominal
435,0.8715204869861201,1764531329,nominal
436,0.8721389026372296,1764531329,nominal
437,0.8727544752027786,1764531329,nominal
438,0.8733672162099503,1764531329,nominal
439,0.873977137157613,1764531329,nominal
440,0.8745842495161439,1764531329,nominal
441,0.8751885647272535,1764531329,nominal
442,0.8757900942038178,1764531329,nominal
443,0.8763888493297133,1764531329,nominal
444,0.876984841459655,1764531329,nominal
445,0.8775780819190407,1764531329,nominal
446,0.8781685820037972,1764531329,nominal
447,0.8787563529802317,1764531329,nominal
448,0.8793414060848866,1764531329,nominal
449,0.879923752524399,1764531329,nominal
450,0.8805034034753624,1764531329,nominal
451,0.8810803700841933,1764531329,nominal
452,0.8816546634670016,1764531329,nominal
453,0.8822262947094641,1764531329,nominal
454,0.882795274866702,1764531329,nominal
455,0.883361614963161,1764531329,nominal
456,0.8839253259924973,1764531329,nominal
457,0.8844864189174634,1764531329,nominal
458,0.8850449046698013,1764531329,nominal
459,0.8856007941501358,1764531329,nominal
460,0.8861540982278733,1764531329,nominal
461,0.8867048277411023,1764531329,nominal
462,0.8872529934964986,1764531329,nominal
463,0.8877986062692325,1764531329,nominal
464,0.8883416768028802,1764531329,nominal
465,0.8888822158093367,1764531329,nominal
466,0.889420233968734,1764531329,nominal
467,0.8899557419293607,1764531329,nominal
468,0.890488750307584,1764531329,nominal
469,0.8910192696877772,1764531329,nominal
470,0.8915473106222482,1764531329,nominal
471,0.89207288363117,1764531329,nominal
472,0.8925959992025166,1764531329,nominal
473,0.8931166677919996,1764531329,nominal
474,0.8936348998230086,1764531329,nominal
475,0.8941507056865531,1764531329,nominal
476,0.8946640957412092,1764531329,nominal
477,0.8951750803130668,1764531329,nominal
478,0.8956836696956801,1764531329,nominal
479,0.8961898741500209,1764531329,nominal
480,0.8966937039044348,1764531329,nominal
481,0.8971951691545983,1764531329,nominal
482,0.8976942800634805,1764531329,nominal
483,0.8981910467613052,1764531329,nominal
484,0.8986854793455166,1764531329,nominal
485,0.8991775878807472,1764531329,nominal
486,0.8996673823987873,1764531329,nominal
487,0.9001548728985577,1764531329,nominal
488,0.9006400693460839,1764531329,nominal
489,0.901122981674473,1764531329,nominal
490,0.9013304543105526,1764531329,nominal
491,0.9015368720021844,1764531329,nominal
492,0.90174224016791,1764531329,nominal
493,0.9019465641982196,1764531329,nominal
494,0.9021498494556952,1764531329,nominal
495,0.9023521012751522,1764531329,nominal
496,0.9025533249637812,1764531329,nominal
497,0.9027535258012892,1764531329,nominal
498,0.9029527090400378,1764531329,nominal
499,0.903150879905185,1764531329,nominal
500,0.9036218338981958,1764531329,nominal
501,0.904090566780836,1764531329,nominal
502,0.9045570882313504,1764531329,nominal
503,0.9050214078950632,1764531329,nominal
504,0.9054835353843744,1764531329,nominal
505,0.9059434802787556,1764531329,nominal
506,0.9064012521247502,1764531329,nominal
507,0.9068568604359728,1764531329,nominal
508,0.907310314693112,1764531329,nominal
509,0.9077616243439364,1764531329,nominal
510,0.9082107988032976,1764531329,nominal
511,0.9086578474531404,1764531329,nominal
512,0.9091027796425116,1764531329,nominal
513,0.90954560468757,1764531329,nominal
514,0.9099863318716002,1764531329,nominal
515,0.9104249704450268,1764531329,nominal
516,0.9108615296254298,1764531329,nominal
517,0.9112960185975616,1764531329,nominal
518,0.9117284465133676,1764531329,nominal
519,0.9121588224920044,1764531329,nominal
520,0.9125871556198628,1764531329,nominal
521,0.9130134549505924,1764531329,nominal
522,0.9134377295051236,1764531329,nominal
523,0.9138599882716956,1764531329,nominal
524,0.9142802402058844,1764531329,nominal
525,0.9146984942306297,1764531329,nominal
526,0.9151147592362666,1764531329,nominal
527,0.9155290440805574,1764531329,nominal
528,0.9159413575887232,1764531329,nominal
529,0.9163517085534788,1764531329,nominal
530,0.916760105735068,1764531329,nominal
531,0.9171665578613,1764531329,nominal
532,0.9175710736275868,1764531329,nominal
533,0.9179736616969828,1764531329,nominal
534,0.9183743307002246,1764531329,nominal
535,0.9187730892357722,1764531329,nominal
536,0.9191699458698508,1764531329,nominal
537,0.9195649091364956,1764531329,nominal
538,0.9199579875375956,1764531329,nominal
539,0.920349189542938,1764531329,nominal
540,0.9207385235902568,1764531329,nominal
541,0.9211259980852798,1764531329,nominal
542,0.9215116214017762,1764531329,nominal
543,0.9218954018816076,1764531329,nominal
544,0.922000040061251,1764531329,nominal
545,0.9221041254632554,1764531329,nominal
546,0.9222076611411733,1764531329,nominal
547,0.9223106501304889,1764531329,nominal
548,0.9224130954487364,1764531329,nominal
549,0.9225150000956148,1764531329,nominal
550,0.922616367053104,1764531329,nominal
551,0.9227171992855768,1764531329,nominal
552,0.9228174997399166,1764531329,nominal
553,0.9229172713456256,1764531329,nominal
554,0.9232942414128916,1764531329,nominal
555,0.923669408517898,1764531329,nominal
556,0.9240427808101898,1764531329,nominal
557,0.924414366407851,1764531329,nominal
558,0.9247841733975636,1764531329,nominal
559,0.9251522098346624,1764531329,nominal
560,0.9252403536028074,1764531329,nominal
561,0.9253280289998628,1764531329,nominal
562,0.9254152386405852,1764531329,nominal
563,0.9255019851239868,1764531329,nominal
564,0.9255882710334368,1764531329,nominal
565,0.925674098936768,1764531329,nominal
566,0.9257594713863784,1764531329,nominal
567,0.9258443909193322,1764531329,nominal
568,0.9259288600574644,1764531329,nominal
569,0.9260128813074792,1764531329,nominal
570,0.9263749619788566,1764531329,nominal
571,0.9267353077768204,1764531329,nominal
572,0.9270939265805688,1764531329,nominal
573,0.9274508262384044,1764531329,nominal
574,0.9278060145677982,1764531329,nominal
575,0.9281594993554504,1764531329,nominal
576,0.928511288357355,1764531329,nominal
577,0.9288613892988647,1764531329,nominal
578,0.9292098098747552,1764531329,nominal
579,0.92955655774929,1764531329,nominal
580,0.929901640556288,1764531329,nominal
581,0.929965870749867,1764531329,nominal
582,0.9300297536115776,1764531329,nominal
583,0.9300932911392036,1764531329,nominal
584,0.9301564853179414,1764531329,nominal
585,0.9302193381204866,1764531329,nominal
586,0.9302818515071236,1764531329,nominal
587,0.930344027425812,1764531329,nominal
588,0.930405867812274,1764531329,nominal
589,0.9304673745900794,1764531329,nominal
590,0.930528549670732,1764531329,nominal
591,0.9308689111085038,1764531329,nominal
592,0.9312076371265338,1764531329,nominal
593,0.9315447352058218,1764531329,nominal
594,0.931880212797372,1764531329,nominal
595,0.9322140773222614,1764531329,nominal
596,0.931949277294765,1764531329,nominal
597,0.9316855404174972,1764531329,nominal
598,0.9314228639018028,1764531329,nominal
599,0.93116124494918,1764531329,nominal
600,0.9309006807515392,1764531329,nominal
601,0.9306411684914608,1764531329,nominal
602,0.9303827053424504,1764531329,nominal
603,0.9301252884691888,1764531329,nominal
604,0.929868915027782,1764531329,nominal
605,0.9296135821660056,1764531329,nominal
606,0.9299600446719912,1764531329,nominal
607,0.9303048275585,1764531329,nominal
608,0.9306479386417168,1764531329,nominal
609,0.9309893857053402,1764531329,nominal
610,0.9313291765006694,1764531329,nominal
611,0.9316673187466896,1764531329,nominal
612,0.9320038201301596,1764531329,nominal
613,0.9323386883056974,1764531329,nominal
614,0.93267193089587,1764531329,nominal
615,0.9330035554912806,1764531329,nominal
616,0.933333569650656,1764531329,nominal
617,0.9336619809009372,1764531329,nominal
618,0.9339887967373682,1764531329,nominal
619,0.9343140246235851,1764531329,nominal
620,0.9346376719917064,1764531329,nominal
621,0.9349597462424238,1764531329,nominal
622,0.9352802547450928,1764531329,nominal
623,0.9355992048378228,1764531329,nominal
624,0.93591660382757,1764531329,nominal
625,0.9362324589902284,1764531329,nominal
626,0.9365467775707212,1764531329,nominal
627,0.9368595667830942,1764531329,nominal
628,0.9371708338106072,1764531329,nominal
629,0.937480585805828,1764531329,nominal
630,0.9377888298907244,1764531329,nominal
631,0.9380955731567582,1764531329,nominal
632,0.9384008226649784,1764531329,nominal
633,0.9387045854461156,1764531329,nominal
634,0.9390068685006748,1764531329,nominal
635,0.9393076787990312,1764531329,nominal
636,0.9396070232815232,1764531329,nominal
637,0.9399049088585476,1764531329,nominal
638,0.9402013424106548,1764531329,nominal
639,0.9404963307886428,1764531329,nominal
640,0.9407898808136534,1764531329,nominal
641,0.9410819992772668,1764531329,nominal
642,0.9413726929415968,1764531329,nominal
643,0.9416619685393872,1764531329,nominal
644,0.9419498327741072,1764531329,nominal
645,0.9422362923200464,1764531329,nominal
646,0.942521353822412,1764531329,nominal
647,0.9428050238974242,1764531329,nominal
648,0.9430873091324122,1764531329,nominal
649,0.9433682160859111,1764531329,nominal
650,0.9436477512877576,1764531329,nominal
651,0.9439259212391868,1764531329,nominal
652,0.9442027324129278,1764531329,nominal
653,0.944478191253302,1764531329,nominal
654,0.944752304176318,1764531329,nominal
655,0.9450250775697692,1764531329,nominal
656,0.9452965177933302,1764531329,nominal
657,0.9455666311786536,1764531329,nominal
658,0.945835424029466,1764531329,nominal
659,0.9461029026216674,1764531329,nominal
660,0.9463690732034244,1764531329,nominal
661,0.9466339419952692,1764531329,nominal
662,0.9468975151901966,1764531329,nominal
663,0.94715979895376,1764531329,nominal
664,0.947420799424168,1764531329,nominal
665,0.9476805227123823,1764531329,nominal
666,0.9479389749022142,1764531329,nominal
667,0.9481961620504205,1764531329,nominal
668,0.9484520901868008,1764531329,nominal
669,0.9487067653142948,1764531329,nominal
670,0.9489601934090782,1764531329,nominal
671,0.9492123804206604,1764531329,nominal
672,0.9494633322719788,1764531329,nominal
673,0.9497130548594986,1764531329,nominal
674,0.9499615540533068,1764531329,nominal
675,0.9502088356972092,1764531329,nominal
676,0.9504549056088272,1764531329,nominal
677,0.950699769579694,1764531329,nominal
678,0.9509434333753508,1764531329,nominal
679,0.951185902735442,1764531329,nominal
680,0.9514271833738136,1764531329,nominal
681,0.9516672809786062,1764531329,nominal
682,0.9519062012123528,1764531329,nominal
683,0.9521439497120744,1764531329,nominal
684,0.9523805320893748,1764531329,nominal
685,0.952615953930537,1764531329,nominal
686,0.9528502207966184,1764531329,nominal
687,0.9530833382235456,1764531329,nominal
688,0.9533153117222108,1764531329,nominal
689,0.953546146778566,1764531329,nominal
690,0.9537758488537176,1764531329,nominal
691,0.954004423384023,1764531329,nominal
692,0.9542318757811828,1764531329,nominal
693,0.9544582114323378,1764531329,nominal
694,0.9546834357001618,1764531329,nominal
695,0.9549075539229568,1764531329,nominal
696,0.9551305714147466,1764531329,nominal
697,0.9553524934653712,1764531329,nominal
698,0.9555733253405804,1764531329,nominal
699,0.955793072282128,1764531329,nominal
700,0.9560117395078644,1764531329,nominal
701,0.9562293322118308,1764531329,nominal
702,0.9564458555643522,1764531329,nominal
703,0.9566613147121305,1764531329,nominal
704,0.956875714778337,1764531329,nominal
705,0.957089060862706,1764531329,nominal
706,0.9573013580416264,1764531329,nominal
707,0.9575126113682344,1764531329,nominal
708,0.957722825872506,1764531329,nominal
709,0.9579320065613488,1764531329,nominal
710,0.9581401584186936,1764531329,nominal
711,0.9583472864055856,1764531329,nominal
712,0.9585533954602782,1764531329,nominal
713,0.9587584904983208,1764531329,nominal
714,0.9589625764126524,1764531329,nominal
715,0.9591656580736918,1764531329,nominal
716,0.9590514919745214,1764531329,nominal
717,0.9589377278173992,1764531329,nominal
718,0.9588243650825288,1764531329,nominal
719,0.958711403240593,1764531329,nominal
720,0.9585988417528852,1764531329,nominal
721,0.958486680071438,1764531329,nominal
722,0.9583749176391532,1764531329,nominal
723,0.9582635538899285,1764531329,nominal
724,0.9581525882487854,1764531329,nominal
725,0.9580420201319956,1764531329,nominal
726,0.9582510648929878,1764531329,nominal
727,0.9584590674882832,1764531329,nominal
728,0.9586660330770742,1764531329,nominal
729,0.958871966793585,1764531329,nominal
730,0.9590768737471808,1764531329,nominal
731,0.9592807590224812,1764531329,nominal
732,0.959483627679471,1764531329,nominal
733,0.9596854847536108,1764531329,nominal
734,0.9598863352559484,1764531329,nominal
735,0.9600861841732284,1764531329,nominal
736,0.9602850364680016,1764531329,nominal
737,0.9604828970787364,1764531329,nominal
738,0.9606797709199254,1764531329,nominal
739,0.9608756628821956,1764531329,nominal
740,0.9610705778324166,1764531329,nominal
741,0.9612645206138084,1764531329,nominal
742,0.9614574960460488,1764531329,nominal
743,0.9616495089253816,1764531329,nominal
744,0.9618405640247212,1764531329,nominal
745,0.9620306660937622,1764531329,nominal
746,0.9622198198590828,1764531329,nominal
747,0.962408030024252,1764531329,nominal
748,0.9625953012699344,1764531329,nominal
749,0.9627816382539952,1764531329,nominal
750,0.9629670456116048,1764531329,nominal
751,0.963151527955343,1764531329,nominal
752,0.9633350898753036,1764531329,nominal
753,0.9635177359391957,1764531329,nominal
754,0.9636994706924488,1764531329,nominal
755,0.9638802986583156,1764531329,nominal
756,0.964060224337972,1764531329,nominal
757,0.9642392522106222,1764531329,nominal
758,0.9644173867335968,1764531329,nominal
759,0.9645946323424572,1764531329,nominal
760,0.964770993451094,1764531329,nominal
761,0.9649464744518288,1764531329,nominal
762,0.9651210797155132,1764531329,nominal
763,0.9652948135916294,1764531329,nominal
764,0.9654676804083888,1764531329,nominal
765,0.965639684472831,1764531329,nominal
766,0.9658108300709222,1764531329,nominal
767,0.9659811214676538,1764531329,nominal
768,0.9661505629071396,1764531329,nominal
769,0.9663191586127136,1764531329,nominal
770,0.966486912787026,1764531329,nominal
771,0.9666538296121416,1764531329,nominal
772,0.966819913249634,1764531329,nominal
773,0.9669851678406828,1764531329,nominal
774,0.9671495975061686,1764531329,nominal
775,0.9673132063467677,1764531329,nominal
776,0.967475998443048,1764531329,nominal
777,0.967637977855562,1764531329,nominal
778,0.9677991486249414,1764531329,nominal
779,0.9679595147719906,1764531329,nominal
780,0.96811908029778,1764531329,nominal
781,0.9682778491837384,1764531329,nominal
782,0.968435825391746,1764531329,nominal
783,0.9685930128642264,1764531329,nominal
784,0.9687494155242378,1764531329,nominal
785,0.9689050372755648,1764531329,nominal
786,0.9690598820028092,1764531329,nominal
787,0.9692139535714812,1764531329,nominal
788,0.969367255828088,1764531329,nominal
789,0.9695197926002256,1764531329,nominal
790,0.9696715676966666,1764531329,nominal
791,0.9698225849074508,1764531329,nominal
792,0.969972848003973,1764531329,nominal
793,0.9701223607390712,1764531329,nominal
794,0.970271126847116,1764531329,nominal
795,0.9704191500440956,1764531329,nominal
796,0.9705664340277064,1764531329,nominal
797,0.9707129824774372,1764531329,nominal
798,0.9708587990546574,1764531329,nominal
799,0.971003887402702,1764531329,nominal
800,0.971148251146958,1764531329,nominal
801,0.9712918938949504,1764531329,nominal
802,0.9714348192364264,1764531329,nominal
803,0.9709836912626584,1764531329,nominal
804,0.970534433324472,1764531329,nominal
805,0.9700870402051468,1764531329,nominal
806,0.9696415066697506,1764531329,nominal
807,0.9691978274656936,1764531329,nominal
808,0.9687559973232768,1764531329,nominal
809,0.9683160109562304,1764531329,nominal
810,0.9678778630622482,1764531329,nominal
811,0.9674415483235128,1764531329,nominal
812,0.9670070614072144,1764531329,nominal
813,0.9671720111507612,1764531329,nominal
814,0.967336131350436,1764531329,nominal
815,0.967499426188968,1764531329,nominal
816,0.9676618998280152,1764531329,nominal
817,0.9678235564082666,1764531329,nominal
818,0.967984400049548,1764531329,nominal
819,0.9681444348509236,1764531329,nominal
820,0.9683036648908,1764531329,nominal
821,0.9684620942270272,1764531329,nominal
822,0.9686197268970012,1764531329,nominal
823,0.9687765669177646,1764531329,nominal
824,0.9689326182861088,1764531329,nominal
825,0.9690878849786724,1764531329,nominal
826,0.9692423709520432,1764531329,nominal
827,0.9693960801428564,1764531329,nominal
828,0.969549016467894,1764531329,nominal
829,0.9697011838241832,1764531329,nominal
830,0.9698525860890952,1764531329,nominal
831,0.9700032271204424,1764531329,nominal
832,0.970153110756575,1764531329,nominal
833,0.970302240816479,1764531329,nominal
834,0.970450621099872,1764531329,nominal
835,0.9705982553872988,1764531329,nominal
836,0.970745147440228,1764531329,nominal
837,0.9708913010011446,1764531329,nominal
838,0.9710367197936476,1764531329,nominal
839,0.9711814075225422,1764531329,nominal
840,0.9713253678739338,1764531329,nominal
841,0.9714686045153218,1764531329,nominal
842,0.9716111210956916,1764531329,nominal
843,0.9717529212456086,1764531329,nominal
844,0.9718940085773076,1764531329,nominal
845,0.9720343866847868,1764531329,nominal
846,0.9721740591438972,1764531329,nominal
847,0.9723130295124348,1764531329,nominal
848,0.9724513013302296,1764531329,nominal
849,0.972588878119236,1764531329,nominal
850,0.9727257633836216,1764531329,nominal
851,0.9722668564088196,1764531329,nominal
852,0.9712138381771828,1764531329,nominal
853,0.9695669245902132,1764531329,nominal
854,0.9679242449691388,1764531329,nominal
855,0.9656851166267948,1764531329,nominal
856,0.9628470238564414,1764531329,nominal
857,0.959691409303964,1764531329,nominal
858,0.9559268112282644,1764531329,nominal
859,0.9518325784699035,1764531329,nominal
860,0.9471147670023724,1764531329,nominal
861,0.9423862572334596,1764531329,nominal
862,0.9379336348367304,1764531329,nominal
863,0.9337564258746344,1764531329,nominal
864,0.9292214655992084,1764531329,nominal
865,0.924956037346772,1764531329,nominal
866,0.9207334204697144,1764531329,nominal
867,0.9165002473497004,1764531329,nominal
868,0.9125427671217424,1764531329,nominal
869,0.9085741435953236,1764531329,nominal
870,0.9048802188853844,1764531329,nominal
871,0.901459558347509,1764531329,nominal
872,0.8984021795636333,1764531329,nominal
873,0.8953368498515578,1764531329,nominal
874,0.8922638917940436,1764531329,nominal
875,0.8891836268954222,1764531329,nominal
876,0.8862957047396289,1764531329,nominal
877,0.8833955262336037,1764531329,nominal
878,0.8804833937062922,1764531329,nominal
879,0.8779584756896983,1764531329,nominal
880,0.875426410760619,1764531329,nominal
881,0.8728874200139707,1764531329,nominal
882,0.8699342187454169,1764531329,nominal
883,0.8669704644979408,1764531329,nominal
884,0.863996462730396,1764531329,nominal
885,0.8610125190879911,1764531329,nominal
886,0.8580189392974406,1764531329,nominal
887,0.8550160290632274,1764531329,nominal
888,0.8520040939650373,1764531329,nominal
889,0.8485530208819217,1764531329,nominal
890,0.8450890223718477,1764531329,nominal
891,0.8416125123296004,1764531329,nominal
892,0.8381239051310511,1764531329,nominal
893,0.8346236154637293,1764531329,nominal
894,0.8315599501752722,1764531329,nominal
895,0.8284895945078726,1764531329,nominal
896,0.8254128486958124,1764531329,nominal
897,0.8223300119276993,1764531329,nominal
898,0.8192413822595314,1764531329,nominal
899,0.8161472565294547,1764531329,nominal
900,0.8130479302742476,1764531329,nominal
901,0.8099436976475551,1764531329,nominal
902,0.8068348513399084,1764531329,nominal
903,0.8040521035312239,1764531329,nominal
904,0.8007883810659114,1764531329,nominal
905,0.7978494090036391,1764531329,nominal
906,0.7949033564179672,1764531329,nominal
907,0.7919504732440924,1764531329,nominal
908,0.7889910090402793,1764531329,nominal
909,0.7865167735393053,1764531329,nominal
910,0.7840394178322041,1764531329,nominal
911,0.7820553157446688,1764531329,nominal
912,0.7800705332817414,1764531329,nominal
913,0.7777467898250845,1764531329,nominal
914,0.7754230697550389,1764531329,nominal
915,0.7727602115526419,1764531329,nominal
916,0.7700984677104707,1764531329,nominal
917,0.7674380103664249,1764531329,nominal
918,0.7647790097056852,1764531329,nominal
919,0.7616084241734062,1764531329,nominal
920,0.7584377350576976,1764531329,nominal
921,0.7547488238997404,1764531329,nominal
922,0.7510578630557825,1764531329,nominal
923,0.7473652338589027,1764531329,nominal
924,0.7436713143002743,1764531329,nominal
925,0.7399764789310893,1764531329,nominal
926,0.7362810987679944,1764531329,nominal
927,0.7325855412020392,1764531329,nominal
928,0.7288901699111451,1764531329,nominal
929,0.7251953447760922,1764531329,nominal
930,0.7215014218000214,1764531329,nominal
931,0.717808753031444,1764531329,nominal
932,0.7141176864907466,1764531329,nominal
933,0.7104285661001792,1764531329,nominal
934,0.7067417316173095,1764531329,nominal
935,0.7030575185719194,1764531329,nominal
936,0.6993762582063244,1764531329,nominal
937,0.6956982774190867,1764531329,nominal
938,0.6920238987120948,1764531329,nominal
939,0.6883534401409762,1764531329,nominal
940,0.6846872152688097,1764531329,nominal
941,0.6810255331231012,1764531329,nominal
942,0.6773686981559809,1764531329,nominal
943,0.673717010207586,1764531329,nominal
944,0.6700707644725795,1764531329,nominal
945,0.6665220516977256,1764531329,nominal
946,0.6629801774982143,1764531329,nominal
947,0.6594453768448945,1764531329,nominal
948,0.6559178804534002,1764531329,nominal
949,0.6523979147821133,1764531329,nominal
950,0.6488857020321649,1764531329,nominal
951,0.6453814601494287,1764531329,nominal
952,0.642469057400827,1764531329,nominal
953,0.6395647525445883,1764531329,nominal
954,0.6366686582645106,1764531329,nominal
955,0.633684885363789,1764531329,nominal
956,0.6307091408582702,1764531329,nominal
957,0.6283310405776499,1764531329,nominal
958,0.6259604161759532,1764531329,nominal
959,0.6241885093912705,1764531329,nominal
960,0.6224228957202331,1764531329,nominal
961,0.6206635920894532,1764531329,nominal
962,0.6183172860878132,1764531329,nominal
963,0.6159787109847366,1764531329,nominal
964,0.6136479211019951,1764531329,nominal
965,0.6113249691304784,1764531329,nominal
966,0.609009906147507,1764531329,nominal
967,0.6061050129593764,1764531329,nominal
968,0.6032093323821024,1764531329,nominal
969,0.5997231170769046,1764531329,nominal
970,0.5962473367953031,1764531329,nominal
971,0.5927821844929084,1764531329,nominal
972,0.5893278484353862,1764531329,nominal
973,0.5858845122227597,1764531329,nominal
974,0.5824523548154388,1764531329,nominal
975,0.5790315505619127,1764531329,nominal
976,0.5756222692280453,1764531329,nominal
977,0.5722246760279087,1764531329,nominal
978,0.569164732946012,1764531329,nominal
979,0.5661137561808458,1764531329,nominal
980,0.5630718740950527,1764531329,nominal
981,0.5600392120008806,1764531329,nominal
982,0.5570158921787562,1764531329,nominal
983,0.5543249061588303,1764531329,nominal
984,0.5516407660968273,1764531329,nominal
985,0.5489635648740601,1764531329,nominal
986,0.5462933934600634,1764531329,nominal
987,0.5436303409222077,1764531329,nominal
988,0.5409744944357452,1764531329,nominal
989,0.5383259392942684,1764531329,nominal
990,0.5356847589205715,1764531329,nominal
991,0.5330510348779003,1764531329,nominal
992,0.5304248468815744,1764531329,nominal
993,0.5274884485066412,1764531329,nominal
994,0.5245626801204245,1764531329,nominal
995,0.5216476293524678,1764531329,nominal
996,0.5187433810697636,1764531329,nominal
997,0.5164737452516128,1764531329,nominal
998,0.5138988611248618,1764531329,nominal
999,0.511335766739654,1764531329,nominal
1000,0.5087844867058157,1764531329,nominal
1001,0.506245043706448,1764531329,nominal
1002,0.5040280277007785,1764531329,nominal
1003,0.5018198355517798,1764531329,nominal
1004,0.4996204884330547,1764531329,nominal
1005,0.4974300063134194,1764531329,nominal
1006,0.4952484079741643,1764531329,nominal
1007,0.4924492901664233,1764531329,nominal
1008,0.4902883667172059,1764531329,nominal
1009,0.4887633399862974,1764531329,nominal
1010,0.4872446358881921,1764531329,nominal
1011,0.4857322490442695,1764531329,nominal
1012,0.4839214786831304,1764531329,nominal
1013,0.4821196401598597,1764531329,nominal
1014,0.4803267157947052,1764531329,nominal
1015,0.4788453749503538,1764531329,nominal
1016,0.4776727672194308,1764531329,nominal
1017,0.476806742431094,1764531329,nominal
1018,0.4756160241738125,1764531329,nominal
1019,0.4740994488034791,1764531329,nominal
1020,0.4728874894603905,1764531329,nominal
1021,0.4719792569858947,1764531329,nominal
1022,0.4713745555086356,1764531329,nominal
1023,0.4714071088805242,1764531329,nominal
1024,0.4717456353923501,1764531329,nominal
1025,0.4720848159177259,1764531329,nominal
1026,0.4721163303343909,1764531329,nominal
1027,0.4721478919635183,1764531329,nominal
1028,0.4718695088500766,1764531329,nominal
1029,0.4715910564154435,1764531329,nominal
1030,0.471312534361089,1764531329,nominal
1031,0.4710339424155265,1764531329,nominal
1032,0.4707552803342282,1764531329,nominal
1033,0.4704765478995414,1764531329,nominal
1034,0.4701977449206018,1764531329,nominal
1035,0.4699188712332487,1764531329,nominal
1036,0.469955609813259,1764531329,nominal
1037,0.46999238950509,1764531329,nominal
1038,0.4703471295087399,1764531329,nominal
1039,0.4707025666208908,1764531329,nominal
1040,0.471058706402905,1764531329,nominal
1041,0.4714155543928002,1764531329,nominal
1042,0.4717731161052445,1764531329,nominal
1043,0.4721313970315478,1764531329,nominal
1044,0.4724904026396515,1764531329,nominal
1045,0.4728501383741159,1764531329,nominal
1046,0.4732106096561066,1764531329,nominal
1047,0.4735718218833779,1764531329,nominal
1048,0.4739337804302547,1764531329,nominal
1049,0.4742964906476125,1764531329,nominal
1050,0.4746599578628555,1764531329,nominal
1051,0.4746893678184865,1764531329,nominal
1052,0.4747188385821236,1764531329,nominal
1053,0.4743825882206476,1764531329,nominal
1054,0.474045651789051,1764531329,nominal
1055,0.473708024713038,1764531329,nominal
1056,0.4733697024369475,1764531329,nominal
1057,0.4730306804238153,1764531329,nominal
1058,0.472690954155436,1764531329,nominal
1059,0.4723505191324286,1764531329,nominal
1060,0.4720093708743016,1764531329,nominal
1061,0.4720126265112772,1764531329,nominal
1062,0.4716693486852387,1764531329,nominal
1063,0.4713253450736752,1764531329,nominal
1064,0.470980611260916,1764531329,nominal
1065,0.4706351428506247,1764531329,nominal
1066,0.4702889354658717,1764531329,nominal
1067,0.4699419847492105,1764531329,nominal
1068,0.4695942863627543,1764531329,nominal
1069,0.4692458359882538,1764531329,nominal
1070,0.4688966293271777,1764531329,nominal
1071,0.4685466621007925,1764531329,nominal
1072,0.4685529972353597,1764531329,nominal
1073,0.4685592804258054,1764531329,nominal
1074,0.4685655120953385,1764531329,nominal
1075,0.4685716926632559,1764531329,nominal
1076,0.4685778225449768,1764531329,nominal
1077,0.4689868706857252,1764531329,nominal
1078,0.4693967809048051,1764531329,nominal
1079,0.4698075582779802,1764531329,nominal
1080,0.4702192078533142,1764531329,nominal
1081,0.4706317346511,1764531329,nominal
1082,0.4710451436637844,1764531329,nominal
1083,0.4714594398558939,1764531329,nominal
1084,0.4718746281639566,1764531329,nominal
1085,0.4722907134964236,1764531329,nominal
1086,0.4727077007335883,1764531329,nominal
1087,0.4727098948556958,1764531329,nominal
1088,0.4727120617058618,1764531329,nominal
1089,0.4731333851080941,1764531329,nominal
1090,0.4735556294486149,1764531329,nominal
1091,0.4735926276562473,1764531329,nominal
1092,0.4736296893799979,1764531329,nominal
1093,0.4736668146295475,1764531329,nominal
1094,0.4737040034100435,1764531329,nominal
1095,0.4737412557221129,1764531329,nominal
1096,0.4737785715618731,1764531329,nominal
1097,0.4738159509209453,1764531329,nominal
1098,0.4738533937864657,1764531329,nominal
1099,0.47345894308047,1764531329,nominal
1100,0.4730636502385248,1764531329,nominal
1101,0.4730655423864722,1764531329,nominal
1102,0.4730674101680892,1764531329,nominal
1103,0.4730692538096045,1764531329,nominal
1104,0.4730710735348604,1764531329,nominal
1105,0.4730728695653355,1764531329,nominal
1106,0.473074642120167,1764531329,nominal
1107,0.4730763914161742,1764531329,nominal
1108,0.4730781176678793,1764531329,nominal
1109,0.4730798210875316,1764531329,nominal
1110,0.4735339654637941,1764531329,nominal
1111,0.473989113742442,1764531329,nominal
1112,0.4744452702475822,1764531329,nominal
1113,0.4749024392708958,1764531329,nominal
1114,0.4753606250715149,1764531329,nominal
1115,0.4758198318759011,1764531329,nominal
1116,0.4767402105325874,1764531329,nominal
1117,0.4776614913218388,1764531329,nominal
1118,0.4785836705004908,1764531329,nominal
1119,0.4795067442523938,1764531329,nominal
1120,0.4799673874492692,1764531329,nominal
1121,0.480429075486898,1764531329,nominal
1122,0.4808918123373094,1764531329,nominal
1123,0.4813556019392353,1764531329,nominal
1124,0.4818204481979806,1764531329,nominal
1125,0.482286354985286,1764531329,nominal
1126,0.4822810717227556,1764531329,nominal
1127,0.4822758050701043,1764531329,nominal
1128,0.4822705549902877,1764531329,nominal
1129,0.4822653214457213,1764531329,nominal
1130,0.4822601043982917,1764531329,nominal
1131,0.4822549038093625,1764531329,nominal
1132,0.4822497196397852,1764531329,nominal
1133,0.4822445518499054,1764531329,nominal
1134,0.482239400399572,1764531329,nominal
1135,0.4822342652481449,1764531329,nominal
1136,0.4822291463545032,1764531329,nominal
1137,0.4822240436770531,1764531329,nominal
1138,0.482218957173735,1764531329,nominal
1139,0.4827132841813327,1764531329,nominal
1140,0.4832087302486852,1764531329,nominal
1141,0.4837052987386815,1764531329,nominal
1142,0.4842029929767766,1764531329,nominal
1143,0.4847018162508384,1764531329,nominal
1144,0.4852017718109928,1764531329,nominal
1145,0.4857028628694704,1764531329,nominal
1146,0.4862050926004516,1764531329,nominal
1147,0.48670846413991,1764531329,nominal
1148,0.487212980585456,1764531329,nominal
1149,0.4872047237748327,1764531329,nominal
1150,0.487196500633636,1764531329,nominal
1151,0.4871883110100859,1764531329,nominal
1152,0.4871801547526911,1764531329,nominal
1153,0.4871720317102501,1764531329,nominal
1154,0.4871639417318524,1764531329,nominal
1155,0.487155884666882,1764531329,nominal
1156,0.4871478603650168,1764531329,nominal
1157,0.4871398686762312,1764531329,nominal
1158,0.4871319094507996,1764531329,nominal
1159,0.4871239825392939,1764531329,nominal
1160,0.4876552439077583,1764531329,nominal
1161,0.4881876928768751,1764531329,nominal
1162,0.4887213319977546,1764531329,nominal
1163,0.4892561637793712,1764531329,nominal
1164,0.4897921906883995,1764531329,nominal
1165,0.4903294151490495,1764531329,nominal
1166,0.4908678395429044,1764531329,nominal
1167,0.4914074662087543,1764531329,nominal
1168,0.4919482974424335,1764531329,nominal
1169,0.4924903354966559,1764531329,nominal
1170,0.4924794288902756,1764531329,nominal
1171,0.4924685706337076,1764531329,nominal
1172,0.4930168073083075,1764531329,nominal
1173,0.4935662606708151,1764531329,nominal
1174,0.4941169327530177,1764531329,nominal
1175,0.494668825542326,1764531329,nominal
1176,0.4957860445414039,1764531329,nominal
1177,0.4969036873139744,1764531329,nominal
1178,0.4980217431292063,1764531329,nominal
1179,0.4991402012125362,1764531329,nominal
1180,0.500259050746255,1764531329,nominal
1181,0.5013782808700991,1764531329,nominal
1182,0.5019307516213128,1764531329,nominal
1183,0.502484453566255,1764531329,nominal
1184,0.5030393883018115,1764531329,nominal
1185,0.5035955573797075,1764531329,nominal
1186,0.503578837079229,1764531329,nominal
1187,0.5035621962495263,1764531329,nominal
1188,0.5035456344582073,1764531329,nominal
1189,0.5035291512749994,1764531329,nominal
1190,0.5035127462717351,1764531329,nominal
1191,0.5034964190223428,1764531329,nominal
1192,0.5034801691028329,1764531329,nominal
1193,0.503463996091288,1764531329,nominal
1194,0.5034478995678484,1764531329,nominal
1195,0.5034318791147038,1764531329,nominal
1196,0.5034159343160788,1764531329,nominal
1197,0.503400064758223,1764531329,nominal
1198,0.5033842700293993,1764531329,nominal
1199,0.5033685497198717,1764531329,nominal
1200,0.5033529034218953,1764531329,nominal
1201,0.5033373307297037,1764531329,nominal
1202,0.5033218312394984,1764531329,nominal
1203,0.5033064045494369,1764531329,nominal
1204,0.5032910502596241,1764531329,nominal
1205,0.5039004544518731,1764531329,nominal
1206,0.5045111269573183,1764531329,nominal
1207,0.5051230681579375,1764531329,nominal
1208,0.5057362783842009,1764531329,nominal
1209,0.5063507579149301,1764531329,nominal
1210,0.5069665069771656,1764531329,nominal
1211,0.5075835257460297,1764531329,nominal
1212,0.5082018143445958,1764531329,nominal
1213,0.5094569617239738,1764531329,nominal
1214,0.5107118958978845,1764531329,nominal
1215,0.5113306519365295,1764531329,nominal
1216,0.5125881324551795,1764531329,nominal
1217,0.5138453503818546,1764531329,nominal
1218,0.5151022909509803,1764531329,nominal
1219,0.5163589394015824,1764531329,nominal
1220,0.5176152809780591,1764531329,nominal
1221,0.5188713009309524,1764531329,nominal
1222,0.5201269845177131,1764531329,nominal
1223,0.520743958158323,1764531329,nominal
1224,0.5213621938314418,1764531329,nominal
1225,0.521981691076068,1764531329,nominal
1226,0.5219582572805509,1764531329,nominal
1227,0.5219349376552681,1764531329,nominal
1228,0.5219117315599664,1764531329,nominal
1229,0.5218886383577748,1764531329,nominal
1230,0.5218656574151868,1764531329,nominal
1231,0.5218427881020394,1764531329,nominal
1232,0.5218200297914887,1764531329,nominal
1233,0.5217973818599938,1764531329,nominal
1234,0.5217748436872928,1764531329,nominal
1235,0.5217524146563837,1764531329,nominal
1236,0.5217300941535045,1764531329,nominal
1237,0.5217078815681121,1764531329,nominal
1238,0.5216857762928628,1764531329,nominal
1239,0.5216637777235917,1764531329,nominal
1240,0.5216418852592937,1764531329,nominal
1241,0.5216200983021038,1764531329,nominal
1242,0.5215984162572768,1764531329,nominal
1243,0.5215768385331673,1764531329,nominal
1244,0.5215553645412134,1764531329,nominal
1245,0.5215339936959127,1764531329,nominal
1246,0.5215127254148088,1764531329,nominal
1247,0.5214915591184669,1764531329,nominal
1248,0.5214704942304591,1764531329,nominal
1249,0.5214495301773425,1764531329,nominal
1250,0.5214286663886436,1764531329,nominal
1251,0.521407902296837,1764531329,nominal
1252,0.5213872373373288,1764531329,nominal
1253,0.5213666709484376,1764531329,nominal
1254,0.5213462025713772,1764531329,nominal
1255,0.5213258316502365,1764531329,nominal
1256,0.521305557631964,1764531329,nominal
1257,0.5212853799663478,1764531329,nominal
1258,0.5212652981060008,1764531329,nominal
1259,0.5212453115063385,1764531329,nominal
1260,0.5212254196255658,1764531329,nominal
1261,0.5212056219246576,1764531329,nominal
1262,0.5211859178673425,1764531329,nominal
1263,0.5211663069200831,1764531329,nominal
1264,0.5211467885520629,1764531329,nominal
1265,0.521896149491995,1764531329,nominal
1266,0.5226467067842914,1764531329,nominal
1267,0.5233984567880513,1764531329,nominal
1268,0.5241513958020954,1764531329,nominal
1269,0.5249055200650099,1764531329,nominal
1270,0.5256608257551985,1764531329,nominal
1271,0.5264173089909369,1764531329,nominal
1272,0.5271749658304297,1764531329,nominal
1273,0.5279337922718732,1764531329,nominal
1274,0.528693784253521,1764531329,nominal
1275,0.5286720386782501,1764531329,nominal
1276,0.5286503961859303,1764531329,nominal
1277,0.5286288561872435,1764531329,nominal
1278,0.5286074180958965,1764531329,nominal
1279,0.5285860813286016,1764531329,nominal
1280,0.5285648453050582,1764531329,nominal
1281,0.5285437094479333,1764531329,nominal
1282,0.5285226731828447,1764531329,nominal
1283,0.5285017359383403,1764531329,nominal
1284,0.5284808971458796,1764531329,nominal
1285,0.5284601562398177,1764531329,nominal
1286,0.5284395126573831,1764531329,nominal
1287,0.5284189658386639,1764531329,nominal
1288,0.5283985152265869,1764531329,nominal
1289,0.5292131316437756,1764531329,nominal
1290,0.5300288292445542,1764531329,nominal
1291,0.5308456024224374,1764531329,nominal
1292,0.5316634455116712,1764531329,nominal
1293,0.5324823527874105,1764531329,nominal
1294,0.5333023184658952,1764531329,nominal
1295,0.5341233367046384,1764531329,nominal
1296,0.5349454016026104,1764531329,nominal
1297,0.5357685072004355,1764531329,nominal
1298,0.5365926474805852,1764531329,nominal
1299,0.536570039242653,1764531329,nominal
1300,0.5365475371284527,1764531329,nominal
1301,0.5365251405260294,1764531329,nominal
1302,0.5365028488265383,1764531329,nominal
1303,0.5373442687452596,1764531329,nominal
1304,0.5381866797045698,1764531329,nominal
1305,0.5390300750984162,1764531329,nominal
1306,0.5398744482641852,1764531329,nominal
1307,0.5407197924829573,1764531329,nominal
1308,0.541566100979753,1764531329,nominal
1309,0.5424133669237955,1764531329,nominal
1310,0.5432615834287676,1764531329,nominal
1311,0.5441107435530811,1764531329,nominal
1312,0.5449608403001428,1764531329,nominal
1313,0.5449365136937826,1764531329,nominal
1314,0.5449123010921739,1764531329,nominal
1315,0.5448882018365198,1764531329,nominal
1316,0.5448642152713702,1764531329,nominal
1317,0.5448403407446007,1764531329,nominal
1318,0.5448165776073937,1764531329,nominal
1319,0.5447929252142149,1764531329,nominal
1320,0.5447693829227925,1764531329,nominal
1321,0.5456544343532616,1764531329,nominal
1322,0.5465403273467552,1764531329,nominal
1323,0.5474270538918676,1764531329,nominal
1324,0.5483146059261196,1764531329,nominal
1325,0.5492029753363106,1764531329,nominal
1326,0.5500921539588793,1764531329,nominal
1327,0.5509821335802693,1764531329,nominal
1328,0.5527852904525837,1764531329,nominal
1329,0.5545833631212272,1764531329,nominal
1330,0.5563763444004135,1764531329,nominal
1331,0.5572587034960932,1764531329,nominal
1332,0.5581418325445536,1764531329,nominal
1333,0.5590257232127721,1764531329,nominal
1334,0.5599103671201022,1764531329,nominal
1335,0.5607957558386576,1764531329,nominal
1336,0.5616818808937036,1764531329,nominal
1337,0.5625687337640459,1764531329,nominal
1338,0.5625409894005808,1764531329,nominal
1339,0.562513374528626,1764531329,nominal
1340,0.5624858883981859,1764531329,nominal
1341,0.562458530263052,1764531329,nominal
1342,0.5624312993807875,1764531329,nominal
1343,0.562404195012693,1764531329,nominal
1344,0.5623772164237911,1764531329,nominal
1345,0.5623503628827973,1764531329,nominal
1346,0.5623236336621004,1764531329,nominal
1347,0.5622970280377368,1764531329,nominal
1348,0.5622705452893669,1764531329,nominal
1349,0.5632077480970346,1764531329,nominal
1350,0.564145507331089,1764531329,nominal
1351,0.5650838131883478,1764531329,nominal
1352,0.5669846267597596,1764531329,nominal
1353,0.568878786043497,1764531329,nominal
1354,0.5707662949081711,1764531329,nominal
1355,0.5726471574849324,1764531329,nominal
1356,0.5745213781639438,1764531329,nominal
1357,0.5763889615908818,1764531329,nominal
1358,0.5782499126634586,1764531329,nominal
1359,0.5791637932919171,1764531329,nominal
1360,0.580078174110771,1764531329,nominal
1361,0.5809930454063189,1764531329,nominal
1362,0.5809622490309568,1764531329,nominal
1363,0.5809315953828453,1764531329,nominal
1364,0.5809010836333346,1764531329,nominal
1365,0.5808707129579205,1764531329,nominal
1366,0.5808404825362115,1764531329,nominal
1367,0.5808103915519077,1764531329,nominal
1368,0.5807804391927762,1764531329,nominal
1369,0.5807506246506198,1764531329,nominal
1370,0.5807209471212554,1764531329,nominal
1371,0.580691405804489,1764531329,nominal
1372,0.5806619999040872,1764531329,nominal
1373,0.5806327286277542,1764531329,nominal
1374,0.5806035911871069,1764531329,nominal
1375,0.580574586797649,1764531329,nominal
1376,0.5805457146787455,1764531329,nominal
1377,0.5805169740536029,1764531329,nominal
1378,0.5804883641492377,1764531329,nominal
1379,0.5804598841964589,1764531329,nominal
1380,0.580431533429837,1764531329,nominal
1381,0.5804033110876862,1764531329,nominal
1382,0.5803752164120375,1764531329,nominal
1383,0.5803472486486148,1764531329,nominal
1384,0.5803194070468116,1764531329,nominal
1385,0.58029169085967,1764531329,nominal
1386,0.5802640993438525,1764531329,nominal
1387,0.580236631759624,1764531329,nominal
1388,0.5802092873708239,1764531329,nominal
1389,0.5801820654448476,1764531329,nominal
1390,0.58015496525262,1764531329,nominal
1391,0.5801279860685773,1764531329,nominal
1392,0.5801011271706381,1764531329,nominal
1393,0.5800743878401892,1764531329,nominal
1394,0.580047767362053,1764531329,nominal
1395,0.5800212650244763,1764531329,nominal
1396,0.5799948801190996,1764531329,nominal
1397,0.5799686119409423,1764531329,nominal
1398,0.5799424597883728,1764531329,nominal
1399,0.5799164229630959,1764531329,nominal
1400,0.5798905007701242,1764531329,nominal
1401,0.5798646925177598,1764531329,nominal
1402,0.579838997517574,1764531329,nominal
1403,0.5798134150843812,1764531329,nominal
1404,0.5797879445362255,1764531329,nominal
1405,0.5797625851943521,1764531329,nominal
1406,0.5797373363831947,1764531329,nominal
1407,0.5808818931409305,1764531329,nominal
1408,0.5820258766187102,1764531329,nominal
1409,0.5831692733653712,1764531329,nominal
1410,0.5843120699531308,1764531329,nominal
1411,0.5854542529782645,1764531329,nominal
1412,0.586595809061774,1764531329,nominal
1413,0.5877367248500638,1764531329,nominal
1414,0.5888769870156022,1764531329,nominal
1415,0.5900165822575936,1764531329,nominal
1416,0.5911554973026317,1764531329,nominal
1417,0.5911285062556383,1764531329,nominal
1418,0.5911016324232188,1764531329,nominal
1419,0.591074875091332,1764531329,nominal
1420,0.591048233549257,1764531329,nominal
1421,0.5910217070895678,1764531329,nominal
1422,0.5909952950081118,1764531329,nominal
1423,0.5909689966039938,1764531329,nominal
1424,0.5909428111795454,1764531329,nominal
1425,0.590916738040313,1764531329,nominal
1426,0.5908907764950292,1764531329,nominal
1427,0.5908649258555986,1764531329,nominal
1428,0.5908391854370751,1764531329,nominal
1429,0.5908135545576376,1764531329,nominal
1430,0.5907880325385745,1764531329,nominal
1431,0.5907626187042574,1764531329,nominal
1432,0.5907373123821292,1764531329,nominal
1433,0.5907121129026764,1764531329,nominal
1434,0.5906870195994146,1764531329,nominal
1435,0.5919313978951648,1764531329,nominal
1436,0.5931743969643897,1764531329,nominal
1437,0.5944160034639875,1764531329,nominal
1438,0.5956562041162421,1764531329,nominal
1439,0.5968949857093294,1764531329,nominal
1440,0.5981323350978024,1764531329,nominal
1441,0.5993682392030802,1764531329,nominal
1442,0.6006026850139295,1764531329,nominal
1443,0.6018356595869323,1764531329,nominal
1444,0.6030671500469533,1764531329,nominal
1445,0.6030403412367626,1764531329,nominal
1446,0.603013644916391,1764531329,nominal
1447,0.602987060381719,1764531329,nominal
1448,0.6029605869317735,1764531329,nominal
1449,0.6029342238687116,1764531329,nominal
1450,0.6029079704977949,1764531329,nominal
1451,0.602881826127374,1764531329,nominal
1452,0.6028557900688617,1764531329,nominal
1453,0.6041355914213229,1764531329,nominal
1454,0.6054135186998811,1764531329,nominal
1455,0.6066895597285988,1764531329,nominal
1456,0.6079637024182424,1764531329,nominal
1457,0.6092359347665663,1764531329,nominal
1458,0.6105062448586063,1764531329,nominal
1459,0.6117746208669618,1764531329,nominal
1460,0.6130410510520652,1764531329,nominal
1461,0.6143055237624523,1764531329,nominal
1462,0.615568027435017,1764531329,nominal
1463,0.6155403836173999,1764531329,nominal
1464,0.6155128537094577,1764531329,nominal
1465,0.6154854369883103,1764531329,nominal
1466,0.6154581327342438,1764531329,nominal
1467,0.6154309402306846,1764531329,nominal
1468,0.6167232112432002,1764531329,nominal
1469,0.6180132379877413,1764531329,nominal
1470,0.6193010097555799,1764531329,nominal
1471,0.6205865159370939,1764531329,nominal
1472,0.6218697460218727,1764531329,nominal
1473,0.6231506895988156,1764531329,nominal
1474,0.6244293363562318,1764531329,nominal
1475,0.6257056760819169,1764531329,nominal
1476,0.626979698663241,1764531329,nominal
1477,0.6282513940872083,1764531329,nominal
1478,0.6282227245942718,1764531329,nominal
1479,0.6281941716504983,1764531329,nominal
1480,0.6281657345089924,1764531329,nominal
1481,0.6281374124260701,1764531329,nominal
1482,0.6281092046612368,1764531329,nominal
1483,0.6280811104771713,1764531329,nominal
1484,0.628053129139703,1764531329,nominal
1485,0.6280252599177876,1764531329,nominal
1486,0.6279975020834884,1764531329,nominal
1487,0.6279698549119554,1764531329,nominal
1488,0.6279423176814066,1764531329,nominal
1489,0.627914889673099,1764531329,nominal
1490,0.6278875701713204,1764531329,nominal
1491,0.6278603584633576,1764531329,nominal
1492,0.6278332538394868,1764531329,nominal
1493,0.6278062555929416,1764531329,nominal
1494,0.6277793630199018,1764531329,nominal
1495,0.6277525754194704,1764531329,nominal
1496,0.6277258920936509,1764531329,nominal
1497,0.6276993123473329,1764531329,nominal
1498,0.6276728354882662,1764531329,nominal
1499,0.6276464608270486,1764531329,nominal
1500,0.6276201876770975,1764531329,nominal
1501,0.6275940153546365,1764531329,nominal
1502,0.6275679431786758,1764531329,nominal
1503,0.6275419704709919,1764531329,nominal
1504,0.6289867241492263,1764531329,nominal
1505,0.6304275108281076,1764531329,nominal
1506,0.6333165398380186,1764531329,nominal
1507,0.6361761639517605,1764531329,nominal
1508,0.6390067744884026,1764531329,nominal
1509,0.6432079616023467,1764531329,nominal
1510,0.6473365025477169,1764531329,nominal
1511,0.6513941583446403,1764531329,nominal
1512,0.6553826343351634,1764531329,nominal
1513,0.6593035823582006,1764531329,nominal
1514,0.6618726206164646,1764531329,nominal
1515,0.6644167871214589,1764531329,nominal
1516,0.6656654614816745,1764531329,nominal
1517,0.6669110602465284,1764531329,nominal
1518,0.6681535787266171,1764531329,nominal
1519,0.6681218975637467,1764531329,nominal
1520,0.6680903404717453,1764531329,nominal
1521,0.6680589066344161,1764531329,nominal
1522,0.6680275952389122,1764531329,nominal
1523,0.6679964054757025,1764531329,nominal
1524,0.6679653365385514,1764531329,nominal
1525,0.6679343876245037,1764531329,nominal
1526,0.6679035579338521,1764531329,nominal
1527,0.6678728466701246,1764531329,nominal
1528,0.6678422530400593,1764531329,nominal
1529,0.6678117762535767,1764531329,nominal
1530,0.6677814155237667,1764531329,nominal
1531,0.667751170066862,1764531329,nominal
1532,0.667721039102218,1764531329,nominal
1533,0.6676910218522908,1764531329,nominal
1534,0.6676611175426149,1764531329,nominal
1535,0.6676313254017874,1764531329,nominal
1536,0.6676016446614367,1764531329,nominal
1537,0.6675720745562106,1764531329,nominal
1538,0.6675426143237503,1764531329,nominal
1539,0.6675132632046743,1764531329,nominal
1540,0.6674840204425524,1764531329,nominal
1541,0.6674548852838826,1764531329,nominal
1542,0.6674258569780834,1764531329,nominal
1543,0.667396934777457,1764531329,nominal
1544,0.667368117937183,1764531329,nominal
1545,0.667339405715289,1764531329,nominal
1546,0.6673107973726283,1764531329,nominal
1547,0.6672822921728735,1764531329,nominal
1548,0.6672538893824832,1764531329,nominal
1549,0.6672255882706826,1764531329,nominal
1550,0.6671973881094521,1764531329,nominal
1551,0.6671692881735021,1764531329,nominal
1552,0.6671412877402505,1764531329,nominal
1553,0.6671133860898099,1764531329,nominal
1554,0.6670855825049608,1764531329,nominal
1555,0.6670578762711404,1764531329,nominal
1556,0.6670302666764137,1764531329,nominal
1557,0.6670027530114612,1764531329,nominal
1558,0.6669753345695585,1764531329,nominal
1559,0.6669480106465561,1764531329,nominal
1560,0.6669207805408552,1764531329,nominal
1561,0.6668936435534045,1764531329,nominal
1562,0.6668665989876565,1764531329,nominal
1563,0.6668396461495758,1764531329,nominal
1564,0.6668127843475992,1764531329,nominal
1565,0.6667860128926268,1764531329,nominal
1566,0.6667593310980077,1764531329,nominal
1567,0.6667327382795042,1764531329,nominal
1568,0.6667062337552971,1764531329,nominal
1569,0.6666798168459451,1764531329,nominal
1570,0.6666534868743809,1764531329,nominal
1571,0.6666272431658891,1764531329,nominal
1572,0.6666010850480851,1764531329,nominal
1573,0.6665750118508964,1764531329,nominal
1574,0.6682071073896149,1764531329,nominal
1575,0.6698314497707011,1764531329,nominal
1576,0.6714480715259108,1764531329,nominal
1577,0.6730570051164758,1764531329,nominal
1578,0.674658282932145,1764531329,nominal
1579,0.676251937290263,1764531329,nominal
1580,0.6778380004348492,1764531329,nominal
1581,0.6794165045357032,1764531329,nominal
1582,0.680987481687549,1764531329,nominal
1583,0.6825509639091701,1764531329,nominal
1584,0.6825236001732959,1764531329,nominal
1585,0.6824963244658736,1764531329,nominal
1586,0.6824691360903581,1764531329,nominal
1587,0.6824420343525506,1764531329,nominal
1588,0.6824150185605796,1764531329,nominal
1589,0.6823880880248774,1764531329,nominal
1590,0.6823612420581683,1764531329,nominal
1591,0.6823344799754429,1764531329,nominal
1592,0.6823078010939517,1764531329,nominal
1593,0.6822812047331728,1764531329,nominal
1594,0.6822546902148046,1764531329,nominal
1595,0.6822282568627462,1764531329,nominal
1596,0.6822019040030701,1764531329,nominal
1597,0.6821756309640196,1764531329,nominal
1598,0.6821494370759829,1764531329,nominal
1599,0.6821233216714694,1764531329,nominal
1600,0.682097284085105,1764531329,nominal
1601,0.6820713236536056,1764531329,nominal
1602,0.6820454397157668,1764531329,nominal
1603,0.68201963161243,1764531329,nominal
1604,0.6819938986864897,1764531329,nominal
1605,0.6819682402828556,1764531329,nominal
1606,0.6819426557484503,1764531329,nominal
1607,0.6819171444321773,1764531329,nominal
1608,0.6818917056849157,1764531329,nominal
1609,0.6818663388595002,1764531329,nominal
1610,0.6818410433107016,1764531329,nominal
1611,0.6818158183952098,1764531329,nominal
1612,0.6817906634716211,1764531329,nominal
1613,0.6817655779004205,1764531329,nominal
1614,0.6817405610439561,1764531329,nominal
1615,0.6817156122664371,1764531329,nominal
1616,0.6816907309339075,1764531329,nominal
1617,0.6816659164142314,1764531329,nominal
1618,0.6816411680770748,1764531329,nominal
1619,0.6816164852938955,1764531329,nominal
1620,0.6815918674379204,1764531329,nominal
1621,0.6815673138841273,1764531329,nominal
1622,0.6815428240092424,1764531329,nominal
1623,0.6815183971917027,1764531329,nominal
1624,0.6814940328116598,1764531329,nominal
1625,0.6814697302509524,1764531329,nominal
1626,0.6814454888930885,1764531329,nominal
1627,0.6814213081232444,1764531329,nominal
1628,0.6813971873282285,1764531329,nominal
1629,0.6813731258964845,1764531329,nominal
1630,0.6813491232180541,1764531329,nominal
1631,0.6813251786845874,1764531329,nominal
1632,0.6813012916893033,1764531329,nominal
1633,0.6812774616269852,1764531329,nominal
1634,0.6812536878939683,1764531329,nominal
1635,0.6812299698881162,1764531329,nominal
1636,0.6812063070088094,1764531329,nominal
1637,0.6811826986569272,1764531329,nominal
1638,0.6811591442348371,1764531329,nominal
1639,0.681135643146375,1764531329,nominal
1640,0.6811121947968316,1764531329,nominal
1641,0.6810887985929363,1764531329,nominal
1642,0.6810654539428427,1764531329,nominal
1643,0.6810421602561142,1764531329,nominal
1644,0.6810189169437025,1764531329,nominal
1645,0.6809957234179443,1764531329,nominal
1646,0.6809725790925413,1764531329,nominal
1647,0.6809494833825327,1764531329,nominal
1648,0.6809264357043,1764531329,nominal
1649,0.680903435475541,1764531329,nominal
1650,0.6808804821152534,1764531329,nominal
1651,0.6808575750437279,1764531329,nominal
1652,0.6808347136825282,1764531329,nominal
1653,0.6808118974544742,1764531329,nominal
1654,0.6807891257836373,1764531329,nominal
1655,0.6807663980953021,1764531329,nominal
1656,0.680743713815992,1764531329,nominal
1657,0.6807210723734052,1764531329,nominal
1658,0.6806984731964435,1764531329,nominal
1659,0.6806759157151766,1764531329,nominal
1660,0.6806533993608223,1764531329,nominal
1661,0.6806309235657522,1764531329,nominal
1662,0.6806084877634572,1764531329,nominal
1663,0.680586091388543,1764531329,nominal
1664,0.6805637338767174,1764531329,nominal
1665,0.6805414146647721,1764531329,nominal
1666,0.6805191331905645,1764531329,nominal
1667,0.6804968888930173,1764531329,nominal
1668,0.680474681212084,1764531329,nominal
1669,0.6804525095887545,1764531329,nominal
1670,0.6804303734650319,1764531329,nominal
1671,0.680408272283914,1764531329,nominal
1672,0.680386205489389,1764531329,nominal
1673,0.6803641725264117,1764531329,nominal
1674,0.6803421728409006,1764531329,nominal
1675,0.6803202058797139,1764531329,nominal
1676,0.6802982710906449,1764531329,nominal
1677,0.6802763679223894,1764531329,nominal
1678,0.6802544958245595,1764531329,nominal
1679,0.6802326542476522,1764531329,nominal
1680,0.6802108426430352,1764531329,nominal
1681,0.680189060462937,1764531329,nominal
1682,0.680167307160434,1764531329,nominal
1683,0.6801455821894394,1764531329,nominal
1684,0.6801238850046809,1764531329,nominal
1685,0.6801022150616951,1764531329,nominal
1686,0.6800805718168164,1764531329,nominal
1687,0.6800589547271436,1764531329,nominal
1688,0.6800373632505519,1764531329,nominal
1689,0.6800157968456694,1764531329,nominal
1690,0.6799942549718561,1764531329,nominal
1691,0.6799727370892005,1764531329,nominal
1692,0.6799512426584986,1764531329,nominal
1693,0.6799297711412514,1764531329,nominal
1694,0.6799083219996402,1764531329,nominal
1695,0.6798868946965212,1764531329,nominal
1696,0.6798654886953971,1764531329,nominal
1697,0.6798441034604353,1764531329,nominal
1698,0.6798227384564125,1764531329,nominal
1699,0.6798013931487423,1764531329,nominal
1700,0.6797800670034356,1764531329,nominal
1701,0.6797587594870974,1764531329,nominal
1702,0.6797374700669048,1764531329,nominal
1703,0.67971619821061,1764531329,nominal
1704,0.6796949433865099,1764531329,nominal
1705,0.6796737050634425,1764531329,nominal
1706,0.6796524827107804,1764531329,nominal
1707,0.6796312757984001,1764531329,nominal
1708,0.6796100837966773,1764531329,nominal
1709,0.6795889061764886,1764531329,nominal
1710,0.6795677424091642,1764531329,nominal
1711,0.6795465919665232,1764531329,nominal
1712,0.679525454320804,1764531329,nominal
1713,0.6795043289447009,1764531329,nominal
1714,0.6794832153113225,1764531329,nominal
1715,0.679462112894192,1764531329,nominal
1716,0.6794410211672253,1764531329,nominal
1717,0.6794199396047246,1764531329,nominal
1718,0.6793988676813615,1764531329,nominal
1719,0.679377804872177,1764531329,nominal
1720,0.6793567506525431,1764531329,nominal
1721,0.679335704498173,1764531329,nominal
1722,0.6793146658850991,1764531329,nominal
1723,0.6792936342896644,1764531329,nominal
1724,0.6792726091885041,1764531329,nominal
1725,0.679251590058538,1764531329,nominal
1726,0.679230576376952,1764531329,nominal
1727,0.6792095676211943,1764531329,nominal
1728,0.6791885632689615,1764531329,nominal
1729,0.6791675627981664,1764531329,nominal
1730,0.6791465656869573,1764531329,nominal
1731,0.6791255714136821,1764531329,nominal
1732,0.6791045794568914,1764531329,nominal
1733,0.6790835892953102,1764531329,nominal
1734,0.6790626004078337,1764531329,nominal
1735,0.6790416122735163,1764531329,nominal
1736,0.6790206243715504,1764531329,nominal
1737,0.6789996361812768,1764531329,nominal
1738,0.67897864718214,1764531329,nominal
1739,0.6789576568536978,1764531329,nominal
1740,0.678936664675606,1764531329,nominal
1741,0.6789156701275983,1764531329,nominal
1742,0.6788946726894782,1764531329,nominal
1743,0.6788736718411156,1764531329,nominal
1744,0.678852667062417,1764531329,nominal
1745,0.678831657833321,1764531329,nominal
1746,0.6788106436337953,1764531329,nominal
1747,0.6787896239438118,1764531329,nominal
1748,0.67876859824334,1764531329,nominal
1749,0.678747566012327,1764531329,nominal
1750,0.6787265267307035,1764531329,nominal
1751,0.6787054798783503,1764531329,nominal
1752,0.6786844249350961,1764531329,nominal
1753,0.6786633613807147,1764531329,nominal
1754,0.6786422886948824,1764531329,nominal
1755,0.6786212063572117,1764531329,nominal
1756,0.6786001138472,1764531329,nominal
1757,0.6785790106442195,1764531329,nominal
1758,0.6785578962275404,1764531329,nominal
1759,0.6785367700762843,1764531329,nominal
1760,0.6785156316694072,1764531329,nominal
1761,0.678494480485733,1764531329,nominal
1762,0.6784733160038885,1764531329,nominal
1763,0.67845213770232,1764531329,nominal
1764,0.6784309450592764,1764531329,nominal
1765,0.6784097375527972,1764531329,nominal
1766,0.678388514660697,1764531329,nominal
1767,0.6783672758605526,1764531329,nominal
1768,0.6783460206296961,1764531329,nominal
1769,0.6783247484452047,1764531329,nominal
1770,0.678303458783875,1764531329,nominal
1771,0.678282151122239,1764531329,nominal
1772,0.6782608249365059,1764531329,nominal
1773,0.6782394797025948,1764531329,nominal
1774,0.6782181148961072,1764531329,nominal
1775,0.6781967299923058,1764531329,nominal
1776,0.6781753244661115,1764531329,nominal
1777,0.6781538977920947,1764531329,nominal
1778,0.678132449444457,1764531329,nominal
1779,0.6781109788970144,1764531329,nominal
1780,0.6780894856231939,1764531329,nominal
1781,0.6780679690960214,1764531329,nominal
1782,0.6780464287881097,1764531329,nominal
1783,0.6780248641716444,1764531329,nominal
1784,0.6780032747183602,1764531329,nominal
1785,0.6779816598995542,1764531329,nominal
1786,0.6779600191860605,1764531329,nominal
1787,0.6779383520482206,1764531329,nominal
1788,0.6779166579559064,1764531329,nominal
1789,0.6778949363784937,1764531329,nominal
1790,0.6778731867848279,1764531329,nominal
1791,0.6778514086432429,1764531329,nominal
1792,0.677829601421543,1764531329,nominal
1793,0.677807764586981,1764531329,nominal
1794,0.6777858976062503,1764531329,nominal
1795,0.6777639999454604,1764531329,nominal
1796,0.6777420710701769,1764531329,nominal
1797,0.6777201104453167,1764531329,nominal
1798,0.6776981175352383,1764531329,nominal
1799,0.6776760918036568,1764531329,nominal
1800,0.6776540327136635,1764531329,nominal
1801,0.6776319397277083,1764531329,nominal
1802,0.6776098123075796,1764531329,nominal
1803,0.6775876499144143,1764531329,nominal
1804,0.6775654520086644,1764531329,nominal
1805,0.6775432180500811,1764531329,nominal
1806,0.6775209474977305,1764531329,nominal
1807,0.6774986398099699,1764531329,nominal
1808,0.6774762944444013,1764531329,nominal
1809,0.677453910857919,1764531329,nominal
1810,0.6774314885066549,1764531329,nominal
1811,0.677409026845979,1764531329,nominal
1812,0.6773865253304997,1764531329,nominal
1813,0.6773639834140271,1764531329,nominal
1814,0.677341400549585,1764531329,nominal
1815,0.6773187761893869,1764531329,nominal
1816,0.6772961097848131,1764531329,nominal
1817,0.6772734007864318,1764531329,nominal
1818,0.6772506486439471,1764531329,nominal
1819,0.677227852806232,1764531329,nominal
1820,0.6772050127212567,1764531329,nominal
1821,0.6771821278361497,1764531329,nominal
1822,0.6771591975971166,1764531329,nominal
1823,0.6771362214494823,1764531329,nominal
1824,0.6771131988376362,1764531329,nominal
1825,0.6770901292050564,1764531329,nominal
1826,0.6770670119942771,1764531329,nominal
1827,0.6770438466468748,1764531329,nominal
1828,0.6770206326034678,1764531329,nominal
1829,0.6769973693037008,1764531329,nominal
1830,0.676974056186239,1764531329,nominal
1831,0.6769506926887264,1764531329,nominal
1832,0.6769272782478211,1764531329,nominal
1833,0.6769038122991493,1764531329,nominal
1834,0.6768802942772937,1764531329,nominal
1835,0.6768567236158051,1764531329,nominal
1836,0.676833099747164,1764531329,nominal
1837,0.6768094221027884,1764531329,nominal
1838,0.6767856901130134,1764531329,nominal
1839,0.6767619032070773,1764531329,nominal
1840,0.6767380608131189,1764531329,nominal
1841,0.6767141623581605,1764531329,nominal
1842,0.6766902072680805,1764531329,nominal
1843,0.6766661949676237,1764531329,nominal
1844,0.6766421248803864,1764531329,nominal
1845,0.676617996428793,1764531329,nominal
1846,0.6765938090340952,1764531329,nominal
1847,0.6765695621163472,1764531329,nominal
1848,0.6765452550944195,1764531329,nominal
1849,0.6765208873859452,1764531329,nominal
1850,0.6764964584073597,1764531329,nominal
1851,0.6764719675738429,1764531329,nominal
1852,0.6764474142993218,1764531329,nominal
1853,0.6764227979964684,1764531329,nominal
1854,0.6763981180767068,1764531329,nominal
1855,0.6763733739501325,1764531329,nominal
1856,0.6763485650255716,1764531329,nominal
1857,0.6763236907105407,1764531329,nominal
1858,0.6762987504112314,1764531329,nominal
1859,0.6762737435324898,1764531329,nominal
1860,0.6762486694778415,1764531329,nominal
1861,0.6762235276494398,1764531329,nominal
1862,0.6761983174480757,1764531329,nominal
1863,0.6761730382731462,1764531329,nominal
1864,0.6761476895226902,1764531329,nominal
1865,0.6761222705933063,1764531329,nominal
1866,0.6760967808801931,1764531329,nominal
1867,0.6760712197771046,1764531329,nominal
1868,0.6760455866763939,1764531329,nominal
1869,0.6760198809689095,1764531329,nominal
1870,0.6759941020440632,1764531329,nominal
1871,0.6759682492898078,1764531329,nominal
1872,0.6759423220925732,1764531329,nominal
1873,0.675916319837303,1764531329,nominal
1874,0.6758902419074435,1764531329,nominal
1875,0.675864087684886,1764531329,nominal
1876,0.6758378565500066,1764531329,nominal
1877,0.6758115478816319,1764531329,nominal
1878,0.6757851610570257,1764531329,nominal
1879,0.6757586954518636,1764531329,nominal
1880,0.6757321504402627,1764531329,nominal
1881,0.6757055253947317,1764531329,nominal
1882,0.6756788196861643,1764531329,nominal
1883,0.6756520326838422,1764531329,nominal
1884,0.6756251637554099,1764531329,nominal
1885,0.6755982122668693,1764531329,nominal
1886,0.6755711775825702,1764531329,nominal
1887,0.6755440590651703,1764531329,nominal
1888,0.6755168560756809,1764531329,nominal
1889,0.675489567973392,1764531329,nominal
1890,0.6754621941159058,1764531329,nominal
1891,0.6754347338591102,1764531329,nominal
1892,0.6754071865571261,1764531329,nominal
1893,0.6753795515623856,1764531329,nominal
1894,0.6753518282255233,1764531329,nominal
1895,0.6753240158954438,1764531329,nominal
1896,0.6752961139192525,1764531329,nominal
1897,0.6752681216422634,1764531329,nominal
1898,0.6752400384079981,1764531329,nominal
1899,0.675211863558158,1764531329,nominal
1900,0.6751835964326364,1764531329,nominal
1901,0.6751552363694591,1764531329,nominal
1902,0.6751267827048129,1764531329,nominal
1903,0.6750982347730287,1764531329,nominal
1904,0.6750695919065604,1764531329,nominal
1905,0.6750408534359711,1764531329,nominal
1906,0.6750120186899168,1764531329,nominal
1907,0.6749830869951795,1764531329,nominal
1908,0.6749540576765675,1764531329,nominal
1909,0.6749249300569876,1764531329,nominal
1910,0.6748957034573867,1764531329,nominal
1911,0.6748663771967643,1764531329,nominal
1912,0.6748369505921108,1764531329,nominal
1913,0.6748074229584868,1764531329,nominal
1914,0.6747777936089115,1764531329,nominal
1915,0.6747480618544375,1764531329,nominal
1916,0.6747182270040603,1764531329,nominal
1917,0.6746882883647548,1764531329,nominal
1918,0.6746582452414603,1764531329,nominal
1919,0.6746280969370442,1764531329,nominal
1920,0.674597842752329,1764531329,nominal
1921,0.6745674819860276,1764531329,nominal
1922,0.6745370139347793,1764531329,nominal
1923,0.6745064378931057,1764531329,nominal
1924,0.6744757531534137,1764531329,nominal
1925,0.6744449590059872,1764531329,nominal
1926,0.6744140547389813,1764531329,nominal
1927,0.6743830396383527,1764531329,nominal
1928,0.6743519129879211,1764531329,nominal
1929,0.6743206740693527,1764531329,nominal
1930,0.6742893221620757,1764531329,nominal
1931,0.674257856543362,1764531329,nominal
1932,0.6742262764881962,1764531329,nominal
1933,0.6741945812694297,1764531329,nominal
1934,0.6741627701576252,1764531329,nominal
1935,0.6741308424210654,1764531329,nominal
1936,0.6740987973258363,1764531329,nominal
1937,0.6740666341356962,1764531329,nominal
1938,0.6740343521121249,1764531329,nominal
1939,0.6740019505143539,1764531329,nominal
1940,0.6739694285992162,1764531329,nominal
1941,0.6739367856212815,1764531329,nominal
1942,0.673904020832766,1764531329,nominal
1943,0.6738711334835543,1764531329,nominal
1944,0.6738381228211351,1764531329,nominal
1945,0.6738049880906455,1764531329,nominal
1946,0.673771728534858,1764531329,nominal
1947,0.6737383433941105,1764531329,nominal
1948,0.6737048319063461,1764531329,nominal
1949,0.6736711933071161,1764531329,nominal
1950,0.6736374268294872,1764531329,nominal
1951,0.673603531704107,1764531329,nominal
1952,0.6735695071591838,1764531329,nominal
1953,0.6735353524204284,1764531329,nominal
1954,0.6735010667110791,1764531329,nominal
1955,0.6734666492518815,1764531329,nominal
1956,0.6734320992610943,1764531329,nominal
1957,0.6733974159544268,1764531329,nominal
1958,0.6733625985450737,1764531329,nominal
1959,0.6733276462436869,1764531329,nominal
1960,0.6732925582583728,1764531329,nominal
1961,0.673257333794661,1764531329,nominal
1962,0.6732219720555058,1764531329,nominal
1963,0.6731864722412746,1764531329,nominal
1964,0.6731508335497572,1764531329,nominal
1965,0.673115055176065,1764531329,nominal
1966,0.6730791363127577,1764531329,nominal
1967,0.6730430761497,1764531329,nominal
1968,0.6730068738741398,1764531329,nominal
1969,0.6729705286706654,1764531329,nominal
1970,0.672934039721179,1764531329,nominal
1971,0.6728974062048891,1764531329,nominal
1972,0.6728606272983262,1764531329,nominal
1973,0.6728237021753031,1764531329,nominal
1974,0.6727866300069163,1764531329,nominal
1975,0.6727494099615227,1764531329,nominal
1976,0.6727120412047342,1764531329,nominal
1977,0.6726745228994228,1764531329,nominal
1978,0.6726368542056732,1764531329,nominal
1979,0.672599034280787,1764531329,nominal
1980,0.6725610622792927,1764531329,nominal
1981,0.6725229373529029,1764531329,nominal
1982,0.6724846586505338,1764531329,nominal
1983,0.6724462253182291,1764531329,nominal
1984,0.6724076364992598,1764531329,nominal
1985,0.6723688913339745,1764531329,nominal
1986,0.6723299889599127,1764531329,nominal
1987,0.672290928511732,1764531329,nominal
1988,0.6722517091211837,1764531329,nominal
1989,0.6722123299171373,1764531329,nominal
1990,0.6721727900255398,1764531329,nominal
1991,0.6721330885694369,1764531329,nominal
1992,0.6720932246689272,1764531329,nominal
1993,0.6720531974411975,1764531329,nominal
1994,0.6720130060004307,1764531329,nominal
1995,0.6719726494578734,1764531329,nominal
1996,0.6719321269217735,1764531329,nominal
1997,0.6718914374974373,1764531329,nominal
1998,0.6718505802871032,1764531329,nominal
1999,0.6718095543900644,1764531329,nominal
2000,0.6717683589025183,1764531329,nominal
2001,0.6717269929177044,1764531329,nominal
1,0.3333333333333333,1764531277,nominal
2,0.3333333333333333,1764531277,nominal
3,0.3333333333333333,1764531277,nominal
4,0.3333333333333333,1764531277,nominal
5,0.3333333333333333,1764531277,nominal
6,0.3333333333333333,1764531277,nominal
7,0.3333333333333333,1764531277,nominal
8,0.3333333333333333,1764531277,nominal
9,0.3333333333333333,1764531277,nominal
10,0.3590747142095484,1764531277,nominal
11,0.3590747142095484,1764531277,nominal
12,0.3587603237298719,1764531277,nominal
13,0.3586036927078023,1764531277,nominal
14,0.3585178623798939,1764531277,nominal
15,0.3587469118372132,1764531277,nominal
16,0.3592899073941745,1764531277,nominal
17,0.3599870780769144,1764531277,nominal
18,0.3611542209270033,1764531277,nominal
19,0.3623176103743755,1764531277,nominal
20,0.3634772403690394,1764531277,nominal
21,0.3647912563798303,1764531277,nominal
22,0.3665781918470839,1764531277,nominal
23,0.3683612364236565,1764531277,nominal
24,0.3702299010734871,1764531277,nominal
25,0.372255986629146,1764531277,nominal
26,0.3744408660185593,1764531277,nominal
27,0.3766235783597739,1764531277,nominal
28,0.3788040446877202,1764531277,nominal
29,0.381146259782313,1764531277,nominal
30,0.3834868895023419,1764531277,nominal
31,0.3858258405853077,1764531277,nominal
32,0.3881630206617512,1764531277,nominal
33,0.3904983382610422,1764531277,nominal
34,0.3927350738731843,1764531277,nominal
35,0.3949687546476924,1764531277,nominal
36,0.3971993000374064,1764531277,nominal
37,0.3993277512578202,1764531277,nominal
38,0.4013522770142362,1764531277,nominal
39,0.4033714406377216,1764531277,nominal
40,0.4053851848432677,1764531277,nominal
41,0.4072915745183256,1764531277,nominal
42,0.4091914503247724,1764531277,nominal
43,0.4110847696321388,1764531277,nominal
44,0.41307561234382,1764531277,nominal
45,0.414886253029848,1764531277,nominal
46,0.4166910463944436,1764531277,nominal
47,0.4184899607975265,1764531277,nominal
48,0.4203897117354678,1764531277,nominal
49,0.4222842931892381,1764531277,nominal
50,0.424173665627904,1764531277,nominal
51,0.4260577904310519,1764531277,nominal
52,0.4277585010228125,1764531277,nominal
53,0.4294537782880904,1764531277,nominal
54,0.4311436008188073,1764531277,nominal
55,0.4326637953149805,1764531277,nominal
56,0.4341790149767163,1764531277,nominal
57,0.4358015159914025,1764531277,nominal
58,0.4374197074768239,1764531277,nominal
59,0.439033566463452,1764531277,nominal
60,0.4406430705116171,1764531277,nominal
61,0.4423629896661659,1764531277,nominal
62,0.4442622034670281,1764531277,nominal
63,0.4461579618402101,1764531277,nominal
64,0.4480502241908202,1764531277,nominal
65,0.4502897087993549,1764531277,nominal
66,0.4524068610499898,1764531277,nominal
67,0.4545191865470998,1764531277,nominal
68,0.4560870343034625,1764531277,nominal
69,0.4576503053486135,1764531277,nominal
70,0.4592089830714525,1764531277,nominal
71,0.4607630513383731,1764531277,nominal
72,0.4623124944887547,1764531277,nominal
73,0.4638572973304483,1764531277,nominal
74,0.4653974451352518,1764531277,nominal
75,0.4669329236343786,1764531277,nominal
76,0.4685884672654711,1764531277,nominal
77,0.4702399192912028,1764531277,nominal
78,0.4724374877413402,1764531277,nominal
79,0.4746305741622103,1764531277,nominal
80,0.4768191241651143,1764531277,nominal
81,0.4788092722022436,1764531277,nominal
82,0.4807944208330228,1764531277,nominal
83,0.4827745336901422,1764531277,nominal
84,0.4847495751526287,1764531277,nominal
85,0.4865232396045569,1764531277,nominal
86,0.488291565350429,1764531277,nominal
87,0.490054532641903,1764531277,nominal
88,0.4918121223182446,1764531277,nominal
89,0.493365879058588,1764531277,nominal
90,0.4949141791426987,1764531277,nominal
91,0.4966564279200712,1764531277,nominal
92,0.4983932353074536,1764531277,nominal
93,0.5001245848630698,1764531277,nominal
94,0.5018504606997968,1764531277,nominal
95,0.5037724719644967,1764531277,nominal
96,0.5056890897396448,1764531277,nominal
97,0.5076002867987391,1764531277,nominal
98,0.5095060365917642,1764531277,nominal
99,0.5114063132395782,1764531277,nominal
100,0.5133010915282644,1764531277,nominal
101,0.5151903469034467,1764531277,nominal
102,0.5170740554645674,1764531277,nominal
103,0.5189521939591377,1764531277,nominal
104,0.5208247397769564,1764531277,nominal
105,0.522691670944301,1764531277,nominal
106,0.5245529661180942,1764531277,nominal
107,0.5264086045800478,1764531277,nominal
108,0.5281154642519926,1764531277,nominal
109,0.5300256289068754,1764531277,nominal
110,0.5319295360617864,1764531277,nominal
111,0.5338271659227298,1764531277,nominal
112,0.5357184994101154,1764531277,nominal
113,0.5376035181509523,1764531277,nominal
114,0.539335041397793,1764531277,nominal
115,0.5410596192405455,1764531277,nominal
116,0.5427772479826392,1764531277,nominal
117,0.5444879245489669,1764531277,nominal
118,0.5463414528417787,1764531277,nominal
119,0.5481885900574238,1764531277,nominal
120,0.5498781929555773,1764531277,nominal
121,0.5515608274246648,1764531277,nominal
122,0.553236493458478,1764531277,nominal
123,0.554905191615415,1764531277,nominal
124,0.5567206418919226,1764531277,nominal
125,0.5585296464953714,1764531277,nominal
126,0.5603321951426171,1764531277,nominal
127,0.562128278147802,1764531277,nominal
128,0.563917886414751,1764531277,nominal
129,0.5657010114293917,1764531277,nominal
130,0.567635238781012,1764531277,nominal
131,0.5695634588583677,1764531277,nominal
132,0.5714856528997306,1764531277,nominal
133,0.5732422784641691,1764531277,nominal
134,0.5749923731884413,1764531277,nominal
135,0.5767359320468257,1764531277,nominal
136,0.5784729505432159,1764531277,nominal
137,0.5802034247037433,1764531277,nominal
138,0.5819273510694356,1764531277,nominal
139,0.5836447266889112,1764531277,nominal
140,0.585355549111113,1764531277,nominal
141,0.5868953215067906,1764531277,nominal
142,0.5884281483043234,1764531277,nominal
143,0.5901197374383501,1764531277,nominal
144,0.5916384724456174,1764531277,nominal
145,0.5931502919858802,1764531277,nominal
146,0.5944877273403659,1764531277,nominal
147,0.595817943704816,1764531277,nominal
148,0.5971409663971757,1764531277,nominal
149,0.5984568209666264,1764531277,nominal
150,0.599765533185608,1764531277,nominal
151,0.6012374778245821,1764531277,nominal
152,0.6027026199028647,1764531277,nominal
153,0.6041609737416944,1764531277,nominal
154,0.6053492904918841,1764531277,nominal
155,0.6065333336929736,1764531277,nominal
156,0.6078860777479451,1764531277,nominal
157,0.6092346685959817,1764531277,nominal
158,0.6105791039616841,1764531277,nominal
159,0.6119193817581657,1764531277,nominal
160,0.6132555000852106,1764531277,nominal
161,0.6145874572274362,1764531277,nominal
162,0.6159152516524612,1764531277,nominal
163,0.6172388820090802,1764531277,nominal
164,0.6189950351362148,1764531277,nominal
165,0.6207449253282209,1764531277,nominal
166,0.6224885485872235,1764531277,nominal
167,0.6236107159789681,1764531277,nominal
168,0.6245496044370312,1764531277,nominal
169,0.6254842820725833,1764531277,nominal
170,0.6264147624365732,1764531277,nominal
171,0.6271606431615668,1764531277,nominal
172,0.6279023789384774,1764531277,nominal
173,0.628458724985332,1764531277,nominal
174,0.6290110325768656,1764531277,nominal
175,0.6295593302366537,1764531277,nominal
176,0.6301036463420139,1764531277,nominal
177,0.6310785752693908,1764531277,nominal
178,0.6322302038308089,1764531277,nominal
179,0.6333751570905904,1764531277,nominal
180,0.6345134666744473,1764531277,nominal
181,0.6358302024607466,1764531277,nominal
182,0.6371404485562808,1764531277,nominal
183,0.6386303105805147,1764531277,nominal
184,0.6401138310600972,1764531277,nominal
185,0.641591020800604,1764531277,nominal
186,0.6430618908720132,1764531277,nominal
187,0.6447146479820764,1764531277,nominal
188,0.6463612162545417,1764531277,nominal
189,0.6480015974172272,1764531277,nominal
190,0.6496357935464606,1764531277,nominal
191,0.6512638070620148,1764531277,nominal
192,0.6528856407220779,1764531277,nominal
193,0.6545012976182574,1764531277,nominal
194,0.6561107811706167,1764531277,nominal
195,0.657714095122748,1764531277,nominal
196,0.6593112435368776,1764531277,nominal
197,0.6609022307890078,1764531277,nominal
198,0.6624870615640928,1764531277,nominal
199,0.664065740851253,1764531277,nominal
200,0.6656382739390213,1764531277,nominal
201,0.6672046664106296,1764531277,nominal
202,0.6685689633767848,1764531277,nominal
203,0.6699271318773039,1764531277,nominal
204,0.6712791876415763,1764531277,nominal
205,0.6726251465670523,1764531277,nominal
206,0.6739650247150438,1764531277,nominal
207,0.6752988383065832,1764531277,nominal
208,0.6766266037183346,1764531277,nominal
209,0.6779483374785575,1764531277,nominal
210,0.6792640562631267,1764531277,nominal
211,0.6805737768916009,1764531277,nominal
212,0.6820781990005645,1764531277,nominal
213,0.6835765880597168,1764531277,nominal
214,0.6848673175891168,1764531277,nominal
215,0.6861521140652911,1764531277,nominal
216,0.6874309950663929,1764531277,nominal
217,0.6887039782908301,1764531277,nominal
218,0.6899710815537005,1764531277,nominal
219,0.6912323227832733,1764531277,nominal
220,0.6924877200175239,1764531277,nominal
221,0.6937372914007157,1764531277,nominal
222,0.6949810551800318,1764531277,nominal
223,0.696219029702256,1764531277,nominal
224,0.697657316706102,1764531277,nominal
225,0.6990897026256091,1764531277,nominal
226,0.7005161981291672,1764531277,nominal
227,0.701936814078832,1764531277,nominal
228,0.7033515615266347,1764531277,nominal
229,0.704760451710927,1764531277,nominal
230,0.7061634960527675,1764531277,nominal
231,0.7075607061523398,1764531277,nominal
232,0.7089520937854138,1764531277,nominal
233,0.7103376708998388,1764531277,nominal
234,0.7117174496120768,1764531277,nominal
235,0.7130914422037726,1764531277,nominal
236,0.714459661118359,1764531277,nominal
237,0.7158221189577,1764531277,nominal
238,0.7171788284787709,1764531277,nominal
239,0.7185298025903746,1764531277,nominal
240,0.7198750543498935,1764531277,nominal
241,0.7210011324912187,1764531277,nominal
242,0.7221217732594419,1764531277,nominal
243,0.7232369970518558,1764531277,nominal
244,0.7243468242980857,1764531277,nominal
245,0.7252362608360086,1764531277,nominal
246,0.7261206641434444,1764531277,nominal
247,0.7270000612263061,1764531277,nominal
248,0.727874479004622,1764531277,nominal
249,0.7287439443113791,1764531277,nominal
250,0.7296084838914029,1764531277,nominal
251,0.7306853112914018,1764531277,nominal
252,0.731756908405795,1764531277,nominal
253,0.7328232956247606,1764531277,nominal
254,0.7338844933523855,1764531277,nominal
255,0.735159218695078,1764531277,nominal
256,0.7364284554512396,1764531277,nominal
257,0.7376922180099145,1764531277,nominal
258,0.7389505208649846,1764531277,nominal
259,0.739983141346757,1764531277,nominal
260,0.7410106948354808,1764531277,nominal
261,0.7420332019253605,1764531277,nominal
262,0.7430506832079571,1764531277,nominal
263,0.7440631592705225,1764531277,nominal
264,0.7450706506943661,1764531277,nominal
265,0.7460731780532525,1764531277,nominal
266,0.7470707619118312,1764531277,nominal
267,0.7480634228240958,1764531277,nominal
268,0.7490511813318737,1764531277,nominal
269,0.750257802452331,1764531277,nominal
270,0.7514591439229559,1764531277,nominal
271,0.7526552210396146,1764531277,nominal
272,0.753846049173293,1764531277,nominal
273,0.75503164376787,1764531277,nominal
274,0.7562120203379183,1764531277,nominal
275,0.757387194466535,1764531277,nominal
276,0.7585571818032009,1764531277,nominal
277,0.759721998061668,1764531277,nominal
278,0.7608816590178757,1764531277,nominal
279,0.7620361805078953,1764531277,nominal
280,0.7631855784259011,1764531277,nominal
281,0.7643298687221711,1764531277,nominal
282,0.765469067401113,1764531277,nominal
283,0.7666031905193194,1764531277,nominal
284,0.767732254183648,1764531277,nominal
285,0.7688562745493308,1764531277,nominal
286,0.7699752678181074,1764531277,nominal
287,0.7710892502363866,1764531277,nominal
288,0.7721982380934328,1764531277,nominal
289,0.7733022477195781,1764531277,nominal
290,0.7741703343133195,1764531277,nominal
291,0.7750340057109131,1764531277,nominal
292,0.7758932823264248,1764531277,nominal
293,0.7767481845239744,1764531277,nominal
294,0.7775987326169658,1764531277,nominal
295,0.7784449468673369,1764531277,nominal
296,0.7792868474848303,1764531277,nominal
297,0.7801244546262832,1764531277,nominal
298,0.780957788394936,1764531277,nominal
299,0.7817868688397619,1764531277,nominal
300,0.7828456215811329,1764531277,nominal
301,0.7838995835717882,1764531277,nominal
302,0.7849487712743743,1764531277,nominal
303,0.7859932011740759,1764531277,nominal
304,0.7870328897771544,1764531277,nominal
305,0.7880678536095086,1764531277,nominal
306,0.7890981092152566,1764531277,nominal
307,0.7901236731553397,1764531277,nominal
308,0.7911445620061488,1764531277,nominal
309,0.7921607923581709,1764531277,nominal
310,0.7931723808146574,1764531277,nominal
311,0.7941793439903132,1764531277,nominal
312,0.7951816985100069,1764531277,nominal
313,0.7961794610074998,1764531277,nominal
314,0.7971726481241981,1764531277,nominal
315,0.7981612765079225,1764531277,nominal
316,0.7991453628116982,1764531277,nominal
317,0.8001249236925666,1764531277,nominal
318,0.8010999758104127,1764531277,nominal
319,0.802070535826815,1764531277,nominal
320,0.8030366204039129,1764531277,nominal
321,0.8039982462032934,1764531277,nominal
322,0.8049554298848952,1764531277,nominal
323,0.8059081881059329,1764531277,nominal
324,0.8068565375198383,1764531277,nominal
325,0.8078004947752196,1764531277,nominal
326,0.808740076514839,1764531277,nominal
327,0.8096752993746076,1764531277,nominal
328,0.8106061799825963,1764531277,nominal
329,0.8115327349580671,1764531277,nominal
330,0.8124549809105176,1764531277,nominal
331,0.8131302045114075,1764531277,nominal
332,0.8138018691714134,1764531277,nominal
333,0.8144699932554572,1764531277,nominal
334,0.8151345950504167,1764531277,nominal
335,0.8157956927650802,1764531277,nominal
336,0.816453304530111,1764531277,nominal
337,0.8171074483980202,1764531277,nominal
338,0.8177581423431483,1764531277,nominal
339,0.8184054042616553,1764531277,nominal
340,0.8190492519715183,1764531277,nominal
341,0.8199347455184341,1764531277,nominal
342,0.8208161057285878,1764531277,nominal
343,0.8216933488603226,1764531277,nominal
344,0.822566491153717,1764531277,nominal
345,0.8234355488298278,1764531277,nominal
346,0.8243005380899465,1764531277,nominal
347,0.8251614751148688,1764531277,nominal
348,0.8260183760641805,1764531277,nominal
349,0.8268712570755545,1764531277,nominal
350,0.8277201342640624,1764531277,nominal
351,0.8285650237214999,1764531277,nominal
352,0.8294059415157239,1764531277,nominal
353,0.8302429036900044,1764531277,nominal
354,0.8310759262623869,1764531277,nominal
355,0.8319050252250704,1764531277,nominal
356,0.8327302165437951,1764531277,nominal
357,0.833551516157244,1764531277,nominal
358,0.8341198630477648,1764531277,nominal
359,0.8346851689481233,1764531277,nominal
360,0.8352474502585925,1764531277,nominal
361,0.8358067232981091,1764531277,nominal
362,0.836363004304475,1764531277,nominal
363,0.8369163094345607,1764531277,nominal
364,0.8374666547645169,1764531277,nominal
365,0.8380140562899847,1764531277,nominal
366,0.8385585299263147,1764531277,nominal
367,0.8391000915087857,1764531277,nominal
368,0.8398897991570177,1764531277,nominal
369,0.8406757751178231,1764531277,nominal
370,0.84145803484686,1764531277,nominal
371,0.8422365937682068,1764531277,nominal
372,0.8430114672738988,1764531277,nominal
373,0.8437826707234718,1764531277,nominal
374,0.8445502194435186,1764531277,nominal
375,0.8453141287272539,1764531277,nominal
376,0.8460744138340887,1764531277,nominal
377,0.8468310899892164,1764531277,nominal
378,0.8473310341392872,1764531277,nominal
379,0.8478282842679712,1764531277,nominal
380,0.8483228552249896,1764531277,nominal
381,0.8488147617810368,1764531277,nominal
382,0.8493040186280781,1764531277,nominal
383,0.84979064037965,1764531277,nominal
384,0.8502746415711615,1764531277,nominal
385,0.8507560366601972,1764531277,nominal
386,0.8512348400268219,1764531277,nominal
387,0.8517110659738875,1764531277,nominal
388,0.8524396085734971,1764531277,nominal
389,0.8531646890343342,1764531277,nominal
390,0.8538863220628643,1764531277,nominal
391,0.8546045223287364,1764531277,nominal
392,0.8553193044644684,1764531277,nominal
393,0.8560306830651381,1764531277,nominal
394,0.8567386726880845,1764531277,nominal
395,0.8574432878526143,1764531277,nominal
396,0.8581445430397199,1764531277,nominal
397,0.8588424526917996,1764531277,nominal
398,0.8595370312123902,1764531277,nominal
399,0.8602282929659043,1764531277,nominal
400,0.8609162522773754,1764531277,nominal
401,0.8616009234322098,1764531277,nominal
402,0.8622823206759463,1764531277,nominal
403,0.8629604582140225,1764531277,nominal
404,0.8633774979907397,1764531277,nominal
405,0.8637922669818981,1764531277,nominal
406,0.8642047780497891,1764531277,nominal
407,0.8646150439829662,1764531277,nominal
408,0.865023077496615,1764531277,nominal
409,0.8650642393730514,1764531277,nominal
410,0.8651052276338462,1764531277,nominal
411,0.8651460428569687,1764531277,nominal
412,0.8651866856199699,1764531277,nominal
413,0.8652271564999647,1764531277,nominal
414,0.8655267508180126,1764531277,nominal
415,0.8658251783597968,1764531277,nominal
416,0.866122442239075,1764531277,nominal
417,0.8664185455738068,1764531277,nominal
418,0.8667134914860217,1764531277,nominal
419,0.8673727683428981,1764531277,nominal
420,0.8680288600198225,1764531277,nominal
421,0.8686817806866949,1764531277,nominal
422,0.8693315444689791,1764531277,nominal
423,0.8699781654475452,1764531277,nominal
424,0.8706216576585183,1764531277,nominal
425,0.8712620350931317,1764531277,nominal
426,0.8718993116975887,1764531277,nominal
427,0.8725335013729275,1764531277,nominal
428,0.8731646179748921,1764531277,nominal
429,0.8737926753138103,1764531277,nominal
430,0.874417687154475,1764531277,nominal
431,0.8750396672160319,1764531277,nominal
432,0.8756586291718729,1764531277,nominal
433,0.8762745866495327,1764531277,nominal
434,0.8768875532305938,1764531277,nominal
435,0.8774975424505921,1764531277,nominal
436,0.8781045677989312,1764531277,nominal
437,0.8787086427188001,1764531277,nominal
438,0.8793097806070947,1764531277,nominal
439,0.8799079948143455,1764531277,nominal
440,0.8805032986446488,1764531277,nominal
441,0.8804728816975051,1764531277,nominal
442,0.8804425945566234,1764531277,nominal
443,0.880412436775588,1764531277,nominal
444,0.8803824079084674,1764531277,nominal
445,0.8803525075098267,1764531277,nominal
446,0.880322735134738,1764531277,nominal
447,0.8802930903387916,1764531277,nominal
448,0.8802635726781064,1764531277,nominal
449,0.8802341817093415,1764531277,nominal
450,0.8802049169897063,1764531277,nominal
451,0.8808008398167094,1764531277,nominal
452,0.881393843480046,1764531277,nominal
453,0.8819839414575993,1764531277,nominal
454,0.8825711471782598,1764531277,nominal
455,0.8831554740218874,1764531277,nominal
456,0.8837369353192797,1764531277,nominal
457,0.884049915778259,1764531277,nominal
458,0.8843611349162595,1764531277,nominal
459,0.8846706033503229,1764531277,nominal
460,0.8849783316289827,1764531277,nominal
461,0.8852843302327122,1764531277,nominal
462,0.885588609574373,1764531277,nominal
463,0.8858911799996567,1764531277,nominal
464,0.886192051787528,1764531277,nominal
465,0.8864912351506635,1764531277,nominal
466,0.8867887402358882,1764531277,nominal
467,0.8873512975230139,1764531277,nominal
468,0.8879111004616306,1764531277,nominal
469,0.8884681618187042,1764531277,nominal
470,0.8890224943133292,1764531277,nominal
471,0.8895741106167262,1764531277,nominal
472,0.8901230233522459,1764531277,nominal
473,0.8906692450953747,1764531277,nominal
474,0.8912127883737448,1764531277,nominal
475,0.8917536656671465,1764531277,nominal
476,0.8922918894075447,1764531277,nominal
477,0.8928274719790967,1764531277,nominal
478,0.8933604257181764,1764531277,nominal
479,0.8938907629133975,1764531277,nominal
480,0.8944184958056423,1764531277,nominal
481,0.8949436365880927,1764531277,nominal
482,0.8954661974062639,1764531277,nominal
483,0.8959861903580411,1764531277,nominal
484,0.8965036274937189,1764531277,nominal
485,0.8970185208160425,1764531277,nominal
486,0.8975308822802537,1764531277,nominal
487,0.8980407237941361,1764531277,nominal
488,0.8985480572180669,1764531277,nominal
489,0.898783428882501,1764531277,nominal
490,0.8990174571153533,1764531277,nominal
491,0.8992501502386815,1764531277,nominal
492,0.8994815165180191,1764531277,nominal
493,0.8997115641627855,1764531277,nominal
494,0.8999403013266928,1764531277,nominal
495,0.9001677361081498,1764531277,nominal
496,0.900393876550664,1764531277,nominal
497,0.90061873064324,1764531277,nominal
498,0.9008423063207748,1764531277,nominal
499,0.901334953196316,1764531277,nominal
500,0.9018251815440536,1764531277,nominal
501,0.902313002733967,1764531277,nominal
502,0.9027984280903188,1764531277,nominal
503,0.9030106844164814,1764531277,nominal
504,0.9032217304424948,1764531277,nominal
505,0.9034315736679704,1764531277,nominal
506,0.9036402215413412,1764531277,nominal
507,0.9038476814602368,1764531277,nominal
508,0.9040539607718594,1764531277,nominal
509,0.9042590667733544,1764531277,nominal
510,0.9044630067121796,1764531277,nominal
511,0.904665787786472,1764531277,nominal
512,0.9048674171454086,1764531277,nominal
513,0.9053394870853932,1764531277,nominal
514,0.9058092430273862,1764531277,nominal
515,0.9062766958438336,1764531277,nominal
516,0.9064699594617448,1764531277,nominal
517,0.906662123050732,1764531277,nominal
518,0.9068531934184048,1764531277,nominal
519,0.9070431773258342,1764531277,nominal
520,0.9072320814878988,1764531277,nominal
521,0.9074199125736286,1764531277,nominal
522,0.907606677206546,1764531277,nominal
523,0.9075199917251888,1764531277,nominal
524,0.9074334971616792,1764531277,nominal
525,0.9073471952480454,1764531277,nominal
526,0.907533613031046,1764531277,nominal
527,0.9077189798728102,1764531277,nominal
528,0.9079033021892944,1764531277,nominal
529,0.9080865863532752,1764531277,nominal
530,0.908268838694663,1764531277,nominal
531,0.90845006550082,1764531277,nominal
532,0.9086302730168708,1764531277,nominal
533,0.9090825130761444,1764531277,nominal
534,0.9095325454511216,1764531277,nominal
535,0.9099803804547324,1764531277,nominal
536,0.9104260283582802,1764531277,nominal
537,0.910869499391514,1764531277,nominal
538,0.9113108037427012,1764531277,nominal
539,0.9117499515587056,1764531277,nominal
540,0.9121869529450588,1764531277,nominal
541,0.912621817966043,1764531277,nominal
542,0.9130545566447664,1764531277,nominal
543,0.9134851789632455,1764531277,nominal
544,0.9139136948624872,1764531277,nominal
545,0.9143401142425692,1764531277,nominal
546,0.9147644469627284,1764531277,nominal
547,0.915186702841442,1764531277,nominal
548,0.9156068916565168,1764531277,nominal
549,0.9160250231451768,1764531277,nominal
550,0.9164411070041512,1764531277,nominal
551,0.9168551528897652,1764531277,nominal
552,0.9172671704180304,1764531277,nominal
553,0.9176771691647378,1764531277,nominal
554,0.9180851586655504,1764531277,nominal
555,0.9184911484160972,1764531277,nominal
556,0.9188951478720692,1764531277,nominal
557,0.9192971664493144,1764531277,nominal
558,0.919697213523936,1764531277,nominal
559,0.9198199213216732,1764531277,nominal
560,0.9199419144369316,1764531277,nominal
561,0.9200631974578148,1764531277,nominal
562,0.9201837749393462,1764531277,nominal
563,0.9203036514037336,1764531277,nominal
564,0.9204228313406329,1764531277,nominal
565,0.920541319207408,1764531277,nominal
566,0.9206591194293916,1764531277,nominal
567,0.9207762364001392,1764531277,nominal
568,0.9208926744816848,1764531277,nominal
569,0.9212843604170748,1764531277,nominal
570,0.921674128889672,1764531277,nominal
571,0.922061988957596,1764531277,nominal
572,0.9224479496406656,1764531277,nominal
573,0.9228320199204978,1764531277,nominal
574,0.923214208740605,1764531277,nominal
575,0.9235945250064964,1764531277,nominal
576,0.9239729775857772,1764531277,nominal
577,0.924349575308249,1764531277,nominal
578,0.9247243269660133,1764531277,nominal
579,0.9250972413135722,1764531277,nominal
580,0.925468327067932,1764531277,nominal
581,0.9258375929087064,1764531277,nominal
582,0.9262050474782216,1764531277,nominal
583,0.9265706993816202,1764531277,nominal
584,0.9269345571869662,1764531277,nominal
585,0.927296629425352,1764531277,nominal
586,0.9276569245910046,1764531277,nominal
587,0.9280154511413916,1764531277,nominal
588,0.9283722174973292,1764531277,nominal
589,0.9287272320430908,1764531277,nominal
590,0.9290805031265148,1764531277,nominal
591,0.9294320390591124,1764531277,nominal
592,0.9297818481161794,1764531277,nominal
593,0.9301299385369034,1764531277,nominal
594,0.930476318524476,1764531277,nominal
595,0.930820996246201,1764531277,nominal
596,0.9311639798336072,1764531277,nominal
597,0.9315052773825598,1764531277,nominal
598,0.9318448969533704,1764531277,nominal
599,0.93218284657091,1764531277,nominal
600,0.9325191342247212,1764531277,nominal
601,0.9328537678691308,1764531277,nominal
602,0.933186755423362,1764531277,nominal
603,0.9335181047716488,1764531277,nominal
604,0.9338478237633488,1764531277,nominal
605,0.934175920213056,1764531277,nominal
606,0.9345024019007164,1764531277,nominal
607,0.9348272765717414,1764531277,nominal
608,0.9351505519371214,1764531277,nominal
609,0.935472235673542,1764531277,nominal
610,0.9357923354234976,1764531277,nominal
611,0.9361108587954066,1764531277,nominal
612,0.9364278133637272,1764531277,nominal
613,0.9367432066690722,1764531277,nominal
614,0.9370570462183242,1764531277,nominal
615,0.9373693394847524,1764531277,nominal
616,0.9376800939081265,1764531277,nominal
617,0.9379893168948346,1764531277,nominal
618,0.9382970158179978,1764531277,nominal
619,0.9386031980175876,1764531277,nominal
620,0.93890787080054,1764531277,nominal
621,0.9392110414408746,1764531277,nominal
622,0.9395127171798086,1764531277,nominal
623,0.9398129052258742,1764531277,nominal
624,0.9401116127550356,1764531277,nominal
625,0.9404088469108044,1764531277,nominal
626,0.940704614804357,1764531277,nominal
627,0.940998923514651,1764531277,nominal
628,0.941291780088542,1764531277,nominal
629,0.9415831915409,1764531277,nominal
630,0.9418731648547256,1764531277,nominal
631,0.942161706981268,1764531277,nominal
632,0.9418453565755238,1764531277,nominal
633,0.9415303367768436,1764531277,nominal
634,0.9412166434820256,1764531277,nominal
635,0.9409042725827036,1764531277,nominal
636,0.940593219965625,1764531277,nominal
637,0.9402834815129244,1764531277,nominal
638,0.9399750531023942,1764531277,nominal
639,0.9396679306077508,1764531277,nominal
640,0.9393621098988992,1764531277,nominal
641,0.9390575868421904,1764531277,nominal
642,0.9393613303313906,1764531277,nominal
643,0.9396635635533348,1764531277,nominal
644,0.9399642939076508,1764531277,nominal
645,0.9402635287594624,1764531277,nominal
646,0.9405612754395256,1764531277,nominal
647,0.9408575412443596,1764531277,nominal
648,0.9411523334363808,1764531277,nominal
649,0.9414456592440364,1764531277,nominal
650,0.9417375258619372,1764531277,nominal
651,0.94142189351114,1764531277,nominal
652,0.9411076015102474,1764531277,nominal
653,0.9407946455857408,1764531277,nominal
654,0.9404830214608048,1764531277,nominal
655,0.9401727248555892,1764531277,nominal
656,0.9398637514874648,1764531277,nominal
657,0.9395560970712812,1764531277,nominal
658,0.9392497573196148,1764531277,nominal
659,0.9389447279430176,1764531277,nominal
660,0.9386410046502606,1764531277,nominal
661,0.9389480139274432,1764531277,nominal
662,0.939253485485308,1764531277,nominal
663,0.9395574269612574,1764531277,nominal
664,0.9398598459561612,1764531277,nominal
665,0.9401607500345074,1764531277,nominal
666,0.9404601467245488,1764531277,nominal
667,0.940758043518455,1764531277,nominal
668,0.94105444787246,1764531277,nominal
669,0.9413493672070102,1764531277,nominal
670,0.9416428089069148,1764531277,nominal
671,0.9416524853949324,1764531277,nominal
672,0.9416620434774788,1764531277,nominal
673,0.9416714844811196,1764531277,nominal
674,0.9416808097179316,1764531277,nominal
675,0.9416900204856594,1764531277,nominal
676,0.9416991180678737,1764531277,nominal
677,0.9417081037341248,1764531277,nominal
678,0.9417169787400972,1764531277,nominal
679,0.9417257443277608,1764531277,nominal
680,0.9417344017255208,1764531277,nominal
681,0.9420254368506789,1764531277,nominal
682,0.9423150182206396,1764531277,nominal
683,0.9426031530265458,1764531277,nominal
684,0.9428898484252892,1764531277,nominal
685,0.9431751115396512,1764531277,nominal
686,0.9434589494584436,1764531277,nominal
687,0.943741369236649,1764531277,nominal
688,0.94402237789556,1764531277,nominal
689,0.9443019824229208,1764531277,nominal
690,0.9445801897730648,1764531277,nominal
691,0.944857006867056,1764531277,nominal
692,0.9451324405928264,1764531277,nominal
693,0.9454064978053164,1764531277,nominal
694,0.9456791853266124,1764531277,nominal
695,0.945950509946086,1764531277,nominal
696,0.9462204784205306,1764531277,nominal
697,0.946489097474302,1764531277,nominal
698,0.9467563737994532,1764531277,nominal
699,0.9470223140558732,1764531277,nominal
700,0.947286924871424,1764531277,nominal
701,0.9475502128420769,1764531277,nominal
702,0.947812184532048,1764531277,nominal
703,0.9480728464739372,1764531277,nominal
704,0.9483322051688604,1764531277,nominal
705,0.9485902670865884,1764531277,nominal
706,0.9488470386656792,1764531277,nominal
707,0.9491025263136148,1764531277,nominal
708,0.9493567364069356,1764531277,nominal
709,0.949609675291373,1764531277,nominal
710,0.9498613492819856,1764531277,nominal
711,0.9501117646632912,1764531277,nominal
712,0.9503609276894004,1764531277,nominal
713,0.95060884458415,1764531277,nominal
714,0.9508555215412346,1764531277,nominal
715,0.95110096472434,1764531277,nominal
716,0.951345180267274,1764531277,nominal
717,0.951588174274098,1764531277,nominal
718,0.9518299528192596,1764531277,nominal
719,0.9520705219477212,1764531277,nominal
720,0.9523098876750916,1764531277,nominal
721,0.9525480559877568,1764531277,nominal
722,0.9527850328430078,1764531277,nominal
723,0.9530208241691712,1764531277,nominal
724,0.9532554358657384,1764531277,nominal
725,0.9534888738034932,1764531277,nominal
726,0.9537211438246408,1764531277,nominal
727,0.9539522517429352,1764531277,nominal
728,0.954182203343806,1764531277,nominal
729,0.9544110043844876,1764531277,nominal
730,0.9546386605941432,1764531277,nominal
731,0.9548651776739928,1764531277,nominal
732,0.955090561297439,1764531277,nominal
733,0.9553148171101916,1764531277,nominal
734,0.9555379507303926,1764531277,nominal
735,0.955759967748743,1764531277,nominal
736,0.9559808737286242,1764531277,nominal
737,0.956200674206224,1764531277,nominal
738,0.9564193746906594,1764531277,nominal
739,0.9566369806640992,1764531277,nominal
740,0.956853497581888,1764531277,nominal
741,0.9570689308726672,1764531277,nominal
742,0.957283285938497,1764531277,nominal
743,0.957496568154979,1764531277,nominal
744,0.9577087828713762,1764531277,nominal
745,0.9579199354107338,1764531277,nominal
746,0.9581300310700002,1764531277,nominal
747,0.9583390751201456,1764531277,nominal
748,0.9585470728062828,1764531277,nominal
749,0.9587540293477848,1764531277,nominal
750,0.9589599499384044,1764531277,nominal
751,0.9588796850051354,1764531277,nominal
752,0.958799785419433,1764531277,nominal
753,0.9587202497416328,1764531277,nominal
754,0.9586410765349797,1764531277,nominal
755,0.958562264365663,1764531277,nominal
756,0.9584838118028508,1764531277,nominal
757,0.9584057174187218,1764531277,nominal
758,0.9583279797885002,1764531277,nominal
759,0.9582505974904842,1764531277,nominal
760,0.9581735691060804,1764531277,nominal
761,0.9583820861165272,1764531277,nominal
762,0.9585895623744596,1764531277,nominal
763,0.9587960030431804,1764531277,nominal
764,0.9590014132609072,1764531277,nominal
765,0.9592057981408838,1764531277,nominal
766,0.9594091627714936,1764531277,nominal
767,0.9596115122163736,1764531277,nominal
768,0.9598128515145238,1764531277,nominal
769,0.960013185680422,1764531277,nominal
770,0.960212519704134,1764531277,nominal
771,0.9604108585514244,1764531277,nominal
772,0.9606082071638672,1764531277,nominal
773,0.9605190213599,1764531277,nominal
774,0.960430252591048,1764531277,nominal
775,0.9603418990839746,1764531277,nominal
776,0.9602539590707396,1764531277,nominal
777,0.9601664307888138,1764531277,nominal
778,0.9600793124810904,1764531277,nominal
779,0.9599926023958986,1764531277,nominal
780,0.9599062987870136,1764531277,nominal
781,0.9598203999136676,1764531277,nominal
782,0.959734904040562,1764531277,nominal
783,0.9599353748487648,1764531277,nominal
784,0.9601348472746348,1764531277,nominal
785,0.9603333262520128,1764531277,nominal
786,0.96053081669092,1764531277,nominal
787,0.9607273234776652,1764531277,nominal
788,0.9609228514749518,1764531277,nominal
789,0.961117405521983,1764531277,nominal
790,0.9613109904345676,1764531277,nominal
791,0.9615036110052247,1764531277,nominal
792,0.9616952720032904,1764531277,nominal
793,0.9618859781750198,1764531277,nominal
794,0.9620757342436934,1764531277,nominal
795,0.9622645449097194,1764531277,nominal
796,0.9624524148507378,1764531277,nominal
797,0.9626393487217236,1764531277,nominal
798,0.9628253511550902,1764531277,nominal
799,0.963010426760789,1764531277,nominal
800,0.9631945801264152,1764531277,nominal
801,0.963377815817307,1764531277,nominal
802,0.9635601383766474,1764531277,nominal
803,0.9637415523255658,1764531277,nominal
804,0.9639220621632376,1764531277,nominal
805,0.9641016723669854,1764531277,nominal
806,0.964280387392378,1764531277,nominal
807,0.9644582116733303,1764531277,nominal
808,0.9646351496222026,1764531277,nominal
809,0.9648112056298994,1764531277,nominal
810,0.9649863840659672,1764531277,nominal
811,0.9651606892786928,1764531277,nominal
812,0.965334125595202,1764531277,nominal
813,0.9655066973215548,1764531277,nominal
814,0.9656784087428444,1764531277,nominal
815,0.9658492641232932,1764531277,nominal
816,0.9660192677063484,1764531277,nominal
817,0.9661884237147782,1764531277,nominal
818,0.966356736350768,1764531277,nominal
819,0.9665242097960142,1764531277,nominal
820,0.9666908482118206,1764531277,nominal
821,0.9668566557391912,1764531277,nominal
822,0.9670216364989258,1764531277,nominal
823,0.9671857945917124,1764531277,nominal
824,0.9673491340982212,1764531277,nominal
825,0.9675116590791972,1764531277,nominal
826,0.9676733735755536,1764531277,nominal
827,0.9678342816084632,1764531277,nominal
828,0.9679943871794509,1764531277,nominal
829,0.9681536942704844,1764531277,nominal
830,0.9683122068440664,1764531277,nominal
831,0.968469928843325,1764531277,nominal
832,0.9686268641921036,1764531277,nominal
833,0.968783016795052,1764531277,nominal
834,0.9689383905377154,1764531277,nominal
835,0.969092989286624,1764531277,nominal
836,0.969246816889382,1764531277,nominal
837,0.9693998771747568,1764531277,nominal
838,0.9695521739527664,1764531277,nominal
839,0.9697037110147676,1764531277,nominal
840,0.9698544921335444,1764531277,nominal
841,0.9700045210633936,1764531277,nominal
842,0.9701538015402142,1764531277,nominal
843,0.9703023372815917,1764531277,nominal
844,0.9704501319868842,1764531277,nominal
845,0.9705971893373108,1764531277,nominal
846,0.970743512996034,1764531277,nominal
847,0.9708891066082472,1764531277,nominal
848,0.9710339738012576,1764531277,nominal
849,0.9711781181845724,1764531277,nominal
850,0.971321543349981,1764531277,nominal
851,0.9714642528716408,1764531277,nominal
852,0.9716062503061588,1764531277,nominal
853,0.9717475391926756,1764531277,nominal
854,0.9718881230529482,1764531277,nominal
855,0.9720280053914314,1764531277,nominal
856,0.9721671896953608,1764531277,nominal
857,0.972305679434834,1764531277,nominal
858,0.9724434780628918,1764531277,nominal
859,0.9725805890156,1764531277,nominal
860,0.9727170157121284,1764531277,nominal
861,0.9728527615548332,1764531277,nominal
862,0.9729878299293352,1764531277,nominal
863,0.9731222242045998,1764531277,nominal
864,0.9732559477330172,1764531277,nominal
865,0.9733890038504804,1764531277,nominal
866,0.973521395876464,1764531277,nominal
867,0.9736531271141023,1764531277,nominal
868,0.973784200850268,1764531277,nominal
869,0.9739146203556488,1764531277,nominal
870,0.9740443888848253,1764531277,nominal
871,0.9741735096763474,1764531277,nominal
872,0.974301985952812,1764531277,nominal
873,0.974429820920938,1764531277,nominal
874,0.9745570177716424,1764531277,nominal
875,0.9746835796801164,1764531277,nominal
876,0.974809509805901,1764531277,nominal
877,0.9749348112929614,1764531277,nominal
878,0.975059487269761,1764531277,nominal
879,0.975183540849337,1764531277,nominal
880,0.9753069751293736,1764531277,nominal
881,0.9754297931922756,1764531277,nominal
882,0.9755519981052422,1764531277,nominal
883,0.9756735929203396,1764531277,nominal
884,0.9752022402447414,1764531277,nominal
885,0.9747328449075868,1764531277,nominal
886,0.9742654014499385,1764531277,nominal
887,0.9737999043931996,1764531277,nominal
888,0.9733363482397116,1764531277,nominal
889,0.9728747274733408,1764531277,nominal
890,0.9724150365600598,1764531277,nominal
891,0.9719572699485214,1764531277,nominal
892,0.9715014220706222,1764531277,nominal
893,0.9710474873420616,1764531277,nominal
894,0.971192171932872,1764531277,nominal
895,0.9713361286713073,1764531277,nominal
896,0.971479361231907,1764531277,nominal
897,0.9716218732706188,1764531277,nominal
898,0.9717636684248916,1764531277,nominal
899,0.9719047503137684,1764531277,nominal
900,0.9720451225379784,1764531277,nominal
901,0.9721847886800292,1764531277,nominal
902,0.972323752304298,1764531277,nominal
903,0.9724620169571228,1764531277,nominal
904,0.9725995861668923,1764531277,nominal
905,0.9727364634441372,1764531277,nominal
906,0.9728726522816186,1764531277,nominal
907,0.9730081561544182,1764531277,nominal
908,0.973142978520027,1764531277,nominal
909,0.9732771228184334,1764531277,nominal
910,0.9734105924722112,1764531277,nominal
911,0.9735433908866076,1764531277,nominal
912,0.97367552144963,1764531277,nominal
913,0.973806987532133,1764531277,nominal
914,0.9739377924879048,1764531277,nominal
915,0.9740679396537524,1764531277,nominal
916,0.974197432349588,1764531277,nominal
917,0.9743262738785138,1764531277,nominal
918,0.9744544675269066,1764531277,nominal
919,0.9745820165645016,1764531277,nominal
920,0.9747089242444772,1764531277,nominal
921,0.9748351938035384,1764531277,nominal
922,0.9749608284619988,1764531277,nominal
923,0.9750858314238642,1764531277,nominal
924,0.9752102058769144,1764531277,nominal
925,0.9753339549927862,1764531277,nominal
926,0.9754570819270524,1764531277,nominal
927,0.975579589819306,1764531277,nominal
928,0.975701481793238,1764531277,nominal
929,0.97582276095672,1764531277,nominal
930,0.9759434304018824,1764531277,nominal
931,0.9760634932051946,1764531277,nominal
932,0.9761829524275444,1764531277,nominal
933,0.9763018111143164,1764531277,nominal
934,0.97642007229547,1764531277,nominal
935,0.976537738985618,1764531277,nominal
936,0.976654814184104,1764531277,nominal
937,0.976771300875079,1764531277,nominal
938,0.9768872020275796,1764531277,nominal
939,0.9770025205956024,1764531277,nominal
940,0.9771172595181824,1764531277,nominal
941,0.9772314217194672,1764531277,nominal
942,0.9773450101087924,1764531277,nominal
943,0.9774580275807564,1764531277,nominal
944,0.9775704770152968,1764531277,nominal
945,0.977682361277762,1764531277,nominal
946,0.9777936832189866,1764531277,nominal
947,0.9779044456753652,1764531277,nominal
948,0.9780146514689244,1764531277,nominal
949,0.9775309279632692,1764531277,nominal
950,0.976454902165098,1764531277,nominal
951,0.9750757537891104,1764531277,nominal
952,0.9736995645927128,1764531277,nominal
953,0.9720165974812812,1764531277,nominal
954,0.970023269733452,1764531277,nominal
955,0.9677147891173484,1764531277,nominal
956,0.9650851678178296,1764531277,nominal
957,0.96212723487431,1764531277,nominal
958,0.958832647775896,1764531277,nominal
959,0.9555552686528158,1764531277,nominal
960,0.9525566473237952,1764531277,nominal
961,0.949293598765843,1764531277,nominal
962,0.9456854132654418,1764531277,nominal
963,0.9418207406660728,1764531277,nominal
964,0.9377112851648782,1764531277,nominal
965,0.9333698860971998,1764531277,nominal
966,0.9288103892505628,1764531277,nominal
967,0.9240475087620512,1764531277,nominal
968,0.9190966822508744,1764531277,nominal
969,0.914191613252714,1764531277,nominal
970,0.9096907723378368,1764531277,nominal
971,0.9055152099765744,1764531277,nominal
972,0.9017420219114224,1764531277,nominal
973,0.8980098543043264,1764531277,nominal
974,0.894318092536628,1764531277,nominal
975,0.8912230413957084,1764531277,nominal
976,0.8887137144223967,1764531277,nominal
977,0.8864984559380257,1764531277,nominal
978,0.8845725322556021,1764531277,nominal
979,0.8832123751709479,1764531277,nominal
980,0.8813135324844805,1764531277,nominal
981,0.8791630418862559,1764531277,nominal
982,0.8767525429064943,1764531277,nominal
983,0.8743635340265589,1764531277,nominal
984,0.8719957580385906,1764531277,nominal
985,0.8691104674460335,1764531277,nominal
986,0.8662528606089693,1764531277,nominal
987,0.8636964549866477,1764531277,nominal
988,0.8609048394493561,1764531277,nominal
989,0.8576109201199689,1764531277,nominal
990,0.8543509523648597,1764531277,nominal
991,0.8516484382092148,1764531277,nominal
992,0.8492396094732027,1764531277,nominal
993,0.8470000852952019,1764531277,nominal
994,0.8452967446808223,1764531277,nominal
995,0.8441236482974723,1764531277,nominal
996,0.8429575833937979,1764531277,nominal
997,0.8417985035794922,1764531277,nominal
998,0.8411634841909724,1764531277,nominal
999,0.8410490019101411,1764531277,nominal
1000,0.8414526903154663,1764531277,nominal
1001,0.8418548342521388,1764531277,nominal
1002,0.8422554376148602,1764531277,nominal
1003,0.8425107774681074,1764531277,nominal
1004,0.8422462031530945,1764531277,nominal
1005,0.8419832556658701,1764531277,nominal
1006,0.8417219232961505,1764531277,nominal
1007,0.8414621944372735,1764531277,nominal
1008,0.8406875028105641,1764531277,nominal
1009,0.8399181242604782,1764531277,nominal
1010,0.8391540135633163,1764531277,nominal
1011,0.8383951259887578,1764531277,nominal
1012,0.8371282526178276,1764531277,nominal
1013,0.8363829793575431,1764531277,nominal
1014,0.8361544679525925,1764531277,nominal
1015,0.8359273402185542,1764531277,nominal
1016,0.8357015864372447,1764531277,nominal
1017,0.8354771969737363,1764531277,nominal
1018,0.8357648084996308,1764531277,nominal
1019,0.8360508807765461,1764531277,nominal
1020,0.8363354224136351,1764531277,nominal
1021,0.83661844196947,1764531277,nominal
1022,0.8374110298905995,1764531277,nominal
1023,0.8381999548881183,1764531277,nominal
1024,0.8389852314327306,1764531277,nominal
1025,0.8397668739719266,1764531277,nominal
1026,0.8405448969294869,1764531277,nominal
1027,0.8413193147049943,1764531277,nominal
1028,0.8420901416733593,1764531277,nominal
1029,0.8428573921843511,1764531277,nominal
1030,0.8436210805621386,1764531277,nominal
1031,0.8443812211048431,1764531277,nominal
1032,0.8451378280840965,1764531277,nominal
1033,0.845890915744611,1764531277,nominal
1034,0.8466404983037557,1764531277,nominal
1035,0.8473865899511444,1764531277,nominal
1036,0.8481292048482286,1764531277,nominal
1037,0.8488683571279022,1764531277,nominal
1038,0.8496040608941128,1764531277,nominal
1039,0.8503363302214807,1764531277,nominal
1040,0.851065179154929,1764531277,nominal
1041,0.851790621709317,1764531277,nominal
1042,0.8525126718690869,1764531277,nominal
1043,0.8532313435879136,1764531277,nominal
1044,0.853946650788366,1764531277,nominal
1045,0.8546586073615724,1764531277,nominal
1046,0.8553672271668972,1764531277,nominal
1047,0.8560725240316214,1764531277,nominal
1048,0.8567745117506332,1764531277,nominal
1049,0.8574732040861244,1764531277,nominal
1050,0.8578145795846762,1764531277,nominal
1051,0.8581545539056766,1764531277,nominal
1052,0.8584931315313749,1764531277,nominal
1053,0.8588303169401136,1764531277,nominal
1054,0.8591661146062425,1764531277,nominal
1055,0.8595005290000345,1764531277,nominal
1056,0.8598335645876004,1764531277,nominal
1057,0.8601652258308053,1764531277,nominal
1058,0.8604955171871858,1764531277,nominal
1059,0.8608244431098665,1764531277,nominal
1060,0.8615073328115115,1764531277,nominal
1061,0.8621869769516933,1764531277,nominal
1062,0.8628633894455027,1764531277,nominal
1063,0.863536584169934,1764531277,nominal
1064,0.8642065749636569,1764531277,nominal
1065,0.8648733756267942,1764531277,nominal
1066,0.8655369999207057,1764531277,nominal
1067,0.8661974615677784,1764531277,nominal
1068,0.8668547742512244,1764531277,nominal
1069,0.8675089516148817,1764531277,nominal
1070,0.8681600072630249,1764531277,nominal
1071,0.8688079547601785,1764531277,nominal
1072,0.8694528076309377,1764531277,nominal
1073,0.870094579359795,1764531277,nominal
1074,0.8707332833909717,1764531277,nominal
1075,0.8713689331282557,1764531277,nominal
1076,0.8720015419348439,1764531277,nominal
1077,0.8726311231331914,1764531277,nominal
1078,0.8728977639085127,1764531277,nominal
1079,0.8731633671050422,1764531277,nominal
1080,0.873427935479987,1764531277,nominal
1081,0.8736914717944675,1764531277,nominal
1082,0.8739539788134003,1764531277,nominal
1083,0.8742154593053792,1764531277,nominal
1084,0.8744759160425585,1764531277,nominal
1085,0.8747353518005365,1764531277,nominal
1086,0.8749937693582404,1764531277,nominal
1087,0.8752511714978103,1764531277,nominal
1088,0.8758685252947758,1764531277,nominal
1089,0.876482887313439,1764531277,nominal
1090,0.8770942710382401,1764531277,nominal
1091,0.8773425598922634,1764531277,nominal
1092,0.8775898697727905,1764531277,nominal
1093,0.877836203393278,1764531277,nominal
1094,0.8780815634698071,1764531277,nominal
1095,0.8783259527209756,1764531277,nominal
1096,0.8785693738677911,1764531277,nominal
1097,0.8788118296335644,1764531277,nominal
1098,0.8790533227438039,1764531277,nominal
1099,0.8792938559261109,1764531277,nominal
1100,0.8795334319100756,1764531277,nominal
1101,0.880133206739108,1764531277,nominal
1102,0.8807300393803372,1764531277,nominal
1103,0.8813239434467351,1764531277,nominal
1104,0.8819149325016664,1764531277,nominal
1105,0.8825030200588508,1764531277,nominal
1106,0.8830882195823287,1764531277,nominal
1107,0.8836705444864333,1764531277,nominal
1108,0.8842500081357636,1764531277,nominal
1109,0.8848266238451644,1764531277,nominal
1110,0.8854004048797088,1764531277,nominal
1111,0.8859713644546858,1764531277,nominal
1112,0.8865395157355903,1764531277,nominal
1113,0.8871048718381175,1764531277,nominal
1114,0.8876674458281623,1764531277,nominal
1115,0.8882272507218205,1764531277,nominal
1116,0.8887842994853945,1764531277,nominal
1117,0.8893386050354027,1764531277,nominal
1118,0.8898901802385919,1764531277,nominal
1119,0.8904390379119536,1764531277,nominal
1120,0.8909851908227432,1764531277,nominal
1121,0.8914500991006078,1764531277,nominal
1122,0.8919133548703886,1764531277,nominal
1123,0.8923749612214594,1764531277,nominal
1124,0.8924791271905282,1764531277,nominal
1125,0.8922265147116689,1764531277,nominal
1126,0.8916166076267109,1764531277,nominal
1127,0.8909277897084248,1764531277,nominal
1128,0.8901588190881633,1764531277,nominal
1129,0.8893082289553567,1764531277,nominal
1130,0.8883743210157539,1764531277,nominal
1131,0.8874373631458735,1764531277,nominal
1132,0.8864143788792663,1764531277,nominal
1133,0.8851119794782342,1764531277,nominal
1134,0.8840939616031194,1764531277,nominal
1135,0.883363210972297,1764531277,nominal
1136,0.882922726779235,1764531277,nominal
1137,0.8824815504569894,1764531277,nominal
1138,0.8821268664022961,1764531277,nominal
1139,0.8818595471040885,1764531277,nominal
1140,0.8815924069585341,1764531277,nominal
1141,0.8813254463770731,1764531277,nominal
1142,0.881058665780439,1764531277,nominal
1143,0.8809926378324561,1764531277,nominal
1144,0.8809280482694316,1764531277,nominal
1145,0.8808648943777921,1764531277,nominal
1146,0.8808031734280293,1764531277,nominal
1147,0.8807428826749059,1764531277,nominal
1148,0.8805938852334377,1764531277,nominal
1149,0.8803555879471158,1764531277,nominal
1150,0.8801182275549048,1764531277,nominal
1151,0.8798818022310573,1764531277,nominal
1152,0.8796463101254062,1764531277,nominal
1153,0.8794117493638459,1764531277,nominal
1154,0.8791781180488069,1764531277,nominal
1155,0.8789454142597265,1764531277,nominal
1156,0.8787136360535118,1764531277,nominal
1157,0.8784827814649999,1764531277,nominal
1158,0.87825284850741,1764531277,nominal
1159,0.8780238351727921,1764531277,nominal
1160,0.8778912693178664,1764531277,nominal
1161,0.8777599619846593,1764531277,nominal
1162,0.8776299114413548,1764531277,nominal
1163,0.8775011159458724,1764531277,nominal
1164,0.8773735737461404,1764531277,nominal
1165,0.8772472830803669,1764531277,nominal
1166,0.877122242177303,1764531277,nominal
1167,0.8769984492565047,1764531277,nominal
1168,0.8768759025285879,1764531277,nominal
1169,0.87675460019548,1764531277,nominal
1170,0.876535371634789,1764531277,nominal
1171,0.8763170351778388,1764531277,nominal
1172,0.8760995886202111,1764531277,nominal
1173,0.8758830297415555,1764531277,nominal
1174,0.875667356305965,1764531277,nominal
1175,0.8754525660623496,1764531277,nominal
1176,0.8752386567448017,1764531277,nominal
1177,0.8750256260729609,1764531277,nominal
1178,0.8748134717523706,1764531277,nominal
1179,0.8746021914748324,1764531277,nominal
1180,0.8743917829187539,1764531277,nominal
1181,0.8741822437494945,1764531277,nominal
1182,0.8739735716197033,1764531277,nominal
1183,0.8737657641696571,1764531277,nominal
1184,0.8735588190275888,1764531277,nominal
1185,0.8733527338100162,1764531277,nominal
1186,0.8731475061220626,1764531277,nominal
1187,0.8729431335577762,1764531277,nominal
1188,0.8727396137004425,1764531277,nominal
1189,0.8725369441228958,1764531277,nominal
1190,0.8723351223878225,1764531277,nominal
1191,0.8721341460480634,1764531277,nominal
1192,0.8719340126469107,1764531277,nominal
1193,0.8717347197184016,1764531277,nominal
1194,0.8715362647876062,1764531277,nominal
1195,0.8713386453709134,1764531277,nominal
1196,0.871141858976313,1764531277,nominal
1197,0.8710587639683536,1764531277,nominal
1198,0.8709768681178023,1764531277,nominal
1199,0.8710096842121395,1764531277,nominal
1200,0.871043780178579,1764531277,nominal
1201,0.8710791522969431,1764531277,nominal
1202,0.87111579683868,1764531277,nominal
1203,0.8711537100668824,1764531277,nominal
1204,0.8711928882363047,1764531277,nominal
1205,0.87123332759338,1764531277,nominal
1206,0.871275024376236,1764531277,nominal
1207,0.8713179748147101,1764531277,nominal
1208,0.871362175130362,1764531277,nominal
1209,0.8712915730550178,1764531277,nominal
1210,0.8712221420611729,1764531277,nominal
1211,0.8711538801289537,1764531277,nominal
1212,0.8710867852372766,1764531277,nominal
1213,0.8710208553639323,1764531277,nominal
1214,0.8709560884856659,1764531277,nominal
1215,0.8708924825782562,1764531277,nominal
1216,0.8709489156572485,1764531277,nominal
1217,0.8708874369630263,1764531277,nominal
1218,0.8708271127838424,1764531277,nominal
1219,0.8707679410943265,1764531277,nominal
1220,0.8707099198684722,1764531277,nominal
1221,0.8707738098354424,1764531277,nominal
1222,0.8708388963301624,1764531277,nominal
1223,0.870905175401904,1764531277,nominal
1224,0.8709726430918372,1764531277,nominal
1225,0.8710412954330324,1764531277,nominal
1226,0.8709891466395634,1764531277,nominal
1227,0.8709381322428386,1764531277,nominal
1228,0.8708882502231527,1764531277,nominal
1229,0.8708394985605467,1764531277,nominal
1230,0.8707918752348496,1764531277,nominal
1231,0.87062115363311,1764531277,nominal
1232,0.8704511696345447,1764531277,nominal
1233,0.8702819207184369,1764531277,nominal
1234,0.87011340436212,1764531277,nominal
1235,0.8699456180411531,1764531277,nominal
1236,0.8697785592294925,1764531277,nominal
1237,0.8696122253996611,1764531277,nominal
1238,0.8694466140229145,1764531277,nominal
1239,0.8692817225694063,1764531277,nominal
1240,0.8691175485083477,1764531277,nominal
1241,0.8689540893081679,1764531277,nominal
1242,0.8687913424366696,1764531277,nominal
1243,0.8686293053611831,1764531277,nominal
1244,0.8684679755487164,1764531277,nominal
1245,0.8683073504661064,1764531277,nominal
1246,0.8681474275801636,1764531277,nominal
1247,0.8679882043578162,1764531277,nominal
1248,0.8678296782662527,1764531277,nominal
1249,0.8676718467730604,1764531277,nominal
1250,0.8675147073463629,1764531277,nominal
1251,0.867358257454955,1764531277,nominal
1252,0.8672024945684346,1764531277,nominal
1253,0.8670474161573334,1764531277,nominal
1254,0.8668930196932457,1764531277,nominal
1255,0.8667393026489526,1764531277,nominal
1256,0.8665862624985475,1764531277,nominal
1257,0.866433896717557,1764531277,nominal
1258,0.8662822027830597,1764531277,nominal
1259,0.866131178173806,1764531277,nominal
1260,0.8659808203703308,1764531277,nominal
1261,0.865831126855069,1764531277,nominal
1262,0.8656820951124657,1764531277,nominal
1263,0.8655337226290865,1764531277,nominal
1264,0.8653860068937242,1764531277,nominal
1265,0.8652389453975056,1764531277,nominal
1266,0.8650925356339936,1764531277,nominal
1267,0.8649467750992912,1764531277,nominal
1268,0.864801661292139,1764531277,nominal
1269,0.8646571917140157,1764531277,nominal
1270,0.8645133638692323,1764531277,nominal
1271,0.8643701752650294,1764531277,nominal
1272,0.8642276234116668,1764531277,nominal
1273,0.8640857058225169,1764531277,nominal
1274,0.8639444200141537,1764531277,nominal
1275,0.8638037635064401,1764531277,nominal
1276,0.8636637338226137,1764531277,nominal
1277,0.8635243284893718,1764531277,nominal
1278,0.8633855450369535,1764531277,nominal
1279,0.8632473809992224,1764531277,nominal
1280,0.8631098339137436,1764531277,nominal
1281,0.8629729013218637,1764531277,nominal
1282,0.8628365807687869,1764531277,nominal
1283,0.8627008698036491,1764531277,nominal
1284,0.8625657659795924,1764531277,nominal
1285,0.8624312668538366,1764531277,nominal
1286,0.8622973699877493,1764531277,nominal
1287,0.8621640729469153,1764531277,nominal
1288,0.862031373301205,1764531277,nominal
1289,0.8618992686248386,1764531277,nominal
1290,0.8617677564964524,1764531277,nominal
1291,0.8616368344991631,1764531277,nominal
1292,0.8615065002206275,1764531277,nominal
1293,0.8613767512531049,1764531277,nominal
1294,0.8612475851935164,1764531277,nominal
1295,0.8611189996435026,1764531277,nominal
1296,0.8609909922094812,1764531277,nominal
1297,0.8608635605027012,1764531277,nominal
1298,0.8607367021392992,1764531277,nominal
1299,0.8606104147403508,1764531277,nominal
1300,0.8604846959319231,1764531277,nominal
1301,0.8603595433451267,1764531277,nominal
1302,0.8602349546161627,1764531277,nominal
1303,0.8601109273863741,1764531277,nominal
1304,0.8599874593022896,1764531277,nominal
1305,0.8598645480156737,1764531277,nominal
1306,0.859742191183567,1764531277,nominal
1307,0.8596203864683353,1764531277,nominal
1308,0.8594991315377081,1764531277,nominal
1309,0.8593784240648223,1764531277,nominal
1310,0.8592582617282631,1764531277,nominal
1311,0.8591386422121032,1764531277,nominal
1312,0.859019563205941,1764531277,nominal
1313,0.8589010224049377,1764531277,nominal
1314,0.858783017509857,1764531277,nominal
1315,0.8586655462270967,1764531277,nominal
1316,0.8585486062687269,1764531277,nominal
1317,0.8584321953525204,1764531277,nominal
1318,0.8583163112019879,1764531277,nominal
1319,0.8582009515464096,1764531277,nominal
1320,0.8580861141208647,1764531277,nominal
1321,0.8579717966662631,1764531277,nominal
1322,0.8578579969293731,1764531277,nominal
1323,0.8577447126628511,1764531277,nominal
1324,0.8576319416252685,1764531277,nominal
1325,0.8575196815811367,1764531277,nominal
1326,0.8574079303009358,1764531277,nominal
1327,0.8572966855611367,1764531277,nominal
1328,0.8571859451442279,1764531277,nominal
1329,0.8570757068387357,1764531277,nominal
1330,0.8569659684392484,1764531277,nominal
1331,0.8568567277464393,1764531277,nominal
1332,0.8567479825670854,1764531277,nominal
1333,0.8566397307140879,1764531277,nominal
1334,0.8565319700064932,1764531277,nominal
1335,0.8564246982695093,1764531277,nominal
1336,0.8563179133345274,1764531277,nominal
1337,0.8562116130391355,1764531277,nominal
1338,0.8561057952271358,1764531277,nominal
1339,0.8560004577485619,1764531277,nominal
1340,0.8558955984596947,1764531277,nominal
1341,0.8557912152230738,1764531277,nominal
1342,0.8556873059075142,1764531277,nominal
1343,0.8555838683881177,1764531277,nominal
1344,0.855480900546288,1764531277,nominal
1345,0.8553784002697392,1764531277,nominal
1346,0.8552763654525108,1764531277,nominal
1347,0.8551747939949751,1764531277,nominal
1348,0.8550736838038506,1764531277,nominal
1349,0.8549730327922085,1764531277,nominal
1350,0.8548728388794845,1764531277,nominal
1351,0.8547730999914841,1764531277,nominal
1352,0.8546738140603937,1764531277,nominal
1353,0.8545749790247865,1764531277,nominal
1354,0.8544765928296275,1764531277,nominal
1355,0.8543786534262835,1764531277,nominal
1356,0.8542811587725243,1764531277,nominal
1357,0.8541841068325323,1764531277,nominal
1358,0.8540874955769039,1764531277,nominal
1359,0.8539913229826548,1764531277,nominal
1360,0.8538955870332242,1764531277,nominal
1361,0.8538002857184765,1764531277,nominal
1362,0.8537054170347061,1764531277,nominal
1363,0.8536109789846371,1764531277,nominal
1364,0.8535169695774272,1764531277,nominal
1365,0.8534233868286675,1764531277,nominal
1366,0.8533302287603847,1764531277,nominal
1367,0.8532374934010408,1764531277,nominal
1368,0.8531451787855318,1764531277,nominal
1369,0.8530532829551897,1764531277,nominal
1370,0.852961803957779,1764531277,nominal
1371,0.8528707398474988,1764531277,nominal
1372,0.8527800886849768,1764531277,nominal
1373,0.8526898485372713,1764531277,nominal
1374,0.852600017477865,1764531277,nominal
1375,0.8525105935866658,1764531277,nominal
1376,0.8524215749500007,1764531277,nominal
1377,0.8523329596606126,1764531277,nominal
1378,0.8522447458176583,1764531277,nominal
1379,0.8521569315267006,1764531277,nominal
1380,0.852069514899708,1764531277,nominal
1381,0.8519824940550451,1764531277,nominal
1382,0.8518958671174705,1764531277,nominal
1383,0.8518096322181293,1764531277,nominal
1384,0.8517237874945477,1764531277,nominal
1385,0.8516383310906261,1764531277,nominal
1386,0.8515532611566344,1764531277,nominal
1387,0.8514685758492007,1764531277,nominal
1388,0.8513842733313081,1764531277,nominal
1389,0.8513003517722858,1764531277,nominal
1390,0.8512168093477988,1764531277,nominal
1391,0.851133644239843,1764531277,nominal
1392,0.8510508546367364,1764531277,nominal
1393,0.8509684387331067,1764531277,nominal
1394,0.8508863947298866,1764531277,nominal
1395,0.8508047208343007,1764531277,nominal
1396,0.8507234152598598,1764531277,nominal
1397,0.8506424762263476,1764531277,nominal
1398,0.8505619019598116,1764531277,nominal
1399,0.8504816906925541,1764531277,nominal
1400,0.8504018406631181,1764531277,nominal
1401,0.8503223501162807,1764531277,nominal
1402,0.8502432173030401,1764531277,nominal
1403,0.8501644404806026,1764531277,nominal
1404,0.8500860179123724,1764531277,nominal
1405,0.8500079478679423,1764531277,nominal
1406,0.8499302286230747,1764531277,nominal
1407,0.8498528584596975,1764531277,nominal
1408,0.8497758356658879,1764531277,nominal
1409,0.8496991585358572,1764531277,nominal
1410,0.849622825369942,1764531277,nominal
1411,0.8495468344745898,1764531277,nominal
1412,0.8494711841623452,1764531277,nominal
1413,0.8493958727518359,1764531277,nominal
1414,0.8493208985677608,1764531277,nominal
1415,0.8492462599408755,1764531277,nominal
1416,0.8491719552079751,1764531277,nominal
1417,0.8490979827118872,1764531277,nominal
1418,0.8490243408014498,1764531277,nominal
1419,0.8489510278315014,1764531277,nominal
1420,0.8488780421628637,1764531277,nominal
1421,0.8488053821623301,1764531277,nominal
1422,0.8487330462026471,1764531277,nominal
1423,0.8486610326624999,1764531277,nominal
1424,0.8485893399264991,1764531277,nominal
1425,0.8485179663851632,1764531277,nominal
1426,0.8484469104349036,1764531277,nominal
1427,0.8483761704780081,1764531277,nominal
1428,0.8483057449226263,1764531277,nominal
1429,0.8482356321827519,1764531277,nominal
1430,0.8481658306782085,1764531277,nominal
1431,0.8480963388346308,1764531277,nominal
1432,0.8480271550834516,1764531277,nominal
1433,0.8479582778618799,1764531277,nominal
1434,0.8478897056128918,1764531277,nominal
1435,0.8478214367852047,1764531277,nominal
1436,0.8477534698332669,1764531277,nominal
1437,0.8476858032172399,1764531277,nominal
1438,0.8476184354029772,1764531277,nominal
1439,0.8475513648620104,1764531277,nominal
1440,0.847484590071533,1764531277,nominal
1441,0.8474181095143776,1764531277,nominal
1442,0.8473519216790044,1764531277,nominal
1443,0.8472860250594809,1764531277,nominal
1444,0.8472204181554618,1764531277,nominal
1445,0.8471550994721742,1764531277,nominal
1446,0.8470900675203995,1764531277,nominal
1447,0.8470253208164541,1764531277,nominal
1448,0.8469608578821713,1764531277,nominal
1449,0.8468966772448832,1764531277,nominal
1450,0.8468327774374046,1764531277,nominal
1451,0.8467691569980099,1764531277,nominal
1452,0.8467058144704196,1764531277,nominal
1453,0.8466427484037777,1764531277,nominal
1454,0.8465799573526359,1764531277,nominal
1455,0.8465174398769331,1764531277,nominal
1456,0.846455194541979,1764531277,nominal
1457,0.8463932199184316,1764531277,nominal
1458,0.8463315145822817,1764531277,nominal
1459,0.8462700771148324,1764531277,nominal
1460,0.8462089061026812,1764531277,nominal
1461,0.8461480001376964,1764531277,nominal
1462,0.8460873578170061,1764531277,nominal
1463,0.8460269777429721,1764531277,nominal
1464,0.8459668585231714,1764531277,nominal
1465,0.8459069987703827,1764531277,nominal
1466,0.8458473971025587,1764531277,nominal
1467,0.8457880521428124,1764531277,nominal
1468,0.8457289625193982,1764531277,nominal
1469,0.845670126865687,1764531277,nominal
1470,0.8456115438201495,1764531277,nominal
1471,0.8455532120263403,1764531277,nominal
1472,0.8454951301328725,1764531277,nominal
1473,0.8454372967934025,1764531277,nominal
1474,0.8453797106666056,1764531277,nominal
1475,0.8453223704161607,1764531277,nominal
1476,0.8452652747107284,1764531277,nominal
1477,0.8452084222239322,1764531277,nominal
1478,0.8451518116343362,1764531277,nominal
1479,0.8450954416254297,1764531277,nominal
1480,0.8450393108856027,1764531277,nominal
1481,0.8449834181081282,1764531277,nominal
1482,0.844927761991142,1764531277,nominal
1483,0.8448723412376228,1764531277,nominal
1484,0.8448171545553712,1764531277,nominal
1485,0.8447622006569939,1764531277,nominal
1486,0.8447074782598745,1764531277,nominal
1487,0.8446529860861642,1764531277,nominal
1488,0.8426081260436082,1764531277,nominal
1489,0.8405610159495461,1764531277,nominal
1490,0.8385117078789691,1764531277,nominal
1491,0.8364602538210187,1764531277,nominal
1492,0.8344067056759329,1764531277,nominal
1493,0.8323511152520061,1764531277,nominal
1494,0.830293534262583,1764531277,nominal
1495,0.8282340143230724,1764531277,nominal
1496,0.8261726069479877,1764531277,nominal
1497,0.8241093635480207,1764531277,nominal
1498,0.8240532820626626,1764531277,nominal
1499,0.8239974391441404,1764531277,nominal
1500,0.8239418334664842,1764531277,nominal
1501,0.8238864637088551,1764531277,nominal
1502,0.8238313285555062,1764531277,nominal
1503,0.8237764266957731,1764531277,nominal
1504,0.8237217568240355,1764531277,nominal
1505,0.8236673176397088,1764531277,nominal
1506,0.8236131078472115,1764531277,nominal
1507,0.8235591261559412,1764531277,nominal
1508,0.82350537128026,1764531277,nominal
1509,0.8234518419394613,1764531277,nominal
1510,0.8233985368577511,1764531277,nominal
1511,0.8233454547642266,1764531277,nominal
1512,0.8232925943928513,1764531277,nominal
1513,0.8232399544824281,1764531277,nominal
1514,0.823187533776582,1764531277,nominal
1515,0.8231353310237352,1764531277,nominal
1516,0.8230833449770827,1764531277,nominal
1517,0.8230315743945659,1764531277,nominal
1518,0.8229800180388583,1764531277,nominal
1519,0.8229286746773358,1764531277,nominal
1520,0.8228775430820551,1764531277,nominal
1521,0.8228266220297317,1764531277,nominal
1522,0.822775910301716,1764531277,nominal
1523,0.8227254066839703,1764531277,nominal
1524,0.8226751099670457,1764531277,nominal
1525,0.8226250189460624,1764531277,nominal
1526,0.8225751324206791,1764531277,nominal
1527,0.8225254491950805,1764531277,nominal
1528,0.8224759680779461,1764531277,nominal
1529,0.8224266878824313,1764531277,nominal
1530,0.822377607426146,1764531277,nominal
1531,0.822328725531126,1764531277,nominal
1532,0.8222800410238169,1764531277,nominal
1533,0.8222315527350492,1764531277,nominal
1534,0.8221832595000125,1764531277,nominal
1535,0.8221351601582366,1764531277,nominal
1536,0.8220872535535705,1764531277,nominal
1537,0.8220395385341547,1764531277,nominal
1538,0.8219920139524024,1764531277,nominal
1539,0.8219446786649767,1764531277,nominal
1540,0.8218975315327648,1764531277,nominal
1541,0.8218505714208626,1764531277,nominal
1542,0.8218037971985455,1764531277,nominal
1543,0.8217572077392484,1764531277,nominal
1544,0.8217108019205452,1764531277,nominal
1545,0.8216645786241257,1764531277,nominal
1546,0.8216185367357723,1764531277,nominal
1547,0.821572675145337,1764531277,nominal
1548,0.8215269927467237,1764531277,nominal
1549,0.8214814884378592,1764531277,nominal
1550,0.8214361611206776,1764531277,nominal
1551,0.821391009701097,1764531277,nominal
1552,0.8213460330889958,1764531277,nominal
1553,0.8213012301981892,1764531277,nominal
1554,0.8212565999464096,1764531277,nominal
1555,0.8212121412552882,1764531277,nominal
1556,0.8211678530503259,1764531277,nominal
1557,0.8211237342608761,1764531277,nominal
1558,0.821079783820123,1764531277,nominal
1559,0.8210360006650596,1764531277,nominal
1560,0.8209923837364619,1764531277,nominal
1561,0.8209489319788751,1764531277,nominal
1562,0.8209056443405851,1764531277,nominal
1563,0.8208625197736017,1764531277,nominal
1564,0.8208195572336339,1764531277,nominal
1565,0.8207767556800674,1764531277,nominal
1566,0.8207341140759493,1764531277,nominal
1567,0.8206916313879605,1764531277,nominal
1568,0.8206493065863976,1764531277,nominal
1569,0.820607138645151,1764531277,nominal
1570,0.8205651265416809,1764531277,nominal
1571,0.8205232692570016,1764531277,nominal
1572,0.8204815657756559,1764531277,nominal
1573,0.820440015085697,1764531277,nominal
1574,0.8203986161786607,1764531277,nominal
1575,0.8203573680495543,1764531277,nominal
1576,0.8203162696968305,1764531277,nominal
1577,0.8202753201223641,1764531277,nominal
1578,0.8202345183314383,1764531277,nominal
1579,0.820193863332711,1764531277,nominal
1580,0.820153354138211,1764531277,nominal
1581,0.8201129897633028,1764531277,nominal
1582,0.820072769226673,1764531277,nominal
1583,0.8200326915503108,1764531277,nominal
1584,0.8199927557594787,1764531277,nominal
1585,0.8199529608827013,1764531277,nominal
1586,0.8199133059517426,1764531277,nominal
1587,0.81987379000158,1764531277,nominal
1588,0.8198344120703912,1764531277,nominal
1589,0.8197951711995296,1764531277,nominal
1590,0.8197560664335001,1764531277,nominal
1591,0.8197170968199516,1764531277,nominal
1592,0.8196782614096422,1764531277,nominal
1593,0.8196395592564258,1764531277,nominal
1594,0.8196009894172345,1764531277,nominal
1595,0.8195625509520489,1764531277,nominal
1596,0.8195242429238906,1764531277,nominal
1597,0.8194860643987898,1764531277,nominal
1598,0.8194480144457751,1764531277,nominal
1599,0.8194100921368476,1764531277,nominal
1600,0.8193722965469615,1764531277,nominal
1601,0.8193346267540073,1764531277,nominal
1602,0.8192970818387862,1764531277,nominal
1603,0.8192596608849979,1764531277,nominal
1604,0.8192223629792167,1764531277,nominal
1605,0.8191851872108695,1764531277,nominal
1606,0.8191481326722163,1764531277,nominal
1607,0.819111198458335,1764531277,nominal
1608,0.8190743836671008,1764531277,nominal
1609,0.819037687399164,1764531277,nominal
1610,0.8190011087579272,1764531277,nominal
1611,0.8189646468495331,1764531277,nominal
1612,0.8189283007828446,1764531277,nominal
1613,0.8188920696694179,1764531277,nominal
1614,0.81885595262349,1764531277,nominal
1615,0.8188199487619545,1764531277,nominal
1616,0.8187840572043474,1764531277,nominal
1617,0.8187482770728242,1764531277,nominal
1618,0.8187126074921394,1764531277,nominal
1619,0.8186770475896368,1764531277,nominal
1620,0.8186415964952117,1764531277,nominal
1621,0.8186062533413136,1764531277,nominal
1622,0.8185710172629087,1764531277,nominal
1623,0.8185358873974734,1764531277,nominal
1624,0.818500862884967,1764531277,nominal
1625,0.8184659428678178,1764531277,nominal
1626,0.8184311264909043,1764531277,nominal
1627,0.8183964129015323,1764531277,nominal
1628,0.818361801249417,1764531277,nominal
1629,0.81832729068667,1764531277,nominal
1630,0.8182928803677719,1764531277,nominal
1631,0.818258569449557,1764531277,nominal
1632,0.818224357091199,1764531277,nominal
1633,0.8181902424541827,1764531277,nominal
1634,0.8181562247022968,1764531277,nominal
1635,0.8181223030016068,1764531277,nominal
1636,0.8180884765204398,1764531277,nominal
1637,0.8180547444293637,1764531277,nominal
1638,0.8180211059011703,1764531277,nominal
1639,0.8179875601108627,1764531277,nominal
1640,0.8179541062356206,1764531277,nominal
1641,0.8179207434548044,1764531277,nominal
1642,0.8178874709499155,1764531277,nominal
1643,0.8178542879045911,1764531277,nominal
1644,0.817821193504579,1764531277,nominal
1645,0.8177881869377269,1764531277,nominal
1646,0.8177552673939559,1764531277,nominal
1647,0.8177224340652478,1764531277,nominal
1648,0.8176896861456278,1764531277,nominal
1649,0.817657022831139,1764531277,nominal
1650,0.8176244433198357,1764531277,nominal
1651,0.817591946811748,1764531277,nominal
1652,0.8175595325088858,1764531277,nominal
1653,0.8175271996152058,1764531277,nominal
1654,0.8174949473365936,1764531277,nominal
1655,0.8174627748808572,1764531277,nominal
1656,0.8174306814576946,1764531277,nominal
1657,0.8173986662786871,1764531277,nominal
1658,0.8173667285572742,1764531277,nominal
1659,0.8173348675087455,1764531277,nominal
1660,0.8173030823502064,1764531277,nominal
1661,0.8172713723005776,1764531277,nominal
1662,0.8172397365805684,1764531277,nominal
1663,0.8172081744126658,1764531277,nominal
1664,0.8171766850210986,1764531277,nominal
1665,0.8171452676318512,1764531277,nominal
1666,0.8171139214726116,1764531277,nominal
1667,0.8170826457727814,1764531277,nominal
1668,0.8170514397634464,1764531277,nominal
1669,0.8170203026773507,1764531277,nominal
1670,0.8169892337488979,1764531277,nominal
1671,0.8169582322141274,1764531277,nominal
1672,0.8169272973106837,1764531277,nominal
1673,0.8168964282778114,1764531277,nominal
1674,0.8168656243563438,1764531277,nominal
1675,0.8168348847886763,1764531277,nominal
1676,0.8168042088187422,1764531277,nominal
1677,0.8167735956920099,1764531277,nominal
1678,0.8167430446554578,1764531277,nominal
1679,0.816712554957562,1764531277,nominal
1680,0.8166821258482766,1764531277,nominal
1681,0.8166517565790116,1764531277,nominal
1682,0.8166214464026261,1764531277,nominal
1683,0.816591194573403,1764531277,nominal
1684,0.8165610003470328,1764531277,nominal
1685,0.8165308629806032,1764531277,nominal
1686,0.8165007817325752,1764531277,nominal
1687,0.8164707558627633,1764531277,nominal
1688,0.8164407846323348,1764531277,nominal
1689,0.8164108673037693,1764531277,nominal
1690,0.8163810031408668,1764531277,nominal
1691,0.8163511914087095,1764531277,nominal
1692,0.8163214313736561,1764531277,nominal
1693,0.816291722303325,1764531277,nominal
1694,0.8162620634665725,1764531277,nominal
1695,0.8162324541334857,1764531277,nominal
1696,0.816202893575348,1764531277,nominal
1697,0.8161733810646462,1764531277,nominal
1698,0.8161439158750302,1764531277,nominal
1699,0.8161144972813134,1764531277,nominal
1700,0.8160851245594484,1764531277,nominal
1701,0.8160557969865124,1764531277,nominal
1702,0.8160265138406897,1764531277,nominal
1703,0.8159972744012638,1764531277,nominal
1704,0.8159680779485744,1764531277,nominal
1705,0.8159389237640381,1764531277,nominal
1706,0.8159098111301066,1764531277,nominal
1707,0.8158807393302533,1764531277,nominal
1708,0.8158517076489673,1764531277,nominal
1709,0.8158227153717227,1764531277,nominal
1710,0.8157937617849793,1764531277,nominal
1711,0.8157648461761426,1764531277,nominal
1712,0.8157359678335809,1764531277,nominal
1713,0.8157071260465678,1764531277,nominal
1714,0.8156783201053097,1764531277,nominal
1715,0.8156495493008887,1764531277,nominal
1716,0.8156208129252831,1764531277,nominal
1717,0.8155921102713161,1764531277,nominal
1718,0.815563440632668,1764531277,nominal
1719,0.8155348033038463,1764531277,nominal
1720,0.8155061975801702,1764531277,nominal
1721,0.8154776227577529,1764531277,nominal
1722,0.8154490781335042,1764531277,nominal
1723,0.81542056300508,1764531277,nominal
1724,0.815392076670898,1764531277,nominal
1725,0.8153636184301023,1764531277,nominal
1726,0.8153351875825591,1764531277,nominal
1727,0.8153067834288337,1764531277,nominal
1728,0.8152784052701737,1764531277,nominal
1729,0.8152500524084988,1764531277,nominal
1730,0.8152217241463802,1764531277,nominal
1731,0.81519341978703,1764531277,nominal
1732,0.8151651386342701,1764531277,nominal
1733,0.8151368799925438,1764531277,nominal
1734,0.815108643166868,1764531277,nominal
1735,0.8150804274628466,1764531277,nominal
1736,0.8150522321866266,1764531277,nominal
1737,0.8150240566449086,1764531277,nominal
1738,0.8149959001449159,1764531277,nominal
1739,0.814967761994375,1764531277,nominal
1740,0.8149396415015209,1764531277,nominal
1741,0.8149115379750436,1764531277,nominal
1742,0.8148834507241168,1764531277,nominal
1743,0.8148553790583535,1764531277,nominal
1744,0.814827322287799,1764531277,nominal
1745,0.814799279722908,1764531277,nominal
1746,0.814771250674536,1764531277,nominal
1747,0.8147432344539309,1764531277,nominal
1748,0.8147152303726978,1764531277,nominal
1749,0.8146872377427959,1764531277,nominal
1750,0.8146592558765305,1764531277,nominal
1751,0.8146312840865103,1764531277,nominal
1752,0.8146033216856664,1764531277,nominal
1753,0.8145753679872084,1764531277,nominal
1754,0.8145474223046232,1764531277,nominal
1755,0.8145194839516534,1764531277,nominal
1756,0.81449155224229,1764531277,nominal
1757,0.8144636264907488,1764531277,nominal
1758,0.8144357060114501,1764531277,nominal
1759,0.8144077901190205,1764531277,nominal
1760,0.8143798781282524,1764531277,nominal
1761,0.8143519693541281,1764531277,nominal
1762,0.8143240631117461,1764531277,nominal
1763,0.8142961587163625,1764531277,nominal
1764,0.8142682554833439,1764531277,nominal
1765,0.814240352728152,1764531277,nominal
1766,0.8142124497663519,1764531277,nominal
1767,0.8141845459135613,1764531277,nominal
1768,0.8141566404854643,1764531277,nominal
1769,0.8141287327977913,1764531277,nominal
1770,0.8141008221662765,1764531277,nominal
1771,0.81407290790669,1764531277,nominal
1772,0.8140449893347698,1764531277,nominal
1773,0.8140170657662564,1764531277,nominal
1774,0.8139891365168309,1764531277,nominal
1775,0.8139612009021402,1764531277,nominal
1776,0.8139332582377516,1764531277,nominal
1777,0.8139053078391519,1764531277,nominal
1778,0.8138773490217285,1764531277,nominal
1779,0.8138493811007602,1764531277,nominal
1780,0.8138214033913931,1764531277,nominal
1781,0.8137934152086158,1764531277,nominal
1782,0.8137654158672725,1764531277,nominal
1783,0.8137374046820307,1764531277,nominal
1784,0.8137093809673559,1764531277,nominal
1785,0.8136813440375075,1764531277,nominal
1786,0.813653293206538,1764531277,nominal
1787,0.8136252277882441,1764531277,nominal
1788,0.8135971470961794,1764531277,nominal
1789,0.8135690504436256,1764531277,nominal
1790,0.8135409371435797,1764531277,nominal
1791,0.8135128065087476,1764531277,nominal
1792,0.8134846578515081,1764531277,nominal
1793,0.8134564904839228,1764531277,nominal
1794,0.8134283037176914,1764531277,nominal
1795,0.8134000968641737,1764531277,nominal
1796,0.8133718692343379,1764531277,nominal
1797,0.813343620138763,1764531277,nominal
1798,0.8133153488876219,1764531277,nominal
1799,0.8132870547906803,1764531277,nominal
1800,0.8132587371572398,1764531277,nominal
1801,0.8132303952961708,1764531277,nominal
1802,0.8132020285158637,1764531277,nominal
1803,0.8131736361242287,1764531277,nominal
1804,0.8131452174286804,1764531277,nominal
1805,0.8131167717361153,1764531277,nominal
1806,0.8130882983529052,1764531277,nominal
1807,0.8130597965848593,1764531277,nominal
1808,0.8130312657372518,1764531277,nominal
1809,0.8130027051147694,1764531277,nominal
1810,0.8129741140215043,1764531277,nominal
1811,0.8129454917609426,1764531277,nominal
1812,0.8129168376359635,1764531277,nominal
1813,0.8128881509487876,1764531277,nominal
1814,0.8128594310009984,1764531277,nominal
1815,0.8128306770935029,1764531277,nominal
1816,0.8128018885265331,1764531277,nominal
1817,0.8127730645996095,1764531277,nominal
1818,0.8127442046115557,1764531277,nominal
1819,0.8127153078604548,1764531277,nominal
1820,0.812686373643657,1764531277,nominal
1821,0.8126574012577199,1764531277,nominal
1822,0.8126283899984673,1764531277,nominal
1823,0.8125993391609122,1764531277,nominal
1824,0.8125702480392677,1764531277,nominal
1825,0.8125411159269108,1764531277,nominal
1826,0.8125119421164053,1764531277,nominal
1827,0.8124827258994395,1764531277,nominal
1828,0.8124534665668485,1764531277,nominal
1829,0.8124241634085794,1764531277,nominal
1830,0.8123948157136882,1764531277,nominal
1831,0.8123654227703055,1764531277,nominal
1832,0.8123359838656344,1764531277,nominal
1833,0.8123064982859406,1764531277,nominal
1834,0.8122769653165353,1764531277,nominal
1835,0.8122473842417381,1764531277,nominal
1836,0.8122177543448795,1764531277,nominal
1837,0.8121880749083006,1764531277,nominal
1838,0.8121583452133125,1764531277,nominal
1839,0.8121285645401655,1764531277,nominal
1840,0.812098732168102,1764531277,nominal
1841,0.8120688473752613,1764531277,nominal
1842,0.8120389094387176,1764531277,nominal
1843,0.8120089176344356,1764531277,nominal
1844,0.8119788712372731,1764531277,nominal
1845,0.8119487695209506,1764531277,nominal
1846,0.8119186117580469,1764531277,nominal
1847,0.8118883972199838,1764531277,nominal
1848,0.8118581251770046,1764531277,nominal
1849,0.811827794898152,1764531277,nominal
1850,0.8117974056512813,1764531277,nominal
1851,0.8117669567030115,1764531277,nominal
1852,0.8117364473187254,1764531277,nominal
1853,0.8117058767625426,1764531277,nominal
1854,0.81167524429733,1764531277,nominal
1855,0.8116445491846644,1764531277,nominal
1856,0.8116137906848148,1764531277,nominal
1857,0.8115829680567538,1764531277,nominal
1858,0.8115520805580985,1764531277,nominal
1859,0.8115211274451298,1764531277,nominal
1860,0.8114901079727691,1764531277,nominal
1861,0.811459021394551,1764531277,nominal
1862,0.8114278669626245,1764531277,nominal
1863,0.8113966439277278,1764531277,nominal
1864,0.8113653515391731,1764531277,nominal
1865,0.8113339890448332,1764531277,nominal
1866,0.8113025556911273,1764531277,nominal
1867,0.8112710507229927,1764531277,nominal
1868,0.8112394733838862,1764531277,nominal
1869,0.811207822915769,1764531277,nominal
1870,0.8111760985590614,1764531277,nominal
1871,0.8111442995526879,1764531277,nominal
1872,0.8111124251339771,1764531277,nominal
1873,0.8110804745387271,1764531277,nominal
1874,0.8110484470011404,1764531277,nominal
1875,0.8110163417538152,1764531277,nominal
1876,0.8109841580277445,1764531277,nominal
1877,0.8109518950523054,1764531277,nominal
1878,0.8109195520552235,1764531277,nominal
1879,0.8108871282625427,1764531277,nominal
1880,0.810854622898663,1764531277,nominal
1881,0.8108220351862788,1764531277,nominal
1882,0.8107893643463743,1764531277,nominal
1883,0.8107566095982119,1764531277,nominal
1884,0.8107237701593158,1764531277,nominal
1885,0.8106908452454753,1764531277,nominal
1886,0.8106578340706669,1764531277,nominal
1887,0.810624735847129,1764531277,nominal
1888,0.810591549785262,1764531277,nominal
1889,0.810558275093664,1764531277,nominal
1890,0.810524910979102,1764531277,nominal
1891,0.8104914566464784,1764531277,nominal
1892,0.8104579112988557,1764531277,nominal
1893,0.810424274137391,1764531277,nominal
1894,0.8103905443613607,1764531277,nominal
1895,0.8103567211681191,1764531277,nominal
1896,0.8103228037530927,1764531277,nominal
1897,0.8102887913097658,1764531277,nominal
1898,0.8102546830296546,1764531277,nominal
1899,0.8102204781023138,1764531277,nominal
1900,0.8101861757153032,1764531277,nominal
1901,0.8101517750541656,1764531277,nominal
1902,0.8101172753024133,1764531277,nominal
1903,0.8100826756415457,1764531277,nominal
1904,0.8100479752509645,1764531277,nominal
1905,0.8100131733080398,1764531277,nominal
1906,0.8099782689880247,1764531277,nominal
1907,0.8099432614640955,1764531277,nominal
1908,0.8099081499072713,1764531277,nominal
1909,0.8098729334864737,1764531277,nominal
1910,0.809837611368452,1764531277,nominal
1911,0.8098021827177769,1764531277,nominal
1912,0.8097666466968482,1764531277,nominal
1913,0.8097310024658775,1764531277,nominal
1914,0.8096952491828432,1764531277,nominal
1915,0.8096593860034903,1764531277,nominal
1916,0.8096234120813104,1764531277,nominal
1917,0.8095873265675527,1764531277,nominal
1918,0.8095511286111647,1764531277,nominal
1919,0.8095148173588043,1764531277,nominal
1920,0.809478391954825,1764531277,nominal
1921,0.8094418515412253,1764531277,nominal
1922,0.8094051952576861,1764531277,nominal
1923,0.8093684222415072,1764531277,nominal
1924,0.8093315316276248,1764531277,nominal
1925,0.809294522548563,1764531277,nominal
1926,0.809257394134467,1764531277,nominal
1927,0.8092201455130139,1764531277,nominal
1928,0.8091827758094732,1764531277,nominal
1929,0.8091452841466419,1764531277,nominal
1930,0.8091076696448354,1764531277,nominal
1931,0.8090699314218828,1764531277,nominal
1932,0.8090320685931246,1764531277,nominal
1933,0.808994080271337,1764531277,nominal
1934,0.8089559655667958,1764531277,nominal
1935,0.8089177235871996,1764531277,nominal
1936,0.808879353437676,1764531277,nominal
1937,0.8088408542207655,1764531277,nominal
1938,0.8088022250364058,1764531277,nominal
1939,0.8087634649819089,1764531277,nominal
1940,0.8087245731519626,1764531277,nominal
1941,0.808685548638573,1764531277,nominal
1942,0.8086463905310983,1764531277,nominal
1943,0.808607097916217,1764531277,nominal
1944,0.8085676698778544,1764531277,nominal
1945,0.8085281054973006,1764531277,nominal
1946,0.8084884038530199,1764531277,nominal
1947,0.808448564020796,1764531277,nominal
1948,0.808408585073603,1764531277,nominal
1949,0.8083684660816528,1764531277,nominal
1950,0.8083282061123171,1764531277,nominal
1951,0.8082878042301943,1764531277,nominal
1952,0.8082472594970439,1764531277,nominal
1953,0.8082065709717394,1764531277,nominal
1954,0.8081657377103235,1764531277,nominal
1955,0.8081247587659356,1764531277,nominal
1956,0.8080836331888281,1764531277,nominal
1957,0.8080423600263397,1764531277,nominal
1958,0.8080009383228439,1764531277,nominal
1959,0.8079593671198043,1764531277,nominal
1960,0.8079176454557021,1764531277,nominal
1961,0.8078757723660314,1764531277,nominal
1962,0.8078337468833102,1764531277,nominal
1963,0.8077915680370111,1764531277,nominal
1964,0.8077492348536112,1764531277,nominal
1965,0.8077067463564959,1764531277,nominal
1966,0.8076641015660186,1764531277,nominal
1967,0.8076212994994522,1764531277,nominal
1968,0.8075783391709335,1764531277,nominal
1969,0.8075352195915464,1764531277,nominal
1970,0.807491939769205,1764531277,nominal
1971,0.8074484987086927,1764531277,nominal
1972,0.8074048954116042,1764531277,nominal
1973,0.8073611288763802,1764531277,nominal
1974,0.8073171980982733,1764531277,nominal
1975,0.8072731020692897,1764531277,nominal
1976,0.8072288397782458,1764531277,nominal
1977,0.8071844102106667,1764531277,nominal
1978,0.8071398123488758,1764531277,nominal
1979,0.8070950451718505,1764531277,nominal
1980,0.8070501076553314,1764531277,nominal
1981,0.8070049987717175,1764531277,nominal
1982,0.8069597174900761,1764531277,nominal
1983,0.8069142627761579,1764531277,nominal
1984,0.8068686335923357,1764531277,nominal
1985,0.8068228288975848,1764531277,nominal
1986,0.8067768476475174,1764531277,nominal
1987,0.8067306887943252,1764531277,nominal
1988,0.8066843512867814,1764531277,nominal
1989,0.8066378340702105,1764531277,nominal
1990,0.8065911360864693,1764531277,nominal
1991,0.8065442562739461,1764531277,nominal
1992,0.8064971935675393,1764531277,nominal
1993,0.8064499468986382,1764531277,nominal
1994,0.8064025151951016,1764531277,nominal
1995,0.8063548973812493,1764531277,nominal
1996,0.8063070923778465,1764531277,nominal
1997,0.8062590991020928,1764531277,nominal
1998,0.8062109164675696,1764531277,nominal
1999,0.806162543384277,1764531277,nominal
2000,0.8061139787585875,1764531277,nominal
2001,0.8060652214932155,1764531277,nominal
