_step,ep_info/Banana,seed,arm
1,30,1769018515,l1
2,0,1769018515,l1
3,30,1769018515,l1
4,30,1769018515,l1
5,30,1769018515,l1
6,30,1769018515,l1
7,30,1769018515,l1
8,30,1769018515,l1
9,30,1769018515,l1
10,30,1769018515,l1
11,30,1769018515,l1
12,30,1769018515,l1
13,30,1769018515,l1
14,0,1769018515,l1
15,0,1769018515,l1
16,30,1769018515,l1
17,30,1769018515,l1
18,30,1769018515,l1
19,30,1769018515,l1
20,30,1769018515,l1
21,30,1769018515,l1
22,30,1769018515,l1
23,30,1769018515,l1
24,30,1769018515,l1
25,30,1769018515,l1
26,30,1769018515,l1
27,0,1769018515,l1
28,0,1769018515,l1
29,30,1769018515,l1
30,30,1769018515,l1
31,30,1769018515,l1
32,30,1769018515,l1
33,30,1769018515,l1
34,30,1769018515,l1
35,30,1769018515,l1
36,30,1769018515,l1
37,30,1769018515,l1
38,0,1769018515,l1
39,30,1769018515,l1
40,30,1769018515,l1
41,30,1769018515,l1
42,30,1769018515,l1
43,30,1769018515,l1
44,30,1769018515,l1
45,30,1769018515,l1
46,30,1769018515,l1
47,30,1769018515,l1
48,30,1769018515,l1
49,30,1769018515,l1
50,30,1769018515,l1
51,30,1769018515,l1
52,30,1769018515,l1
53,30,1769018515,l1
54,30,1769018515,l1
55,30,1769018515,l1
56,30,1769018515,l1
57,30,1769018515,l1
58,30,1769018515,l1
59,30,1769018515,l1
60,30,1769018515,l1
61,30,1769018515,l1
62,30,1769018515,l1
63,30,1769018515,l1
64,30,1769018515,l1
65,30,1769018515,l1
66,30,1769018515,l1
67,0,1769018515,l1
68,0,1769018515,l1
69,30,1769018515,l1
70,30,1769018515,l1
71,30,1769018515,l1
72,30,1769018515,l1
73,30,1769018515,l1
74,30,1769018515,l1
75,30,1769018515,l1
76,30,1769018515,l1
77,30,1769018515,l1
78,0,1769018515,l1
79,30,1769018515,l1
80,30,1769018515,l1
81,30,1769018515,l1
82,30,1769018515,l1
83,0,1769018515,l1
84,30,1769018515,l1
85,30,1769018515,l1
86,0,1769018515,l1
87,0,1769018515,l1
88,30,1769018515,l1
89,30,1769018515,l1
90,30,1769018515,l1
91,30,1769018515,l1
92,30,1769018515,l1
93,30,1769018515,l1
94,30,1769018515,l1
95,30,1769018515,l1
96,30,1769018515,l1
97,30,1769018515,l1
98,30,1769018515,l1
99,0,1769018515,l1
100,30,1769018515,l1
101,0,1769018515,l1
102,30,1769018515,l1
103,30,1769018515,l1
104,30,1769018515,l1
105,30,1769018515,l1
106,0,1769018515,l1
107,0,1769018515,l1
108,0,1769018515,l1
109,30,1769018515,l1
110,0,1769018515,l1
111,30,1769018515,l1
112,30,1769018515,l1
113,30,1769018515,l1
114,30,1769018515,l1
115,30,1769018515,l1
116,30,1769018515,l1
117,0,1769018515,l1
118,30,1769018515,l1
119,30,1769018515,l1
120,30,1769018515,l1
121,30,1769018515,l1
122,30,1769018515,l1
123,30,1769018515,l1
124,0,1769018515,l1
125,30,1769018515,l1
126,30,1769018515,l1
127,30,1769018515,l1
128,30,1769018515,l1
129,0,1769018515,l1
130,30,1769018515,l1
131,30,1769018515,l1
132,30,1769018515,l1
133,30,1769018515,l1
134,30,1769018515,l1
135,30,1769018515,l1
136,30,1769018515,l1
137,0,1769018515,l1
138,30,1769018515,l1
139,30,1769018515,l1
140,30,1769018515,l1
141,30,1769018515,l1
142,30,1769018515,l1
143,30,1769018515,l1
144,30,1769018515,l1
145,30,1769018515,l1
146,30,1769018515,l1
147,30,1769018515,l1
148,30,1769018515,l1
149,30,1769018515,l1
150,30,1769018515,l1
151,30,1769018515,l1
152,30,1769018515,l1
153,30,1769018515,l1
154,30,1769018515,l1
155,30,1769018515,l1
156,30,1769018515,l1
157,30,1769018515,l1
158,30,1769018515,l1
159,30,1769018515,l1
160,30,1769018515,l1
161,30,1769018515,l1
162,30,1769018515,l1
163,30,1769018515,l1
164,30,1769018515,l1
165,30,1769018515,l1
166,30,1769018515,l1
167,30,1769018515,l1
168,30,1769018515,l1
169,30,1769018515,l1
170,30,1769018515,l1
171,0,1769018515,l1
172,30,1769018515,l1
173,30,1769018515,l1
174,30,1769018515,l1
175,30,1769018515,l1
176,30,1769018515,l1
177,0,1769018515,l1
178,30,1769018515,l1
179,0,1769018515,l1
180,30,1769018515,l1
181,30,1769018515,l1
182,30,1769018515,l1
183,30,1769018515,l1
184,30,1769018515,l1
185,30,1769018515,l1
186,30,1769018515,l1
187,30,1769018515,l1
188,30,1769018515,l1
189,30,1769018515,l1
190,30,1769018515,l1
191,30,1769018515,l1
192,30,1769018515,l1
193,30,1769018515,l1
194,30,1769018515,l1
195,0,1769018515,l1
196,30,1769018515,l1
197,30,1769018515,l1
198,30,1769018515,l1
199,30,1769018515,l1
200,30,1769018515,l1
201,30,1769018515,l1
202,30,1769018515,l1
203,30,1769018515,l1
204,30,1769018515,l1
205,30,1769018515,l1
206,30,1769018515,l1
207,30,1769018515,l1
208,30,1769018515,l1
209,30,1769018515,l1
210,30,1769018515,l1
211,30,1769018515,l1
212,30,1769018515,l1
213,30,1769018515,l1
214,0,1769018515,l1
215,30,1769018515,l1
216,30,1769018515,l1
217,30,1769018515,l1
218,30,1769018515,l1
219,30,1769018515,l1
220,30,1769018515,l1
221,30,1769018515,l1
222,30,1769018515,l1
223,30,1769018515,l1
224,0,1769018515,l1
225,30,1769018515,l1
226,30,1769018515,l1
227,30,1769018515,l1
228,30,1769018515,l1
229,30,1769018515,l1
230,30,1769018515,l1
231,30,1769018515,l1
232,30,1769018515,l1
233,30,1769018515,l1
234,30,1769018515,l1
235,30,1769018515,l1
236,30,1769018515,l1
237,30,1769018515,l1
238,30,1769018515,l1
239,30,1769018515,l1
240,30,1769018515,l1
241,30,1769018515,l1
242,30,1769018515,l1
243,30,1769018515,l1
244,30,1769018515,l1
245,30,1769018515,l1
246,30,1769018515,l1
247,30,1769018515,l1
248,30,1769018515,l1
249,30,1769018515,l1
250,30,1769018515,l1
251,30,1769018515,l1
252,30,1769018515,l1
253,30,1769018515,l1
254,30,1769018515,l1
255,30,1769018515,l1
256,30,1769018515,l1
257,30,1769018515,l1
258,30,1769018515,l1
259,30,1769018515,l1
260,30,1769018515,l1
261,30,1769018515,l1
262,30,1769018515,l1
263,30,1769018515,l1
264,30,1769018515,l1
265,30,1769018515,l1
266,30,1769018515,l1
267,30,1769018515,l1
268,30,1769018515,l1
269,30,1769018515,l1
270,30,1769018515,l1
271,30,1769018515,l1
272,30,1769018515,l1
273,30,1769018515,l1
274,30,1769018515,l1
275,30,1769018515,l1
276,0,1769018515,l1
277,30,1769018515,l1
278,30,1769018515,l1
279,30,1769018515,l1
280,30,1769018515,l1
281,30,1769018515,l1
282,30,1769018515,l1
283,30,1769018515,l1
284,30,1769018515,l1
285,30,1769018515,l1
286,30,1769018515,l1
287,30,1769018515,l1
288,30,1769018515,l1
289,30,1769018515,l1
290,30,1769018515,l1
291,30,1769018515,l1
292,30,1769018515,l1
293,30,1769018515,l1
294,30,1769018515,l1
295,30,1769018515,l1
296,30,1769018515,l1
297,30,1769018515,l1
298,30,1769018515,l1
299,30,1769018515,l1
300,30,1769018515,l1
301,30,1769018515,l1
302,30,1769018515,l1
303,30,1769018515,l1
304,30,1769018515,l1
305,30,1769018515,l1
306,30,1769018515,l1
307,30,1769018515,l1
308,30,1769018515,l1
309,30,1769018515,l1
310,30,1769018515,l1
311,30,1769018515,l1
312,30,1769018515,l1
313,30,1769018515,l1
314,30,1769018515,l1
315,30,1769018515,l1
316,30,1769018515,l1
317,30,1769018515,l1
318,30,1769018515,l1
319,30,1769018515,l1
320,30,1769018515,l1
321,30,1769018515,l1
322,30,1769018515,l1
323,30,1769018515,l1
324,30,1769018515,l1
325,30,1769018515,l1
326,30,1769018515,l1
327,30,1769018515,l1
328,30,1769018515,l1
329,30,1769018515,l1
330,30,1769018515,l1
331,30,1769018515,l1
332,30,1769018515,l1
333,30,1769018515,l1
334,30,1769018515,l1
335,30,1769018515,l1
336,30,1769018515,l1
337,30,1769018515,l1
338,30,1769018515,l1
339,30,1769018515,l1
340,30,1769018515,l1
341,30,1769018515,l1
342,30,1769018515,l1
343,30,1769018515,l1
344,30,1769018515,l1
345,30,1769018515,l1
346,30,1769018515,l1
347,30,1769018515,l1
348,30,1769018515,l1
349,30,1769018515,l1
350,30,1769018515,l1
351,30,1769018515,l1
352,30,1769018515,l1
353,30,1769018515,l1
354,30,1769018515,l1
355,30,1769018515,l1
356,0,1769018515,l1
357,30,1769018515,l1
358,30,1769018515,l1
359,30,1769018515,l1
360,30,1769018515,l1
361,30,1769018515,l1
362,30,1769018515,l1
363,30,1769018515,l1
364,0,1769018515,l1
365,30,1769018515,l1
366,30,1769018515,l1
367,30,1769018515,l1
368,30,1769018515,l1
369,30,1769018515,l1
370,30,1769018515,l1
371,30,1769018515,l1
372,30,1769018515,l1
373,0,1769018515,l1
374,30,1769018515,l1
375,0,1769018515,l1
376,30,1769018515,l1
377,30,1769018515,l1
378,30,1769018515,l1
379,30,1769018515,l1
380,30,1769018515,l1
381,30,1769018515,l1
382,30,1769018515,l1
383,30,1769018515,l1
384,30,1769018515,l1
385,30,1769018515,l1
386,30,1769018515,l1
387,30,1769018515,l1
388,30,1769018515,l1
389,30,1769018515,l1
390,30,1769018515,l1
391,30,1769018515,l1
392,30,1769018515,l1
393,30,1769018515,l1
394,30,1769018515,l1
395,30,1769018515,l1
396,30,1769018515,l1
397,30,1769018515,l1
398,30,1769018515,l1
399,30,1769018515,l1
400,30,1769018515,l1
401,30,1769018515,l1
402,30,1769018515,l1
403,30,1769018515,l1
404,30,1769018515,l1
405,30,1769018515,l1
406,30,1769018515,l1
407,30,1769018515,l1
408,30,1769018515,l1
409,30,1769018515,l1
410,30,1769018515,l1
411,30,1769018515,l1
412,30,1769018515,l1
413,30,1769018515,l1
414,30,1769018515,l1
415,30,1769018515,l1
416,30,1769018515,l1
417,30,1769018515,l1
418,30,1769018515,l1
419,30,1769018515,l1
420,30,1769018515,l1
421,30,1769018515,l1
422,30,1769018515,l1
423,30,1769018515,l1
424,30,1769018515,l1
425,30,1769018515,l1
426,30,1769018515,l1
427,30,1769018515,l1
428,30,1769018515,l1
429,30,1769018515,l1
430,30,1769018515,l1
431,30,1769018515,l1
432,30,1769018515,l1
433,30,1769018515,l1
434,30,1769018515,l1
435,30,1769018515,l1
436,30,1769018515,l1
437,30,1769018515,l1
438,30,1769018515,l1
439,30,1769018515,l1
440,30,1769018515,l1
441,30,1769018515,l1
442,30,1769018515,l1
443,30,1769018515,l1
444,30,1769018515,l1
445,30,1769018515,l1
446,30,1769018515,l1
447,30,1769018515,l1
448,30,1769018515,l1
449,30,1769018515,l1
450,30,1769018515,l1
451,30,1769018515,l1
452,30,1769018515,l1
453,30,1769018515,l1
454,30,1769018515,l1
455,30,1769018515,l1
456,30,1769018515,l1
457,30,1769018515,l1
458,30,1769018515,l1
459,30,1769018515,l1
460,30,1769018515,l1
461,30,1769018515,l1
462,30,1769018515,l1
463,30,1769018515,l1
464,30,1769018515,l1
465,30,1769018515,l1
466,30,1769018515,l1
467,30,1769018515,l1
468,30,1769018515,l1
469,30,1769018515,l1
470,30,1769018515,l1
471,0,1769018515,l1
472,30,1769018515,l1
473,30,1769018515,l1
474,30,1769018515,l1
475,30,1769018515,l1
476,30,1769018515,l1
477,30,1769018515,l1
478,30,1769018515,l1
479,30,1769018515,l1
480,30,1769018515,l1
481,30,1769018515,l1
482,30,1769018515,l1
483,30,1769018515,l1
484,30,1769018515,l1
485,30,1769018515,l1
486,30,1769018515,l1
487,30,1769018515,l1
488,30,1769018515,l1
489,30,1769018515,l1
490,30,1769018515,l1
491,30,1769018515,l1
492,30,1769018515,l1
493,30,1769018515,l1
494,30,1769018515,l1
495,30,1769018515,l1
496,30,1769018515,l1
497,30,1769018515,l1
498,30,1769018515,l1
499,30,1769018515,l1
500,30,1769018515,l1
501,30,1769018515,l1
502,30,1769018515,l1
503,30,1769018515,l1
504,30,1769018515,l1
505,30,1769018515,l1
506,30,1769018515,l1
507,30,1769018515,l1
508,30,1769018515,l1
509,30,1769018515,l1
510,30,1769018515,l1
511,30,1769018515,l1
512,30,1769018515,l1
513,30,1769018515,l1
514,30,1769018515,l1
515,30,1769018515,l1
516,30,1769018515,l1
517,30,1769018515,l1
518,30,1769018515,l1
519,30,1769018515,l1
520,30,1769018515,l1
521,30,1769018515,l1
522,30,1769018515,l1
523,30,1769018515,l1
524,30,1769018515,l1
525,30,1769018515,l1
526,30,1769018515,l1
527,30,1769018515,l1
528,30,1769018515,l1
529,30,1769018515,l1
530,30,1769018515,l1
531,30,1769018515,l1
532,30,1769018515,l1
533,30,1769018515,l1
534,30,1769018515,l1
535,30,1769018515,l1
536,30,1769018515,l1
537,30,1769018515,l1
538,30,1769018515,l1
539,30,1769018515,l1
540,30,1769018515,l1
541,30,1769018515,l1
542,30,1769018515,l1
543,30,1769018515,l1
544,30,1769018515,l1
545,30,1769018515,l1
546,30,1769018515,l1
547,30,1769018515,l1
548,30,1769018515,l1
549,30,1769018515,l1
550,30,1769018515,l1
551,30,1769018515,l1
552,30,1769018515,l1
553,30,1769018515,l1
554,30,1769018515,l1
555,30,1769018515,l1
556,30,1769018515,l1
557,30,1769018515,l1
558,0,1769018515,l1
559,30,1769018515,l1
560,30,1769018515,l1
561,30,1769018515,l1
562,30,1769018515,l1
563,30,1769018515,l1
564,30,1769018515,l1
565,30,1769018515,l1
566,30,1769018515,l1
567,30,1769018515,l1
568,30,1769018515,l1
569,30,1769018515,l1
570,30,1769018515,l1
571,30,1769018515,l1
572,30,1769018515,l1
573,30,1769018515,l1
574,30,1769018515,l1
575,30,1769018515,l1
576,30,1769018515,l1
577,30,1769018515,l1
578,30,1769018515,l1
579,30,1769018515,l1
580,30,1769018515,l1
581,30,1769018515,l1
582,30,1769018515,l1
583,30,1769018515,l1
584,30,1769018515,l1
585,30,1769018515,l1
586,30,1769018515,l1
587,30,1769018515,l1
588,30,1769018515,l1
589,30,1769018515,l1
590,30,1769018515,l1
591,30,1769018515,l1
592,30,1769018515,l1
593,30,1769018515,l1
594,30,1769018515,l1
595,30,1769018515,l1
596,30,1769018515,l1
597,30,1769018515,l1
598,30,1769018515,l1
599,30,1769018515,l1
600,30,1769018515,l1
601,30,1769018515,l1
602,30,1769018515,l1
603,30,1769018515,l1
604,30,1769018515,l1
605,30,1769018515,l1
606,30,1769018515,l1
607,30,1769018515,l1
608,30,1769018515,l1
609,30,1769018515,l1
610,30,1769018515,l1
611,30,1769018515,l1
612,0,1769018515,l1
613,30,1769018515,l1
614,30,1769018515,l1
615,30,1769018515,l1
616,30,1769018515,l1
617,30,1769018515,l1
618,0,1769018515,l1
619,30,1769018515,l1
620,30,1769018515,l1
621,30,1769018515,l1
622,30,1769018515,l1
623,30,1769018515,l1
624,30,1769018515,l1
625,30,1769018515,l1
626,30,1769018515,l1
627,30,1769018515,l1
628,30,1769018515,l1
629,30,1769018515,l1
630,30,1769018515,l1
631,30,1769018515,l1
632,30,1769018515,l1
633,30,1769018515,l1
634,30,1769018515,l1
635,30,1769018515,l1
636,30,1769018515,l1
637,30,1769018515,l1
638,30,1769018515,l1
639,30,1769018515,l1
640,30,1769018515,l1
641,30,1769018515,l1
642,30,1769018515,l1
643,30,1769018515,l1
644,30,1769018515,l1
645,30,1769018515,l1
646,30,1769018515,l1
647,30,1769018515,l1
648,30,1769018515,l1
649,30,1769018515,l1
650,30,1769018515,l1
651,30,1769018515,l1
652,30,1769018515,l1
653,30,1769018515,l1
654,30,1769018515,l1
655,30,1769018515,l1
656,30,1769018515,l1
657,30,1769018515,l1
658,30,1769018515,l1
659,30,1769018515,l1
660,30,1769018515,l1
661,30,1769018515,l1
662,30,1769018515,l1
663,30,1769018515,l1
664,30,1769018515,l1
665,30,1769018515,l1
666,30,1769018515,l1
667,30,1769018515,l1
668,30,1769018515,l1
669,30,1769018515,l1
670,30,1769018515,l1
671,30,1769018515,l1
672,30,1769018515,l1
673,30,1769018515,l1
674,30,1769018515,l1
675,30,1769018515,l1
676,30,1769018515,l1
677,30,1769018515,l1
678,30,1769018515,l1
679,30,1769018515,l1
680,30,1769018515,l1
681,30,1769018515,l1
682,30,1769018515,l1
683,30,1769018515,l1
684,30,1769018515,l1
685,30,1769018515,l1
686,30,1769018515,l1
687,30,1769018515,l1
688,30,1769018515,l1
689,30,1769018515,l1
690,30,1769018515,l1
691,30,1769018515,l1
692,30,1769018515,l1
693,30,1769018515,l1
694,30,1769018515,l1
695,30,1769018515,l1
696,30,1769018515,l1
697,30,1769018515,l1
698,30,1769018515,l1
699,30,1769018515,l1
700,30,1769018515,l1
701,30,1769018515,l1
702,30,1769018515,l1
703,30,1769018515,l1
704,0,1769018515,l1
705,30,1769018515,l1
706,30,1769018515,l1
707,30,1769018515,l1
708,30,1769018515,l1
709,30,1769018515,l1
710,30,1769018515,l1
711,30,1769018515,l1
712,30,1769018515,l1
713,30,1769018515,l1
714,30,1769018515,l1
715,0,1769018515,l1
716,30,1769018515,l1
717,30,1769018515,l1
718,30,1769018515,l1
719,30,1769018515,l1
720,30,1769018515,l1
721,30,1769018515,l1
722,30,1769018515,l1
723,30,1769018515,l1
724,30,1769018515,l1
725,30,1769018515,l1
726,30,1769018515,l1
727,30,1769018515,l1
728,30,1769018515,l1
729,30,1769018515,l1
730,30,1769018515,l1
731,30,1769018515,l1
732,30,1769018515,l1
733,30,1769018515,l1
734,30,1769018515,l1
735,30,1769018515,l1
736,30,1769018515,l1
737,30,1769018515,l1
738,30,1769018515,l1
739,30,1769018515,l1
740,30,1769018515,l1
741,30,1769018515,l1
742,30,1769018515,l1
743,30,1769018515,l1
744,30,1769018515,l1
745,30,1769018515,l1
746,30,1769018515,l1
747,30,1769018515,l1
748,30,1769018515,l1
749,30,1769018515,l1
750,30,1769018515,l1
751,30,1769018515,l1
752,30,1769018515,l1
753,30,1769018515,l1
754,30,1769018515,l1
755,30,1769018515,l1
756,30,1769018515,l1
757,30,1769018515,l1
758,30,1769018515,l1
759,30,1769018515,l1
760,30,1769018515,l1
761,30,1769018515,l1
762,30,1769018515,l1
763,30,1769018515,l1
764,30,1769018515,l1
765,30,1769018515,l1
766,30,1769018515,l1
767,30,1769018515,l1
768,30,1769018515,l1
769,30,1769018515,l1
770,30,1769018515,l1
771,30,1769018515,l1
772,30,1769018515,l1
773,30,1769018515,l1
774,30,1769018515,l1
775,30,1769018515,l1
776,30,1769018515,l1
777,30,1769018515,l1
778,30,1769018515,l1
779,30,1769018515,l1
780,30,1769018515,l1
781,30,1769018515,l1
782,30,1769018515,l1
783,30,1769018515,l1
784,30,1769018515,l1
785,30,1769018515,l1
786,30,1769018515,l1
787,0,1769018515,l1
788,30,1769018515,l1
789,30,1769018515,l1
790,30,1769018515,l1
791,30,1769018515,l1
792,30,1769018515,l1
793,30,1769018515,l1
794,30,1769018515,l1
795,30,1769018515,l1
796,30,1769018515,l1
797,30,1769018515,l1
798,30,1769018515,l1
799,30,1769018515,l1
800,30,1769018515,l1
801,30,1769018515,l1
802,30,1769018515,l1
803,30,1769018515,l1
804,30,1769018515,l1
805,30,1769018515,l1
806,30,1769018515,l1
807,30,1769018515,l1
808,30,1769018515,l1
809,30,1769018515,l1
810,30,1769018515,l1
811,30,1769018515,l1
812,30,1769018515,l1
813,30,1769018515,l1
814,30,1769018515,l1
815,30,1769018515,l1
816,30,1769018515,l1
817,30,1769018515,l1
818,30,1769018515,l1
819,30,1769018515,l1
820,30,1769018515,l1
821,30,1769018515,l1
822,30,1769018515,l1
823,30,1769018515,l1
824,30,1769018515,l1
825,30,1769018515,l1
826,30,1769018515,l1
827,30,1769018515,l1
828,30,1769018515,l1
829,30,1769018515,l1
830,30,1769018515,l1
831,30,1769018515,l1
832,30,1769018515,l1
833,30,1769018515,l1
834,30,1769018515,l1
835,30,1769018515,l1
836,30,1769018515,l1
837,30,1769018515,l1
838,30,1769018515,l1
839,30,1769018515,l1
840,30,1769018515,l1
841,30,1769018515,l1
842,30,1769018515,l1
843,30,1769018515,l1
844,30,1769018515,l1
845,30,1769018515,l1
846,30,1769018515,l1
847,30,1769018515,l1
848,30,1769018515,l1
849,30,1769018515,l1
850,30,1769018515,l1
851,30,1769018515,l1
852,30,1769018515,l1
853,0,1769018515,l1
854,30,1769018515,l1
855,30,1769018515,l1
856,30,1769018515,l1
857,30,1769018515,l1
858,30,1769018515,l1
859,30,1769018515,l1
860,30,1769018515,l1
861,30,1769018515,l1
862,30,1769018515,l1
863,30,1769018515,l1
864,30,1769018515,l1
865,30,1769018515,l1
866,30,1769018515,l1
867,30,1769018515,l1
868,30,1769018515,l1
869,30,1769018515,l1
870,30,1769018515,l1
871,30,1769018515,l1
872,30,1769018515,l1
873,30,1769018515,l1
874,30,1769018515,l1
875,30,1769018515,l1
876,30,1769018515,l1
877,30,1769018515,l1
878,30,1769018515,l1
879,30,1769018515,l1
880,30,1769018515,l1
881,30,1769018515,l1
882,30,1769018515,l1
883,30,1769018515,l1
884,30,1769018515,l1
885,30,1769018515,l1
886,30,1769018515,l1
887,30,1769018515,l1
888,30,1769018515,l1
889,30,1769018515,l1
890,30,1769018515,l1
891,30,1769018515,l1
892,30,1769018515,l1
893,30,1769018515,l1
894,30,1769018515,l1
895,30,1769018515,l1
896,30,1769018515,l1
897,30,1769018515,l1
898,30,1769018515,l1
899,30,1769018515,l1
900,30,1769018515,l1
901,30,1769018515,l1
902,30,1769018515,l1
903,30,1769018515,l1
904,30,1769018515,l1
905,30,1769018515,l1
906,30,1769018515,l1
907,30,1769018515,l1
908,30,1769018515,l1
909,30,1769018515,l1
910,30,1769018515,l1
911,30,1769018515,l1
912,30,1769018515,l1
913,30,1769018515,l1
914,30,1769018515,l1
915,30,1769018515,l1
916,30,1769018515,l1
917,30,1769018515,l1
918,0,1769018515,l1
919,30,1769018515,l1
920,30,1769018515,l1
921,30,1769018515,l1
922,30,1769018515,l1
923,0,1769018515,l1
924,30,1769018515,l1
925,30,1769018515,l1
926,30,1769018515,l1
927,30,1769018515,l1
928,30,1769018515,l1
929,30,1769018515,l1
930,30,1769018515,l1
931,30,1769018515,l1
932,30,1769018515,l1
933,30,1769018515,l1
934,30,1769018515,l1
935,30,1769018515,l1
936,30,1769018515,l1
937,30,1769018515,l1
938,30,1769018515,l1
939,30,1769018515,l1
940,30,1769018515,l1
941,30,1769018515,l1
942,30,1769018515,l1
943,30,1769018515,l1
944,30,1769018515,l1
945,30,1769018515,l1
946,30,1769018515,l1
947,30,1769018515,l1
948,30,1769018515,l1
949,30,1769018515,l1
950,30,1769018515,l1
951,30,1769018515,l1
952,30,1769018515,l1
953,30,1769018515,l1
954,30,1769018515,l1
955,30,1769018515,l1
956,30,1769018515,l1
957,30,1769018515,l1
958,30,1769018515,l1
959,30,1769018515,l1
960,30,1769018515,l1
961,30,1769018515,l1
962,30,1769018515,l1
963,30,1769018515,l1
964,30,1769018515,l1
965,30,1769018515,l1
966,30,1769018515,l1
967,30,1769018515,l1
968,30,1769018515,l1
969,30,1769018515,l1
970,30,1769018515,l1
971,30,1769018515,l1
972,30,1769018515,l1
973,30,1769018515,l1
974,30,1769018515,l1
975,30,1769018515,l1
976,30,1769018515,l1
977,30,1769018515,l1
978,30,1769018515,l1
979,30,1769018515,l1
980,30,1769018515,l1
981,30,1769018515,l1
982,30,1769018515,l1
983,30,1769018515,l1
984,30,1769018515,l1
985,30,1769018515,l1
986,30,1769018515,l1
987,30,1769018515,l1
988,30,1769018515,l1
989,30,1769018515,l1
990,30,1769018515,l1
991,30,1769018515,l1
992,30,1769018515,l1
993,30,1769018515,l1
994,30,1769018515,l1
995,30,1769018515,l1
996,30,1769018515,l1
997,30,1769018515,l1
998,30,1769018515,l1
999,30,1769018515,l1
1000,30,1769018515,l1
1001,30,1769018515,l1
1002,30,1769018515,l1
1003,30,1769018515,l1
1004,30,1769018515,l1
1005,30,1769018515,l1
1006,30,1769018515,l1
1007,30,1769018515,l1
1008,30,1769018515,l1
1009,30,1769018515,l1
1010,30,1769018515,l1
1011,30,1769018515,l1
1012,30,1769018515,l1
1013,30,1769018515,l1
1014,30,1769018515,l1
1015,30,1769018515,l1
1016,30,1769018515,l1
1017,30,1769018515,l1
1018,30,1769018515,l1
1019,30,1769018515,l1
1020,30,1769018515,l1
1021,30,1769018515,l1
1022,30,1769018515,l1
1023,30,1769018515,l1
1024,30,1769018515,l1
1025,30,1769018515,l1
1026,30,1769018515,l1
1027,30,1769018515,l1
1028,30,1769018515,l1
1029,30,1769018515,l1
1030,30,1769018515,l1
1031,30,1769018515,l1
1032,30,1769018515,l1
1033,30,1769018515,l1
1034,30,1769018515,l1
1035,30,1769018515,l1
1036,30,1769018515,l1
1037,30,1769018515,l1
1038,30,1769018515,l1
1039,30,1769018515,l1
1040,30,1769018515,l1
1041,30,1769018515,l1
1042,30,1769018515,l1
1043,30,1769018515,l1
1044,30,1769018515,l1
1045,30,1769018515,l1
1046,30,1769018515,l1
1047,30,1769018515,l1
1048,30,1769018515,l1
1049,30,1769018515,l1
1050,30,1769018515,l1
1051,30,1769018515,l1
1052,30,1769018515,l1
1053,30,1769018515,l1
1054,30,1769018515,l1
1055,30,1769018515,l1
1056,30,1769018515,l1
1057,30,1769018515,l1
1058,30,1769018515,l1
1059,30,1769018515,l1
1060,30,1769018515,l1
1061,30,1769018515,l1
1062,30,1769018515,l1
1063,30,1769018515,l1
1064,30,1769018515,l1
1065,30,1769018515,l1
1066,30,1769018515,l1
1067,30,1769018515,l1
1068,30,1769018515,l1
1069,30,1769018515,l1
1070,30,1769018515,l1
1071,30,1769018515,l1
1072,30,1769018515,l1
1073,30,1769018515,l1
1074,30,1769018515,l1
1075,30,1769018515,l1
1076,30,1769018515,l1
1077,30,1769018515,l1
1078,30,1769018515,l1
1079,30,1769018515,l1
1080,30,1769018515,l1
1081,30,1769018515,l1
1082,30,1769018515,l1
1083,30,1769018515,l1
1084,30,1769018515,l1
1085,30,1769018515,l1
1086,30,1769018515,l1
1087,30,1769018515,l1
1088,30,1769018515,l1
1089,30,1769018515,l1
1090,30,1769018515,l1
1091,30,1769018515,l1
1092,30,1769018515,l1
1093,30,1769018515,l1
1094,30,1769018515,l1
1095,30,1769018515,l1
1096,30,1769018515,l1
1097,30,1769018515,l1
1098,30,1769018515,l1
1099,30,1769018515,l1
1100,30,1769018515,l1
1101,30,1769018515,l1
1102,30,1769018515,l1
1103,30,1769018515,l1
1104,30,1769018515,l1
1105,30,1769018515,l1
1106,30,1769018515,l1
1107,30,1769018515,l1
1108,30,1769018515,l1
1109,30,1769018515,l1
1110,30,1769018515,l1
1111,30,1769018515,l1
1112,30,1769018515,l1
1113,30,1769018515,l1
1114,30,1769018515,l1
1115,30,1769018515,l1
1116,30,1769018515,l1
1117,30,1769018515,l1
1118,30,1769018515,l1
1119,30,1769018515,l1
1120,30,1769018515,l1
1121,30,1769018515,l1
1122,30,1769018515,l1
1123,30,1769018515,l1
1124,30,1769018515,l1
1125,30,1769018515,l1
1126,30,1769018515,l1
1127,30,1769018515,l1
1128,30,1769018515,l1
1129,30,1769018515,l1
1130,30,1769018515,l1
1131,30,1769018515,l1
1132,0,1769018515,l1
1133,30,1769018515,l1
1134,30,1769018515,l1
1135,30,1769018515,l1
1136,30,1769018515,l1
1137,30,1769018515,l1
1138,30,1769018515,l1
1139,30,1769018515,l1
1140,0,1769018515,l1
1141,30,1769018515,l1
1142,30,1769018515,l1
1143,30,1769018515,l1
1144,30,1769018515,l1
1145,30,1769018515,l1
1146,30,1769018515,l1
1147,30,1769018515,l1
1148,30,1769018515,l1
1149,30,1769018515,l1
1150,30,1769018515,l1
1151,30,1769018515,l1
1152,30,1769018515,l1
1153,30,1769018515,l1
1154,30,1769018515,l1
1155,30,1769018515,l1
1156,30,1769018515,l1
1157,30,1769018515,l1
1158,30,1769018515,l1
1159,30,1769018515,l1
1160,30,1769018515,l1
1161,30,1769018515,l1
1162,30,1769018515,l1
1163,30,1769018515,l1
1164,30,1769018515,l1
1165,30,1769018515,l1
1166,30,1769018515,l1
1167,30,1769018515,l1
1168,30,1769018515,l1
1169,30,1769018515,l1
1170,30,1769018515,l1
1171,30,1769018515,l1
1172,30,1769018515,l1
1173,30,1769018515,l1
1174,30,1769018515,l1
1175,30,1769018515,l1
1176,30,1769018515,l1
1177,30,1769018515,l1
1178,30,1769018515,l1
1179,30,1769018515,l1
1180,30,1769018515,l1
1181,30,1769018515,l1
1182,30,1769018515,l1
1183,30,1769018515,l1
1184,30,1769018515,l1
1185,30,1769018515,l1
1186,30,1769018515,l1
1187,30,1769018515,l1
1188,30,1769018515,l1
1189,30,1769018515,l1
1190,30,1769018515,l1
1191,30,1769018515,l1
1192,30,1769018515,l1
1193,30,1769018515,l1
1194,30,1769018515,l1
1195,30,1769018515,l1
1196,30,1769018515,l1
1197,30,1769018515,l1
1198,30,1769018515,l1
1199,30,1769018515,l1
1200,30,1769018515,l1
1201,30,1769018515,l1
1202,30,1769018515,l1
1203,30,1769018515,l1
1204,30,1769018515,l1
1205,30,1769018515,l1
1206,30,1769018515,l1
1207,30,1769018515,l1
1208,30,1769018515,l1
1209,30,1769018515,l1
1210,30,1769018515,l1
1211,30,1769018515,l1
1212,30,1769018515,l1
1213,30,1769018515,l1
1214,30,1769018515,l1
1215,30,1769018515,l1
1216,30,1769018515,l1
1217,30,1769018515,l1
1218,30,1769018515,l1
1219,30,1769018515,l1
1220,30,1769018515,l1
1221,30,1769018515,l1
1222,30,1769018515,l1
1223,30,1769018515,l1
1224,30,1769018515,l1
1225,30,1769018515,l1
1226,30,1769018515,l1
1227,30,1769018515,l1
1228,30,1769018515,l1
1229,30,1769018515,l1
1230,30,1769018515,l1
1231,30,1769018515,l1
1232,30,1769018515,l1
1233,30,1769018515,l1
1234,30,1769018515,l1
1235,30,1769018515,l1
1236,30,1769018515,l1
1237,30,1769018515,l1
1238,30,1769018515,l1
1239,30,1769018515,l1
1240,30,1769018515,l1
1241,30,1769018515,l1
1242,30,1769018515,l1
1243,30,1769018515,l1
1244,30,1769018515,l1
1245,30,1769018515,l1
1246,30,1769018515,l1
1247,30,1769018515,l1
1248,30,1769018515,l1
1249,30,1769018515,l1
1250,30,1769018515,l1
1251,30,1769018515,l1
1252,30,1769018515,l1
1253,30,1769018515,l1
1254,30,1769018515,l1
1255,30,1769018515,l1
1256,30,1769018515,l1
1257,30,1769018515,l1
1258,30,1769018515,l1
1259,30,1769018515,l1
1260,30,1769018515,l1
1261,30,1769018515,l1
1262,30,1769018515,l1
1263,30,1769018515,l1
1264,30,1769018515,l1
1265,30,1769018515,l1
1266,30,1769018515,l1
1267,30,1769018515,l1
1268,30,1769018515,l1
1269,30,1769018515,l1
1270,30,1769018515,l1
1271,30,1769018515,l1
1272,30,1769018515,l1
1273,30,1769018515,l1
1274,30,1769018515,l1
1275,30,1769018515,l1
1276,30,1769018515,l1
1277,30,1769018515,l1
1278,30,1769018515,l1
1279,30,1769018515,l1
1280,30,1769018515,l1
1281,30,1769018515,l1
1282,30,1769018515,l1
1283,30,1769018515,l1
1284,30,1769018515,l1
1285,30,1769018515,l1
1286,30,1769018515,l1
1287,30,1769018515,l1
1288,30,1769018515,l1
1289,30,1769018515,l1
1290,30,1769018515,l1
1291,30,1769018515,l1
1292,30,1769018515,l1
1293,30,1769018515,l1
1294,30,1769018515,l1
1295,30,1769018515,l1
1296,30,1769018515,l1
1297,30,1769018515,l1
1298,30,1769018515,l1
1299,30,1769018515,l1
1300,30,1769018515,l1
1301,30,1769018515,l1
1302,30,1769018515,l1
1303,30,1769018515,l1
1304,30,1769018515,l1
1305,30,1769018515,l1
1306,30,1769018515,l1
1307,30,1769018515,l1
1308,30,1769018515,l1
1309,30,1769018515,l1
1310,30,1769018515,l1
1311,30,1769018515,l1
1312,30,1769018515,l1
1313,30,1769018515,l1
1314,30,1769018515,l1
1315,30,1769018515,l1
1316,30,1769018515,l1
1317,30,1769018515,l1
1318,30,1769018515,l1
1319,30,1769018515,l1
1320,30,1769018515,l1
1321,30,1769018515,l1
1322,30,1769018515,l1
1323,30,1769018515,l1
1324,30,1769018515,l1
1325,30,1769018515,l1
1326,30,1769018515,l1
1327,30,1769018515,l1
1328,30,1769018515,l1
1329,30,1769018515,l1
1330,30,1769018515,l1
1331,30,1769018515,l1
1332,30,1769018515,l1
1333,30,1769018515,l1
1334,30,1769018515,l1
1335,30,1769018515,l1
1336,30,1769018515,l1
1337,30,1769018515,l1
1338,30,1769018515,l1
1339,30,1769018515,l1
1340,30,1769018515,l1
1341,30,1769018515,l1
1342,30,1769018515,l1
1343,30,1769018515,l1
1344,30,1769018515,l1
1345,30,1769018515,l1
1346,30,1769018515,l1
1347,30,1769018515,l1
1348,30,1769018515,l1
1349,30,1769018515,l1
1350,30,1769018515,l1
1351,30,1769018515,l1
1352,0,1769018515,l1
1353,30,1769018515,l1
1354,30,1769018515,l1
1355,30,1769018515,l1
1356,30,1769018515,l1
1357,30,1769018515,l1
1358,30,1769018515,l1
1359,30,1769018515,l1
1360,30,1769018515,l1
1361,30,1769018515,l1
1362,30,1769018515,l1
1363,30,1769018515,l1
1364,30,1769018515,l1
1365,30,1769018515,l1
1366,30,1769018515,l1
1367,30,1769018515,l1
1368,30,1769018515,l1
1369,30,1769018515,l1
1370,30,1769018515,l1
1371,30,1769018515,l1
1372,30,1769018515,l1
1373,30,1769018515,l1
1374,30,1769018515,l1
1375,30,1769018515,l1
1376,30,1769018515,l1
1377,30,1769018515,l1
1378,30,1769018515,l1
1379,30,1769018515,l1
1380,30,1769018515,l1
1381,30,1769018515,l1
1382,30,1769018515,l1
1383,30,1769018515,l1
1384,30,1769018515,l1
1385,30,1769018515,l1
1386,30,1769018515,l1
1387,30,1769018515,l1
1388,30,1769018515,l1
1389,30,1769018515,l1
1390,30,1769018515,l1
1391,30,1769018515,l1
1392,30,1769018515,l1
1393,30,1769018515,l1
1394,30,1769018515,l1
1395,30,1769018515,l1
1396,30,1769018515,l1
1397,30,1769018515,l1
1398,30,1769018515,l1
1399,30,1769018515,l1
1400,30,1769018515,l1
1401,30,1769018515,l1
1402,30,1769018515,l1
1403,30,1769018515,l1
1404,30,1769018515,l1
1405,30,1769018515,l1
1406,30,1769018515,l1
1407,30,1769018515,l1
1408,30,1769018515,l1
1409,30,1769018515,l1
1410,30,1769018515,l1
1411,30,1769018515,l1
1412,30,1769018515,l1
1413,30,1769018515,l1
1414,30,1769018515,l1
1415,30,1769018515,l1
1416,30,1769018515,l1
1417,30,1769018515,l1
1418,30,1769018515,l1
1419,30,1769018515,l1
1420,30,1769018515,l1
1421,30,1769018515,l1
1422,30,1769018515,l1
1423,30,1769018515,l1
1424,30,1769018515,l1
1425,30,1769018515,l1
1426,30,1769018515,l1
1427,30,1769018515,l1
1428,30,1769018515,l1
1429,30,1769018515,l1
1430,30,1769018515,l1
1431,30,1769018515,l1
1432,30,1769018515,l1
1433,30,1769018515,l1
1434,30,1769018515,l1
1435,30,1769018515,l1
1436,30,1769018515,l1
1437,30,1769018515,l1
1438,30,1769018515,l1
1439,30,1769018515,l1
1440,30,1769018515,l1
1441,30,1769018515,l1
1442,30,1769018515,l1
1443,30,1769018515,l1
1444,30,1769018515,l1
1445,30,1769018515,l1
1446,30,1769018515,l1
1447,30,1769018515,l1
1448,30,1769018515,l1
1449,30,1769018515,l1
1450,30,1769018515,l1
1451,30,1769018515,l1
1452,30,1769018515,l1
1453,30,1769018515,l1
1454,30,1769018515,l1
1455,30,1769018515,l1
1456,30,1769018515,l1
1457,30,1769018515,l1
1458,30,1769018515,l1
1459,30,1769018515,l1
1460,30,1769018515,l1
1461,30,1769018515,l1
1462,30,1769018515,l1
1463,30,1769018515,l1
1464,30,1769018515,l1
1465,30,1769018515,l1
1466,30,1769018515,l1
1467,30,1769018515,l1
1468,30,1769018515,l1
1469,30,1769018515,l1
1470,30,1769018515,l1
1471,30,1769018515,l1
1472,30,1769018515,l1
1473,30,1769018515,l1
1474,30,1769018515,l1
1475,30,1769018515,l1
1476,30,1769018515,l1
1477,30,1769018515,l1
1478,30,1769018515,l1
1479,30,1769018515,l1
1480,30,1769018515,l1
1481,30,1769018515,l1
1482,30,1769018515,l1
1483,30,1769018515,l1
1484,30,1769018515,l1
1485,30,1769018515,l1
1486,30,1769018515,l1
1487,30,1769018515,l1
1488,30,1769018515,l1
1489,30,1769018515,l1
1490,30,1769018515,l1
1491,30,1769018515,l1
1492,30,1769018515,l1
1493,30,1769018515,l1
1494,30,1769018515,l1
1495,30,1769018515,l1
1496,30,1769018515,l1
1497,30,1769018515,l1
1498,30,1769018515,l1
1499,30,1769018515,l1
1500,30,1769018515,l1
1501,30,1769018515,l1
1502,30,1769018515,l1
1503,30,1769018515,l1
1504,30,1769018515,l1
1505,30,1769018515,l1
1506,30,1769018515,l1
1507,30,1769018515,l1
1508,30,1769018515,l1
1509,30,1769018515,l1
1510,30,1769018515,l1
1511,30,1769018515,l1
1512,30,1769018515,l1
1513,30,1769018515,l1
1514,30,1769018515,l1
1515,30,1769018515,l1
1516,30,1769018515,l1
1517,30,1769018515,l1
1518,30,1769018515,l1
1519,30,1769018515,l1
1520,30,1769018515,l1
1521,30,1769018515,l1
1522,30,1769018515,l1
1523,30,1769018515,l1
1524,30,1769018515,l1
1525,30,1769018515,l1
1526,30,1769018515,l1
1527,30,1769018515,l1
1528,30,1769018515,l1
1529,30,1769018515,l1
1530,30,1769018515,l1
1531,30,1769018515,l1
1532,30,1769018515,l1
1533,30,1769018515,l1
1534,30,1769018515,l1
1535,30,1769018515,l1
1536,30,1769018515,l1
1537,30,1769018515,l1
1538,30,1769018515,l1
1539,30,1769018515,l1
1540,30,1769018515,l1
1541,30,1769018515,l1
1542,30,1769018515,l1
1543,30,1769018515,l1
1544,30,1769018515,l1
1545,30,1769018515,l1
1546,30,1769018515,l1
1547,30,1769018515,l1
1548,30,1769018515,l1
1549,30,1769018515,l1
1550,30,1769018515,l1
1551,30,1769018515,l1
1552,30,1769018515,l1
1553,30,1769018515,l1
1554,30,1769018515,l1
1555,30,1769018515,l1
1556,30,1769018515,l1
1557,30,1769018515,l1
1558,30,1769018515,l1
1559,30,1769018515,l1
1560,30,1769018515,l1
1561,30,1769018515,l1
1562,30,1769018515,l1
1563,30,1769018515,l1
1564,30,1769018515,l1
1565,30,1769018515,l1
1566,30,1769018515,l1
1567,30,1769018515,l1
1568,30,1769018515,l1
1569,30,1769018515,l1
1570,30,1769018515,l1
1571,30,1769018515,l1
1572,30,1769018515,l1
1573,30,1769018515,l1
1574,30,1769018515,l1
1575,30,1769018515,l1
1576,30,1769018515,l1
1577,30,1769018515,l1
1578,30,1769018515,l1
1579,30,1769018515,l1
1580,30,1769018515,l1
1581,30,1769018515,l1
1582,30,1769018515,l1
1583,30,1769018515,l1
1584,30,1769018515,l1
1585,30,1769018515,l1
1586,30,1769018515,l1
1587,30,1769018515,l1
1588,30,1769018515,l1
1589,30,1769018515,l1
1590,30,1769018515,l1
1591,30,1769018515,l1
1592,30,1769018515,l1
1593,30,1769018515,l1
1594,30,1769018515,l1
1595,30,1769018515,l1
1596,30,1769018515,l1
1597,30,1769018515,l1
1598,30,1769018515,l1
1599,30,1769018515,l1
1600,30,1769018515,l1
1601,30,1769018515,l1
1602,30,1769018515,l1
1603,30,1769018515,l1
1604,30,1769018515,l1
1605,30,1769018515,l1
1606,30,1769018515,l1
1607,30,1769018515,l1
1608,30,1769018515,l1
1609,30,1769018515,l1
1610,30,1769018515,l1
1611,30,1769018515,l1
1612,30,1769018515,l1
1613,30,1769018515,l1
1614,30,1769018515,l1
1615,30,1769018515,l1
1616,30,1769018515,l1
1617,30,1769018515,l1
1618,30,1769018515,l1
1619,30,1769018515,l1
1620,30,1769018515,l1
1621,30,1769018515,l1
1622,30,1769018515,l1
1623,30,1769018515,l1
1624,30,1769018515,l1
1625,30,1769018515,l1
1626,30,1769018515,l1
1627,30,1769018515,l1
1628,30,1769018515,l1
1629,30,1769018515,l1
1630,30,1769018515,l1
1631,30,1769018515,l1
1632,30,1769018515,l1
1633,30,1769018515,l1
1634,30,1769018515,l1
1635,30,1769018515,l1
1636,30,1769018515,l1
1637,30,1769018515,l1
1638,30,1769018515,l1
1639,30,1769018515,l1
1640,30,1769018515,l1
1641,30,1769018515,l1
1642,30,1769018515,l1
1643,30,1769018515,l1
1644,30,1769018515,l1
1645,30,1769018515,l1
1646,30,1769018515,l1
1647,30,1769018515,l1
1648,30,1769018515,l1
1649,30,1769018515,l1
1650,30,1769018515,l1
1651,30,1769018515,l1
1652,30,1769018515,l1
1653,30,1769018515,l1
1654,30,1769018515,l1
1655,30,1769018515,l1
1656,30,1769018515,l1
1657,30,1769018515,l1
1658,30,1769018515,l1
1659,30,1769018515,l1
1660,30,1769018515,l1
1661,30,1769018515,l1
1662,30,1769018515,l1
1663,30,1769018515,l1
1664,30,1769018515,l1
1665,30,1769018515,l1
1666,30,1769018515,l1
1667,30,1769018515,l1
1668,30,1769018515,l1
1669,30,1769018515,l1
1670,30,1769018515,l1
1671,30,1769018515,l1
1672,30,1769018515,l1
1673,30,1769018515,l1
1674,30,1769018515,l1
1675,30,1769018515,l1
1676,30,1769018515,l1
1677,30,1769018515,l1
1678,30,1769018515,l1
1679,30,1769018515,l1
1680,30,1769018515,l1
1681,30,1769018515,l1
1682,30,1769018515,l1
1683,30,1769018515,l1
1684,30,1769018515,l1
1685,30,1769018515,l1
1686,30,1769018515,l1
1687,30,1769018515,l1
1688,30,1769018515,l1
1689,30,1769018515,l1
1690,30,1769018515,l1
1691,30,1769018515,l1
1692,30,1769018515,l1
1693,30,1769018515,l1
1694,30,1769018515,l1
1695,30,1769018515,l1
1696,30,1769018515,l1
1697,30,1769018515,l1
1698,30,1769018515,l1
1699,30,1769018515,l1
1700,30,1769018515,l1
1701,30,1769018515,l1
1702,30,1769018515,l1
1703,30,1769018515,l1
1704,30,1769018515,l1
1705,30,1769018515,l1
1706,30,1769018515,l1
1707,30,1769018515,l1
1708,30,1769018515,l1
1709,30,1769018515,l1
1710,30,1769018515,l1
1711,30,1769018515,l1
1712,30,1769018515,l1
1713,30,1769018515,l1
1714,30,1769018515,l1
1715,30,1769018515,l1
1716,30,1769018515,l1
1717,30,1769018515,l1
1718,30,1769018515,l1
1719,30,1769018515,l1
1720,30,1769018515,l1
1721,30,1769018515,l1
1722,30,1769018515,l1
1723,30,1769018515,l1
1724,30,1769018515,l1
1725,30,1769018515,l1
1726,30,1769018515,l1
1727,30,1769018515,l1
1728,30,1769018515,l1
1729,30,1769018515,l1
1730,30,1769018515,l1
1731,30,1769018515,l1
1732,30,1769018515,l1
1733,30,1769018515,l1
1734,30,1769018515,l1
1735,30,1769018515,l1
1736,30,1769018515,l1
1737,30,1769018515,l1
1738,30,1769018515,l1
1739,30,1769018515,l1
1740,30,1769018515,l1
1741,30,1769018515,l1
1742,30,1769018515,l1
1743,30,1769018515,l1
1744,30,1769018515,l1
1745,30,1769018515,l1
1746,30,1769018515,l1
1747,30,1769018515,l1
1748,30,1769018515,l1
1749,30,1769018515,l1
1750,30,1769018515,l1
1751,30,1769018515,l1
1752,30,1769018515,l1
1753,30,1769018515,l1
1754,30,1769018515,l1
1755,30,1769018515,l1
1756,30,1769018515,l1
1757,30,1769018515,l1
1758,30,1769018515,l1
1759,30,1769018515,l1
1760,30,1769018515,l1
1761,30,1769018515,l1
1762,30,1769018515,l1
1763,30,1769018515,l1
1764,30,1769018515,l1
1765,30,1769018515,l1
1766,30,1769018515,l1
1767,30,1769018515,l1
1768,30,1769018515,l1
1769,30,1769018515,l1
1770,30,1769018515,l1
1771,30,1769018515,l1
1772,30,1769018515,l1
1773,30,1769018515,l1
1774,30,1769018515,l1
1775,30,1769018515,l1
1776,30,1769018515,l1
1777,30,1769018515,l1
1778,30,1769018515,l1
1779,30,1769018515,l1
1780,30,1769018515,l1
1781,30,1769018515,l1
1782,30,1769018515,l1
1783,30,1769018515,l1
1784,30,1769018515,l1
1785,30,1769018515,l1
1786,30,1769018515,l1
1787,30,1769018515,l1
1788,30,1769018515,l1
1789,30,1769018515,l1
1790,30,1769018515,l1
1791,30,1769018515,l1
1792,30,1769018515,l1
1793,30,1769018515,l1
1794,30,1769018515,l1
1795,30,1769018515,l1
1796,30,1769018515,l1
1797,30,1769018515,l1
1798,30,1769018515,l1
1799,30,1769018515,l1
1800,30,1769018515,l1
1801,30,1769018515,l1
1802,30,1769018515,l1
1803,30,1769018515,l1
1804,30,1769018515,l1
1805,30,1769018515,l1
1806,30,1769018515,l1
1807,30,1769018515,l1
1808,30,1769018515,l1
1809,30,1769018515,l1
1810,30,1769018515,l1
1811,30,1769018515,l1
1812,30,1769018515,l1
1813,30,1769018515,l1
1814,30,1769018515,l1
1815,30,1769018515,l1
1816,30,1769018515,l1
1817,30,1769018515,l1
1818,30,1769018515,l1
1819,30,1769018515,l1
1820,30,1769018515,l1
1821,30,1769018515,l1
1822,30,1769018515,l1
1823,30,1769018515,l1
1824,30,1769018515,l1
1825,30,1769018515,l1
1826,30,1769018515,l1
1827,30,1769018515,l1
1828,30,1769018515,l1
1829,30,1769018515,l1
1830,30,1769018515,l1
1831,30,1769018515,l1
1832,30,1769018515,l1
1833,30,1769018515,l1
1834,30,1769018515,l1
1835,30,1769018515,l1
1836,30,1769018515,l1
1837,30,1769018515,l1
1838,30,1769018515,l1
1839,30,1769018515,l1
1840,30,1769018515,l1
1841,30,1769018515,l1
1842,30,1769018515,l1
1843,30,1769018515,l1
1844,30,1769018515,l1
1845,30,1769018515,l1
1846,30,1769018515,l1
1847,30,1769018515,l1
1848,30,1769018515,l1
1849,30,1769018515,l1
1850,30,1769018515,l1
1851,30,1769018515,l1
1852,30,1769018515,l1
1853,30,1769018515,l1
1854,30,1769018515,l1
1855,30,1769018515,l1
1856,30,1769018515,l1
1857,30,1769018515,l1
1858,30,1769018515,l1
1859,30,1769018515,l1
1860,30,1769018515,l1
1861,30,1769018515,l1
1862,30,1769018515,l1
1863,30,1769018515,l1
1864,30,1769018515,l1
1865,30,1769018515,l1
1866,30,1769018515,l1
1867,30,1769018515,l1
1868,30,1769018515,l1
1869,30,1769018515,l1
1870,30,1769018515,l1
1871,30,1769018515,l1
1872,30,1769018515,l1
1873,30,1769018515,l1
1874,30,1769018515,l1
1875,30,1769018515,l1
1876,30,1769018515,l1
1877,30,1769018515,l1
1878,30,1769018515,l1
1879,30,1769018515,l1
1880,30,1769018515,l1
1881,30,1769018515,l1
1882,30,1769018515,l1
1883,30,1769018515,l1
1884,30,1769018515,l1
1885,30,1769018515,l1
1886,30,1769018515,l1
1887,30,1769018515,l1
1888,30,1769018515,l1
1889,30,1769018515,l1
1890,30,1769018515,l1
1891,30,1769018515,l1
1892,30,1769018515,l1
1893,30,1769018515,l1
1894,30,1769018515,l1
1895,30,1769018515,l1
1896,30,1769018515,l1
1897,30,1769018515,l1
1898,30,1769018515,l1
1899,30,1769018515,l1
1900,30,1769018515,l1
1901,30,1769018515,l1
1902,30,1769018515,l1
1903,30,1769018515,l1
1904,30,1769018515,l1
1905,30,1769018515,l1
1906,30,1769018515,l1
1907,30,1769018515,l1
1908,30,1769018515,l1
1909,30,1769018515,l1
1910,30,1769018515,l1
1911,30,1769018515,l1
1912,30,1769018515,l1
1913,30,1769018515,l1
1914,30,1769018515,l1
1915,30,1769018515,l1
1916,30,1769018515,l1
1917,30,1769018515,l1
1918,30,1769018515,l1
1919,30,1769018515,l1
1920,30,1769018515,l1
1921,30,1769018515,l1
1922,30,1769018515,l1
1923,30,1769018515,l1
1924,30,1769018515,l1
1925,30,1769018515,l1
1926,30,1769018515,l1
1927,30,1769018515,l1
1928,30,1769018515,l1
1929,30,1769018515,l1
1930,30,1769018515,l1
1931,30,1769018515,l1
1932,30,1769018515,l1
1933,30,1769018515,l1
1934,30,1769018515,l1
1935,30,1769018515,l1
1936,30,1769018515,l1
1937,30,1769018515,l1
1938,30,1769018515,l1
1939,30,1769018515,l1
1940,30,1769018515,l1
1941,30,1769018515,l1
1942,30,1769018515,l1
1943,30,1769018515,l1
1944,30,1769018515,l1
1945,30,1769018515,l1
1946,30,1769018515,l1
1947,30,1769018515,l1
1948,30,1769018515,l1
1949,30,1769018515,l1
1950,30,1769018515,l1
1951,30,1769018515,l1
1952,30,1769018515,l1
1953,30,1769018515,l1
1954,30,1769018515,l1
1955,30,1769018515,l1
1956,30,1769018515,l1
1957,30,1769018515,l1
1958,30,1769018515,l1
1959,30,1769018515,l1
1960,30,1769018515,l1
1961,30,1769018515,l1
1962,30,1769018515,l1
1963,30,1769018515,l1
1964,30,1769018515,l1
1965,30,1769018515,l1
1966,30,1769018515,l1
1967,30,1769018515,l1
1968,30,1769018515,l1
1969,30,1769018515,l1
1970,30,1769018515,l1
1971,30,1769018515,l1
1972,30,1769018515,l1
1973,30,1769018515,l1
1974,30,1769018515,l1
1975,30,1769018515,l1
1976,30,1769018515,l1
1977,30,1769018515,l1
1978,30,1769018515,l1
1979,30,1769018515,l1
1980,30,1769018515,l1
1981,30,1769018515,l1
1982,30,1769018515,l1
1983,30,1769018515,l1
1984,30,1769018515,l1
1985,30,1769018515,l1
1986,30,1769018515,l1
1987,30,1769018515,l1
1988,30,1769018515,l1
1989,30,1769018515,l1
1990,30,1769018515,l1
1991,30,1769018515,l1
1992,30,1769018515,l1
1993,30,1769018515,l1
1994,30,1769018515,l1
1995,30,1769018515,l1
1996,30,1769018515,l1
1997,30,1769018515,l1
1998,30,1769018515,l1
1999,30,1769018515,l1
2000,30,1769018515,l1
2001,30,1769018515,l1
1,0,1769018499,l1
2,0,1769018499,l1
3,30,1769018499,l1
4,0,1769018499,l1
5,0,1769018499,l1
6,0,1769018499,l1
7,30,1769018499,l1
8,30,1769018499,l1
9,30,1769018499,l1
10,30,1769018499,l1
11,30,1769018499,l1
12,0,1769018499,l1
13,30,1769018499,l1
14,30,1769018499,l1
15,30,1769018499,l1
16,30,1769018499,l1
17,30,1769018499,l1
18,30,1769018499,l1
19,30,1769018499,l1
20,30,1769018499,l1
21,0,1769018499,l1
22,30,1769018499,l1
23,0,1769018499,l1
24,0,1769018499,l1
25,30,1769018499,l1
26,30,1769018499,l1
27,30,1769018499,l1
28,30,1769018499,l1
29,30,1769018499,l1
30,30,1769018499,l1
31,30,1769018499,l1
32,30,1769018499,l1
33,30,1769018499,l1
34,30,1769018499,l1
35,0,1769018499,l1
36,0,1769018499,l1
37,30,1769018499,l1
38,0,1769018499,l1
39,30,1769018499,l1
40,30,1769018499,l1
41,30,1769018499,l1
42,30,1769018499,l1
43,30,1769018499,l1
44,30,1769018499,l1
45,30,1769018499,l1
46,30,1769018499,l1
47,0,1769018499,l1
48,30,1769018499,l1
49,30,1769018499,l1
50,30,1769018499,l1
51,30,1769018499,l1
52,30,1769018499,l1
53,0,1769018499,l1
54,30,1769018499,l1
55,30,1769018499,l1
56,0,1769018499,l1
57,30,1769018499,l1
58,30,1769018499,l1
59,30,1769018499,l1
60,30,1769018499,l1
61,30,1769018499,l1
62,0,1769018499,l1
63,30,1769018499,l1
64,30,1769018499,l1
65,30,1769018499,l1
66,30,1769018499,l1
67,30,1769018499,l1
68,30,1769018499,l1
69,30,1769018499,l1
70,30,1769018499,l1
71,30,1769018499,l1
72,30,1769018499,l1
73,30,1769018499,l1
74,30,1769018499,l1
75,30,1769018499,l1
76,30,1769018499,l1
77,0,1769018499,l1
78,30,1769018499,l1
79,30,1769018499,l1
80,30,1769018499,l1
81,30,1769018499,l1
82,30,1769018499,l1
83,30,1769018499,l1
84,30,1769018499,l1
85,30,1769018499,l1
86,30,1769018499,l1
87,30,1769018499,l1
88,30,1769018499,l1
89,30,1769018499,l1
90,0,1769018499,l1
91,30,1769018499,l1
92,0,1769018499,l1
93,30,1769018499,l1
94,30,1769018499,l1
95,30,1769018499,l1
96,30,1769018499,l1
97,30,1769018499,l1
98,30,1769018499,l1
99,30,1769018499,l1
100,0,1769018499,l1
101,30,1769018499,l1
102,30,1769018499,l1
103,30,1769018499,l1
104,30,1769018499,l1
105,30,1769018499,l1
106,0,1769018499,l1
107,30,1769018499,l1
108,30,1769018499,l1
109,30,1769018499,l1
110,30,1769018499,l1
111,30,1769018499,l1
112,0,1769018499,l1
113,30,1769018499,l1
114,30,1769018499,l1
115,30,1769018499,l1
116,30,1769018499,l1
117,30,1769018499,l1
118,30,1769018499,l1
119,30,1769018499,l1
120,30,1769018499,l1
121,30,1769018499,l1
122,0,1769018499,l1
123,0,1769018499,l1
124,30,1769018499,l1
125,30,1769018499,l1
126,30,1769018499,l1
127,30,1769018499,l1
128,30,1769018499,l1
129,30,1769018499,l1
130,30,1769018499,l1
131,30,1769018499,l1
132,30,1769018499,l1
133,30,1769018499,l1
134,30,1769018499,l1
135,30,1769018499,l1
136,0,1769018499,l1
137,30,1769018499,l1
138,30,1769018499,l1
139,0,1769018499,l1
140,30,1769018499,l1
141,30,1769018499,l1
142,30,1769018499,l1
143,30,1769018499,l1
144,30,1769018499,l1
145,30,1769018499,l1
146,30,1769018499,l1
147,30,1769018499,l1
148,30,1769018499,l1
149,30,1769018499,l1
150,30,1769018499,l1
151,0,1769018499,l1
152,0,1769018499,l1
153,30,1769018499,l1
154,30,1769018499,l1
155,30,1769018499,l1
156,0,1769018499,l1
157,30,1769018499,l1
158,30,1769018499,l1
159,0,1769018499,l1
160,30,1769018499,l1
161,30,1769018499,l1
162,0,1769018499,l1
163,30,1769018499,l1
164,30,1769018499,l1
165,30,1769018499,l1
166,30,1769018499,l1
167,0,1769018499,l1
168,30,1769018499,l1
169,0,1769018499,l1
170,30,1769018499,l1
171,0,1769018499,l1
172,30,1769018499,l1
173,30,1769018499,l1
174,30,1769018499,l1
175,30,1769018499,l1
176,30,1769018499,l1
177,30,1769018499,l1
178,30,1769018499,l1
179,30,1769018499,l1
180,30,1769018499,l1
181,30,1769018499,l1
182,30,1769018499,l1
183,30,1769018499,l1
184,30,1769018499,l1
185,30,1769018499,l1
186,30,1769018499,l1
187,30,1769018499,l1
188,30,1769018499,l1
189,30,1769018499,l1
190,30,1769018499,l1
191,30,1769018499,l1
192,30,1769018499,l1
193,30,1769018499,l1
194,30,1769018499,l1
195,30,1769018499,l1
196,30,1769018499,l1
197,30,1769018499,l1
198,30,1769018499,l1
199,30,1769018499,l1
200,30,1769018499,l1
201,30,1769018499,l1
202,30,1769018499,l1
203,30,1769018499,l1
204,30,1769018499,l1
205,30,1769018499,l1
206,30,1769018499,l1
207,30,1769018499,l1
208,30,1769018499,l1
209,30,1769018499,l1
210,30,1769018499,l1
211,0,1769018499,l1
212,30,1769018499,l1
213,30,1769018499,l1
214,30,1769018499,l1
215,30,1769018499,l1
216,30,1769018499,l1
217,30,1769018499,l1
218,30,1769018499,l1
219,30,1769018499,l1
220,30,1769018499,l1
221,30,1769018499,l1
222,30,1769018499,l1
223,30,1769018499,l1
224,30,1769018499,l1
225,30,1769018499,l1
226,30,1769018499,l1
227,30,1769018499,l1
228,0,1769018499,l1
229,30,1769018499,l1
230,30,1769018499,l1
231,30,1769018499,l1
232,30,1769018499,l1
233,30,1769018499,l1
234,30,1769018499,l1
235,30,1769018499,l1
236,30,1769018499,l1
237,30,1769018499,l1
238,0,1769018499,l1
239,30,1769018499,l1
240,30,1769018499,l1
241,30,1769018499,l1
242,30,1769018499,l1
243,30,1769018499,l1
244,30,1769018499,l1
245,30,1769018499,l1
246,30,1769018499,l1
247,30,1769018499,l1
248,30,1769018499,l1
249,30,1769018499,l1
250,30,1769018499,l1
251,30,1769018499,l1
252,30,1769018499,l1
253,30,1769018499,l1
254,30,1769018499,l1
255,30,1769018499,l1
256,30,1769018499,l1
257,30,1769018499,l1
258,0,1769018499,l1
259,30,1769018499,l1
260,30,1769018499,l1
261,30,1769018499,l1
262,30,1769018499,l1
263,30,1769018499,l1
264,30,1769018499,l1
265,30,1769018499,l1
266,30,1769018499,l1
267,30,1769018499,l1
268,30,1769018499,l1
269,30,1769018499,l1
270,30,1769018499,l1
271,30,1769018499,l1
272,0,1769018499,l1
273,30,1769018499,l1
274,30,1769018499,l1
275,30,1769018499,l1
276,30,1769018499,l1
277,30,1769018499,l1
278,30,1769018499,l1
279,30,1769018499,l1
280,30,1769018499,l1
281,30,1769018499,l1
282,30,1769018499,l1
283,30,1769018499,l1
284,30,1769018499,l1
285,30,1769018499,l1
286,30,1769018499,l1
287,30,1769018499,l1
288,30,1769018499,l1
289,30,1769018499,l1
290,30,1769018499,l1
291,30,1769018499,l1
292,30,1769018499,l1
293,30,1769018499,l1
294,30,1769018499,l1
295,30,1769018499,l1
296,30,1769018499,l1
297,30,1769018499,l1
298,0,1769018499,l1
299,30,1769018499,l1
300,30,1769018499,l1
301,30,1769018499,l1
302,30,1769018499,l1
303,30,1769018499,l1
304,30,1769018499,l1
305,30,1769018499,l1
306,30,1769018499,l1
307,30,1769018499,l1
308,30,1769018499,l1
309,30,1769018499,l1
310,30,1769018499,l1
311,30,1769018499,l1
312,30,1769018499,l1
313,30,1769018499,l1
314,30,1769018499,l1
315,30,1769018499,l1
316,30,1769018499,l1
317,30,1769018499,l1
318,30,1769018499,l1
319,30,1769018499,l1
320,30,1769018499,l1
321,30,1769018499,l1
322,30,1769018499,l1
323,30,1769018499,l1
324,30,1769018499,l1
325,30,1769018499,l1
326,30,1769018499,l1
327,0,1769018499,l1
328,30,1769018499,l1
329,30,1769018499,l1
330,30,1769018499,l1
331,30,1769018499,l1
332,30,1769018499,l1
333,30,1769018499,l1
334,30,1769018499,l1
335,30,1769018499,l1
336,30,1769018499,l1
337,30,1769018499,l1
338,30,1769018499,l1
339,30,1769018499,l1
340,30,1769018499,l1
341,30,1769018499,l1
342,30,1769018499,l1
343,30,1769018499,l1
344,30,1769018499,l1
345,30,1769018499,l1
346,30,1769018499,l1
347,30,1769018499,l1
348,30,1769018499,l1
349,30,1769018499,l1
350,0,1769018499,l1
351,30,1769018499,l1
352,30,1769018499,l1
353,0,1769018499,l1
354,30,1769018499,l1
355,30,1769018499,l1
356,30,1769018499,l1
357,0,1769018499,l1
358,30,1769018499,l1
359,30,1769018499,l1
360,30,1769018499,l1
361,30,1769018499,l1
362,30,1769018499,l1
363,30,1769018499,l1
364,30,1769018499,l1
365,30,1769018499,l1
366,30,1769018499,l1
367,30,1769018499,l1
368,30,1769018499,l1
369,30,1769018499,l1
370,30,1769018499,l1
371,30,1769018499,l1
372,30,1769018499,l1
373,30,1769018499,l1
374,30,1769018499,l1
375,30,1769018499,l1
376,30,1769018499,l1
377,30,1769018499,l1
378,30,1769018499,l1
379,30,1769018499,l1
380,30,1769018499,l1
381,30,1769018499,l1
382,30,1769018499,l1
383,0,1769018499,l1
384,0,1769018499,l1
385,0,1769018499,l1
386,30,1769018499,l1
387,30,1769018499,l1
388,0,1769018499,l1
389,30,1769018499,l1
390,0,1769018499,l1
391,0,1769018499,l1
392,0,1769018499,l1
393,0,1769018499,l1
394,0,1769018499,l1
395,30,1769018499,l1
396,0,1769018499,l1
397,0,1769018499,l1
398,0,1769018499,l1
399,30,1769018499,l1
400,0,1769018499,l1
401,0,1769018499,l1
402,0,1769018499,l1
403,30,1769018499,l1
404,0,1769018499,l1
405,30,1769018499,l1
406,30,1769018499,l1
407,30,1769018499,l1
408,30,1769018499,l1
409,30,1769018499,l1
410,0,1769018499,l1
411,0,1769018499,l1
412,30,1769018499,l1
413,30,1769018499,l1
414,30,1769018499,l1
415,30,1769018499,l1
416,30,1769018499,l1
417,30,1769018499,l1
418,30,1769018499,l1
419,30,1769018499,l1
420,30,1769018499,l1
421,0,1769018499,l1
422,0,1769018499,l1
423,0,1769018499,l1
424,0,1769018499,l1
425,0,1769018499,l1
426,30,1769018499,l1
427,0,1769018499,l1
428,30,1769018499,l1
429,30,1769018499,l1
430,30,1769018499,l1
431,30,1769018499,l1
432,0,1769018499,l1
433,30,1769018499,l1
434,30,1769018499,l1
435,0,1769018499,l1
436,0,1769018499,l1
437,0,1769018499,l1
438,30,1769018499,l1
439,30,1769018499,l1
440,0,1769018499,l1
441,0,1769018499,l1
442,30,1769018499,l1
443,0,1769018499,l1
444,0,1769018499,l1
445,30,1769018499,l1
446,0,1769018499,l1
447,30,1769018499,l1
448,30,1769018499,l1
449,0,1769018499,l1
450,30,1769018499,l1
451,30,1769018499,l1
452,30,1769018499,l1
453,30,1769018499,l1
454,30,1769018499,l1
455,30,1769018499,l1
456,0,1769018499,l1
457,30,1769018499,l1
458,30,1769018499,l1
459,30,1769018499,l1
460,30,1769018499,l1
461,30,1769018499,l1
462,30,1769018499,l1
463,30,1769018499,l1
464,0,1769018499,l1
465,30,1769018499,l1
466,30,1769018499,l1
467,30,1769018499,l1
468,30,1769018499,l1
469,30,1769018499,l1
470,30,1769018499,l1
471,30,1769018499,l1
472,30,1769018499,l1
473,30,1769018499,l1
474,30,1769018499,l1
475,30,1769018499,l1
476,30,1769018499,l1
477,30,1769018499,l1
478,30,1769018499,l1
479,30,1769018499,l1
480,30,1769018499,l1
481,30,1769018499,l1
482,30,1769018499,l1
483,30,1769018499,l1
484,0,1769018499,l1
485,30,1769018499,l1
486,30,1769018499,l1
487,30,1769018499,l1
488,30,1769018499,l1
489,30,1769018499,l1
490,30,1769018499,l1
491,30,1769018499,l1
492,30,1769018499,l1
493,30,1769018499,l1
494,30,1769018499,l1
495,30,1769018499,l1
496,30,1769018499,l1
497,30,1769018499,l1
498,30,1769018499,l1
499,30,1769018499,l1
500,30,1769018499,l1
501,30,1769018499,l1
502,30,1769018499,l1
503,30,1769018499,l1
504,0,1769018499,l1
505,30,1769018499,l1
506,30,1769018499,l1
507,30,1769018499,l1
508,0,1769018499,l1
509,30,1769018499,l1
510,30,1769018499,l1
511,30,1769018499,l1
512,0,1769018499,l1
513,30,1769018499,l1
514,30,1769018499,l1
515,30,1769018499,l1
516,30,1769018499,l1
517,30,1769018499,l1
518,30,1769018499,l1
519,30,1769018499,l1
520,30,1769018499,l1
521,30,1769018499,l1
522,30,1769018499,l1
523,30,1769018499,l1
524,30,1769018499,l1
525,30,1769018499,l1
526,30,1769018499,l1
527,30,1769018499,l1
528,0,1769018499,l1
529,30,1769018499,l1
530,30,1769018499,l1
531,30,1769018499,l1
532,30,1769018499,l1
533,30,1769018499,l1
534,0,1769018499,l1
535,30,1769018499,l1
536,30,1769018499,l1
537,30,1769018499,l1
538,30,1769018499,l1
539,30,1769018499,l1
540,30,1769018499,l1
541,30,1769018499,l1
542,30,1769018499,l1
543,30,1769018499,l1
544,30,1769018499,l1
545,30,1769018499,l1
546,30,1769018499,l1
547,30,1769018499,l1
548,30,1769018499,l1
549,30,1769018499,l1
550,30,1769018499,l1
551,30,1769018499,l1
552,30,1769018499,l1
553,30,1769018499,l1
554,30,1769018499,l1
555,30,1769018499,l1
556,30,1769018499,l1
557,30,1769018499,l1
558,30,1769018499,l1
559,30,1769018499,l1
560,30,1769018499,l1
561,30,1769018499,l1
562,30,1769018499,l1
563,30,1769018499,l1
564,30,1769018499,l1
565,30,1769018499,l1
566,30,1769018499,l1
567,30,1769018499,l1
568,30,1769018499,l1
569,30,1769018499,l1
570,30,1769018499,l1
571,30,1769018499,l1
572,30,1769018499,l1
573,30,1769018499,l1
574,30,1769018499,l1
575,30,1769018499,l1
576,30,1769018499,l1
577,30,1769018499,l1
578,30,1769018499,l1
579,30,1769018499,l1
580,30,1769018499,l1
581,30,1769018499,l1
582,30,1769018499,l1
583,30,1769018499,l1
584,30,1769018499,l1
585,30,1769018499,l1
586,30,1769018499,l1
587,30,1769018499,l1
588,30,1769018499,l1
589,30,1769018499,l1
590,30,1769018499,l1
591,30,1769018499,l1
592,30,1769018499,l1
593,30,1769018499,l1
594,30,1769018499,l1
595,30,1769018499,l1
596,30,1769018499,l1
597,30,1769018499,l1
598,30,1769018499,l1
599,30,1769018499,l1
600,30,1769018499,l1
601,30,1769018499,l1
602,30,1769018499,l1
603,30,1769018499,l1
604,30,1769018499,l1
605,30,1769018499,l1
606,30,1769018499,l1
607,30,1769018499,l1
608,30,1769018499,l1
609,30,1769018499,l1
610,30,1769018499,l1
611,30,1769018499,l1
612,30,1769018499,l1
613,30,1769018499,l1
614,30,1769018499,l1
615,30,1769018499,l1
616,30,1769018499,l1
617,30,1769018499,l1
618,30,1769018499,l1
619,30,1769018499,l1
620,30,1769018499,l1
621,30,1769018499,l1
622,30,1769018499,l1
623,30,1769018499,l1
624,30,1769018499,l1
625,30,1769018499,l1
626,30,1769018499,l1
627,30,1769018499,l1
628,30,1769018499,l1
629,30,1769018499,l1
630,30,1769018499,l1
631,30,1769018499,l1
632,30,1769018499,l1
633,30,1769018499,l1
634,30,1769018499,l1
635,30,1769018499,l1
636,30,1769018499,l1
637,30,1769018499,l1
638,30,1769018499,l1
639,30,1769018499,l1
640,30,1769018499,l1
641,30,1769018499,l1
642,30,1769018499,l1
643,30,1769018499,l1
644,30,1769018499,l1
645,30,1769018499,l1
646,30,1769018499,l1
647,30,1769018499,l1
648,30,1769018499,l1
649,30,1769018499,l1
650,30,1769018499,l1
651,30,1769018499,l1
652,30,1769018499,l1
653,30,1769018499,l1
654,30,1769018499,l1
655,30,1769018499,l1
656,30,1769018499,l1
657,30,1769018499,l1
658,30,1769018499,l1
659,30,1769018499,l1
660,30,1769018499,l1
661,30,1769018499,l1
662,30,1769018499,l1
663,30,1769018499,l1
664,30,1769018499,l1
665,30,1769018499,l1
666,30,1769018499,l1
667,30,1769018499,l1
668,30,1769018499,l1
669,30,1769018499,l1
670,30,1769018499,l1
671,30,1769018499,l1
672,30,1769018499,l1
673,30,1769018499,l1
674,30,1769018499,l1
675,30,1769018499,l1
676,30,1769018499,l1
677,30,1769018499,l1
678,30,1769018499,l1
679,30,1769018499,l1
680,30,1769018499,l1
681,30,1769018499,l1
682,30,1769018499,l1
683,30,1769018499,l1
684,30,1769018499,l1
685,30,1769018499,l1
686,30,1769018499,l1
687,30,1769018499,l1
688,30,1769018499,l1
689,30,1769018499,l1
690,30,1769018499,l1
691,30,1769018499,l1
692,30,1769018499,l1
693,30,1769018499,l1
694,30,1769018499,l1
695,30,1769018499,l1
696,30,1769018499,l1
697,30,1769018499,l1
698,30,1769018499,l1
699,30,1769018499,l1
700,30,1769018499,l1
701,30,1769018499,l1
702,30,1769018499,l1
703,30,1769018499,l1
704,30,1769018499,l1
705,30,1769018499,l1
706,30,1769018499,l1
707,30,1769018499,l1
708,30,1769018499,l1
709,30,1769018499,l1
710,30,1769018499,l1
711,30,1769018499,l1
712,30,1769018499,l1
713,30,1769018499,l1
714,30,1769018499,l1
715,30,1769018499,l1
716,30,1769018499,l1
717,30,1769018499,l1
718,30,1769018499,l1
719,30,1769018499,l1
720,30,1769018499,l1
721,30,1769018499,l1
722,30,1769018499,l1
723,30,1769018499,l1
724,30,1769018499,l1
725,30,1769018499,l1
726,30,1769018499,l1
727,30,1769018499,l1
728,30,1769018499,l1
729,30,1769018499,l1
730,30,1769018499,l1
731,30,1769018499,l1
732,30,1769018499,l1
733,30,1769018499,l1
734,30,1769018499,l1
735,30,1769018499,l1
736,30,1769018499,l1
737,30,1769018499,l1
738,30,1769018499,l1
739,30,1769018499,l1
740,30,1769018499,l1
741,30,1769018499,l1
742,30,1769018499,l1
743,30,1769018499,l1
744,30,1769018499,l1
745,30,1769018499,l1
746,30,1769018499,l1
747,30,1769018499,l1
748,30,1769018499,l1
749,30,1769018499,l1
750,30,1769018499,l1
751,30,1769018499,l1
752,30,1769018499,l1
753,30,1769018499,l1
754,30,1769018499,l1
755,0,1769018499,l1
756,30,1769018499,l1
757,30,1769018499,l1
758,30,1769018499,l1
759,30,1769018499,l1
760,30,1769018499,l1
761,30,1769018499,l1
762,30,1769018499,l1
763,30,1769018499,l1
764,30,1769018499,l1
765,30,1769018499,l1
766,30,1769018499,l1
767,30,1769018499,l1
768,30,1769018499,l1
769,30,1769018499,l1
770,30,1769018499,l1
771,30,1769018499,l1
772,30,1769018499,l1
773,30,1769018499,l1
774,30,1769018499,l1
775,30,1769018499,l1
776,30,1769018499,l1
777,30,1769018499,l1
778,30,1769018499,l1
779,30,1769018499,l1
780,30,1769018499,l1
781,30,1769018499,l1
782,30,1769018499,l1
783,30,1769018499,l1
784,30,1769018499,l1
785,30,1769018499,l1
786,30,1769018499,l1
787,30,1769018499,l1
788,30,1769018499,l1
789,30,1769018499,l1
790,30,1769018499,l1
791,30,1769018499,l1
792,30,1769018499,l1
793,30,1769018499,l1
794,30,1769018499,l1
795,30,1769018499,l1
796,30,1769018499,l1
797,30,1769018499,l1
798,30,1769018499,l1
799,30,1769018499,l1
800,30,1769018499,l1
801,30,1769018499,l1
802,30,1769018499,l1
803,30,1769018499,l1
804,30,1769018499,l1
805,30,1769018499,l1
806,30,1769018499,l1
807,30,1769018499,l1
808,30,1769018499,l1
809,30,1769018499,l1
810,30,1769018499,l1
811,30,1769018499,l1
812,30,1769018499,l1
813,30,1769018499,l1
814,30,1769018499,l1
815,30,1769018499,l1
816,30,1769018499,l1
817,30,1769018499,l1
818,30,1769018499,l1
819,30,1769018499,l1
820,30,1769018499,l1
821,30,1769018499,l1
822,30,1769018499,l1
823,30,1769018499,l1
824,30,1769018499,l1
825,30,1769018499,l1
826,30,1769018499,l1
827,30,1769018499,l1
828,30,1769018499,l1
829,30,1769018499,l1
830,30,1769018499,l1
831,30,1769018499,l1
832,30,1769018499,l1
833,30,1769018499,l1
834,0,1769018499,l1
835,30,1769018499,l1
836,30,1769018499,l1
837,30,1769018499,l1
838,30,1769018499,l1
839,30,1769018499,l1
840,30,1769018499,l1
841,30,1769018499,l1
842,30,1769018499,l1
843,30,1769018499,l1
844,30,1769018499,l1
845,30,1769018499,l1
846,30,1769018499,l1
847,30,1769018499,l1
848,30,1769018499,l1
849,30,1769018499,l1
850,30,1769018499,l1
851,30,1769018499,l1
852,30,1769018499,l1
853,30,1769018499,l1
854,30,1769018499,l1
855,30,1769018499,l1
856,30,1769018499,l1
857,30,1769018499,l1
858,30,1769018499,l1
859,30,1769018499,l1
860,30,1769018499,l1
861,30,1769018499,l1
862,30,1769018499,l1
863,30,1769018499,l1
864,30,1769018499,l1
865,30,1769018499,l1
866,30,1769018499,l1
867,30,1769018499,l1
868,30,1769018499,l1
869,30,1769018499,l1
870,30,1769018499,l1
871,30,1769018499,l1
872,30,1769018499,l1
873,30,1769018499,l1
874,30,1769018499,l1
875,30,1769018499,l1
876,30,1769018499,l1
877,30,1769018499,l1
878,30,1769018499,l1
879,30,1769018499,l1
880,30,1769018499,l1
881,30,1769018499,l1
882,30,1769018499,l1
883,30,1769018499,l1
884,30,1769018499,l1
885,30,1769018499,l1
886,30,1769018499,l1
887,30,1769018499,l1
888,30,1769018499,l1
889,30,1769018499,l1
890,30,1769018499,l1
891,30,1769018499,l1
892,30,1769018499,l1
893,30,1769018499,l1
894,30,1769018499,l1
895,30,1769018499,l1
896,30,1769018499,l1
897,30,1769018499,l1
898,30,1769018499,l1
899,30,1769018499,l1
900,30,1769018499,l1
901,30,1769018499,l1
902,30,1769018499,l1
903,30,1769018499,l1
904,30,1769018499,l1
905,30,1769018499,l1
906,30,1769018499,l1
907,30,1769018499,l1
908,30,1769018499,l1
909,0,1769018499,l1
910,30,1769018499,l1
911,30,1769018499,l1
912,30,1769018499,l1
913,30,1769018499,l1
914,30,1769018499,l1
915,30,1769018499,l1
916,30,1769018499,l1
917,30,1769018499,l1
918,30,1769018499,l1
919,30,1769018499,l1
920,30,1769018499,l1
921,30,1769018499,l1
922,30,1769018499,l1
923,30,1769018499,l1
924,30,1769018499,l1
925,30,1769018499,l1
926,30,1769018499,l1
927,30,1769018499,l1
928,30,1769018499,l1
929,30,1769018499,l1
930,30,1769018499,l1
931,30,1769018499,l1
932,30,1769018499,l1
933,30,1769018499,l1
934,30,1769018499,l1
935,30,1769018499,l1
936,30,1769018499,l1
937,30,1769018499,l1
938,30,1769018499,l1
939,30,1769018499,l1
940,30,1769018499,l1
941,30,1769018499,l1
942,30,1769018499,l1
943,30,1769018499,l1
944,30,1769018499,l1
945,30,1769018499,l1
946,30,1769018499,l1
947,30,1769018499,l1
948,30,1769018499,l1
949,30,1769018499,l1
950,30,1769018499,l1
951,30,1769018499,l1
952,30,1769018499,l1
953,30,1769018499,l1
954,30,1769018499,l1
955,30,1769018499,l1
956,30,1769018499,l1
957,30,1769018499,l1
958,30,1769018499,l1
959,30,1769018499,l1
960,30,1769018499,l1
961,30,1769018499,l1
962,30,1769018499,l1
963,30,1769018499,l1
964,30,1769018499,l1
965,30,1769018499,l1
966,30,1769018499,l1
967,30,1769018499,l1
968,30,1769018499,l1
969,30,1769018499,l1
970,30,1769018499,l1
971,30,1769018499,l1
972,30,1769018499,l1
973,30,1769018499,l1
974,30,1769018499,l1
975,30,1769018499,l1
976,30,1769018499,l1
977,30,1769018499,l1
978,30,1769018499,l1
979,30,1769018499,l1
980,30,1769018499,l1
981,30,1769018499,l1
982,30,1769018499,l1
983,30,1769018499,l1
984,30,1769018499,l1
985,30,1769018499,l1
986,30,1769018499,l1
987,30,1769018499,l1
988,30,1769018499,l1
989,30,1769018499,l1
990,30,1769018499,l1
991,30,1769018499,l1
992,30,1769018499,l1
993,30,1769018499,l1
994,30,1769018499,l1
995,30,1769018499,l1
996,30,1769018499,l1
997,30,1769018499,l1
998,30,1769018499,l1
999,30,1769018499,l1
1000,30,1769018499,l1
1001,30,1769018499,l1
1002,30,1769018499,l1
1003,30,1769018499,l1
1004,30,1769018499,l1
1005,30,1769018499,l1
1006,30,1769018499,l1
1007,30,1769018499,l1
1008,30,1769018499,l1
1009,30,1769018499,l1
1010,30,1769018499,l1
1011,30,1769018499,l1
1012,30,1769018499,l1
1013,30,1769018499,l1
1014,30,1769018499,l1
1015,30,1769018499,l1
1016,30,1769018499,l1
1017,30,1769018499,l1
1018,30,1769018499,l1
1019,30,1769018499,l1
1020,30,1769018499,l1
1021,30,1769018499,l1
1022,30,1769018499,l1
1023,30,1769018499,l1
1024,30,1769018499,l1
1025,30,1769018499,l1
1026,30,1769018499,l1
1027,30,1769018499,l1
1028,30,1769018499,l1
1029,30,1769018499,l1
1030,30,1769018499,l1
1031,30,1769018499,l1
1032,30,1769018499,l1
1033,30,1769018499,l1
1034,30,1769018499,l1
1035,30,1769018499,l1
1036,30,1769018499,l1
1037,30,1769018499,l1
1038,30,1769018499,l1
1039,30,1769018499,l1
1040,30,1769018499,l1
1041,30,1769018499,l1
1042,30,1769018499,l1
1043,30,1769018499,l1
1044,30,1769018499,l1
1045,30,1769018499,l1
1046,30,1769018499,l1
1047,30,1769018499,l1
1048,30,1769018499,l1
1049,30,1769018499,l1
1050,30,1769018499,l1
1051,30,1769018499,l1
1052,30,1769018499,l1
1053,30,1769018499,l1
1054,30,1769018499,l1
1055,30,1769018499,l1
1056,30,1769018499,l1
1057,30,1769018499,l1
1058,30,1769018499,l1
1059,30,1769018499,l1
1060,30,1769018499,l1
1061,30,1769018499,l1
1062,30,1769018499,l1
1063,30,1769018499,l1
1064,30,1769018499,l1
1065,30,1769018499,l1
1066,30,1769018499,l1
1067,30,1769018499,l1
1068,30,1769018499,l1
1069,30,1769018499,l1
1070,30,1769018499,l1
1071,30,1769018499,l1
1072,30,1769018499,l1
1073,30,1769018499,l1
1074,30,1769018499,l1
1075,30,1769018499,l1
1076,30,1769018499,l1
1077,30,1769018499,l1
1078,30,1769018499,l1
1079,30,1769018499,l1
1080,30,1769018499,l1
1081,30,1769018499,l1
1082,30,1769018499,l1
1083,30,1769018499,l1
1084,30,1769018499,l1
1085,30,1769018499,l1
1086,30,1769018499,l1
1087,30,1769018499,l1
1088,30,1769018499,l1
1089,30,1769018499,l1
1090,30,1769018499,l1
1091,30,1769018499,l1
1092,30,1769018499,l1
1093,30,1769018499,l1
1094,30,1769018499,l1
1095,30,1769018499,l1
1096,30,1769018499,l1
1097,30,1769018499,l1
1098,30,1769018499,l1
1099,30,1769018499,l1
1100,30,1769018499,l1
1101,30,1769018499,l1
1102,30,1769018499,l1
1103,30,1769018499,l1
1104,30,1769018499,l1
1105,30,1769018499,l1
1106,30,1769018499,l1
1107,30,1769018499,l1
1108,30,1769018499,l1
1109,30,1769018499,l1
1110,30,1769018499,l1
1111,30,1769018499,l1
1112,30,1769018499,l1
1113,30,1769018499,l1
1114,30,1769018499,l1
1115,30,1769018499,l1
1116,30,1769018499,l1
1117,30,1769018499,l1
1118,30,1769018499,l1
1119,30,1769018499,l1
1120,30,1769018499,l1
1121,30,1769018499,l1
1122,30,1769018499,l1
1123,30,1769018499,l1
1124,30,1769018499,l1
1125,30,1769018499,l1
1126,30,1769018499,l1
1127,30,1769018499,l1
1128,30,1769018499,l1
1129,30,1769018499,l1
1130,30,1769018499,l1
1131,30,1769018499,l1
1132,30,1769018499,l1
1133,30,1769018499,l1
1134,30,1769018499,l1
1135,30,1769018499,l1
1136,30,1769018499,l1
1137,30,1769018499,l1
1138,30,1769018499,l1
1139,30,1769018499,l1
1140,30,1769018499,l1
1141,30,1769018499,l1
1142,30,1769018499,l1
1143,30,1769018499,l1
1144,30,1769018499,l1
1145,30,1769018499,l1
1146,30,1769018499,l1
1147,30,1769018499,l1
1148,30,1769018499,l1
1149,30,1769018499,l1
1150,30,1769018499,l1
1151,30,1769018499,l1
1152,30,1769018499,l1
1153,30,1769018499,l1
1154,30,1769018499,l1
1155,30,1769018499,l1
1156,30,1769018499,l1
1157,30,1769018499,l1
1158,30,1769018499,l1
1159,30,1769018499,l1
1160,30,1769018499,l1
1161,30,1769018499,l1
1162,30,1769018499,l1
1163,30,1769018499,l1
1164,30,1769018499,l1
1165,30,1769018499,l1
1166,30,1769018499,l1
1167,30,1769018499,l1
1168,30,1769018499,l1
1169,30,1769018499,l1
1170,30,1769018499,l1
1171,30,1769018499,l1
1172,30,1769018499,l1
1173,30,1769018499,l1
1174,30,1769018499,l1
1175,30,1769018499,l1
1176,30,1769018499,l1
1177,30,1769018499,l1
1178,30,1769018499,l1
1179,30,1769018499,l1
1180,30,1769018499,l1
1181,30,1769018499,l1
1182,30,1769018499,l1
1183,30,1769018499,l1
1184,30,1769018499,l1
1185,30,1769018499,l1
1186,30,1769018499,l1
1187,30,1769018499,l1
1188,30,1769018499,l1
1189,30,1769018499,l1
1190,30,1769018499,l1
1191,30,1769018499,l1
1192,30,1769018499,l1
1193,30,1769018499,l1
1194,30,1769018499,l1
1195,30,1769018499,l1
1196,30,1769018499,l1
1197,30,1769018499,l1
1198,30,1769018499,l1
1199,30,1769018499,l1
1200,30,1769018499,l1
1201,30,1769018499,l1
1202,30,1769018499,l1
1203,30,1769018499,l1
1204,30,1769018499,l1
1205,30,1769018499,l1
1206,30,1769018499,l1
1207,30,1769018499,l1
1208,30,1769018499,l1
1209,30,1769018499,l1
1210,30,1769018499,l1
1211,30,1769018499,l1
1212,30,1769018499,l1
1213,30,1769018499,l1
1214,30,1769018499,l1
1215,30,1769018499,l1
1216,30,1769018499,l1
1217,30,1769018499,l1
1218,30,1769018499,l1
1219,30,1769018499,l1
1220,30,1769018499,l1
1221,30,1769018499,l1
1222,30,1769018499,l1
1223,30,1769018499,l1
1224,30,1769018499,l1
1225,30,1769018499,l1
1226,30,1769018499,l1
1227,30,1769018499,l1
1228,30,1769018499,l1
1229,30,1769018499,l1
1230,30,1769018499,l1
1231,30,1769018499,l1
1232,30,1769018499,l1
1233,30,1769018499,l1
1234,30,1769018499,l1
1235,30,1769018499,l1
1236,30,1769018499,l1
1237,30,1769018499,l1
1238,30,1769018499,l1
1239,30,1769018499,l1
1240,30,1769018499,l1
1241,30,1769018499,l1
1242,30,1769018499,l1
1243,30,1769018499,l1
1244,30,1769018499,l1
1245,30,1769018499,l1
1246,30,1769018499,l1
1247,30,1769018499,l1
1248,30,1769018499,l1
1249,30,1769018499,l1
1250,30,1769018499,l1
1251,30,1769018499,l1
1252,30,1769018499,l1
1253,30,1769018499,l1
1254,30,1769018499,l1
1255,30,1769018499,l1
1256,30,1769018499,l1
1257,30,1769018499,l1
1258,30,1769018499,l1
1259,30,1769018499,l1
1260,30,1769018499,l1
1261,30,1769018499,l1
1262,30,1769018499,l1
1263,30,1769018499,l1
1264,30,1769018499,l1
1265,30,1769018499,l1
1266,30,1769018499,l1
1267,30,1769018499,l1
1268,30,1769018499,l1
1269,30,1769018499,l1
1270,30,1769018499,l1
1271,30,1769018499,l1
1272,30,1769018499,l1
1273,30,1769018499,l1
1274,30,1769018499,l1
1275,30,1769018499,l1
1276,30,1769018499,l1
1277,30,1769018499,l1
1278,30,1769018499,l1
1279,30,1769018499,l1
1280,30,1769018499,l1
1281,30,1769018499,l1
1282,30,1769018499,l1
1283,30,1769018499,l1
1284,30,1769018499,l1
1285,30,1769018499,l1
1286,30,1769018499,l1
1287,30,1769018499,l1
1288,30,1769018499,l1
1289,30,1769018499,l1
1290,30,1769018499,l1
1291,30,1769018499,l1
1292,30,1769018499,l1
1293,30,1769018499,l1
1294,30,1769018499,l1
1295,30,1769018499,l1
1296,30,1769018499,l1
1297,30,1769018499,l1
1298,30,1769018499,l1
1299,30,1769018499,l1
1300,30,1769018499,l1
1301,30,1769018499,l1
1302,30,1769018499,l1
1303,30,1769018499,l1
1304,30,1769018499,l1
1305,30,1769018499,l1
1306,30,1769018499,l1
1307,30,1769018499,l1
1308,30,1769018499,l1
1309,30,1769018499,l1
1310,30,1769018499,l1
1311,30,1769018499,l1
1312,30,1769018499,l1
1313,30,1769018499,l1
1314,30,1769018499,l1
1315,30,1769018499,l1
1316,30,1769018499,l1
1317,30,1769018499,l1
1318,30,1769018499,l1
1319,30,1769018499,l1
1320,30,1769018499,l1
1321,30,1769018499,l1
1322,30,1769018499,l1
1323,30,1769018499,l1
1324,30,1769018499,l1
1325,30,1769018499,l1
1326,30,1769018499,l1
1327,30,1769018499,l1
1328,30,1769018499,l1
1329,30,1769018499,l1
1330,30,1769018499,l1
1331,30,1769018499,l1
1332,30,1769018499,l1
1333,30,1769018499,l1
1334,30,1769018499,l1
1335,30,1769018499,l1
1336,30,1769018499,l1
1337,30,1769018499,l1
1338,30,1769018499,l1
1339,30,1769018499,l1
1340,30,1769018499,l1
1341,30,1769018499,l1
1342,30,1769018499,l1
1343,30,1769018499,l1
1344,30,1769018499,l1
1345,30,1769018499,l1
1346,30,1769018499,l1
1347,30,1769018499,l1
1348,30,1769018499,l1
1349,30,1769018499,l1
1350,30,1769018499,l1
1351,30,1769018499,l1
1352,30,1769018499,l1
1353,30,1769018499,l1
1354,30,1769018499,l1
1355,30,1769018499,l1
1356,30,1769018499,l1
1357,30,1769018499,l1
1358,30,1769018499,l1
1359,30,1769018499,l1
1360,30,1769018499,l1
1361,30,1769018499,l1
1362,30,1769018499,l1
1363,30,1769018499,l1
1364,30,1769018499,l1
1365,30,1769018499,l1
1366,30,1769018499,l1
1367,30,1769018499,l1
1368,30,1769018499,l1
1369,30,1769018499,l1
1370,30,1769018499,l1
1371,30,1769018499,l1
1372,30,1769018499,l1
1373,30,1769018499,l1
1374,30,1769018499,l1
1375,30,1769018499,l1
1376,30,1769018499,l1
1377,30,1769018499,l1
1378,30,1769018499,l1
1379,30,1769018499,l1
1380,30,1769018499,l1
1381,30,1769018499,l1
1382,30,1769018499,l1
1383,30,1769018499,l1
1384,30,1769018499,l1
1385,30,1769018499,l1
1386,30,1769018499,l1
1387,30,1769018499,l1
1388,30,1769018499,l1
1389,30,1769018499,l1
1390,30,1769018499,l1
1391,30,1769018499,l1
1392,30,1769018499,l1
1393,30,1769018499,l1
1394,30,1769018499,l1
1395,30,1769018499,l1
1396,30,1769018499,l1
1397,30,1769018499,l1
1398,30,1769018499,l1
1399,30,1769018499,l1
1400,30,1769018499,l1
1401,30,1769018499,l1
1402,30,1769018499,l1
1403,30,1769018499,l1
1404,30,1769018499,l1
1405,30,1769018499,l1
1406,30,1769018499,l1
1407,30,1769018499,l1
1408,30,1769018499,l1
1409,30,1769018499,l1
1410,30,1769018499,l1
1411,30,1769018499,l1
1412,30,1769018499,l1
1413,30,1769018499,l1
1414,30,1769018499,l1
1415,30,1769018499,l1
1416,30,1769018499,l1
1417,30,1769018499,l1
1418,30,1769018499,l1
1419,30,1769018499,l1
1420,30,1769018499,l1
1421,30,1769018499,l1
1422,30,1769018499,l1
1423,30,1769018499,l1
1424,30,1769018499,l1
1425,30,1769018499,l1
1426,30,1769018499,l1
1427,30,1769018499,l1
1428,30,1769018499,l1
1429,30,1769018499,l1
1430,30,1769018499,l1
1431,30,1769018499,l1
1432,30,1769018499,l1
1433,30,1769018499,l1
1434,30,1769018499,l1
1435,30,1769018499,l1
1436,30,1769018499,l1
1437,30,1769018499,l1
1438,30,1769018499,l1
1439,30,1769018499,l1
1440,30,1769018499,l1
1441,30,1769018499,l1
1442,30,1769018499,l1
1443,30,1769018499,l1
1444,30,1769018499,l1
1445,30,1769018499,l1
1446,30,1769018499,l1
1447,30,1769018499,l1
1448,30,1769018499,l1
1449,30,1769018499,l1
1450,30,1769018499,l1
1451,30,1769018499,l1
1452,30,1769018499,l1
1453,30,1769018499,l1
1454,30,1769018499,l1
1455,30,1769018499,l1
1456,30,1769018499,l1
1457,30,1769018499,l1
1458,30,1769018499,l1
1459,30,1769018499,l1
1460,30,1769018499,l1
1461,30,1769018499,l1
1462,30,1769018499,l1
1463,30,1769018499,l1
1464,30,1769018499,l1
1465,30,1769018499,l1
1466,30,1769018499,l1
1467,30,1769018499,l1
1468,30,1769018499,l1
1469,30,1769018499,l1
1470,30,1769018499,l1
1471,30,1769018499,l1
1472,30,1769018499,l1
1473,30,1769018499,l1
1474,30,1769018499,l1
1475,30,1769018499,l1
1476,30,1769018499,l1
1477,30,1769018499,l1
1478,30,1769018499,l1
1479,30,1769018499,l1
1480,30,1769018499,l1
1481,30,1769018499,l1
1482,30,1769018499,l1
1483,30,1769018499,l1
1484,30,1769018499,l1
1485,30,1769018499,l1
1486,30,1769018499,l1
1487,30,1769018499,l1
1488,30,1769018499,l1
1489,30,1769018499,l1
1490,30,1769018499,l1
1491,30,1769018499,l1
1492,30,1769018499,l1
1493,30,1769018499,l1
1494,30,1769018499,l1
1495,30,1769018499,l1
1496,30,1769018499,l1
1497,30,1769018499,l1
1498,30,1769018499,l1
1499,30,1769018499,l1
1500,30,1769018499,l1
1501,30,1769018499,l1
1502,30,1769018499,l1
1503,30,1769018499,l1
1504,30,1769018499,l1
1505,30,1769018499,l1
1506,30,1769018499,l1
1507,30,1769018499,l1
1508,30,1769018499,l1
1509,30,1769018499,l1
1510,30,1769018499,l1
1511,30,1769018499,l1
1512,30,1769018499,l1
1513,30,1769018499,l1
1514,30,1769018499,l1
1515,30,1769018499,l1
1516,30,1769018499,l1
1517,30,1769018499,l1
1518,30,1769018499,l1
1519,30,1769018499,l1
1520,30,1769018499,l1
1521,30,1769018499,l1
1522,30,1769018499,l1
1523,30,1769018499,l1
1524,30,1769018499,l1
1525,30,1769018499,l1
1526,30,1769018499,l1
1527,30,1769018499,l1
1528,30,1769018499,l1
1529,30,1769018499,l1
1530,30,1769018499,l1
1531,30,1769018499,l1
1532,30,1769018499,l1
1533,30,1769018499,l1
1534,30,1769018499,l1
1535,30,1769018499,l1
1536,30,1769018499,l1
1537,30,1769018499,l1
1538,30,1769018499,l1
1539,30,1769018499,l1
1540,30,1769018499,l1
1541,30,1769018499,l1
1542,30,1769018499,l1
1543,30,1769018499,l1
1544,30,1769018499,l1
1545,30,1769018499,l1
1546,30,1769018499,l1
1547,30,1769018499,l1
1548,30,1769018499,l1
1549,30,1769018499,l1
1550,30,1769018499,l1
1551,30,1769018499,l1
1552,30,1769018499,l1
1553,30,1769018499,l1
1554,30,1769018499,l1
1555,30,1769018499,l1
1556,30,1769018499,l1
1557,30,1769018499,l1
1558,30,1769018499,l1
1559,30,1769018499,l1
1560,30,1769018499,l1
1561,30,1769018499,l1
1562,30,1769018499,l1
1563,30,1769018499,l1
1564,30,1769018499,l1
1565,30,1769018499,l1
1566,30,1769018499,l1
1567,30,1769018499,l1
1568,30,1769018499,l1
1569,30,1769018499,l1
1570,30,1769018499,l1
1571,30,1769018499,l1
1572,30,1769018499,l1
1573,30,1769018499,l1
1574,30,1769018499,l1
1575,30,1769018499,l1
1576,30,1769018499,l1
1577,30,1769018499,l1
1578,30,1769018499,l1
1579,30,1769018499,l1
1580,30,1769018499,l1
1581,30,1769018499,l1
1582,30,1769018499,l1
1583,30,1769018499,l1
1584,30,1769018499,l1
1585,30,1769018499,l1
1586,30,1769018499,l1
1587,30,1769018499,l1
1588,30,1769018499,l1
1589,30,1769018499,l1
1590,30,1769018499,l1
1591,30,1769018499,l1
1592,30,1769018499,l1
1593,30,1769018499,l1
1594,30,1769018499,l1
1595,30,1769018499,l1
1596,30,1769018499,l1
1597,30,1769018499,l1
1598,30,1769018499,l1
1599,30,1769018499,l1
1600,30,1769018499,l1
1601,30,1769018499,l1
1602,30,1769018499,l1
1603,30,1769018499,l1
1604,30,1769018499,l1
1605,30,1769018499,l1
1606,30,1769018499,l1
1607,30,1769018499,l1
1608,30,1769018499,l1
1609,30,1769018499,l1
1610,30,1769018499,l1
1611,30,1769018499,l1
1612,30,1769018499,l1
1613,30,1769018499,l1
1614,30,1769018499,l1
1615,30,1769018499,l1
1616,30,1769018499,l1
1617,30,1769018499,l1
1618,30,1769018499,l1
1619,30,1769018499,l1
1620,30,1769018499,l1
1621,30,1769018499,l1
1622,30,1769018499,l1
1623,30,1769018499,l1
1624,30,1769018499,l1
1625,30,1769018499,l1
1626,30,1769018499,l1
1627,30,1769018499,l1
1628,30,1769018499,l1
1629,30,1769018499,l1
1630,30,1769018499,l1
1631,30,1769018499,l1
1632,30,1769018499,l1
1633,30,1769018499,l1
1634,30,1769018499,l1
1635,30,1769018499,l1
1636,30,1769018499,l1
1637,30,1769018499,l1
1638,30,1769018499,l1
1639,30,1769018499,l1
1640,30,1769018499,l1
1641,30,1769018499,l1
1642,30,1769018499,l1
1643,30,1769018499,l1
1644,30,1769018499,l1
1645,30,1769018499,l1
1646,30,1769018499,l1
1647,30,1769018499,l1
1648,30,1769018499,l1
1649,30,1769018499,l1
1650,30,1769018499,l1
1651,30,1769018499,l1
1652,30,1769018499,l1
1653,30,1769018499,l1
1654,30,1769018499,l1
1655,30,1769018499,l1
1656,30,1769018499,l1
1657,30,1769018499,l1
1658,30,1769018499,l1
1659,30,1769018499,l1
1660,30,1769018499,l1
1661,30,1769018499,l1
1662,30,1769018499,l1
1663,30,1769018499,l1
1664,30,1769018499,l1
1665,30,1769018499,l1
1666,30,1769018499,l1
1667,30,1769018499,l1
1668,30,1769018499,l1
1669,30,1769018499,l1
1670,30,1769018499,l1
1671,30,1769018499,l1
1672,30,1769018499,l1
1673,30,1769018499,l1
1674,30,1769018499,l1
1675,30,1769018499,l1
1676,30,1769018499,l1
1677,30,1769018499,l1
1678,30,1769018499,l1
1679,30,1769018499,l1
1680,30,1769018499,l1
1681,30,1769018499,l1
1682,30,1769018499,l1
1683,30,1769018499,l1
1684,30,1769018499,l1
1685,30,1769018499,l1
1686,30,1769018499,l1
1687,30,1769018499,l1
1688,30,1769018499,l1
1689,30,1769018499,l1
1690,30,1769018499,l1
1691,30,1769018499,l1
1692,30,1769018499,l1
1693,30,1769018499,l1
1694,30,1769018499,l1
1695,30,1769018499,l1
1696,30,1769018499,l1
1697,30,1769018499,l1
1698,30,1769018499,l1
1699,30,1769018499,l1
1700,30,1769018499,l1
1701,30,1769018499,l1
1702,30,1769018499,l1
1703,30,1769018499,l1
1704,30,1769018499,l1
1705,30,1769018499,l1
1706,30,1769018499,l1
1707,30,1769018499,l1
1708,30,1769018499,l1
1709,30,1769018499,l1
1710,30,1769018499,l1
1711,30,1769018499,l1
1712,30,1769018499,l1
1713,30,1769018499,l1
1714,30,1769018499,l1
1715,30,1769018499,l1
1716,30,1769018499,l1
1717,30,1769018499,l1
1718,30,1769018499,l1
1719,30,1769018499,l1
1720,30,1769018499,l1
1721,30,1769018499,l1
1722,30,1769018499,l1
1723,30,1769018499,l1
1724,30,1769018499,l1
1725,30,1769018499,l1
1726,30,1769018499,l1
1727,30,1769018499,l1
1728,30,1769018499,l1
1729,30,1769018499,l1
1730,30,1769018499,l1
1731,30,1769018499,l1
1732,30,1769018499,l1
1733,30,1769018499,l1
1734,30,1769018499,l1
1735,30,1769018499,l1
1736,30,1769018499,l1
1737,30,1769018499,l1
1738,30,1769018499,l1
1739,30,1769018499,l1
1740,30,1769018499,l1
1741,30,1769018499,l1
1742,30,1769018499,l1
1743,30,1769018499,l1
1744,30,1769018499,l1
1745,30,1769018499,l1
1746,30,1769018499,l1
1747,30,1769018499,l1
1748,30,1769018499,l1
1749,30,1769018499,l1
1750,30,1769018499,l1
1751,30,1769018499,l1
1752,30,1769018499,l1
1753,30,1769018499,l1
1754,30,1769018499,l1
1755,30,1769018499,l1
1756,30,1769018499,l1
1757,30,1769018499,l1
1758,30,1769018499,l1
1759,30,1769018499,l1
1760,30,1769018499,l1
1761,30,1769018499,l1
1762,30,1769018499,l1
1763,30,1769018499,l1
1764,30,1769018499,l1
1765,30,1769018499,l1
1766,30,1769018499,l1
1767,30,1769018499,l1
1768,30,1769018499,l1
1769,30,1769018499,l1
1770,30,1769018499,l1
1771,30,1769018499,l1
1772,30,1769018499,l1
1773,30,1769018499,l1
1774,30,1769018499,l1
1775,30,1769018499,l1
1776,30,1769018499,l1
1777,30,1769018499,l1
1778,30,1769018499,l1
1779,30,1769018499,l1
1780,30,1769018499,l1
1781,30,1769018499,l1
1782,30,1769018499,l1
1783,30,1769018499,l1
1784,30,1769018499,l1
1785,30,1769018499,l1
1786,30,1769018499,l1
1787,30,1769018499,l1
1788,30,1769018499,l1
1789,30,1769018499,l1
1790,30,1769018499,l1
1791,30,1769018499,l1
1792,30,1769018499,l1
1793,30,1769018499,l1
1794,30,1769018499,l1
1795,30,1769018499,l1
1796,30,1769018499,l1
1797,30,1769018499,l1
1798,30,1769018499,l1
1799,30,1769018499,l1
1800,30,1769018499,l1
1801,30,1769018499,l1
1802,30,1769018499,l1
1803,30,1769018499,l1
1804,30,1769018499,l1
1805,30,1769018499,l1
1806,30,1769018499,l1
1807,30,1769018499,l1
1808,30,1769018499,l1
1809,30,1769018499,l1
1810,30,1769018499,l1
1811,30,1769018499,l1
1812,30,1769018499,l1
1813,30,1769018499,l1
1814,30,1769018499,l1
1815,30,1769018499,l1
1816,30,1769018499,l1
1817,30,1769018499,l1
1818,30,1769018499,l1
1819,30,1769018499,l1
1820,30,1769018499,l1
1821,30,1769018499,l1
1822,30,1769018499,l1
1823,30,1769018499,l1
1824,30,1769018499,l1
1825,30,1769018499,l1
1826,30,1769018499,l1
1827,30,1769018499,l1
1828,30,1769018499,l1
1829,30,1769018499,l1
1830,30,1769018499,l1
1831,30,1769018499,l1
1832,30,1769018499,l1
1833,30,1769018499,l1
1834,30,1769018499,l1
1835,30,1769018499,l1
1836,30,1769018499,l1
1837,30,1769018499,l1
1838,30,1769018499,l1
1839,30,1769018499,l1
1840,30,1769018499,l1
1841,30,1769018499,l1
1842,30,1769018499,l1
1843,30,1769018499,l1
1844,30,1769018499,l1
1845,30,1769018499,l1
1846,30,1769018499,l1
1847,30,1769018499,l1
1848,30,1769018499,l1
1849,30,1769018499,l1
1850,30,1769018499,l1
1851,30,1769018499,l1
1852,30,1769018499,l1
1853,30,1769018499,l1
1854,30,1769018499,l1
1855,30,1769018499,l1
1856,30,1769018499,l1
1857,30,1769018499,l1
1858,30,1769018499,l1
1859,30,1769018499,l1
1860,30,1769018499,l1
1861,30,1769018499,l1
1862,30,1769018499,l1
1863,30,1769018499,l1
1864,30,1769018499,l1
1865,30,1769018499,l1
1866,30,1769018499,l1
1867,30,1769018499,l1
1868,30,1769018499,l1
1869,30,1769018499,l1
1870,30,1769018499,l1
1871,30,1769018499,l1
1872,30,1769018499,l1
1873,30,1769018499,l1
1874,30,1769018499,l1
1875,30,1769018499,l1
1876,30,1769018499,l1
1877,30,1769018499,l1
1878,30,1769018499,l1
1879,30,1769018499,l1
1880,30,1769018499,l1
1881,30,1769018499,l1
1882,30,1769018499,l1
1883,30,1769018499,l1
1884,30,1769018499,l1
1885,30,1769018499,l1
1886,30,1769018499,l1
1887,30,1769018499,l1
1888,30,1769018499,l1
1889,30,1769018499,l1
1890,30,1769018499,l1
1891,30,1769018499,l1
1892,30,1769018499,l1
1893,30,1769018499,l1
1894,30,1769018499,l1
1895,30,1769018499,l1
1896,30,1769018499,l1
1897,30,1769018499,l1
1898,30,1769018499,l1
1899,30,1769018499,l1
1900,30,1769018499,l1
1901,30,1769018499,l1
1902,30,1769018499,l1
1903,30,1769018499,l1
1904,30,1769018499,l1
1905,30,1769018499,l1
1906,30,1769018499,l1
1907,30,1769018499,l1
1908,30,1769018499,l1
1909,30,1769018499,l1
1910,30,1769018499,l1
1911,30,1769018499,l1
1912,30,1769018499,l1
1913,30,1769018499,l1
1914,30,1769018499,l1
1915,30,1769018499,l1
1916,30,1769018499,l1
1917,30,1769018499,l1
1918,30,1769018499,l1
1919,30,1769018499,l1
1920,30,1769018499,l1
1921,30,1769018499,l1
1922,30,1769018499,l1
1923,30,1769018499,l1
1924,30,1769018499,l1
1925,30,1769018499,l1
1926,30,1769018499,l1
1927,30,1769018499,l1
1928,30,1769018499,l1
1929,30,1769018499,l1
1930,30,1769018499,l1
1931,30,1769018499,l1
1932,30,1769018499,l1
1933,30,1769018499,l1
1934,30,1769018499,l1
1935,30,1769018499,l1
1936,30,1769018499,l1
1937,30,1769018499,l1
1938,30,1769018499,l1
1939,30,1769018499,l1
1940,30,1769018499,l1
1941,30,1769018499,l1
1942,30,1769018499,l1
1943,30,1769018499,l1
1944,30,1769018499,l1
1945,30,1769018499,l1
1946,30,1769018499,l1
1947,30,1769018499,l1
1948,30,1769018499,l1
1949,30,1769018499,l1
1950,30,1769018499,l1
1951,30,1769018499,l1
1952,30,1769018499,l1
1953,30,1769018499,l1
1954,30,1769018499,l1
1955,30,1769018499,l1
1956,30,1769018499,l1
1957,30,1769018499,l1
1958,30,1769018499,l1
1959,30,1769018499,l1
1960,30,1769018499,l1
1961,30,1769018499,l1
1962,30,1769018499,l1
1963,30,1769018499,l1
1964,30,1769018499,l1
1965,30,1769018499,l1
1966,30,1769018499,l1
1967,30,1769018499,l1
1968,30,1769018499,l1
1969,30,1769018499,l1
1970,30,1769018499,l1
1971,30,1769018499,l1
1972,30,1769018499,l1
1973,30,1769018499,l1
1974,30,1769018499,l1
1975,30,1769018499,l1
1976,30,1769018499,l1
1977,30,1769018499,l1
1978,30,1769018499,l1
1979,30,1769018499,l1
1980,30,1769018499,l1
1981,30,1769018499,l1
1982,30,1769018499,l1
1983,30,1769018499,l1
1984,30,1769018499,l1
1985,30,1769018499,l1
1986,30,1769018499,l1
1987,30,1769018499,l1
1988,30,1769018499,l1
1989,30,1769018499,l1
1990,30,1769018499,l1
1991,30,1769018499,l1
1992,30,1769018499,l1
1993,30,1769018499,l1
1994,30,1769018499,l1
1995,30,1769018499,l1
1996,30,1769018499,l1
1997,30,1769018499,l1
1998,30,1769018499,l1
1999,30,1769018499,l1
2000,30,1769018499,l1
2001,30,1769018499,l1
1,0,1769018484,l1
2,30,1769018484,l1
3,0,1769018484,l1
4,30,1769018484,l1
5,30,1769018484,l1
6,30,1769018484,l1
7,30,1769018484,l1
8,30,1769018484,l1
9,0,1769018484,l1
10,30,1769018484,l1
11,30,1769018484,l1
12,30,1769018484,l1
13,30,1769018484,l1
14,30,1769018484,l1
15,30,1769018484,l1
16,0,1769018484,l1
17,30,1769018484,l1
18,0,1769018484,l1
19,30,1769018484,l1
20,30,1769018484,l1
21,30,1769018484,l1
22,30,1769018484,l1
23,30,1769018484,l1
24,30,1769018484,l1
25,30,1769018484,l1
26,30,1769018484,l1
27,30,1769018484,l1
28,30,1769018484,l1
29,30,1769018484,l1
30,30,1769018484,l1
31,30,1769018484,l1
32,0,1769018484,l1
33,30,1769018484,l1
34,30,1769018484,l1
35,30,1769018484,l1
36,30,1769018484,l1
37,30,1769018484,l1
38,30,1769018484,l1
39,30,1769018484,l1
40,30,1769018484,l1
41,30,1769018484,l1
42,30,1769018484,l1
43,30,1769018484,l1
44,30,1769018484,l1
45,30,1769018484,l1
46,30,1769018484,l1
47,30,1769018484,l1
48,30,1769018484,l1
49,0,1769018484,l1
50,30,1769018484,l1
51,30,1769018484,l1
52,0,1769018484,l1
53,30,1769018484,l1
54,30,1769018484,l1
55,30,1769018484,l1
56,0,1769018484,l1
57,30,1769018484,l1
58,30,1769018484,l1
59,30,1769018484,l1
60,30,1769018484,l1
61,30,1769018484,l1
62,30,1769018484,l1
63,30,1769018484,l1
64,30,1769018484,l1
65,30,1769018484,l1
66,30,1769018484,l1
67,30,1769018484,l1
68,30,1769018484,l1
69,30,1769018484,l1
70,30,1769018484,l1
71,30,1769018484,l1
72,30,1769018484,l1
73,30,1769018484,l1
74,30,1769018484,l1
75,30,1769018484,l1
76,30,1769018484,l1
77,0,1769018484,l1
78,30,1769018484,l1
79,30,1769018484,l1
80,30,1769018484,l1
81,30,1769018484,l1
82,30,1769018484,l1
83,30,1769018484,l1
84,30,1769018484,l1
85,30,1769018484,l1
86,30,1769018484,l1
87,30,1769018484,l1
88,30,1769018484,l1
89,30,1769018484,l1
90,30,1769018484,l1
91,30,1769018484,l1
92,30,1769018484,l1
93,0,1769018484,l1
94,0,1769018484,l1
95,30,1769018484,l1
96,30,1769018484,l1
97,0,1769018484,l1
98,30,1769018484,l1
99,30,1769018484,l1
100,30,1769018484,l1
101,30,1769018484,l1
102,30,1769018484,l1
103,30,1769018484,l1
104,30,1769018484,l1
105,0,1769018484,l1
106,30,1769018484,l1
107,30,1769018484,l1
108,30,1769018484,l1
109,30,1769018484,l1
110,30,1769018484,l1
111,30,1769018484,l1
112,0,1769018484,l1
113,30,1769018484,l1
114,30,1769018484,l1
115,0,1769018484,l1
116,30,1769018484,l1
117,30,1769018484,l1
118,30,1769018484,l1
119,30,1769018484,l1
120,30,1769018484,l1
121,30,1769018484,l1
122,30,1769018484,l1
123,30,1769018484,l1
124,30,1769018484,l1
125,30,1769018484,l1
126,30,1769018484,l1
127,0,1769018484,l1
128,30,1769018484,l1
129,0,1769018484,l1
130,30,1769018484,l1
131,30,1769018484,l1
132,30,1769018484,l1
133,0,1769018484,l1
134,30,1769018484,l1
135,30,1769018484,l1
136,30,1769018484,l1
137,30,1769018484,l1
138,30,1769018484,l1
139,30,1769018484,l1
140,30,1769018484,l1
141,30,1769018484,l1
142,30,1769018484,l1
143,30,1769018484,l1
144,30,1769018484,l1
145,30,1769018484,l1
146,30,1769018484,l1
147,30,1769018484,l1
148,30,1769018484,l1
149,30,1769018484,l1
150,30,1769018484,l1
151,30,1769018484,l1
152,30,1769018484,l1
153,30,1769018484,l1
154,30,1769018484,l1
155,30,1769018484,l1
156,30,1769018484,l1
157,30,1769018484,l1
158,30,1769018484,l1
159,30,1769018484,l1
160,30,1769018484,l1
161,30,1769018484,l1
162,30,1769018484,l1
163,30,1769018484,l1
164,30,1769018484,l1
165,0,1769018484,l1
166,0,1769018484,l1
167,30,1769018484,l1
168,30,1769018484,l1
169,0,1769018484,l1
170,30,1769018484,l1
171,30,1769018484,l1
172,30,1769018484,l1
173,30,1769018484,l1
174,30,1769018484,l1
175,30,1769018484,l1
176,30,1769018484,l1
177,30,1769018484,l1
178,30,1769018484,l1
179,30,1769018484,l1
180,30,1769018484,l1
181,0,1769018484,l1
182,30,1769018484,l1
183,30,1769018484,l1
184,30,1769018484,l1
185,30,1769018484,l1
186,30,1769018484,l1
187,30,1769018484,l1
188,30,1769018484,l1
189,30,1769018484,l1
190,30,1769018484,l1
191,30,1769018484,l1
192,30,1769018484,l1
193,30,1769018484,l1
194,30,1769018484,l1
195,30,1769018484,l1
196,30,1769018484,l1
197,30,1769018484,l1
198,30,1769018484,l1
199,30,1769018484,l1
200,30,1769018484,l1
201,30,1769018484,l1
202,30,1769018484,l1
203,30,1769018484,l1
204,30,1769018484,l1
205,30,1769018484,l1
206,30,1769018484,l1
207,30,1769018484,l1
208,30,1769018484,l1
209,30,1769018484,l1
210,30,1769018484,l1
211,0,1769018484,l1
212,30,1769018484,l1
213,30,1769018484,l1
214,30,1769018484,l1
215,30,1769018484,l1
216,30,1769018484,l1
217,30,1769018484,l1
218,30,1769018484,l1
219,30,1769018484,l1
220,30,1769018484,l1
221,30,1769018484,l1
222,30,1769018484,l1
223,30,1769018484,l1
224,30,1769018484,l1
225,30,1769018484,l1
226,30,1769018484,l1
227,30,1769018484,l1
228,30,1769018484,l1
229,30,1769018484,l1
230,30,1769018484,l1
231,30,1769018484,l1
232,30,1769018484,l1
233,30,1769018484,l1
234,30,1769018484,l1
235,30,1769018484,l1
236,30,1769018484,l1
237,30,1769018484,l1
238,30,1769018484,l1
239,30,1769018484,l1
240,30,1769018484,l1
241,30,1769018484,l1
242,30,1769018484,l1
243,30,1769018484,l1
244,30,1769018484,l1
245,30,1769018484,l1
246,30,1769018484,l1
247,30,1769018484,l1
248,30,1769018484,l1
249,30,1769018484,l1
250,30,1769018484,l1
251,30,1769018484,l1
252,30,1769018484,l1
253,30,1769018484,l1
254,30,1769018484,l1
255,30,1769018484,l1
256,30,1769018484,l1
257,30,1769018484,l1
258,30,1769018484,l1
259,30,1769018484,l1
260,30,1769018484,l1
261,30,1769018484,l1
262,30,1769018484,l1
263,30,1769018484,l1
264,30,1769018484,l1
265,30,1769018484,l1
266,30,1769018484,l1
267,30,1769018484,l1
268,30,1769018484,l1
269,30,1769018484,l1
270,30,1769018484,l1
271,30,1769018484,l1
272,0,1769018484,l1
273,30,1769018484,l1
274,30,1769018484,l1
275,30,1769018484,l1
276,30,1769018484,l1
277,30,1769018484,l1
278,30,1769018484,l1
279,30,1769018484,l1
280,30,1769018484,l1
281,30,1769018484,l1
282,30,1769018484,l1
283,30,1769018484,l1
284,30,1769018484,l1
285,30,1769018484,l1
286,30,1769018484,l1
287,30,1769018484,l1
288,30,1769018484,l1
289,30,1769018484,l1
290,30,1769018484,l1
291,30,1769018484,l1
292,30,1769018484,l1
293,30,1769018484,l1
294,30,1769018484,l1
295,30,1769018484,l1
296,30,1769018484,l1
297,30,1769018484,l1
298,30,1769018484,l1
299,30,1769018484,l1
300,30,1769018484,l1
301,30,1769018484,l1
302,30,1769018484,l1
303,30,1769018484,l1
304,30,1769018484,l1
305,30,1769018484,l1
306,30,1769018484,l1
307,30,1769018484,l1
308,30,1769018484,l1
309,30,1769018484,l1
310,30,1769018484,l1
311,30,1769018484,l1
312,30,1769018484,l1
313,30,1769018484,l1
314,30,1769018484,l1
315,30,1769018484,l1
316,30,1769018484,l1
317,30,1769018484,l1
318,30,1769018484,l1
319,30,1769018484,l1
320,30,1769018484,l1
321,30,1769018484,l1
322,30,1769018484,l1
323,30,1769018484,l1
324,30,1769018484,l1
325,30,1769018484,l1
326,30,1769018484,l1
327,30,1769018484,l1
328,30,1769018484,l1
329,30,1769018484,l1
330,30,1769018484,l1
331,30,1769018484,l1
332,0,1769018484,l1
333,30,1769018484,l1
334,30,1769018484,l1
335,0,1769018484,l1
336,30,1769018484,l1
337,30,1769018484,l1
338,30,1769018484,l1
339,30,1769018484,l1
340,30,1769018484,l1
341,30,1769018484,l1
342,30,1769018484,l1
343,30,1769018484,l1
344,30,1769018484,l1
345,30,1769018484,l1
346,30,1769018484,l1
347,30,1769018484,l1
348,30,1769018484,l1
349,30,1769018484,l1
350,30,1769018484,l1
351,30,1769018484,l1
352,30,1769018484,l1
353,30,1769018484,l1
354,0,1769018484,l1
355,0,1769018484,l1
356,30,1769018484,l1
357,30,1769018484,l1
358,30,1769018484,l1
359,30,1769018484,l1
360,30,1769018484,l1
361,30,1769018484,l1
362,30,1769018484,l1
363,30,1769018484,l1
364,30,1769018484,l1
365,30,1769018484,l1
366,30,1769018484,l1
367,30,1769018484,l1
368,30,1769018484,l1
369,30,1769018484,l1
370,30,1769018484,l1
371,30,1769018484,l1
372,30,1769018484,l1
373,0,1769018484,l1
374,30,1769018484,l1
375,30,1769018484,l1
376,30,1769018484,l1
377,30,1769018484,l1
378,30,1769018484,l1
379,30,1769018484,l1
380,30,1769018484,l1
381,30,1769018484,l1
382,30,1769018484,l1
383,30,1769018484,l1
384,30,1769018484,l1
385,30,1769018484,l1
386,30,1769018484,l1
387,30,1769018484,l1
388,30,1769018484,l1
389,30,1769018484,l1
390,30,1769018484,l1
391,30,1769018484,l1
392,30,1769018484,l1
393,30,1769018484,l1
394,0,1769018484,l1
395,30,1769018484,l1
396,30,1769018484,l1
397,30,1769018484,l1
398,30,1769018484,l1
399,30,1769018484,l1
400,30,1769018484,l1
401,30,1769018484,l1
402,30,1769018484,l1
403,30,1769018484,l1
404,30,1769018484,l1
405,30,1769018484,l1
406,30,1769018484,l1
407,30,1769018484,l1
408,30,1769018484,l1
409,30,1769018484,l1
410,30,1769018484,l1
411,30,1769018484,l1
412,30,1769018484,l1
413,30,1769018484,l1
414,30,1769018484,l1
415,30,1769018484,l1
416,30,1769018484,l1
417,30,1769018484,l1
418,30,1769018484,l1
419,30,1769018484,l1
420,30,1769018484,l1
421,30,1769018484,l1
422,30,1769018484,l1
423,30,1769018484,l1
424,30,1769018484,l1
425,30,1769018484,l1
426,30,1769018484,l1
427,30,1769018484,l1
428,30,1769018484,l1
429,30,1769018484,l1
430,30,1769018484,l1
431,30,1769018484,l1
432,30,1769018484,l1
433,30,1769018484,l1
434,30,1769018484,l1
435,30,1769018484,l1
436,30,1769018484,l1
437,30,1769018484,l1
438,30,1769018484,l1
439,30,1769018484,l1
440,30,1769018484,l1
441,30,1769018484,l1
442,30,1769018484,l1
443,30,1769018484,l1
444,30,1769018484,l1
445,30,1769018484,l1
446,30,1769018484,l1
447,30,1769018484,l1
448,30,1769018484,l1
449,30,1769018484,l1
450,30,1769018484,l1
451,30,1769018484,l1
452,30,1769018484,l1
453,30,1769018484,l1
454,30,1769018484,l1
455,30,1769018484,l1
456,30,1769018484,l1
457,30,1769018484,l1
458,30,1769018484,l1
459,30,1769018484,l1
460,30,1769018484,l1
461,30,1769018484,l1
462,30,1769018484,l1
463,30,1769018484,l1
464,30,1769018484,l1
465,30,1769018484,l1
466,30,1769018484,l1
467,30,1769018484,l1
468,30,1769018484,l1
469,30,1769018484,l1
470,30,1769018484,l1
471,30,1769018484,l1
472,30,1769018484,l1
473,30,1769018484,l1
474,30,1769018484,l1
475,30,1769018484,l1
476,30,1769018484,l1
477,30,1769018484,l1
478,30,1769018484,l1
479,30,1769018484,l1
480,30,1769018484,l1
481,30,1769018484,l1
482,30,1769018484,l1
483,30,1769018484,l1
484,30,1769018484,l1
485,30,1769018484,l1
486,30,1769018484,l1
487,30,1769018484,l1
488,30,1769018484,l1
489,30,1769018484,l1
490,30,1769018484,l1
491,30,1769018484,l1
492,30,1769018484,l1
493,30,1769018484,l1
494,30,1769018484,l1
495,30,1769018484,l1
496,30,1769018484,l1
497,30,1769018484,l1
498,30,1769018484,l1
499,30,1769018484,l1
500,30,1769018484,l1
501,30,1769018484,l1
502,30,1769018484,l1
503,30,1769018484,l1
504,30,1769018484,l1
505,30,1769018484,l1
506,30,1769018484,l1
507,30,1769018484,l1
508,30,1769018484,l1
509,30,1769018484,l1
510,30,1769018484,l1
511,30,1769018484,l1
512,30,1769018484,l1
513,30,1769018484,l1
514,30,1769018484,l1
515,30,1769018484,l1
516,30,1769018484,l1
517,30,1769018484,l1
518,30,1769018484,l1
519,30,1769018484,l1
520,30,1769018484,l1
521,30,1769018484,l1
522,30,1769018484,l1
523,30,1769018484,l1
524,30,1769018484,l1
525,30,1769018484,l1
526,30,1769018484,l1
527,30,1769018484,l1
528,30,1769018484,l1
529,30,1769018484,l1
530,30,1769018484,l1
531,30,1769018484,l1
532,30,1769018484,l1
533,30,1769018484,l1
534,30,1769018484,l1
535,30,1769018484,l1
536,30,1769018484,l1
537,30,1769018484,l1
538,30,1769018484,l1
539,30,1769018484,l1
540,30,1769018484,l1
541,30,1769018484,l1
542,30,1769018484,l1
543,30,1769018484,l1
544,30,1769018484,l1
545,30,1769018484,l1
546,30,1769018484,l1
547,30,1769018484,l1
548,30,1769018484,l1
549,30,1769018484,l1
550,30,1769018484,l1
551,30,1769018484,l1
552,30,1769018484,l1
553,30,1769018484,l1
554,30,1769018484,l1
555,30,1769018484,l1
556,30,1769018484,l1
557,30,1769018484,l1
558,30,1769018484,l1
559,30,1769018484,l1
560,30,1769018484,l1
561,30,1769018484,l1
562,30,1769018484,l1
563,30,1769018484,l1
564,30,1769018484,l1
565,30,1769018484,l1
566,30,1769018484,l1
567,30,1769018484,l1
568,30,1769018484,l1
569,30,1769018484,l1
570,30,1769018484,l1
571,30,1769018484,l1
572,30,1769018484,l1
573,30,1769018484,l1
574,30,1769018484,l1
575,30,1769018484,l1
576,30,1769018484,l1
577,30,1769018484,l1
578,30,1769018484,l1
579,30,1769018484,l1
580,30,1769018484,l1
581,30,1769018484,l1
582,30,1769018484,l1
583,30,1769018484,l1
584,30,1769018484,l1
585,30,1769018484,l1
586,30,1769018484,l1
587,30,1769018484,l1
588,30,1769018484,l1
589,30,1769018484,l1
590,30,1769018484,l1
591,30,1769018484,l1
592,30,1769018484,l1
593,30,1769018484,l1
594,30,1769018484,l1
595,30,1769018484,l1
596,30,1769018484,l1
597,30,1769018484,l1
598,30,1769018484,l1
599,30,1769018484,l1
600,30,1769018484,l1
601,30,1769018484,l1
602,30,1769018484,l1
603,30,1769018484,l1
604,30,1769018484,l1
605,30,1769018484,l1
606,30,1769018484,l1
607,30,1769018484,l1
608,30,1769018484,l1
609,30,1769018484,l1
610,30,1769018484,l1
611,30,1769018484,l1
612,30,1769018484,l1
613,30,1769018484,l1
614,30,1769018484,l1
615,30,1769018484,l1
616,30,1769018484,l1
617,30,1769018484,l1
618,30,1769018484,l1
619,30,1769018484,l1
620,30,1769018484,l1
621,30,1769018484,l1
622,30,1769018484,l1
623,30,1769018484,l1
624,30,1769018484,l1
625,30,1769018484,l1
626,30,1769018484,l1
627,30,1769018484,l1
628,30,1769018484,l1
629,30,1769018484,l1
630,30,1769018484,l1
631,30,1769018484,l1
632,30,1769018484,l1
633,30,1769018484,l1
634,30,1769018484,l1
635,30,1769018484,l1
636,30,1769018484,l1
637,30,1769018484,l1
638,30,1769018484,l1
639,30,1769018484,l1
640,30,1769018484,l1
641,30,1769018484,l1
642,30,1769018484,l1
643,30,1769018484,l1
644,30,1769018484,l1
645,30,1769018484,l1
646,30,1769018484,l1
647,30,1769018484,l1
648,30,1769018484,l1
649,30,1769018484,l1
650,30,1769018484,l1
651,30,1769018484,l1
652,0,1769018484,l1
653,30,1769018484,l1
654,30,1769018484,l1
655,30,1769018484,l1
656,30,1769018484,l1
657,30,1769018484,l1
658,30,1769018484,l1
659,30,1769018484,l1
660,30,1769018484,l1
661,30,1769018484,l1
662,30,1769018484,l1
663,30,1769018484,l1
664,30,1769018484,l1
665,30,1769018484,l1
666,30,1769018484,l1
667,30,1769018484,l1
668,30,1769018484,l1
669,30,1769018484,l1
670,30,1769018484,l1
671,30,1769018484,l1
672,30,1769018484,l1
673,0,1769018484,l1
674,0,1769018484,l1
675,30,1769018484,l1
676,30,1769018484,l1
677,0,1769018484,l1
678,30,1769018484,l1
679,0,1769018484,l1
680,0,1769018484,l1
681,0,1769018484,l1
682,30,1769018484,l1
683,30,1769018484,l1
684,30,1769018484,l1
685,30,1769018484,l1
686,0,1769018484,l1
687,30,1769018484,l1
688,0,1769018484,l1
689,30,1769018484,l1
690,0,1769018484,l1
691,0,1769018484,l1
692,30,1769018484,l1
693,30,1769018484,l1
694,30,1769018484,l1
695,30,1769018484,l1
696,0,1769018484,l1
697,30,1769018484,l1
698,0,1769018484,l1
699,0,1769018484,l1
700,30,1769018484,l1
701,30,1769018484,l1
702,0,1769018484,l1
703,0,1769018484,l1
704,0,1769018484,l1
705,0,1769018484,l1
706,30,1769018484,l1
707,30,1769018484,l1
708,0,1769018484,l1
709,0,1769018484,l1
710,30,1769018484,l1
711,0,1769018484,l1
712,30,1769018484,l1
713,30,1769018484,l1
714,30,1769018484,l1
715,0,1769018484,l1
716,30,1769018484,l1
717,0,1769018484,l1
718,30,1769018484,l1
719,0,1769018484,l1
720,30,1769018484,l1
721,0,1769018484,l1
722,30,1769018484,l1
723,30,1769018484,l1
724,30,1769018484,l1
725,30,1769018484,l1
726,0,1769018484,l1
727,30,1769018484,l1
728,0,1769018484,l1
729,0,1769018484,l1
730,30,1769018484,l1
731,30,1769018484,l1
732,0,1769018484,l1
733,0,1769018484,l1
734,30,1769018484,l1
735,0,1769018484,l1
736,30,1769018484,l1
737,0,1769018484,l1
738,30,1769018484,l1
739,30,1769018484,l1
740,30,1769018484,l1
741,0,1769018484,l1
742,30,1769018484,l1
743,30,1769018484,l1
744,30,1769018484,l1
745,30,1769018484,l1
746,0,1769018484,l1
747,30,1769018484,l1
748,30,1769018484,l1
749,0,1769018484,l1
750,0,1769018484,l1
751,0,1769018484,l1
752,30,1769018484,l1
753,30,1769018484,l1
754,30,1769018484,l1
755,30,1769018484,l1
756,0,1769018484,l1
757,30,1769018484,l1
758,30,1769018484,l1
759,0,1769018484,l1
760,30,1769018484,l1
761,0,1769018484,l1
762,0,1769018484,l1
763,30,1769018484,l1
764,0,1769018484,l1
765,0,1769018484,l1
766,30,1769018484,l1
767,0,1769018484,l1
768,0,1769018484,l1
769,30,1769018484,l1
770,0,1769018484,l1
771,30,1769018484,l1
772,0,1769018484,l1
773,30,1769018484,l1
774,30,1769018484,l1
775,0,1769018484,l1
776,30,1769018484,l1
777,30,1769018484,l1
778,0,1769018484,l1
779,0,1769018484,l1
780,30,1769018484,l1
781,0,1769018484,l1
782,30,1769018484,l1
783,30,1769018484,l1
784,0,1769018484,l1
785,30,1769018484,l1
786,0,1769018484,l1
787,0,1769018484,l1
788,0,1769018484,l1
789,30,1769018484,l1
790,30,1769018484,l1
791,30,1769018484,l1
792,0,1769018484,l1
793,0,1769018484,l1
794,0,1769018484,l1
795,0,1769018484,l1
796,0,1769018484,l1
797,30,1769018484,l1
798,30,1769018484,l1
799,30,1769018484,l1
800,0,1769018484,l1
801,0,1769018484,l1
802,0,1769018484,l1
803,30,1769018484,l1
804,0,1769018484,l1
805,0,1769018484,l1
806,0,1769018484,l1
807,30,1769018484,l1
808,0,1769018484,l1
809,30,1769018484,l1
810,0,1769018484,l1
811,0,1769018484,l1
812,0,1769018484,l1
813,0,1769018484,l1
814,30,1769018484,l1
815,30,1769018484,l1
816,30,1769018484,l1
817,0,1769018484,l1
818,0,1769018484,l1
819,0,1769018484,l1
820,30,1769018484,l1
821,30,1769018484,l1
822,0,1769018484,l1
823,30,1769018484,l1
824,0,1769018484,l1
825,30,1769018484,l1
826,30,1769018484,l1
827,0,1769018484,l1
828,30,1769018484,l1
829,30,1769018484,l1
830,0,1769018484,l1
831,0,1769018484,l1
832,30,1769018484,l1
833,30,1769018484,l1
834,30,1769018484,l1
835,30,1769018484,l1
836,0,1769018484,l1
837,30,1769018484,l1
838,0,1769018484,l1
839,0,1769018484,l1
840,30,1769018484,l1
841,0,1769018484,l1
842,30,1769018484,l1
843,0,1769018484,l1
844,30,1769018484,l1
845,30,1769018484,l1
846,30,1769018484,l1
847,30,1769018484,l1
848,0,1769018484,l1
849,0,1769018484,l1
850,30,1769018484,l1
851,30,1769018484,l1
852,0,1769018484,l1
853,30,1769018484,l1
854,30,1769018484,l1
855,30,1769018484,l1
856,0,1769018484,l1
857,30,1769018484,l1
858,0,1769018484,l1
859,0,1769018484,l1
860,0,1769018484,l1
861,30,1769018484,l1
862,30,1769018484,l1
863,30,1769018484,l1
864,0,1769018484,l1
865,30,1769018484,l1
866,0,1769018484,l1
867,30,1769018484,l1
868,0,1769018484,l1
869,30,1769018484,l1
870,30,1769018484,l1
871,0,1769018484,l1
872,30,1769018484,l1
873,0,1769018484,l1
874,30,1769018484,l1
875,30,1769018484,l1
876,30,1769018484,l1
877,0,1769018484,l1
878,30,1769018484,l1
879,0,1769018484,l1
880,30,1769018484,l1
881,0,1769018484,l1
882,30,1769018484,l1
883,0,1769018484,l1
884,0,1769018484,l1
885,30,1769018484,l1
886,30,1769018484,l1
887,30,1769018484,l1
888,30,1769018484,l1
889,30,1769018484,l1
890,30,1769018484,l1
891,30,1769018484,l1
892,30,1769018484,l1
893,30,1769018484,l1
894,30,1769018484,l1
895,0,1769018484,l1
896,30,1769018484,l1
897,30,1769018484,l1
898,0,1769018484,l1
899,30,1769018484,l1
900,0,1769018484,l1
901,30,1769018484,l1
902,0,1769018484,l1
903,30,1769018484,l1
904,0,1769018484,l1
905,0,1769018484,l1
906,30,1769018484,l1
907,0,1769018484,l1
908,30,1769018484,l1
909,30,1769018484,l1
910,0,1769018484,l1
911,30,1769018484,l1
912,30,1769018484,l1
913,30,1769018484,l1
914,30,1769018484,l1
915,0,1769018484,l1
916,30,1769018484,l1
917,0,1769018484,l1
918,0,1769018484,l1
919,0,1769018484,l1
920,30,1769018484,l1
921,0,1769018484,l1
922,0,1769018484,l1
923,30,1769018484,l1
924,0,1769018484,l1
925,0,1769018484,l1
926,30,1769018484,l1
927,0,1769018484,l1
928,30,1769018484,l1
929,30,1769018484,l1
930,30,1769018484,l1
931,0,1769018484,l1
932,30,1769018484,l1
933,30,1769018484,l1
934,0,1769018484,l1
935,0,1769018484,l1
936,30,1769018484,l1
937,0,1769018484,l1
938,0,1769018484,l1
939,0,1769018484,l1
940,30,1769018484,l1
941,0,1769018484,l1
942,0,1769018484,l1
943,30,1769018484,l1
944,30,1769018484,l1
945,0,1769018484,l1
946,30,1769018484,l1
947,30,1769018484,l1
948,30,1769018484,l1
949,0,1769018484,l1
950,0,1769018484,l1
951,0,1769018484,l1
952,0,1769018484,l1
953,0,1769018484,l1
954,30,1769018484,l1
955,0,1769018484,l1
956,30,1769018484,l1
957,30,1769018484,l1
958,0,1769018484,l1
959,0,1769018484,l1
960,0,1769018484,l1
961,0,1769018484,l1
962,30,1769018484,l1
963,0,1769018484,l1
964,30,1769018484,l1
965,0,1769018484,l1
966,30,1769018484,l1
967,0,1769018484,l1
968,30,1769018484,l1
969,30,1769018484,l1
970,30,1769018484,l1
971,30,1769018484,l1
972,0,1769018484,l1
973,0,1769018484,l1
974,30,1769018484,l1
975,30,1769018484,l1
976,0,1769018484,l1
977,0,1769018484,l1
978,30,1769018484,l1
979,0,1769018484,l1
980,0,1769018484,l1
981,30,1769018484,l1
982,0,1769018484,l1
983,0,1769018484,l1
984,30,1769018484,l1
985,30,1769018484,l1
986,30,1769018484,l1
987,30,1769018484,l1
988,30,1769018484,l1
989,30,1769018484,l1
990,30,1769018484,l1
991,30,1769018484,l1
992,30,1769018484,l1
993,30,1769018484,l1
994,30,1769018484,l1
995,30,1769018484,l1
996,30,1769018484,l1
997,30,1769018484,l1
998,30,1769018484,l1
999,30,1769018484,l1
1000,30,1769018484,l1
1001,30,1769018484,l1
1002,30,1769018484,l1
1003,30,1769018484,l1
1004,30,1769018484,l1
1005,30,1769018484,l1
1006,30,1769018484,l1
1007,30,1769018484,l1
1008,30,1769018484,l1
1009,0,1769018484,l1
1010,0,1769018484,l1
1011,0,1769018484,l1
1012,0,1769018484,l1
1013,30,1769018484,l1
1014,0,1769018484,l1
1015,0,1769018484,l1
1016,0,1769018484,l1
1017,0,1769018484,l1
1018,0,1769018484,l1
1019,0,1769018484,l1
1020,0,1769018484,l1
1021,0,1769018484,l1
1022,0,1769018484,l1
1023,0,1769018484,l1
1024,0,1769018484,l1
1025,0,1769018484,l1
1026,30,1769018484,l1
1027,0,1769018484,l1
1028,0,1769018484,l1
1029,30,1769018484,l1
1030,0,1769018484,l1
1031,0,1769018484,l1
1032,0,1769018484,l1
1033,0,1769018484,l1
1034,0,1769018484,l1
1035,0,1769018484,l1
1036,0,1769018484,l1
1037,0,1769018484,l1
1038,0,1769018484,l1
1039,0,1769018484,l1
1040,0,1769018484,l1
1041,0,1769018484,l1
1042,0,1769018484,l1
1043,0,1769018484,l1
1044,0,1769018484,l1
1045,0,1769018484,l1
1046,0,1769018484,l1
1047,0,1769018484,l1
1048,30,1769018484,l1
1049,0,1769018484,l1
1050,0,1769018484,l1
1051,0,1769018484,l1
1052,0,1769018484,l1
1053,0,1769018484,l1
1054,0,1769018484,l1
1055,0,1769018484,l1
1056,0,1769018484,l1
1057,0,1769018484,l1
1058,30,1769018484,l1
1059,30,1769018484,l1
1060,30,1769018484,l1
1061,30,1769018484,l1
1062,30,1769018484,l1
1063,30,1769018484,l1
1064,30,1769018484,l1
1065,30,1769018484,l1
1066,30,1769018484,l1
1067,0,1769018484,l1
1068,0,1769018484,l1
1069,0,1769018484,l1
1070,0,1769018484,l1
1071,0,1769018484,l1
1072,0,1769018484,l1
1073,0,1769018484,l1
1074,0,1769018484,l1
1075,0,1769018484,l1
1076,0,1769018484,l1
1077,0,1769018484,l1
1078,0,1769018484,l1
1079,0,1769018484,l1
1080,0,1769018484,l1
1081,0,1769018484,l1
1082,0,1769018484,l1
1083,0,1769018484,l1
1084,0,1769018484,l1
1085,0,1769018484,l1
1086,0,1769018484,l1
1087,0,1769018484,l1
1088,30,1769018484,l1
1089,0,1769018484,l1
1090,0,1769018484,l1
1091,0,1769018484,l1
1092,0,1769018484,l1
1093,30,1769018484,l1
1094,0,1769018484,l1
1095,0,1769018484,l1
1096,30,1769018484,l1
1097,30,1769018484,l1
1098,30,1769018484,l1
1099,30,1769018484,l1
1100,30,1769018484,l1
1101,30,1769018484,l1
1102,30,1769018484,l1
1103,30,1769018484,l1
1104,30,1769018484,l1
1105,30,1769018484,l1
1106,30,1769018484,l1
1107,30,1769018484,l1
1108,30,1769018484,l1
1109,30,1769018484,l1
1110,30,1769018484,l1
1111,30,1769018484,l1
1112,30,1769018484,l1
1113,30,1769018484,l1
1114,30,1769018484,l1
1115,30,1769018484,l1
1116,30,1769018484,l1
1117,30,1769018484,l1
1118,30,1769018484,l1
1119,30,1769018484,l1
1120,30,1769018484,l1
1121,30,1769018484,l1
1122,30,1769018484,l1
1123,30,1769018484,l1
1124,30,1769018484,l1
1125,30,1769018484,l1
1126,30,1769018484,l1
1127,30,1769018484,l1
1128,30,1769018484,l1
1129,30,1769018484,l1
1130,30,1769018484,l1
1131,30,1769018484,l1
1132,30,1769018484,l1
1133,30,1769018484,l1
1134,30,1769018484,l1
1135,30,1769018484,l1
1136,30,1769018484,l1
1137,30,1769018484,l1
1138,30,1769018484,l1
1139,30,1769018484,l1
1140,30,1769018484,l1
1141,30,1769018484,l1
1142,30,1769018484,l1
1143,30,1769018484,l1
1144,30,1769018484,l1
1145,30,1769018484,l1
1146,30,1769018484,l1
1147,30,1769018484,l1
1148,30,1769018484,l1
1149,30,1769018484,l1
1150,30,1769018484,l1
1151,30,1769018484,l1
1152,30,1769018484,l1
1153,30,1769018484,l1
1154,30,1769018484,l1
1155,30,1769018484,l1
1156,30,1769018484,l1
1157,30,1769018484,l1
1158,30,1769018484,l1
1159,30,1769018484,l1
1160,30,1769018484,l1
1161,30,1769018484,l1
1162,30,1769018484,l1
1163,30,1769018484,l1
1164,30,1769018484,l1
1165,30,1769018484,l1
1166,30,1769018484,l1
1167,30,1769018484,l1
1168,30,1769018484,l1
1169,30,1769018484,l1
1170,30,1769018484,l1
1171,30,1769018484,l1
1172,30,1769018484,l1
1173,30,1769018484,l1
1174,30,1769018484,l1
1175,30,1769018484,l1
1176,30,1769018484,l1
1177,30,1769018484,l1
1178,30,1769018484,l1
1179,30,1769018484,l1
1180,30,1769018484,l1
1181,30,1769018484,l1
1182,30,1769018484,l1
1183,30,1769018484,l1
1184,30,1769018484,l1
1185,30,1769018484,l1
1186,30,1769018484,l1
1187,30,1769018484,l1
1188,30,1769018484,l1
1189,30,1769018484,l1
1190,30,1769018484,l1
1191,30,1769018484,l1
1192,30,1769018484,l1
1193,30,1769018484,l1
1194,30,1769018484,l1
1195,30,1769018484,l1
1196,30,1769018484,l1
1197,30,1769018484,l1
1198,30,1769018484,l1
1199,30,1769018484,l1
1200,30,1769018484,l1
1201,30,1769018484,l1
1202,30,1769018484,l1
1203,30,1769018484,l1
1204,30,1769018484,l1
1205,30,1769018484,l1
1206,30,1769018484,l1
1207,30,1769018484,l1
1208,30,1769018484,l1
1209,30,1769018484,l1
1210,30,1769018484,l1
1211,30,1769018484,l1
1212,30,1769018484,l1
1213,30,1769018484,l1
1214,30,1769018484,l1
1215,30,1769018484,l1
1216,30,1769018484,l1
1217,30,1769018484,l1
1218,30,1769018484,l1
1219,30,1769018484,l1
1220,30,1769018484,l1
1221,30,1769018484,l1
1222,30,1769018484,l1
1223,30,1769018484,l1
1224,30,1769018484,l1
1225,30,1769018484,l1
1226,30,1769018484,l1
1227,30,1769018484,l1
1228,30,1769018484,l1
1229,30,1769018484,l1
1230,30,1769018484,l1
1231,30,1769018484,l1
1232,30,1769018484,l1
1233,30,1769018484,l1
1234,30,1769018484,l1
1235,30,1769018484,l1
1236,30,1769018484,l1
1237,30,1769018484,l1
1238,30,1769018484,l1
1239,30,1769018484,l1
1240,30,1769018484,l1
1241,30,1769018484,l1
1242,30,1769018484,l1
1243,30,1769018484,l1
1244,30,1769018484,l1
1245,30,1769018484,l1
1246,30,1769018484,l1
1247,30,1769018484,l1
1248,30,1769018484,l1
1249,30,1769018484,l1
1250,30,1769018484,l1
1251,30,1769018484,l1
1252,30,1769018484,l1
1253,30,1769018484,l1
1254,30,1769018484,l1
1255,30,1769018484,l1
1256,30,1769018484,l1
1257,30,1769018484,l1
1258,30,1769018484,l1
1259,30,1769018484,l1
1260,30,1769018484,l1
1261,30,1769018484,l1
1262,30,1769018484,l1
1263,30,1769018484,l1
1264,30,1769018484,l1
1265,30,1769018484,l1
1266,30,1769018484,l1
1267,30,1769018484,l1
1268,30,1769018484,l1
1269,30,1769018484,l1
1270,30,1769018484,l1
1271,30,1769018484,l1
1272,30,1769018484,l1
1273,30,1769018484,l1
1274,30,1769018484,l1
1275,30,1769018484,l1
1276,30,1769018484,l1
1277,30,1769018484,l1
1278,30,1769018484,l1
1279,30,1769018484,l1
1280,30,1769018484,l1
1281,30,1769018484,l1
1282,30,1769018484,l1
1283,30,1769018484,l1
1284,30,1769018484,l1
1285,30,1769018484,l1
1286,30,1769018484,l1
1287,30,1769018484,l1
1288,30,1769018484,l1
1289,30,1769018484,l1
1290,30,1769018484,l1
1291,30,1769018484,l1
1292,30,1769018484,l1
1293,30,1769018484,l1
1294,30,1769018484,l1
1295,30,1769018484,l1
1296,30,1769018484,l1
1297,30,1769018484,l1
1298,30,1769018484,l1
1299,30,1769018484,l1
1300,30,1769018484,l1
1301,30,1769018484,l1
1302,30,1769018484,l1
1303,30,1769018484,l1
1304,30,1769018484,l1
1305,30,1769018484,l1
1306,30,1769018484,l1
1307,30,1769018484,l1
1308,30,1769018484,l1
1309,30,1769018484,l1
1310,30,1769018484,l1
1311,30,1769018484,l1
1312,30,1769018484,l1
1313,30,1769018484,l1
1314,30,1769018484,l1
1315,30,1769018484,l1
1316,30,1769018484,l1
1317,30,1769018484,l1
1318,30,1769018484,l1
1319,30,1769018484,l1
1320,30,1769018484,l1
1321,30,1769018484,l1
1322,30,1769018484,l1
1323,30,1769018484,l1
1324,30,1769018484,l1
1325,30,1769018484,l1
1326,30,1769018484,l1
1327,30,1769018484,l1
1328,30,1769018484,l1
1329,30,1769018484,l1
1330,30,1769018484,l1
1331,30,1769018484,l1
1332,30,1769018484,l1
1333,30,1769018484,l1
1334,30,1769018484,l1
1335,30,1769018484,l1
1336,30,1769018484,l1
1337,30,1769018484,l1
1338,30,1769018484,l1
1339,30,1769018484,l1
1340,30,1769018484,l1
1341,30,1769018484,l1
1342,30,1769018484,l1
1343,30,1769018484,l1
1344,30,1769018484,l1
1345,30,1769018484,l1
1346,30,1769018484,l1
1347,30,1769018484,l1
1348,30,1769018484,l1
1349,30,1769018484,l1
1350,30,1769018484,l1
1351,30,1769018484,l1
1352,30,1769018484,l1
1353,30,1769018484,l1
1354,30,1769018484,l1
1355,30,1769018484,l1
1356,30,1769018484,l1
1357,30,1769018484,l1
1358,30,1769018484,l1
1359,30,1769018484,l1
1360,30,1769018484,l1
1361,30,1769018484,l1
1362,30,1769018484,l1
1363,30,1769018484,l1
1364,30,1769018484,l1
1365,30,1769018484,l1
1366,30,1769018484,l1
1367,30,1769018484,l1
1368,30,1769018484,l1
1369,30,1769018484,l1
1370,30,1769018484,l1
1371,30,1769018484,l1
1372,30,1769018484,l1
1373,30,1769018484,l1
1374,30,1769018484,l1
1375,30,1769018484,l1
1376,30,1769018484,l1
1377,30,1769018484,l1
1378,30,1769018484,l1
1379,30,1769018484,l1
1380,30,1769018484,l1
1381,30,1769018484,l1
1382,30,1769018484,l1
1383,30,1769018484,l1
1384,30,1769018484,l1
1385,30,1769018484,l1
1386,30,1769018484,l1
1387,30,1769018484,l1
1388,30,1769018484,l1
1389,30,1769018484,l1
1390,30,1769018484,l1
1391,30,1769018484,l1
1392,30,1769018484,l1
1393,30,1769018484,l1
1394,30,1769018484,l1
1395,30,1769018484,l1
1396,30,1769018484,l1
1397,30,1769018484,l1
1398,30,1769018484,l1
1399,30,1769018484,l1
1400,30,1769018484,l1
1401,30,1769018484,l1
1402,30,1769018484,l1
1403,30,1769018484,l1
1404,30,1769018484,l1
1405,30,1769018484,l1
1406,30,1769018484,l1
1407,30,1769018484,l1
1408,30,1769018484,l1
1409,30,1769018484,l1
1410,30,1769018484,l1
1411,30,1769018484,l1
1412,30,1769018484,l1
1413,30,1769018484,l1
1414,30,1769018484,l1
1415,30,1769018484,l1
1416,30,1769018484,l1
1417,30,1769018484,l1
1418,30,1769018484,l1
1419,30,1769018484,l1
1420,30,1769018484,l1
1421,30,1769018484,l1
1422,30,1769018484,l1
1423,30,1769018484,l1
1424,30,1769018484,l1
1425,30,1769018484,l1
1426,30,1769018484,l1
1427,30,1769018484,l1
1428,30,1769018484,l1
1429,30,1769018484,l1
1430,30,1769018484,l1
1431,30,1769018484,l1
1432,30,1769018484,l1
1433,30,1769018484,l1
1434,30,1769018484,l1
1435,30,1769018484,l1
1436,30,1769018484,l1
1437,30,1769018484,l1
1438,30,1769018484,l1
1439,30,1769018484,l1
1440,30,1769018484,l1
1441,30,1769018484,l1
1442,30,1769018484,l1
1443,30,1769018484,l1
1444,30,1769018484,l1
1445,30,1769018484,l1
1446,30,1769018484,l1
1447,30,1769018484,l1
1448,30,1769018484,l1
1449,30,1769018484,l1
1450,30,1769018484,l1
1451,30,1769018484,l1
1452,30,1769018484,l1
1453,30,1769018484,l1
1454,30,1769018484,l1
1455,30,1769018484,l1
1456,30,1769018484,l1
1457,30,1769018484,l1
1458,30,1769018484,l1
1459,30,1769018484,l1
1460,30,1769018484,l1
1461,30,1769018484,l1
1462,30,1769018484,l1
1463,30,1769018484,l1
1464,30,1769018484,l1
1465,30,1769018484,l1
1466,30,1769018484,l1
1467,30,1769018484,l1
1468,30,1769018484,l1
1469,30,1769018484,l1
1470,30,1769018484,l1
1471,30,1769018484,l1
1472,30,1769018484,l1
1473,30,1769018484,l1
1474,30,1769018484,l1
1475,30,1769018484,l1
1476,30,1769018484,l1
1477,30,1769018484,l1
1478,30,1769018484,l1
1479,30,1769018484,l1
1480,30,1769018484,l1
1481,30,1769018484,l1
1482,30,1769018484,l1
1483,30,1769018484,l1
1484,30,1769018484,l1
1485,30,1769018484,l1
1486,30,1769018484,l1
1487,30,1769018484,l1
1488,30,1769018484,l1
1489,30,1769018484,l1
1490,30,1769018484,l1
1491,30,1769018484,l1
1492,30,1769018484,l1
1493,30,1769018484,l1
1494,30,1769018484,l1
1495,30,1769018484,l1
1496,30,1769018484,l1
1497,30,1769018484,l1
1498,30,1769018484,l1
1499,30,1769018484,l1
1500,30,1769018484,l1
1501,30,1769018484,l1
1502,30,1769018484,l1
1503,30,1769018484,l1
1504,30,1769018484,l1
1505,30,1769018484,l1
1506,30,1769018484,l1
1507,30,1769018484,l1
1508,30,1769018484,l1
1509,30,1769018484,l1
1510,30,1769018484,l1
1511,30,1769018484,l1
1512,30,1769018484,l1
1513,30,1769018484,l1
1514,30,1769018484,l1
1515,30,1769018484,l1
1516,30,1769018484,l1
1517,30,1769018484,l1
1518,30,1769018484,l1
1519,30,1769018484,l1
1520,30,1769018484,l1
1521,30,1769018484,l1
1522,30,1769018484,l1
1523,30,1769018484,l1
1524,30,1769018484,l1
1525,30,1769018484,l1
1526,30,1769018484,l1
1527,30,1769018484,l1
1528,30,1769018484,l1
1529,30,1769018484,l1
1530,30,1769018484,l1
1531,30,1769018484,l1
1532,30,1769018484,l1
1533,30,1769018484,l1
1534,30,1769018484,l1
1535,30,1769018484,l1
1536,30,1769018484,l1
1537,30,1769018484,l1
1538,30,1769018484,l1
1539,30,1769018484,l1
1540,30,1769018484,l1
1541,30,1769018484,l1
1542,30,1769018484,l1
1543,30,1769018484,l1
1544,30,1769018484,l1
1545,30,1769018484,l1
1546,30,1769018484,l1
1547,30,1769018484,l1
1548,30,1769018484,l1
1549,30,1769018484,l1
1550,30,1769018484,l1
1551,30,1769018484,l1
1552,30,1769018484,l1
1553,30,1769018484,l1
1554,30,1769018484,l1
1555,30,1769018484,l1
1556,30,1769018484,l1
1557,30,1769018484,l1
1558,30,1769018484,l1
1559,30,1769018484,l1
1560,30,1769018484,l1
1561,30,1769018484,l1
1562,30,1769018484,l1
1563,30,1769018484,l1
1564,30,1769018484,l1
1565,30,1769018484,l1
1566,30,1769018484,l1
1567,30,1769018484,l1
1568,30,1769018484,l1
1569,30,1769018484,l1
1570,30,1769018484,l1
1571,30,1769018484,l1
1572,30,1769018484,l1
1573,30,1769018484,l1
1574,30,1769018484,l1
1575,30,1769018484,l1
1576,30,1769018484,l1
1577,30,1769018484,l1
1578,30,1769018484,l1
1579,30,1769018484,l1
1580,30,1769018484,l1
1581,30,1769018484,l1
1582,30,1769018484,l1
1583,30,1769018484,l1
1584,30,1769018484,l1
1585,30,1769018484,l1
1586,30,1769018484,l1
1587,30,1769018484,l1
1588,30,1769018484,l1
1589,30,1769018484,l1
1590,30,1769018484,l1
1591,30,1769018484,l1
1592,30,1769018484,l1
1593,30,1769018484,l1
1594,30,1769018484,l1
1595,30,1769018484,l1
1596,30,1769018484,l1
1597,30,1769018484,l1
1598,30,1769018484,l1
1599,30,1769018484,l1
1600,30,1769018484,l1
1601,30,1769018484,l1
1602,30,1769018484,l1
1603,30,1769018484,l1
1604,30,1769018484,l1
1605,30,1769018484,l1
1606,30,1769018484,l1
1607,30,1769018484,l1
1608,30,1769018484,l1
1609,30,1769018484,l1
1610,30,1769018484,l1
1611,30,1769018484,l1
1612,30,1769018484,l1
1613,30,1769018484,l1
1614,30,1769018484,l1
1615,30,1769018484,l1
1616,30,1769018484,l1
1617,30,1769018484,l1
1618,30,1769018484,l1
1619,30,1769018484,l1
1620,30,1769018484,l1
1621,30,1769018484,l1
1622,30,1769018484,l1
1623,30,1769018484,l1
1624,30,1769018484,l1
1625,30,1769018484,l1
1626,30,1769018484,l1
1627,30,1769018484,l1
1628,30,1769018484,l1
1629,30,1769018484,l1
1630,30,1769018484,l1
1631,30,1769018484,l1
1632,30,1769018484,l1
1633,30,1769018484,l1
1634,30,1769018484,l1
1635,30,1769018484,l1
1636,30,1769018484,l1
1637,30,1769018484,l1
1638,30,1769018484,l1
1639,30,1769018484,l1
1640,30,1769018484,l1
1641,30,1769018484,l1
1642,30,1769018484,l1
1643,30,1769018484,l1
1644,30,1769018484,l1
1645,30,1769018484,l1
1646,30,1769018484,l1
1647,30,1769018484,l1
1648,30,1769018484,l1
1649,30,1769018484,l1
1650,30,1769018484,l1
1651,30,1769018484,l1
1652,30,1769018484,l1
1653,30,1769018484,l1
1654,30,1769018484,l1
1655,30,1769018484,l1
1656,30,1769018484,l1
1657,30,1769018484,l1
1658,30,1769018484,l1
1659,30,1769018484,l1
1660,30,1769018484,l1
1661,30,1769018484,l1
1662,30,1769018484,l1
1663,30,1769018484,l1
1664,30,1769018484,l1
1665,30,1769018484,l1
1666,30,1769018484,l1
1667,30,1769018484,l1
1668,30,1769018484,l1
1669,30,1769018484,l1
1670,30,1769018484,l1
1671,30,1769018484,l1
1672,30,1769018484,l1
1673,30,1769018484,l1
1674,30,1769018484,l1
1675,30,1769018484,l1
1676,30,1769018484,l1
1677,30,1769018484,l1
1678,30,1769018484,l1
1679,30,1769018484,l1
1680,30,1769018484,l1
1681,30,1769018484,l1
1682,30,1769018484,l1
1683,30,1769018484,l1
1684,30,1769018484,l1
1685,30,1769018484,l1
1686,30,1769018484,l1
1687,30,1769018484,l1
1688,30,1769018484,l1
1689,30,1769018484,l1
1690,30,1769018484,l1
1691,30,1769018484,l1
1692,30,1769018484,l1
1693,30,1769018484,l1
1694,30,1769018484,l1
1695,30,1769018484,l1
1696,30,1769018484,l1
1697,30,1769018484,l1
1698,30,1769018484,l1
1699,30,1769018484,l1
1700,30,1769018484,l1
1701,30,1769018484,l1
1702,30,1769018484,l1
1703,30,1769018484,l1
1704,30,1769018484,l1
1705,30,1769018484,l1
1706,30,1769018484,l1
1707,30,1769018484,l1
1708,30,1769018484,l1
1709,30,1769018484,l1
1710,30,1769018484,l1
1711,30,1769018484,l1
1712,30,1769018484,l1
1713,30,1769018484,l1
1714,30,1769018484,l1
1715,30,1769018484,l1
1716,30,1769018484,l1
1717,30,1769018484,l1
1718,30,1769018484,l1
1719,30,1769018484,l1
1720,30,1769018484,l1
1721,30,1769018484,l1
1722,30,1769018484,l1
1723,30,1769018484,l1
1724,30,1769018484,l1
1725,30,1769018484,l1
1726,30,1769018484,l1
1727,30,1769018484,l1
1728,30,1769018484,l1
1729,30,1769018484,l1
1730,30,1769018484,l1
1731,30,1769018484,l1
1732,30,1769018484,l1
1733,30,1769018484,l1
1734,30,1769018484,l1
1735,30,1769018484,l1
1736,30,1769018484,l1
1737,30,1769018484,l1
1738,30,1769018484,l1
1739,30,1769018484,l1
1740,30,1769018484,l1
1741,30,1769018484,l1
1742,30,1769018484,l1
1743,30,1769018484,l1
1744,30,1769018484,l1
1745,30,1769018484,l1
1746,30,1769018484,l1
1747,30,1769018484,l1
1748,30,1769018484,l1
1749,30,1769018484,l1
1750,30,1769018484,l1
1751,30,1769018484,l1
1752,30,1769018484,l1
1753,30,1769018484,l1
1754,30,1769018484,l1
1755,30,1769018484,l1
1756,30,1769018484,l1
1757,30,1769018484,l1
1758,30,1769018484,l1
1759,30,1769018484,l1
1760,30,1769018484,l1
1761,30,1769018484,l1
1762,30,1769018484,l1
1763,30,1769018484,l1
1764,30,1769018484,l1
1765,30,1769018484,l1
1766,30,1769018484,l1
1767,30,1769018484,l1
1768,30,1769018484,l1
1769,30,1769018484,l1
1770,30,1769018484,l1
1771,30,1769018484,l1
1772,30,1769018484,l1
1773,30,1769018484,l1
1774,30,1769018484,l1
1775,30,1769018484,l1
1776,30,1769018484,l1
1777,30,1769018484,l1
1778,30,1769018484,l1
1779,30,1769018484,l1
1780,30,1769018484,l1
1781,30,1769018484,l1
1782,30,1769018484,l1
1783,30,1769018484,l1
1784,30,1769018484,l1
1785,30,1769018484,l1
1786,30,1769018484,l1
1787,30,1769018484,l1
1788,30,1769018484,l1
1789,30,1769018484,l1
1790,30,1769018484,l1
1791,30,1769018484,l1
1792,30,1769018484,l1
1793,30,1769018484,l1
1794,30,1769018484,l1
1795,30,1769018484,l1
1796,30,1769018484,l1
1797,30,1769018484,l1
1798,30,1769018484,l1
1799,30,1769018484,l1
1800,30,1769018484,l1
1801,30,1769018484,l1
1802,30,1769018484,l1
1803,30,1769018484,l1
1804,30,1769018484,l1
1805,30,1769018484,l1
1806,30,1769018484,l1
1807,30,1769018484,l1
1808,30,1769018484,l1
1809,30,1769018484,l1
1810,30,1769018484,l1
1811,30,1769018484,l1
1812,30,1769018484,l1
1813,30,1769018484,l1
1814,30,1769018484,l1
1815,30,1769018484,l1
1816,30,1769018484,l1
1817,30,1769018484,l1
1818,30,1769018484,l1
1819,30,1769018484,l1
1820,30,1769018484,l1
1821,30,1769018484,l1
1822,30,1769018484,l1
1823,30,1769018484,l1
1824,30,1769018484,l1
1825,30,1769018484,l1
1826,30,1769018484,l1
1827,30,1769018484,l1
1828,30,1769018484,l1
1829,30,1769018484,l1
1830,30,1769018484,l1
1831,30,1769018484,l1
1832,30,1769018484,l1
1833,30,1769018484,l1
1834,30,1769018484,l1
1835,30,1769018484,l1
1836,30,1769018484,l1
1837,30,1769018484,l1
1838,30,1769018484,l1
1839,30,1769018484,l1
1840,30,1769018484,l1
1841,30,1769018484,l1
1842,30,1769018484,l1
1843,30,1769018484,l1
1844,30,1769018484,l1
1845,30,1769018484,l1
1846,30,1769018484,l1
1847,30,1769018484,l1
1848,30,1769018484,l1
1849,30,1769018484,l1
1850,30,1769018484,l1
1851,30,1769018484,l1
1852,30,1769018484,l1
1853,30,1769018484,l1
1854,30,1769018484,l1
1855,30,1769018484,l1
1856,30,1769018484,l1
1857,30,1769018484,l1
1858,30,1769018484,l1
1859,30,1769018484,l1
1860,30,1769018484,l1
1861,30,1769018484,l1
1862,30,1769018484,l1
1863,30,1769018484,l1
1864,30,1769018484,l1
1865,30,1769018484,l1
1866,30,1769018484,l1
1867,30,1769018484,l1
1868,30,1769018484,l1
1869,30,1769018484,l1
1870,30,1769018484,l1
1871,30,1769018484,l1
1872,30,1769018484,l1
1873,30,1769018484,l1
1874,30,1769018484,l1
1875,30,1769018484,l1
1876,30,1769018484,l1
1877,30,1769018484,l1
1878,30,1769018484,l1
1879,30,1769018484,l1
1880,30,1769018484,l1
1881,30,1769018484,l1
1882,30,1769018484,l1
1883,30,1769018484,l1
1884,30,1769018484,l1
1885,30,1769018484,l1
1886,30,1769018484,l1
1887,30,1769018484,l1
1888,30,1769018484,l1
1889,30,1769018484,l1
1890,30,1769018484,l1
1891,30,1769018484,l1
1892,30,1769018484,l1
1893,30,1769018484,l1
1894,30,1769018484,l1
1895,30,1769018484,l1
1896,30,1769018484,l1
1897,30,1769018484,l1
1898,30,1769018484,l1
1899,30,1769018484,l1
1900,30,1769018484,l1
1901,30,1769018484,l1
1902,30,1769018484,l1
1903,30,1769018484,l1
1904,30,1769018484,l1
1905,30,1769018484,l1
1906,30,1769018484,l1
1907,30,1769018484,l1
1908,30,1769018484,l1
1909,30,1769018484,l1
1910,30,1769018484,l1
1911,30,1769018484,l1
1912,30,1769018484,l1
1913,30,1769018484,l1
1914,30,1769018484,l1
1915,30,1769018484,l1
1916,30,1769018484,l1
1917,30,1769018484,l1
1918,30,1769018484,l1
1919,30,1769018484,l1
1920,30,1769018484,l1
1921,30,1769018484,l1
1922,30,1769018484,l1
1923,30,1769018484,l1
1924,30,1769018484,l1
1925,30,1769018484,l1
1926,30,1769018484,l1
1927,30,1769018484,l1
1928,30,1769018484,l1
1929,30,1769018484,l1
1930,30,1769018484,l1
1931,30,1769018484,l1
1932,30,1769018484,l1
1933,30,1769018484,l1
1934,30,1769018484,l1
1935,30,1769018484,l1
1936,30,1769018484,l1
1937,30,1769018484,l1
1938,30,1769018484,l1
1939,30,1769018484,l1
1940,30,1769018484,l1
1941,30,1769018484,l1
1942,30,1769018484,l1
1943,30,1769018484,l1
1944,30,1769018484,l1
1945,30,1769018484,l1
1946,30,1769018484,l1
1947,30,1769018484,l1
1948,30,1769018484,l1
1949,30,1769018484,l1
1950,30,1769018484,l1
1951,30,1769018484,l1
1952,30,1769018484,l1
1953,30,1769018484,l1
1954,30,1769018484,l1
1955,30,1769018484,l1
1956,30,1769018484,l1
1957,30,1769018484,l1
1958,30,1769018484,l1
1959,30,1769018484,l1
1960,30,1769018484,l1
1961,30,1769018484,l1
1962,30,1769018484,l1
1963,30,1769018484,l1
1964,30,1769018484,l1
1965,30,1769018484,l1
1966,30,1769018484,l1
1967,30,1769018484,l1
1968,30,1769018484,l1
1969,30,1769018484,l1
1970,30,1769018484,l1
1971,30,1769018484,l1
1972,30,1769018484,l1
1973,30,1769018484,l1
1974,30,1769018484,l1
1975,30,1769018484,l1
1976,30,1769018484,l1
1977,30,1769018484,l1
1978,30,1769018484,l1
1979,30,1769018484,l1
1980,30,1769018484,l1
1981,30,1769018484,l1
1982,30,1769018484,l1
1983,30,1769018484,l1
1984,30,1769018484,l1
1985,30,1769018484,l1
1986,30,1769018484,l1
1987,30,1769018484,l1
1988,30,1769018484,l1
1989,30,1769018484,l1
1990,30,1769018484,l1
1991,30,1769018484,l1
1992,30,1769018484,l1
1993,30,1769018484,l1
1994,30,1769018484,l1
1995,30,1769018484,l1
1996,30,1769018484,l1
1997,30,1769018484,l1
1998,30,1769018484,l1
1999,30,1769018484,l1
2000,30,1769018484,l1
2001,30,1769018484,l1
1,0,1769018469,l1
2,0,1769018469,l1
3,30,1769018469,l1
4,30,1769018469,l1
5,30,1769018469,l1
6,0,1769018469,l1
7,0,1769018469,l1
8,30,1769018469,l1
9,30,1769018469,l1
10,30,1769018469,l1
11,30,1769018469,l1
12,30,1769018469,l1
13,30,1769018469,l1
14,30,1769018469,l1
15,30,1769018469,l1
16,30,1769018469,l1
17,30,1769018469,l1
18,30,1769018469,l1
19,0,1769018469,l1
20,0,1769018469,l1
21,30,1769018469,l1
22,30,1769018469,l1
23,30,1769018469,l1
24,30,1769018469,l1
25,30,1769018469,l1
26,30,1769018469,l1
27,0,1769018469,l1
28,30,1769018469,l1
29,30,1769018469,l1
30,30,1769018469,l1
31,30,1769018469,l1
32,30,1769018469,l1
33,30,1769018469,l1
34,30,1769018469,l1
35,30,1769018469,l1
36,30,1769018469,l1
37,0,1769018469,l1
38,0,1769018469,l1
39,30,1769018469,l1
40,30,1769018469,l1
41,30,1769018469,l1
42,30,1769018469,l1
43,30,1769018469,l1
44,30,1769018469,l1
45,30,1769018469,l1
46,30,1769018469,l1
47,30,1769018469,l1
48,30,1769018469,l1
49,30,1769018469,l1
50,30,1769018469,l1
51,0,1769018469,l1
52,30,1769018469,l1
53,30,1769018469,l1
54,0,1769018469,l1
55,30,1769018469,l1
56,30,1769018469,l1
57,30,1769018469,l1
58,30,1769018469,l1
59,30,1769018469,l1
60,30,1769018469,l1
61,30,1769018469,l1
62,0,1769018469,l1
63,30,1769018469,l1
64,30,1769018469,l1
65,30,1769018469,l1
66,30,1769018469,l1
67,30,1769018469,l1
68,30,1769018469,l1
69,30,1769018469,l1
70,30,1769018469,l1
71,30,1769018469,l1
72,0,1769018469,l1
73,30,1769018469,l1
74,0,1769018469,l1
75,30,1769018469,l1
76,0,1769018469,l1
77,30,1769018469,l1
78,30,1769018469,l1
79,30,1769018469,l1
80,30,1769018469,l1
81,30,1769018469,l1
82,30,1769018469,l1
83,30,1769018469,l1
84,30,1769018469,l1
85,30,1769018469,l1
86,0,1769018469,l1
87,30,1769018469,l1
88,30,1769018469,l1
89,30,1769018469,l1
90,30,1769018469,l1
91,0,1769018469,l1
92,0,1769018469,l1
93,30,1769018469,l1
94,30,1769018469,l1
95,0,1769018469,l1
96,30,1769018469,l1
97,30,1769018469,l1
98,30,1769018469,l1
99,30,1769018469,l1
100,0,1769018469,l1
101,30,1769018469,l1
102,30,1769018469,l1
103,30,1769018469,l1
104,30,1769018469,l1
105,30,1769018469,l1
106,30,1769018469,l1
107,0,1769018469,l1
108,30,1769018469,l1
109,0,1769018469,l1
110,30,1769018469,l1
111,30,1769018469,l1
112,30,1769018469,l1
113,30,1769018469,l1
114,0,1769018469,l1
115,30,1769018469,l1
116,30,1769018469,l1
117,30,1769018469,l1
118,30,1769018469,l1
119,30,1769018469,l1
120,30,1769018469,l1
121,30,1769018469,l1
122,30,1769018469,l1
123,30,1769018469,l1
124,30,1769018469,l1
125,0,1769018469,l1
126,30,1769018469,l1
127,0,1769018469,l1
128,0,1769018469,l1
129,30,1769018469,l1
130,30,1769018469,l1
131,30,1769018469,l1
132,30,1769018469,l1
133,0,1769018469,l1
134,0,1769018469,l1
135,30,1769018469,l1
136,0,1769018469,l1
137,30,1769018469,l1
138,30,1769018469,l1
139,30,1769018469,l1
140,30,1769018469,l1
141,0,1769018469,l1
142,30,1769018469,l1
143,30,1769018469,l1
144,30,1769018469,l1
145,30,1769018469,l1
146,0,1769018469,l1
147,30,1769018469,l1
148,30,1769018469,l1
149,30,1769018469,l1
150,30,1769018469,l1
151,0,1769018469,l1
152,30,1769018469,l1
153,0,1769018469,l1
154,30,1769018469,l1
155,30,1769018469,l1
156,30,1769018469,l1
157,30,1769018469,l1
158,30,1769018469,l1
159,30,1769018469,l1
160,30,1769018469,l1
161,30,1769018469,l1
162,30,1769018469,l1
163,0,1769018469,l1
164,30,1769018469,l1
165,0,1769018469,l1
166,30,1769018469,l1
167,0,1769018469,l1
168,0,1769018469,l1
169,0,1769018469,l1
170,0,1769018469,l1
171,0,1769018469,l1
172,30,1769018469,l1
173,0,1769018469,l1
174,0,1769018469,l1
175,0,1769018469,l1
176,0,1769018469,l1
177,0,1769018469,l1
178,0,1769018469,l1
179,0,1769018469,l1
180,30,1769018469,l1
181,0,1769018469,l1
182,0,1769018469,l1
183,0,1769018469,l1
184,30,1769018469,l1
185,0,1769018469,l1
186,0,1769018469,l1
187,0,1769018469,l1
188,0,1769018469,l1
189,0,1769018469,l1
190,0,1769018469,l1
191,30,1769018469,l1
192,30,1769018469,l1
193,0,1769018469,l1
194,0,1769018469,l1
195,0,1769018469,l1
196,0,1769018469,l1
197,0,1769018469,l1
198,0,1769018469,l1
199,0,1769018469,l1
200,0,1769018469,l1
201,0,1769018469,l1
202,30,1769018469,l1
203,0,1769018469,l1
204,0,1769018469,l1
205,30,1769018469,l1
206,30,1769018469,l1
207,0,1769018469,l1
208,30,1769018469,l1
209,0,1769018469,l1
210,0,1769018469,l1
211,0,1769018469,l1
212,0,1769018469,l1
213,0,1769018469,l1
214,30,1769018469,l1
215,0,1769018469,l1
216,0,1769018469,l1
217,0,1769018469,l1
218,30,1769018469,l1
219,0,1769018469,l1
220,30,1769018469,l1
221,0,1769018469,l1
222,30,1769018469,l1
223,0,1769018469,l1
224,0,1769018469,l1
225,0,1769018469,l1
226,30,1769018469,l1
227,30,1769018469,l1
228,0,1769018469,l1
229,0,1769018469,l1
230,0,1769018469,l1
231,0,1769018469,l1
232,30,1769018469,l1
233,30,1769018469,l1
234,0,1769018469,l1
235,30,1769018469,l1
236,0,1769018469,l1
237,0,1769018469,l1
238,30,1769018469,l1
239,0,1769018469,l1
240,0,1769018469,l1
241,30,1769018469,l1
242,0,1769018469,l1
243,30,1769018469,l1
244,30,1769018469,l1
245,30,1769018469,l1
246,0,1769018469,l1
247,30,1769018469,l1
248,0,1769018469,l1
249,30,1769018469,l1
250,30,1769018469,l1
251,30,1769018469,l1
252,0,1769018469,l1
253,30,1769018469,l1
254,0,1769018469,l1
255,30,1769018469,l1
256,30,1769018469,l1
257,0,1769018469,l1
258,30,1769018469,l1
259,30,1769018469,l1
260,30,1769018469,l1
261,30,1769018469,l1
262,30,1769018469,l1
263,30,1769018469,l1
264,0,1769018469,l1
265,30,1769018469,l1
266,30,1769018469,l1
267,30,1769018469,l1
268,30,1769018469,l1
269,30,1769018469,l1
270,0,1769018469,l1
271,30,1769018469,l1
272,30,1769018469,l1
273,30,1769018469,l1
274,30,1769018469,l1
275,30,1769018469,l1
276,30,1769018469,l1
277,30,1769018469,l1
278,30,1769018469,l1
279,0,1769018469,l1
280,30,1769018469,l1
281,30,1769018469,l1
282,30,1769018469,l1
283,30,1769018469,l1
284,30,1769018469,l1
285,30,1769018469,l1
286,0,1769018469,l1
287,30,1769018469,l1
288,30,1769018469,l1
289,30,1769018469,l1
290,30,1769018469,l1
291,30,1769018469,l1
292,30,1769018469,l1
293,30,1769018469,l1
294,30,1769018469,l1
295,30,1769018469,l1
296,30,1769018469,l1
297,30,1769018469,l1
298,30,1769018469,l1
299,30,1769018469,l1
300,30,1769018469,l1
301,30,1769018469,l1
302,30,1769018469,l1
303,30,1769018469,l1
304,30,1769018469,l1
305,0,1769018469,l1
306,0,1769018469,l1
307,0,1769018469,l1
308,30,1769018469,l1
309,30,1769018469,l1
310,0,1769018469,l1
311,0,1769018469,l1
312,0,1769018469,l1
313,30,1769018469,l1
314,30,1769018469,l1
315,30,1769018469,l1
316,30,1769018469,l1
317,30,1769018469,l1
318,30,1769018469,l1
319,0,1769018469,l1
320,30,1769018469,l1
321,30,1769018469,l1
322,30,1769018469,l1
323,30,1769018469,l1
324,30,1769018469,l1
325,30,1769018469,l1
326,30,1769018469,l1
327,30,1769018469,l1
328,0,1769018469,l1
329,30,1769018469,l1
330,30,1769018469,l1
331,30,1769018469,l1
332,30,1769018469,l1
333,30,1769018469,l1
334,30,1769018469,l1
335,30,1769018469,l1
336,0,1769018469,l1
337,30,1769018469,l1
338,30,1769018469,l1
339,30,1769018469,l1
340,30,1769018469,l1
341,30,1769018469,l1
342,30,1769018469,l1
343,30,1769018469,l1
344,30,1769018469,l1
345,30,1769018469,l1
346,30,1769018469,l1
347,30,1769018469,l1
348,30,1769018469,l1
349,30,1769018469,l1
350,30,1769018469,l1
351,30,1769018469,l1
352,30,1769018469,l1
353,30,1769018469,l1
354,30,1769018469,l1
355,30,1769018469,l1
356,30,1769018469,l1
357,30,1769018469,l1
358,30,1769018469,l1
359,30,1769018469,l1
360,30,1769018469,l1
361,30,1769018469,l1
362,30,1769018469,l1
363,30,1769018469,l1
364,30,1769018469,l1
365,30,1769018469,l1
366,30,1769018469,l1
367,30,1769018469,l1
368,30,1769018469,l1
369,30,1769018469,l1
370,30,1769018469,l1
371,30,1769018469,l1
372,30,1769018469,l1
373,0,1769018469,l1
374,30,1769018469,l1
375,30,1769018469,l1
376,30,1769018469,l1
377,30,1769018469,l1
378,30,1769018469,l1
379,30,1769018469,l1
380,30,1769018469,l1
381,30,1769018469,l1
382,30,1769018469,l1
383,30,1769018469,l1
384,30,1769018469,l1
385,30,1769018469,l1
386,30,1769018469,l1
387,30,1769018469,l1
388,30,1769018469,l1
389,30,1769018469,l1
390,30,1769018469,l1
391,30,1769018469,l1
392,30,1769018469,l1
393,30,1769018469,l1
394,30,1769018469,l1
395,30,1769018469,l1
396,30,1769018469,l1
397,30,1769018469,l1
398,30,1769018469,l1
399,30,1769018469,l1
400,30,1769018469,l1
401,30,1769018469,l1
402,30,1769018469,l1
403,30,1769018469,l1
404,30,1769018469,l1
405,30,1769018469,l1
406,30,1769018469,l1
407,30,1769018469,l1
408,30,1769018469,l1
409,30,1769018469,l1
410,30,1769018469,l1
411,30,1769018469,l1
412,30,1769018469,l1
413,30,1769018469,l1
414,30,1769018469,l1
415,30,1769018469,l1
416,30,1769018469,l1
417,30,1769018469,l1
418,30,1769018469,l1
419,30,1769018469,l1
420,30,1769018469,l1
421,30,1769018469,l1
422,30,1769018469,l1
423,30,1769018469,l1
424,30,1769018469,l1
425,30,1769018469,l1
426,30,1769018469,l1
427,30,1769018469,l1
428,30,1769018469,l1
429,30,1769018469,l1
430,30,1769018469,l1
431,30,1769018469,l1
432,30,1769018469,l1
433,30,1769018469,l1
434,30,1769018469,l1
435,30,1769018469,l1
436,30,1769018469,l1
437,30,1769018469,l1
438,30,1769018469,l1
439,30,1769018469,l1
440,30,1769018469,l1
441,0,1769018469,l1
442,30,1769018469,l1
443,30,1769018469,l1
444,30,1769018469,l1
445,30,1769018469,l1
446,30,1769018469,l1
447,30,1769018469,l1
448,30,1769018469,l1
449,30,1769018469,l1
450,30,1769018469,l1
451,30,1769018469,l1
452,30,1769018469,l1
453,30,1769018469,l1
454,30,1769018469,l1
455,30,1769018469,l1
456,30,1769018469,l1
457,30,1769018469,l1
458,30,1769018469,l1
459,30,1769018469,l1
460,30,1769018469,l1
461,30,1769018469,l1
462,0,1769018469,l1
463,30,1769018469,l1
464,30,1769018469,l1
465,30,1769018469,l1
466,30,1769018469,l1
467,30,1769018469,l1
468,30,1769018469,l1
469,30,1769018469,l1
470,30,1769018469,l1
471,30,1769018469,l1
472,30,1769018469,l1
473,30,1769018469,l1
474,30,1769018469,l1
475,30,1769018469,l1
476,30,1769018469,l1
477,30,1769018469,l1
478,30,1769018469,l1
479,30,1769018469,l1
480,30,1769018469,l1
481,30,1769018469,l1
482,30,1769018469,l1
483,30,1769018469,l1
484,30,1769018469,l1
485,30,1769018469,l1
486,30,1769018469,l1
487,30,1769018469,l1
488,30,1769018469,l1
489,30,1769018469,l1
490,30,1769018469,l1
491,30,1769018469,l1
492,30,1769018469,l1
493,30,1769018469,l1
494,30,1769018469,l1
495,30,1769018469,l1
496,30,1769018469,l1
497,30,1769018469,l1
498,30,1769018469,l1
499,30,1769018469,l1
500,30,1769018469,l1
501,30,1769018469,l1
502,30,1769018469,l1
503,30,1769018469,l1
504,30,1769018469,l1
505,30,1769018469,l1
506,30,1769018469,l1
507,30,1769018469,l1
508,30,1769018469,l1
509,30,1769018469,l1
510,30,1769018469,l1
511,30,1769018469,l1
512,30,1769018469,l1
513,30,1769018469,l1
514,30,1769018469,l1
515,30,1769018469,l1
516,30,1769018469,l1
517,30,1769018469,l1
518,30,1769018469,l1
519,30,1769018469,l1
520,30,1769018469,l1
521,30,1769018469,l1
522,30,1769018469,l1
523,30,1769018469,l1
524,30,1769018469,l1
525,30,1769018469,l1
526,30,1769018469,l1
527,30,1769018469,l1
528,30,1769018469,l1
529,30,1769018469,l1
530,30,1769018469,l1
531,30,1769018469,l1
532,30,1769018469,l1
533,30,1769018469,l1
534,30,1769018469,l1
535,30,1769018469,l1
536,30,1769018469,l1
537,30,1769018469,l1
538,30,1769018469,l1
539,30,1769018469,l1
540,30,1769018469,l1
541,30,1769018469,l1
542,30,1769018469,l1
543,30,1769018469,l1
544,30,1769018469,l1
545,30,1769018469,l1
546,30,1769018469,l1
547,30,1769018469,l1
548,30,1769018469,l1
549,30,1769018469,l1
550,30,1769018469,l1
551,30,1769018469,l1
552,30,1769018469,l1
553,30,1769018469,l1
554,30,1769018469,l1
555,30,1769018469,l1
556,30,1769018469,l1
557,30,1769018469,l1
558,30,1769018469,l1
559,30,1769018469,l1
560,30,1769018469,l1
561,30,1769018469,l1
562,30,1769018469,l1
563,30,1769018469,l1
564,30,1769018469,l1
565,30,1769018469,l1
566,30,1769018469,l1
567,30,1769018469,l1
568,30,1769018469,l1
569,30,1769018469,l1
570,30,1769018469,l1
571,30,1769018469,l1
572,30,1769018469,l1
573,30,1769018469,l1
574,30,1769018469,l1
575,30,1769018469,l1
576,30,1769018469,l1
577,30,1769018469,l1
578,30,1769018469,l1
579,30,1769018469,l1
580,30,1769018469,l1
581,30,1769018469,l1
582,30,1769018469,l1
583,30,1769018469,l1
584,30,1769018469,l1
585,30,1769018469,l1
586,30,1769018469,l1
587,30,1769018469,l1
588,30,1769018469,l1
589,30,1769018469,l1
590,30,1769018469,l1
591,30,1769018469,l1
592,30,1769018469,l1
593,30,1769018469,l1
594,30,1769018469,l1
595,30,1769018469,l1
596,30,1769018469,l1
597,30,1769018469,l1
598,30,1769018469,l1
599,30,1769018469,l1
600,30,1769018469,l1
601,30,1769018469,l1
602,30,1769018469,l1
603,30,1769018469,l1
604,30,1769018469,l1
605,30,1769018469,l1
606,30,1769018469,l1
607,30,1769018469,l1
608,30,1769018469,l1
609,30,1769018469,l1
610,30,1769018469,l1
611,30,1769018469,l1
612,30,1769018469,l1
613,30,1769018469,l1
614,30,1769018469,l1
615,30,1769018469,l1
616,30,1769018469,l1
617,30,1769018469,l1
618,30,1769018469,l1
619,30,1769018469,l1
620,30,1769018469,l1
621,30,1769018469,l1
622,30,1769018469,l1
623,30,1769018469,l1
624,30,1769018469,l1
625,30,1769018469,l1
626,30,1769018469,l1
627,30,1769018469,l1
628,30,1769018469,l1
629,30,1769018469,l1
630,30,1769018469,l1
631,30,1769018469,l1
632,30,1769018469,l1
633,30,1769018469,l1
634,30,1769018469,l1
635,30,1769018469,l1
636,30,1769018469,l1
637,30,1769018469,l1
638,30,1769018469,l1
639,30,1769018469,l1
640,30,1769018469,l1
641,30,1769018469,l1
642,30,1769018469,l1
643,30,1769018469,l1
644,30,1769018469,l1
645,30,1769018469,l1
646,30,1769018469,l1
647,30,1769018469,l1
648,30,1769018469,l1
649,30,1769018469,l1
650,30,1769018469,l1
651,30,1769018469,l1
652,30,1769018469,l1
653,30,1769018469,l1
654,30,1769018469,l1
655,30,1769018469,l1
656,30,1769018469,l1
657,30,1769018469,l1
658,30,1769018469,l1
659,30,1769018469,l1
660,30,1769018469,l1
661,30,1769018469,l1
662,30,1769018469,l1
663,30,1769018469,l1
664,30,1769018469,l1
665,30,1769018469,l1
666,30,1769018469,l1
667,30,1769018469,l1
668,30,1769018469,l1
669,30,1769018469,l1
670,30,1769018469,l1
671,30,1769018469,l1
672,30,1769018469,l1
673,30,1769018469,l1
674,30,1769018469,l1
675,30,1769018469,l1
676,30,1769018469,l1
677,30,1769018469,l1
678,30,1769018469,l1
679,30,1769018469,l1
680,30,1769018469,l1
681,30,1769018469,l1
682,30,1769018469,l1
683,30,1769018469,l1
684,30,1769018469,l1
685,30,1769018469,l1
686,30,1769018469,l1
687,30,1769018469,l1
688,30,1769018469,l1
689,30,1769018469,l1
690,30,1769018469,l1
691,30,1769018469,l1
692,30,1769018469,l1
693,30,1769018469,l1
694,30,1769018469,l1
695,30,1769018469,l1
696,30,1769018469,l1
697,30,1769018469,l1
698,30,1769018469,l1
699,30,1769018469,l1
700,30,1769018469,l1
701,30,1769018469,l1
702,30,1769018469,l1
703,30,1769018469,l1
704,0,1769018469,l1
705,30,1769018469,l1
706,30,1769018469,l1
707,30,1769018469,l1
708,30,1769018469,l1
709,30,1769018469,l1
710,30,1769018469,l1
711,30,1769018469,l1
712,30,1769018469,l1
713,30,1769018469,l1
714,30,1769018469,l1
715,30,1769018469,l1
716,30,1769018469,l1
717,30,1769018469,l1
718,30,1769018469,l1
719,30,1769018469,l1
720,30,1769018469,l1
721,30,1769018469,l1
722,30,1769018469,l1
723,30,1769018469,l1
724,30,1769018469,l1
725,30,1769018469,l1
726,30,1769018469,l1
727,30,1769018469,l1
728,30,1769018469,l1
729,30,1769018469,l1
730,30,1769018469,l1
731,30,1769018469,l1
732,30,1769018469,l1
733,30,1769018469,l1
734,30,1769018469,l1
735,30,1769018469,l1
736,30,1769018469,l1
737,30,1769018469,l1
738,30,1769018469,l1
739,30,1769018469,l1
740,30,1769018469,l1
741,30,1769018469,l1
742,30,1769018469,l1
743,30,1769018469,l1
744,30,1769018469,l1
745,30,1769018469,l1
746,30,1769018469,l1
747,30,1769018469,l1
748,30,1769018469,l1
749,30,1769018469,l1
750,30,1769018469,l1
751,30,1769018469,l1
752,30,1769018469,l1
753,30,1769018469,l1
754,30,1769018469,l1
755,30,1769018469,l1
756,30,1769018469,l1
757,30,1769018469,l1
758,30,1769018469,l1
759,30,1769018469,l1
760,30,1769018469,l1
761,30,1769018469,l1
762,30,1769018469,l1
763,30,1769018469,l1
764,30,1769018469,l1
765,30,1769018469,l1
766,30,1769018469,l1
767,30,1769018469,l1
768,30,1769018469,l1
769,30,1769018469,l1
770,30,1769018469,l1
771,30,1769018469,l1
772,30,1769018469,l1
773,30,1769018469,l1
774,30,1769018469,l1
775,30,1769018469,l1
776,30,1769018469,l1
777,30,1769018469,l1
778,30,1769018469,l1
779,30,1769018469,l1
780,30,1769018469,l1
781,30,1769018469,l1
782,30,1769018469,l1
783,30,1769018469,l1
784,30,1769018469,l1
785,30,1769018469,l1
786,30,1769018469,l1
787,30,1769018469,l1
788,30,1769018469,l1
789,30,1769018469,l1
790,30,1769018469,l1
791,30,1769018469,l1
792,30,1769018469,l1
793,30,1769018469,l1
794,30,1769018469,l1
795,30,1769018469,l1
796,30,1769018469,l1
797,30,1769018469,l1
798,30,1769018469,l1
799,30,1769018469,l1
800,30,1769018469,l1
801,30,1769018469,l1
802,30,1769018469,l1
803,30,1769018469,l1
804,30,1769018469,l1
805,30,1769018469,l1
806,30,1769018469,l1
807,30,1769018469,l1
808,30,1769018469,l1
809,30,1769018469,l1
810,30,1769018469,l1
811,30,1769018469,l1
812,30,1769018469,l1
813,30,1769018469,l1
814,30,1769018469,l1
815,30,1769018469,l1
816,30,1769018469,l1
817,30,1769018469,l1
818,30,1769018469,l1
819,30,1769018469,l1
820,30,1769018469,l1
821,30,1769018469,l1
822,30,1769018469,l1
823,30,1769018469,l1
824,30,1769018469,l1
825,30,1769018469,l1
826,30,1769018469,l1
827,30,1769018469,l1
828,30,1769018469,l1
829,30,1769018469,l1
830,30,1769018469,l1
831,30,1769018469,l1
832,30,1769018469,l1
833,30,1769018469,l1
834,30,1769018469,l1
835,30,1769018469,l1
836,30,1769018469,l1
837,30,1769018469,l1
838,30,1769018469,l1
839,30,1769018469,l1
840,30,1769018469,l1
841,30,1769018469,l1
842,30,1769018469,l1
843,30,1769018469,l1
844,30,1769018469,l1
845,30,1769018469,l1
846,30,1769018469,l1
847,30,1769018469,l1
848,30,1769018469,l1
849,30,1769018469,l1
850,30,1769018469,l1
851,30,1769018469,l1
852,30,1769018469,l1
853,30,1769018469,l1
854,30,1769018469,l1
855,30,1769018469,l1
856,30,1769018469,l1
857,30,1769018469,l1
858,30,1769018469,l1
859,30,1769018469,l1
860,30,1769018469,l1
861,30,1769018469,l1
862,30,1769018469,l1
863,30,1769018469,l1
864,30,1769018469,l1
865,30,1769018469,l1
866,30,1769018469,l1
867,30,1769018469,l1
868,30,1769018469,l1
869,30,1769018469,l1
870,30,1769018469,l1
871,30,1769018469,l1
872,30,1769018469,l1
873,30,1769018469,l1
874,30,1769018469,l1
875,30,1769018469,l1
876,30,1769018469,l1
877,30,1769018469,l1
878,30,1769018469,l1
879,30,1769018469,l1
880,30,1769018469,l1
881,30,1769018469,l1
882,30,1769018469,l1
883,30,1769018469,l1
884,30,1769018469,l1
885,30,1769018469,l1
886,30,1769018469,l1
887,30,1769018469,l1
888,30,1769018469,l1
889,30,1769018469,l1
890,30,1769018469,l1
891,30,1769018469,l1
892,30,1769018469,l1
893,30,1769018469,l1
894,30,1769018469,l1
895,30,1769018469,l1
896,30,1769018469,l1
897,30,1769018469,l1
898,30,1769018469,l1
899,30,1769018469,l1
900,30,1769018469,l1
901,30,1769018469,l1
902,30,1769018469,l1
903,30,1769018469,l1
904,30,1769018469,l1
905,30,1769018469,l1
906,30,1769018469,l1
907,30,1769018469,l1
908,30,1769018469,l1
909,30,1769018469,l1
910,30,1769018469,l1
911,30,1769018469,l1
912,30,1769018469,l1
913,30,1769018469,l1
914,30,1769018469,l1
915,30,1769018469,l1
916,30,1769018469,l1
917,30,1769018469,l1
918,30,1769018469,l1
919,30,1769018469,l1
920,30,1769018469,l1
921,30,1769018469,l1
922,30,1769018469,l1
923,30,1769018469,l1
924,30,1769018469,l1
925,30,1769018469,l1
926,30,1769018469,l1
927,30,1769018469,l1
928,30,1769018469,l1
929,30,1769018469,l1
930,30,1769018469,l1
931,30,1769018469,l1
932,30,1769018469,l1
933,30,1769018469,l1
934,30,1769018469,l1
935,30,1769018469,l1
936,30,1769018469,l1
937,30,1769018469,l1
938,30,1769018469,l1
939,30,1769018469,l1
940,30,1769018469,l1
941,30,1769018469,l1
942,30,1769018469,l1
943,30,1769018469,l1
944,30,1769018469,l1
945,30,1769018469,l1
946,30,1769018469,l1
947,30,1769018469,l1
948,30,1769018469,l1
949,30,1769018469,l1
950,30,1769018469,l1
951,30,1769018469,l1
952,30,1769018469,l1
953,30,1769018469,l1
954,30,1769018469,l1
955,30,1769018469,l1
956,30,1769018469,l1
957,30,1769018469,l1
958,30,1769018469,l1
959,30,1769018469,l1
960,30,1769018469,l1
961,30,1769018469,l1
962,30,1769018469,l1
963,30,1769018469,l1
964,30,1769018469,l1
965,30,1769018469,l1
966,30,1769018469,l1
967,30,1769018469,l1
968,30,1769018469,l1
969,30,1769018469,l1
970,30,1769018469,l1
971,30,1769018469,l1
972,30,1769018469,l1
973,30,1769018469,l1
974,30,1769018469,l1
975,30,1769018469,l1
976,30,1769018469,l1
977,30,1769018469,l1
978,30,1769018469,l1
979,30,1769018469,l1
980,30,1769018469,l1
981,30,1769018469,l1
982,30,1769018469,l1
983,30,1769018469,l1
984,30,1769018469,l1
985,30,1769018469,l1
986,30,1769018469,l1
987,30,1769018469,l1
988,30,1769018469,l1
989,30,1769018469,l1
990,30,1769018469,l1
991,30,1769018469,l1
992,30,1769018469,l1
993,30,1769018469,l1
994,30,1769018469,l1
995,30,1769018469,l1
996,30,1769018469,l1
997,30,1769018469,l1
998,30,1769018469,l1
999,30,1769018469,l1
1000,30,1769018469,l1
1001,30,1769018469,l1
1002,30,1769018469,l1
1003,30,1769018469,l1
1004,30,1769018469,l1
1005,30,1769018469,l1
1006,30,1769018469,l1
1007,30,1769018469,l1
1008,30,1769018469,l1
1009,30,1769018469,l1
1010,30,1769018469,l1
1011,30,1769018469,l1
1012,30,1769018469,l1
1013,30,1769018469,l1
1014,30,1769018469,l1
1015,30,1769018469,l1
1016,30,1769018469,l1
1017,30,1769018469,l1
1018,30,1769018469,l1
1019,30,1769018469,l1
1020,30,1769018469,l1
1021,30,1769018469,l1
1022,30,1769018469,l1
1023,30,1769018469,l1
1024,30,1769018469,l1
1025,30,1769018469,l1
1026,30,1769018469,l1
1027,30,1769018469,l1
1028,30,1769018469,l1
1029,30,1769018469,l1
1030,30,1769018469,l1
1031,30,1769018469,l1
1032,30,1769018469,l1
1033,30,1769018469,l1
1034,30,1769018469,l1
1035,30,1769018469,l1
1036,30,1769018469,l1
1037,30,1769018469,l1
1038,30,1769018469,l1
1039,30,1769018469,l1
1040,30,1769018469,l1
1041,30,1769018469,l1
1042,30,1769018469,l1
1043,30,1769018469,l1
1044,30,1769018469,l1
1045,30,1769018469,l1
1046,30,1769018469,l1
1047,30,1769018469,l1
1048,30,1769018469,l1
1049,30,1769018469,l1
1050,30,1769018469,l1
1051,30,1769018469,l1
1052,30,1769018469,l1
1053,30,1769018469,l1
1054,30,1769018469,l1
1055,30,1769018469,l1
1056,30,1769018469,l1
1057,30,1769018469,l1
1058,30,1769018469,l1
1059,30,1769018469,l1
1060,30,1769018469,l1
1061,30,1769018469,l1
1062,30,1769018469,l1
1063,30,1769018469,l1
1064,30,1769018469,l1
1065,30,1769018469,l1
1066,30,1769018469,l1
1067,30,1769018469,l1
1068,30,1769018469,l1
1069,30,1769018469,l1
1070,30,1769018469,l1
1071,30,1769018469,l1
1072,30,1769018469,l1
1073,30,1769018469,l1
1074,30,1769018469,l1
1075,30,1769018469,l1
1076,30,1769018469,l1
1077,30,1769018469,l1
1078,30,1769018469,l1
1079,30,1769018469,l1
1080,30,1769018469,l1
1081,30,1769018469,l1
1082,30,1769018469,l1
1083,30,1769018469,l1
1084,30,1769018469,l1
1085,30,1769018469,l1
1086,30,1769018469,l1
1087,30,1769018469,l1
1088,30,1769018469,l1
1089,30,1769018469,l1
1090,30,1769018469,l1
1091,30,1769018469,l1
1092,30,1769018469,l1
1093,30,1769018469,l1
1094,30,1769018469,l1
1095,30,1769018469,l1
1096,30,1769018469,l1
1097,30,1769018469,l1
1098,30,1769018469,l1
1099,30,1769018469,l1
1100,30,1769018469,l1
1101,30,1769018469,l1
1102,30,1769018469,l1
1103,30,1769018469,l1
1104,30,1769018469,l1
1105,30,1769018469,l1
1106,30,1769018469,l1
1107,30,1769018469,l1
1108,30,1769018469,l1
1109,30,1769018469,l1
1110,30,1769018469,l1
1111,30,1769018469,l1
1112,30,1769018469,l1
1113,30,1769018469,l1
1114,30,1769018469,l1
1115,30,1769018469,l1
1116,30,1769018469,l1
1117,30,1769018469,l1
1118,30,1769018469,l1
1119,30,1769018469,l1
1120,30,1769018469,l1
1121,30,1769018469,l1
1122,30,1769018469,l1
1123,30,1769018469,l1
1124,30,1769018469,l1
1125,30,1769018469,l1
1126,30,1769018469,l1
1127,30,1769018469,l1
1128,30,1769018469,l1
1129,30,1769018469,l1
1130,30,1769018469,l1
1131,30,1769018469,l1
1132,30,1769018469,l1
1133,30,1769018469,l1
1134,30,1769018469,l1
1135,30,1769018469,l1
1136,30,1769018469,l1
1137,30,1769018469,l1
1138,30,1769018469,l1
1139,30,1769018469,l1
1140,30,1769018469,l1
1141,30,1769018469,l1
1142,30,1769018469,l1
1143,30,1769018469,l1
1144,30,1769018469,l1
1145,30,1769018469,l1
1146,30,1769018469,l1
1147,30,1769018469,l1
1148,30,1769018469,l1
1149,30,1769018469,l1
1150,30,1769018469,l1
1151,30,1769018469,l1
1152,30,1769018469,l1
1153,30,1769018469,l1
1154,30,1769018469,l1
1155,30,1769018469,l1
1156,30,1769018469,l1
1157,30,1769018469,l1
1158,30,1769018469,l1
1159,30,1769018469,l1
1160,30,1769018469,l1
1161,30,1769018469,l1
1162,30,1769018469,l1
1163,30,1769018469,l1
1164,30,1769018469,l1
1165,30,1769018469,l1
1166,30,1769018469,l1
1167,30,1769018469,l1
1168,30,1769018469,l1
1169,30,1769018469,l1
1170,30,1769018469,l1
1171,30,1769018469,l1
1172,30,1769018469,l1
1173,30,1769018469,l1
1174,30,1769018469,l1
1175,30,1769018469,l1
1176,30,1769018469,l1
1177,30,1769018469,l1
1178,30,1769018469,l1
1179,30,1769018469,l1
1180,30,1769018469,l1
1181,30,1769018469,l1
1182,30,1769018469,l1
1183,30,1769018469,l1
1184,30,1769018469,l1
1185,30,1769018469,l1
1186,30,1769018469,l1
1187,30,1769018469,l1
1188,30,1769018469,l1
1189,30,1769018469,l1
1190,30,1769018469,l1
1191,30,1769018469,l1
1192,30,1769018469,l1
1193,30,1769018469,l1
1194,30,1769018469,l1
1195,30,1769018469,l1
1196,30,1769018469,l1
1197,30,1769018469,l1
1198,30,1769018469,l1
1199,30,1769018469,l1
1200,30,1769018469,l1
1201,30,1769018469,l1
1202,30,1769018469,l1
1203,30,1769018469,l1
1204,30,1769018469,l1
1205,30,1769018469,l1
1206,30,1769018469,l1
1207,30,1769018469,l1
1208,30,1769018469,l1
1209,30,1769018469,l1
1210,30,1769018469,l1
1211,30,1769018469,l1
1212,30,1769018469,l1
1213,30,1769018469,l1
1214,30,1769018469,l1
1215,30,1769018469,l1
1216,30,1769018469,l1
1217,30,1769018469,l1
1218,30,1769018469,l1
1219,30,1769018469,l1
1220,30,1769018469,l1
1221,30,1769018469,l1
1222,30,1769018469,l1
1223,30,1769018469,l1
1224,30,1769018469,l1
1225,30,1769018469,l1
1226,30,1769018469,l1
1227,30,1769018469,l1
1228,30,1769018469,l1
1229,30,1769018469,l1
1230,30,1769018469,l1
1231,30,1769018469,l1
1232,30,1769018469,l1
1233,30,1769018469,l1
1234,30,1769018469,l1
1235,30,1769018469,l1
1236,30,1769018469,l1
1237,30,1769018469,l1
1238,30,1769018469,l1
1239,30,1769018469,l1
1240,30,1769018469,l1
1241,30,1769018469,l1
1242,30,1769018469,l1
1243,30,1769018469,l1
1244,30,1769018469,l1
1245,30,1769018469,l1
1246,30,1769018469,l1
1247,30,1769018469,l1
1248,30,1769018469,l1
1249,30,1769018469,l1
1250,30,1769018469,l1
1251,30,1769018469,l1
1252,30,1769018469,l1
1253,30,1769018469,l1
1254,30,1769018469,l1
1255,30,1769018469,l1
1256,30,1769018469,l1
1257,30,1769018469,l1
1258,30,1769018469,l1
1259,30,1769018469,l1
1260,30,1769018469,l1
1261,30,1769018469,l1
1262,30,1769018469,l1
1263,30,1769018469,l1
1264,30,1769018469,l1
1265,30,1769018469,l1
1266,30,1769018469,l1
1267,30,1769018469,l1
1268,30,1769018469,l1
1269,30,1769018469,l1
1270,30,1769018469,l1
1271,30,1769018469,l1
1272,30,1769018469,l1
1273,30,1769018469,l1
1274,30,1769018469,l1
1275,30,1769018469,l1
1276,30,1769018469,l1
1277,30,1769018469,l1
1278,30,1769018469,l1
1279,30,1769018469,l1
1280,30,1769018469,l1
1281,30,1769018469,l1
1282,30,1769018469,l1
1283,30,1769018469,l1
1284,30,1769018469,l1
1285,30,1769018469,l1
1286,30,1769018469,l1
1287,30,1769018469,l1
1288,30,1769018469,l1
1289,30,1769018469,l1
1290,30,1769018469,l1
1291,30,1769018469,l1
1292,30,1769018469,l1
1293,30,1769018469,l1
1294,30,1769018469,l1
1295,30,1769018469,l1
1296,30,1769018469,l1
1297,30,1769018469,l1
1298,30,1769018469,l1
1299,30,1769018469,l1
1300,30,1769018469,l1
1301,30,1769018469,l1
1302,30,1769018469,l1
1303,30,1769018469,l1
1304,30,1769018469,l1
1305,30,1769018469,l1
1306,30,1769018469,l1
1307,30,1769018469,l1
1308,30,1769018469,l1
1309,30,1769018469,l1
1310,30,1769018469,l1
1311,30,1769018469,l1
1312,30,1769018469,l1
1313,30,1769018469,l1
1314,30,1769018469,l1
1315,30,1769018469,l1
1316,30,1769018469,l1
1317,30,1769018469,l1
1318,30,1769018469,l1
1319,30,1769018469,l1
1320,30,1769018469,l1
1321,30,1769018469,l1
1322,30,1769018469,l1
1323,30,1769018469,l1
1324,30,1769018469,l1
1325,30,1769018469,l1
1326,30,1769018469,l1
1327,30,1769018469,l1
1328,30,1769018469,l1
1329,30,1769018469,l1
1330,30,1769018469,l1
1331,30,1769018469,l1
1332,30,1769018469,l1
1333,30,1769018469,l1
1334,30,1769018469,l1
1335,30,1769018469,l1
1336,30,1769018469,l1
1337,30,1769018469,l1
1338,30,1769018469,l1
1339,30,1769018469,l1
1340,30,1769018469,l1
1341,30,1769018469,l1
1342,30,1769018469,l1
1343,30,1769018469,l1
1344,30,1769018469,l1
1345,30,1769018469,l1
1346,30,1769018469,l1
1347,30,1769018469,l1
1348,30,1769018469,l1
1349,30,1769018469,l1
1350,30,1769018469,l1
1351,30,1769018469,l1
1352,30,1769018469,l1
1353,30,1769018469,l1
1354,30,1769018469,l1
1355,30,1769018469,l1
1356,30,1769018469,l1
1357,30,1769018469,l1
1358,30,1769018469,l1
1359,30,1769018469,l1
1360,30,1769018469,l1
1361,30,1769018469,l1
1362,30,1769018469,l1
1363,30,1769018469,l1
1364,30,1769018469,l1
1365,30,1769018469,l1
1366,30,1769018469,l1
1367,30,1769018469,l1
1368,30,1769018469,l1
1369,30,1769018469,l1
1370,30,1769018469,l1
1371,30,1769018469,l1
1372,30,1769018469,l1
1373,30,1769018469,l1
1374,30,1769018469,l1
1375,30,1769018469,l1
1376,30,1769018469,l1
1377,30,1769018469,l1
1378,30,1769018469,l1
1379,30,1769018469,l1
1380,30,1769018469,l1
1381,30,1769018469,l1
1382,30,1769018469,l1
1383,30,1769018469,l1
1384,30,1769018469,l1
1385,30,1769018469,l1
1386,30,1769018469,l1
1387,30,1769018469,l1
1388,30,1769018469,l1
1389,30,1769018469,l1
1390,30,1769018469,l1
1391,30,1769018469,l1
1392,30,1769018469,l1
1393,30,1769018469,l1
1394,30,1769018469,l1
1395,30,1769018469,l1
1396,30,1769018469,l1
1397,30,1769018469,l1
1398,30,1769018469,l1
1399,30,1769018469,l1
1400,30,1769018469,l1
1401,30,1769018469,l1
1402,30,1769018469,l1
1403,30,1769018469,l1
1404,30,1769018469,l1
1405,30,1769018469,l1
1406,30,1769018469,l1
1407,30,1769018469,l1
1408,30,1769018469,l1
1409,30,1769018469,l1
1410,30,1769018469,l1
1411,30,1769018469,l1
1412,30,1769018469,l1
1413,30,1769018469,l1
1414,30,1769018469,l1
1415,30,1769018469,l1
1416,30,1769018469,l1
1417,30,1769018469,l1
1418,30,1769018469,l1
1419,30,1769018469,l1
1420,30,1769018469,l1
1421,30,1769018469,l1
1422,30,1769018469,l1
1423,30,1769018469,l1
1424,30,1769018469,l1
1425,30,1769018469,l1
1426,30,1769018469,l1
1427,30,1769018469,l1
1428,30,1769018469,l1
1429,30,1769018469,l1
1430,30,1769018469,l1
1431,30,1769018469,l1
1432,30,1769018469,l1
1433,30,1769018469,l1
1434,30,1769018469,l1
1435,30,1769018469,l1
1436,30,1769018469,l1
1437,30,1769018469,l1
1438,30,1769018469,l1
1439,30,1769018469,l1
1440,30,1769018469,l1
1441,30,1769018469,l1
1442,30,1769018469,l1
1443,30,1769018469,l1
1444,30,1769018469,l1
1445,30,1769018469,l1
1446,30,1769018469,l1
1447,30,1769018469,l1
1448,30,1769018469,l1
1449,30,1769018469,l1
1450,30,1769018469,l1
1451,30,1769018469,l1
1452,30,1769018469,l1
1453,30,1769018469,l1
1454,30,1769018469,l1
1455,30,1769018469,l1
1456,30,1769018469,l1
1457,30,1769018469,l1
1458,30,1769018469,l1
1459,30,1769018469,l1
1460,30,1769018469,l1
1461,30,1769018469,l1
1462,30,1769018469,l1
1463,30,1769018469,l1
1464,30,1769018469,l1
1465,30,1769018469,l1
1466,30,1769018469,l1
1467,30,1769018469,l1
1468,30,1769018469,l1
1469,30,1769018469,l1
1470,30,1769018469,l1
1471,30,1769018469,l1
1472,30,1769018469,l1
1473,30,1769018469,l1
1474,30,1769018469,l1
1475,30,1769018469,l1
1476,30,1769018469,l1
1477,30,1769018469,l1
1478,30,1769018469,l1
1479,30,1769018469,l1
1480,30,1769018469,l1
1481,30,1769018469,l1
1482,30,1769018469,l1
1483,30,1769018469,l1
1484,30,1769018469,l1
1485,30,1769018469,l1
1486,30,1769018469,l1
1487,30,1769018469,l1
1488,30,1769018469,l1
1489,30,1769018469,l1
1490,30,1769018469,l1
1491,30,1769018469,l1
1492,30,1769018469,l1
1493,30,1769018469,l1
1494,30,1769018469,l1
1495,30,1769018469,l1
1496,30,1769018469,l1
1497,30,1769018469,l1
1498,30,1769018469,l1
1499,30,1769018469,l1
1500,30,1769018469,l1
1501,30,1769018469,l1
1502,30,1769018469,l1
1503,30,1769018469,l1
1504,30,1769018469,l1
1505,30,1769018469,l1
1506,30,1769018469,l1
1507,30,1769018469,l1
1508,30,1769018469,l1
1509,30,1769018469,l1
1510,30,1769018469,l1
1511,30,1769018469,l1
1512,30,1769018469,l1
1513,30,1769018469,l1
1514,30,1769018469,l1
1515,30,1769018469,l1
1516,30,1769018469,l1
1517,30,1769018469,l1
1518,30,1769018469,l1
1519,30,1769018469,l1
1520,30,1769018469,l1
1521,30,1769018469,l1
1522,30,1769018469,l1
1523,30,1769018469,l1
1524,30,1769018469,l1
1525,30,1769018469,l1
1526,30,1769018469,l1
1527,30,1769018469,l1
1528,30,1769018469,l1
1529,30,1769018469,l1
1530,30,1769018469,l1
1531,30,1769018469,l1
1532,30,1769018469,l1
1533,30,1769018469,l1
1534,30,1769018469,l1
1535,30,1769018469,l1
1536,30,1769018469,l1
1537,30,1769018469,l1
1538,30,1769018469,l1
1539,30,1769018469,l1
1540,30,1769018469,l1
1541,30,1769018469,l1
1542,30,1769018469,l1
1543,30,1769018469,l1
1544,30,1769018469,l1
1545,30,1769018469,l1
1546,30,1769018469,l1
1547,30,1769018469,l1
1548,30,1769018469,l1
1549,30,1769018469,l1
1550,30,1769018469,l1
1551,30,1769018469,l1
1552,30,1769018469,l1
1553,30,1769018469,l1
1554,30,1769018469,l1
1555,30,1769018469,l1
1556,30,1769018469,l1
1557,30,1769018469,l1
1558,30,1769018469,l1
1559,30,1769018469,l1
1560,30,1769018469,l1
1561,30,1769018469,l1
1562,30,1769018469,l1
1563,30,1769018469,l1
1564,30,1769018469,l1
1565,30,1769018469,l1
1566,30,1769018469,l1
1567,30,1769018469,l1
1568,30,1769018469,l1
1569,30,1769018469,l1
1570,30,1769018469,l1
1571,30,1769018469,l1
1572,30,1769018469,l1
1573,30,1769018469,l1
1574,30,1769018469,l1
1575,30,1769018469,l1
1576,30,1769018469,l1
1577,30,1769018469,l1
1578,30,1769018469,l1
1579,30,1769018469,l1
1580,30,1769018469,l1
1581,30,1769018469,l1
1582,30,1769018469,l1
1583,30,1769018469,l1
1584,30,1769018469,l1
1585,30,1769018469,l1
1586,30,1769018469,l1
1587,30,1769018469,l1
1588,30,1769018469,l1
1589,30,1769018469,l1
1590,30,1769018469,l1
1591,30,1769018469,l1
1592,30,1769018469,l1
1593,30,1769018469,l1
1594,30,1769018469,l1
1595,30,1769018469,l1
1596,30,1769018469,l1
1597,30,1769018469,l1
1598,30,1769018469,l1
1599,30,1769018469,l1
1600,30,1769018469,l1
1601,30,1769018469,l1
1602,30,1769018469,l1
1603,30,1769018469,l1
1604,30,1769018469,l1
1605,30,1769018469,l1
1606,30,1769018469,l1
1607,30,1769018469,l1
1608,30,1769018469,l1
1609,30,1769018469,l1
1610,30,1769018469,l1
1611,30,1769018469,l1
1612,30,1769018469,l1
1613,30,1769018469,l1
1614,30,1769018469,l1
1615,30,1769018469,l1
1616,30,1769018469,l1
1617,30,1769018469,l1
1618,30,1769018469,l1
1619,30,1769018469,l1
1620,30,1769018469,l1
1621,30,1769018469,l1
1622,30,1769018469,l1
1623,30,1769018469,l1
1624,30,1769018469,l1
1625,30,1769018469,l1
1626,30,1769018469,l1
1627,30,1769018469,l1
1628,30,1769018469,l1
1629,30,1769018469,l1
1630,30,1769018469,l1
1631,30,1769018469,l1
1632,30,1769018469,l1
1633,30,1769018469,l1
1634,30,1769018469,l1
1635,30,1769018469,l1
1636,30,1769018469,l1
1637,30,1769018469,l1
1638,30,1769018469,l1
1639,30,1769018469,l1
1640,30,1769018469,l1
1641,30,1769018469,l1
1642,30,1769018469,l1
1643,30,1769018469,l1
1644,30,1769018469,l1
1645,30,1769018469,l1
1646,30,1769018469,l1
1647,30,1769018469,l1
1648,30,1769018469,l1
1649,30,1769018469,l1
1650,30,1769018469,l1
1651,30,1769018469,l1
1652,30,1769018469,l1
1653,30,1769018469,l1
1654,30,1769018469,l1
1655,30,1769018469,l1
1656,30,1769018469,l1
1657,30,1769018469,l1
1658,30,1769018469,l1
1659,30,1769018469,l1
1660,30,1769018469,l1
1661,30,1769018469,l1
1662,30,1769018469,l1
1663,30,1769018469,l1
1664,30,1769018469,l1
1665,30,1769018469,l1
1666,30,1769018469,l1
1667,30,1769018469,l1
1668,30,1769018469,l1
1669,30,1769018469,l1
1670,30,1769018469,l1
1671,30,1769018469,l1
1672,30,1769018469,l1
1673,30,1769018469,l1
1674,30,1769018469,l1
1675,30,1769018469,l1
1676,30,1769018469,l1
1677,30,1769018469,l1
1678,30,1769018469,l1
1679,30,1769018469,l1
1680,30,1769018469,l1
1681,30,1769018469,l1
1682,30,1769018469,l1
1683,30,1769018469,l1
1684,30,1769018469,l1
1685,30,1769018469,l1
1686,30,1769018469,l1
1687,30,1769018469,l1
1688,30,1769018469,l1
1689,30,1769018469,l1
1690,30,1769018469,l1
1691,30,1769018469,l1
1692,30,1769018469,l1
1693,30,1769018469,l1
1694,30,1769018469,l1
1695,30,1769018469,l1
1696,30,1769018469,l1
1697,30,1769018469,l1
1698,30,1769018469,l1
1699,30,1769018469,l1
1700,30,1769018469,l1
1701,30,1769018469,l1
1702,30,1769018469,l1
1703,30,1769018469,l1
1704,30,1769018469,l1
1705,30,1769018469,l1
1706,30,1769018469,l1
1707,30,1769018469,l1
1708,30,1769018469,l1
1709,30,1769018469,l1
1710,30,1769018469,l1
1711,30,1769018469,l1
1712,30,1769018469,l1
1713,30,1769018469,l1
1714,30,1769018469,l1
1715,30,1769018469,l1
1716,30,1769018469,l1
1717,30,1769018469,l1
1718,30,1769018469,l1
1719,30,1769018469,l1
1720,30,1769018469,l1
1721,30,1769018469,l1
1722,30,1769018469,l1
1723,30,1769018469,l1
1724,30,1769018469,l1
1725,30,1769018469,l1
1726,30,1769018469,l1
1727,30,1769018469,l1
1728,30,1769018469,l1
1729,30,1769018469,l1
1730,30,1769018469,l1
1731,30,1769018469,l1
1732,30,1769018469,l1
1733,30,1769018469,l1
1734,30,1769018469,l1
1735,30,1769018469,l1
1736,30,1769018469,l1
1737,30,1769018469,l1
1738,30,1769018469,l1
1739,30,1769018469,l1
1740,30,1769018469,l1
1741,30,1769018469,l1
1742,30,1769018469,l1
1743,30,1769018469,l1
1744,30,1769018469,l1
1745,30,1769018469,l1
1746,30,1769018469,l1
1747,30,1769018469,l1
1748,30,1769018469,l1
1749,30,1769018469,l1
1750,30,1769018469,l1
1751,30,1769018469,l1
1752,30,1769018469,l1
1753,30,1769018469,l1
1754,30,1769018469,l1
1755,30,1769018469,l1
1756,30,1769018469,l1
1757,30,1769018469,l1
1758,30,1769018469,l1
1759,30,1769018469,l1
1760,30,1769018469,l1
1761,30,1769018469,l1
1762,30,1769018469,l1
1763,30,1769018469,l1
1764,30,1769018469,l1
1765,30,1769018469,l1
1766,30,1769018469,l1
1767,30,1769018469,l1
1768,30,1769018469,l1
1769,30,1769018469,l1
1770,30,1769018469,l1
1771,30,1769018469,l1
1772,30,1769018469,l1
1773,30,1769018469,l1
1774,30,1769018469,l1
1775,30,1769018469,l1
1776,30,1769018469,l1
1777,30,1769018469,l1
1778,30,1769018469,l1
1779,30,1769018469,l1
1780,30,1769018469,l1
1781,30,1769018469,l1
1782,30,1769018469,l1
1783,30,1769018469,l1
1784,30,1769018469,l1
1785,30,1769018469,l1
1786,30,1769018469,l1
1787,30,1769018469,l1
1788,30,1769018469,l1
1789,30,1769018469,l1
1790,30,1769018469,l1
1791,30,1769018469,l1
1792,30,1769018469,l1
1793,30,1769018469,l1
1794,30,1769018469,l1
1795,30,1769018469,l1
1796,30,1769018469,l1
1797,30,1769018469,l1
1798,30,1769018469,l1
1799,30,1769018469,l1
1800,30,1769018469,l1
1801,30,1769018469,l1
1802,30,1769018469,l1
1803,30,1769018469,l1
1804,30,1769018469,l1
1805,30,1769018469,l1
1806,30,1769018469,l1
1807,30,1769018469,l1
1808,30,1769018469,l1
1809,30,1769018469,l1
1810,30,1769018469,l1
1811,30,1769018469,l1
1812,30,1769018469,l1
1813,30,1769018469,l1
1814,30,1769018469,l1
1815,30,1769018469,l1
1816,30,1769018469,l1
1817,30,1769018469,l1
1818,30,1769018469,l1
1819,30,1769018469,l1
1820,30,1769018469,l1
1821,30,1769018469,l1
1822,30,1769018469,l1
1823,30,1769018469,l1
1824,30,1769018469,l1
1825,30,1769018469,l1
1826,30,1769018469,l1
1827,30,1769018469,l1
1828,30,1769018469,l1
1829,30,1769018469,l1
1830,30,1769018469,l1
1831,30,1769018469,l1
1832,30,1769018469,l1
1833,30,1769018469,l1
1834,30,1769018469,l1
1835,30,1769018469,l1
1836,30,1769018469,l1
1837,30,1769018469,l1
1838,30,1769018469,l1
1839,30,1769018469,l1
1840,30,1769018469,l1
1841,30,1769018469,l1
1842,30,1769018469,l1
1843,30,1769018469,l1
1844,30,1769018469,l1
1845,30,1769018469,l1
1846,30,1769018469,l1
1847,30,1769018469,l1
1848,30,1769018469,l1
1849,30,1769018469,l1
1850,30,1769018469,l1
1851,30,1769018469,l1
1852,30,1769018469,l1
1853,30,1769018469,l1
1854,30,1769018469,l1
1855,30,1769018469,l1
1856,30,1769018469,l1
1857,30,1769018469,l1
1858,30,1769018469,l1
1859,30,1769018469,l1
1860,30,1769018469,l1
1861,30,1769018469,l1
1862,30,1769018469,l1
1863,30,1769018469,l1
1864,30,1769018469,l1
1865,30,1769018469,l1
1866,30,1769018469,l1
1867,30,1769018469,l1
1868,30,1769018469,l1
1869,30,1769018469,l1
1870,30,1769018469,l1
1871,30,1769018469,l1
1872,30,1769018469,l1
1873,30,1769018469,l1
1874,30,1769018469,l1
1875,30,1769018469,l1
1876,30,1769018469,l1
1877,30,1769018469,l1
1878,30,1769018469,l1
1879,30,1769018469,l1
1880,30,1769018469,l1
1881,30,1769018469,l1
1882,30,1769018469,l1
1883,30,1769018469,l1
1884,30,1769018469,l1
1885,30,1769018469,l1
1886,30,1769018469,l1
1887,30,1769018469,l1
1888,30,1769018469,l1
1889,30,1769018469,l1
1890,30,1769018469,l1
1891,30,1769018469,l1
1892,30,1769018469,l1
1893,30,1769018469,l1
1894,30,1769018469,l1
1895,30,1769018469,l1
1896,30,1769018469,l1
1897,30,1769018469,l1
1898,30,1769018469,l1
1899,30,1769018469,l1
1900,30,1769018469,l1
1901,30,1769018469,l1
1902,30,1769018469,l1
1903,30,1769018469,l1
1904,30,1769018469,l1
1905,30,1769018469,l1
1906,30,1769018469,l1
1907,30,1769018469,l1
1908,30,1769018469,l1
1909,30,1769018469,l1
1910,30,1769018469,l1
1911,30,1769018469,l1
1912,30,1769018469,l1
1913,30,1769018469,l1
1914,30,1769018469,l1
1915,30,1769018469,l1
1916,30,1769018469,l1
1917,30,1769018469,l1
1918,30,1769018469,l1
1919,30,1769018469,l1
1920,30,1769018469,l1
1921,30,1769018469,l1
1922,30,1769018469,l1
1923,30,1769018469,l1
1924,30,1769018469,l1
1925,30,1769018469,l1
1926,30,1769018469,l1
1927,30,1769018469,l1
1928,30,1769018469,l1
1929,30,1769018469,l1
1930,30,1769018469,l1
1931,30,1769018469,l1
1932,30,1769018469,l1
1933,30,1769018469,l1
1934,30,1769018469,l1
1935,30,1769018469,l1
1936,30,1769018469,l1
1937,30,1769018469,l1
1938,30,1769018469,l1
1939,30,1769018469,l1
1940,30,1769018469,l1
1941,30,1769018469,l1
1942,30,1769018469,l1
1943,30,1769018469,l1
1944,30,1769018469,l1
1945,30,1769018469,l1
1946,30,1769018469,l1
1947,30,1769018469,l1
1948,30,1769018469,l1
1949,30,1769018469,l1
1950,30,1769018469,l1
1951,30,1769018469,l1
1952,30,1769018469,l1
1953,30,1769018469,l1
1954,30,1769018469,l1
1955,30,1769018469,l1
1956,30,1769018469,l1
1957,30,1769018469,l1
1958,30,1769018469,l1
1959,30,1769018469,l1
1960,30,1769018469,l1
1961,30,1769018469,l1
1962,30,1769018469,l1
1963,30,1769018469,l1
1964,30,1769018469,l1
1965,30,1769018469,l1
1966,30,1769018469,l1
1967,30,1769018469,l1
1968,30,1769018469,l1
1969,30,1769018469,l1
1970,30,1769018469,l1
1971,30,1769018469,l1
1972,30,1769018469,l1
1973,30,1769018469,l1
1974,30,1769018469,l1
1975,30,1769018469,l1
1976,30,1769018469,l1
1977,30,1769018469,l1
1978,30,1769018469,l1
1979,30,1769018469,l1
1980,30,1769018469,l1
1981,30,1769018469,l1
1982,30,1769018469,l1
1983,30,1769018469,l1
1984,30,1769018469,l1
1985,30,1769018469,l1
1986,30,1769018469,l1
1987,30,1769018469,l1
1988,30,1769018469,l1
1989,30,1769018469,l1
1990,30,1769018469,l1
1991,30,1769018469,l1
1992,30,1769018469,l1
1993,30,1769018469,l1
1994,30,1769018469,l1
1995,30,1769018469,l1
1996,30,1769018469,l1
1997,30,1769018469,l1
1998,30,1769018469,l1
1999,30,1769018469,l1
2000,30,1769018469,l1
2001,30,1769018469,l1
1,30,1769018455,l1
2,0,1769018455,l1
3,0,1769018455,l1
4,0,1769018455,l1
5,0,1769018455,l1
6,30,1769018455,l1
7,30,1769018455,l1
8,30,1769018455,l1
9,30,1769018455,l1
10,30,1769018455,l1
11,30,1769018455,l1
12,30,1769018455,l1
13,30,1769018455,l1
14,30,1769018455,l1
15,30,1769018455,l1
16,0,1769018455,l1
17,30,1769018455,l1
18,30,1769018455,l1
19,30,1769018455,l1
20,30,1769018455,l1
21,30,1769018455,l1
22,30,1769018455,l1
23,30,1769018455,l1
24,30,1769018455,l1
25,30,1769018455,l1
26,30,1769018455,l1
27,0,1769018455,l1
28,0,1769018455,l1
29,30,1769018455,l1
30,0,1769018455,l1
31,0,1769018455,l1
32,30,1769018455,l1
33,30,1769018455,l1
34,30,1769018455,l1
35,0,1769018455,l1
36,30,1769018455,l1
37,30,1769018455,l1
38,30,1769018455,l1
39,30,1769018455,l1
40,0,1769018455,l1
41,30,1769018455,l1
42,30,1769018455,l1
43,0,1769018455,l1
44,30,1769018455,l1
45,0,1769018455,l1
46,30,1769018455,l1
47,30,1769018455,l1
48,30,1769018455,l1
49,0,1769018455,l1
50,30,1769018455,l1
51,30,1769018455,l1
52,30,1769018455,l1
53,30,1769018455,l1
54,30,1769018455,l1
55,30,1769018455,l1
56,30,1769018455,l1
57,30,1769018455,l1
58,30,1769018455,l1
59,30,1769018455,l1
60,30,1769018455,l1
61,30,1769018455,l1
62,30,1769018455,l1
63,30,1769018455,l1
64,30,1769018455,l1
65,30,1769018455,l1
66,30,1769018455,l1
67,30,1769018455,l1
68,30,1769018455,l1
69,30,1769018455,l1
70,30,1769018455,l1
71,0,1769018455,l1
72,30,1769018455,l1
73,30,1769018455,l1
74,30,1769018455,l1
75,30,1769018455,l1
76,30,1769018455,l1
77,30,1769018455,l1
78,30,1769018455,l1
79,30,1769018455,l1
80,30,1769018455,l1
81,30,1769018455,l1
82,30,1769018455,l1
83,30,1769018455,l1
84,0,1769018455,l1
85,30,1769018455,l1
86,30,1769018455,l1
87,30,1769018455,l1
88,30,1769018455,l1
89,30,1769018455,l1
90,30,1769018455,l1
91,30,1769018455,l1
92,30,1769018455,l1
93,30,1769018455,l1
94,30,1769018455,l1
95,30,1769018455,l1
96,30,1769018455,l1
97,30,1769018455,l1
98,30,1769018455,l1
99,30,1769018455,l1
100,30,1769018455,l1
101,30,1769018455,l1
102,30,1769018455,l1
103,30,1769018455,l1
104,30,1769018455,l1
105,30,1769018455,l1
106,30,1769018455,l1
107,30,1769018455,l1
108,30,1769018455,l1
109,30,1769018455,l1
110,30,1769018455,l1
111,30,1769018455,l1
112,30,1769018455,l1
113,30,1769018455,l1
114,30,1769018455,l1
115,30,1769018455,l1
116,30,1769018455,l1
117,30,1769018455,l1
118,30,1769018455,l1
119,30,1769018455,l1
120,0,1769018455,l1
121,30,1769018455,l1
122,30,1769018455,l1
123,30,1769018455,l1
124,30,1769018455,l1
125,30,1769018455,l1
126,30,1769018455,l1
127,30,1769018455,l1
128,0,1769018455,l1
129,30,1769018455,l1
130,0,1769018455,l1
131,30,1769018455,l1
132,0,1769018455,l1
133,30,1769018455,l1
134,30,1769018455,l1
135,30,1769018455,l1
136,30,1769018455,l1
137,30,1769018455,l1
138,30,1769018455,l1
139,30,1769018455,l1
140,30,1769018455,l1
141,0,1769018455,l1
142,30,1769018455,l1
143,30,1769018455,l1
144,30,1769018455,l1
145,30,1769018455,l1
146,30,1769018455,l1
147,30,1769018455,l1
148,30,1769018455,l1
149,30,1769018455,l1
150,30,1769018455,l1
151,30,1769018455,l1
152,30,1769018455,l1
153,30,1769018455,l1
154,30,1769018455,l1
155,30,1769018455,l1
156,30,1769018455,l1
157,30,1769018455,l1
158,30,1769018455,l1
159,30,1769018455,l1
160,0,1769018455,l1
161,30,1769018455,l1
162,0,1769018455,l1
163,30,1769018455,l1
164,30,1769018455,l1
165,30,1769018455,l1
166,30,1769018455,l1
167,30,1769018455,l1
168,30,1769018455,l1
169,30,1769018455,l1
170,30,1769018455,l1
171,30,1769018455,l1
172,30,1769018455,l1
173,30,1769018455,l1
174,30,1769018455,l1
175,0,1769018455,l1
176,30,1769018455,l1
177,30,1769018455,l1
178,30,1769018455,l1
179,30,1769018455,l1
180,30,1769018455,l1
181,30,1769018455,l1
182,30,1769018455,l1
183,30,1769018455,l1
184,30,1769018455,l1
185,30,1769018455,l1
186,30,1769018455,l1
187,30,1769018455,l1
188,30,1769018455,l1
189,30,1769018455,l1
190,30,1769018455,l1
191,30,1769018455,l1
192,30,1769018455,l1
193,30,1769018455,l1
194,30,1769018455,l1
195,30,1769018455,l1
196,30,1769018455,l1
197,30,1769018455,l1
198,30,1769018455,l1
199,30,1769018455,l1
200,30,1769018455,l1
201,30,1769018455,l1
202,30,1769018455,l1
203,30,1769018455,l1
204,30,1769018455,l1
205,30,1769018455,l1
206,30,1769018455,l1
207,30,1769018455,l1
208,30,1769018455,l1
209,30,1769018455,l1
210,30,1769018455,l1
211,30,1769018455,l1
212,30,1769018455,l1
213,30,1769018455,l1
214,30,1769018455,l1
215,30,1769018455,l1
216,30,1769018455,l1
217,30,1769018455,l1
218,30,1769018455,l1
219,30,1769018455,l1
220,30,1769018455,l1
221,30,1769018455,l1
222,30,1769018455,l1
223,30,1769018455,l1
224,30,1769018455,l1
225,30,1769018455,l1
226,30,1769018455,l1
227,30,1769018455,l1
228,30,1769018455,l1
229,30,1769018455,l1
230,30,1769018455,l1
231,0,1769018455,l1
232,30,1769018455,l1
233,30,1769018455,l1
234,30,1769018455,l1
235,30,1769018455,l1
236,30,1769018455,l1
237,0,1769018455,l1
238,30,1769018455,l1
239,30,1769018455,l1
240,30,1769018455,l1
241,30,1769018455,l1
242,30,1769018455,l1
243,30,1769018455,l1
244,30,1769018455,l1
245,30,1769018455,l1
246,30,1769018455,l1
247,30,1769018455,l1
248,30,1769018455,l1
249,30,1769018455,l1
250,30,1769018455,l1
251,30,1769018455,l1
252,30,1769018455,l1
253,30,1769018455,l1
254,30,1769018455,l1
255,30,1769018455,l1
256,30,1769018455,l1
257,30,1769018455,l1
258,30,1769018455,l1
259,30,1769018455,l1
260,30,1769018455,l1
261,30,1769018455,l1
262,30,1769018455,l1
263,30,1769018455,l1
264,30,1769018455,l1
265,30,1769018455,l1
266,30,1769018455,l1
267,30,1769018455,l1
268,30,1769018455,l1
269,30,1769018455,l1
270,30,1769018455,l1
271,30,1769018455,l1
272,30,1769018455,l1
273,30,1769018455,l1
274,30,1769018455,l1
275,30,1769018455,l1
276,30,1769018455,l1
277,30,1769018455,l1
278,30,1769018455,l1
279,30,1769018455,l1
280,30,1769018455,l1
281,30,1769018455,l1
282,30,1769018455,l1
283,30,1769018455,l1
284,30,1769018455,l1
285,30,1769018455,l1
286,30,1769018455,l1
287,30,1769018455,l1
288,30,1769018455,l1
289,30,1769018455,l1
290,30,1769018455,l1
291,30,1769018455,l1
292,30,1769018455,l1
293,30,1769018455,l1
294,30,1769018455,l1
295,30,1769018455,l1
296,30,1769018455,l1
297,30,1769018455,l1
298,30,1769018455,l1
299,30,1769018455,l1
300,30,1769018455,l1
301,30,1769018455,l1
302,30,1769018455,l1
303,30,1769018455,l1
304,30,1769018455,l1
305,30,1769018455,l1
306,30,1769018455,l1
307,30,1769018455,l1
308,30,1769018455,l1
309,30,1769018455,l1
310,30,1769018455,l1
311,30,1769018455,l1
312,30,1769018455,l1
313,30,1769018455,l1
314,30,1769018455,l1
315,30,1769018455,l1
316,30,1769018455,l1
317,30,1769018455,l1
318,30,1769018455,l1
319,30,1769018455,l1
320,30,1769018455,l1
321,30,1769018455,l1
322,30,1769018455,l1
323,30,1769018455,l1
324,30,1769018455,l1
325,30,1769018455,l1
326,30,1769018455,l1
327,30,1769018455,l1
328,30,1769018455,l1
329,30,1769018455,l1
330,30,1769018455,l1
331,30,1769018455,l1
332,30,1769018455,l1
333,30,1769018455,l1
334,30,1769018455,l1
335,30,1769018455,l1
336,30,1769018455,l1
337,30,1769018455,l1
338,30,1769018455,l1
339,30,1769018455,l1
340,30,1769018455,l1
341,30,1769018455,l1
342,30,1769018455,l1
343,30,1769018455,l1
344,30,1769018455,l1
345,30,1769018455,l1
346,30,1769018455,l1
347,30,1769018455,l1
348,30,1769018455,l1
349,30,1769018455,l1
350,30,1769018455,l1
351,30,1769018455,l1
352,0,1769018455,l1
353,30,1769018455,l1
354,30,1769018455,l1
355,30,1769018455,l1
356,30,1769018455,l1
357,30,1769018455,l1
358,30,1769018455,l1
359,30,1769018455,l1
360,30,1769018455,l1
361,30,1769018455,l1
362,30,1769018455,l1
363,30,1769018455,l1
364,30,1769018455,l1
365,30,1769018455,l1
366,30,1769018455,l1
367,30,1769018455,l1
368,30,1769018455,l1
369,30,1769018455,l1
370,30,1769018455,l1
371,30,1769018455,l1
372,30,1769018455,l1
373,30,1769018455,l1
374,30,1769018455,l1
375,30,1769018455,l1
376,30,1769018455,l1
377,30,1769018455,l1
378,30,1769018455,l1
379,30,1769018455,l1
380,30,1769018455,l1
381,30,1769018455,l1
382,30,1769018455,l1
383,30,1769018455,l1
384,30,1769018455,l1
385,30,1769018455,l1
386,30,1769018455,l1
387,30,1769018455,l1
388,30,1769018455,l1
389,30,1769018455,l1
390,30,1769018455,l1
391,30,1769018455,l1
392,30,1769018455,l1
393,30,1769018455,l1
394,30,1769018455,l1
395,30,1769018455,l1
396,30,1769018455,l1
397,30,1769018455,l1
398,30,1769018455,l1
399,30,1769018455,l1
400,30,1769018455,l1
401,30,1769018455,l1
402,30,1769018455,l1
403,30,1769018455,l1
404,30,1769018455,l1
405,30,1769018455,l1
406,30,1769018455,l1
407,30,1769018455,l1
408,30,1769018455,l1
409,0,1769018455,l1
410,30,1769018455,l1
411,30,1769018455,l1
412,30,1769018455,l1
413,30,1769018455,l1
414,30,1769018455,l1
415,30,1769018455,l1
416,30,1769018455,l1
417,30,1769018455,l1
418,30,1769018455,l1
419,30,1769018455,l1
420,30,1769018455,l1
421,30,1769018455,l1
422,30,1769018455,l1
423,30,1769018455,l1
424,30,1769018455,l1
425,30,1769018455,l1
426,30,1769018455,l1
427,30,1769018455,l1
428,30,1769018455,l1
429,30,1769018455,l1
430,30,1769018455,l1
431,30,1769018455,l1
432,30,1769018455,l1
433,30,1769018455,l1
434,30,1769018455,l1
435,30,1769018455,l1
436,30,1769018455,l1
437,30,1769018455,l1
438,30,1769018455,l1
439,30,1769018455,l1
440,30,1769018455,l1
441,30,1769018455,l1
442,30,1769018455,l1
443,30,1769018455,l1
444,30,1769018455,l1
445,30,1769018455,l1
446,30,1769018455,l1
447,30,1769018455,l1
448,30,1769018455,l1
449,30,1769018455,l1
450,30,1769018455,l1
451,30,1769018455,l1
452,30,1769018455,l1
453,30,1769018455,l1
454,30,1769018455,l1
455,30,1769018455,l1
456,30,1769018455,l1
457,30,1769018455,l1
458,30,1769018455,l1
459,30,1769018455,l1
460,30,1769018455,l1
461,30,1769018455,l1
462,30,1769018455,l1
463,30,1769018455,l1
464,30,1769018455,l1
465,30,1769018455,l1
466,30,1769018455,l1
467,30,1769018455,l1
468,30,1769018455,l1
469,30,1769018455,l1
470,30,1769018455,l1
471,30,1769018455,l1
472,30,1769018455,l1
473,30,1769018455,l1
474,30,1769018455,l1
475,30,1769018455,l1
476,30,1769018455,l1
477,30,1769018455,l1
478,30,1769018455,l1
479,30,1769018455,l1
480,30,1769018455,l1
481,30,1769018455,l1
482,30,1769018455,l1
483,30,1769018455,l1
484,30,1769018455,l1
485,30,1769018455,l1
486,30,1769018455,l1
487,30,1769018455,l1
488,30,1769018455,l1
489,30,1769018455,l1
490,30,1769018455,l1
491,30,1769018455,l1
492,30,1769018455,l1
493,30,1769018455,l1
494,30,1769018455,l1
495,30,1769018455,l1
496,30,1769018455,l1
497,30,1769018455,l1
498,30,1769018455,l1
499,30,1769018455,l1
500,30,1769018455,l1
501,30,1769018455,l1
502,30,1769018455,l1
503,30,1769018455,l1
504,30,1769018455,l1
505,30,1769018455,l1
506,30,1769018455,l1
507,30,1769018455,l1
508,30,1769018455,l1
509,30,1769018455,l1
510,30,1769018455,l1
511,30,1769018455,l1
512,30,1769018455,l1
513,30,1769018455,l1
514,30,1769018455,l1
515,30,1769018455,l1
516,30,1769018455,l1
517,30,1769018455,l1
518,30,1769018455,l1
519,30,1769018455,l1
520,30,1769018455,l1
521,30,1769018455,l1
522,30,1769018455,l1
523,30,1769018455,l1
524,30,1769018455,l1
525,30,1769018455,l1
526,30,1769018455,l1
527,30,1769018455,l1
528,30,1769018455,l1
529,30,1769018455,l1
530,30,1769018455,l1
531,30,1769018455,l1
532,0,1769018455,l1
533,30,1769018455,l1
534,30,1769018455,l1
535,30,1769018455,l1
536,30,1769018455,l1
537,30,1769018455,l1
538,30,1769018455,l1
539,30,1769018455,l1
540,30,1769018455,l1
541,30,1769018455,l1
542,30,1769018455,l1
543,30,1769018455,l1
544,30,1769018455,l1
545,30,1769018455,l1
546,30,1769018455,l1
547,30,1769018455,l1
548,30,1769018455,l1
549,30,1769018455,l1
550,30,1769018455,l1
551,0,1769018455,l1
552,30,1769018455,l1
553,30,1769018455,l1
554,30,1769018455,l1
555,30,1769018455,l1
556,30,1769018455,l1
557,30,1769018455,l1
558,30,1769018455,l1
559,30,1769018455,l1
560,30,1769018455,l1
561,30,1769018455,l1
562,30,1769018455,l1
563,30,1769018455,l1
564,30,1769018455,l1
565,30,1769018455,l1
566,30,1769018455,l1
567,30,1769018455,l1
568,30,1769018455,l1
569,30,1769018455,l1
570,30,1769018455,l1
571,30,1769018455,l1
572,30,1769018455,l1
573,30,1769018455,l1
574,30,1769018455,l1
575,30,1769018455,l1
576,30,1769018455,l1
577,30,1769018455,l1
578,30,1769018455,l1
579,30,1769018455,l1
580,30,1769018455,l1
581,30,1769018455,l1
582,30,1769018455,l1
583,30,1769018455,l1
584,30,1769018455,l1
585,30,1769018455,l1
586,30,1769018455,l1
587,30,1769018455,l1
588,30,1769018455,l1
589,30,1769018455,l1
590,30,1769018455,l1
591,30,1769018455,l1
592,30,1769018455,l1
593,30,1769018455,l1
594,30,1769018455,l1
595,30,1769018455,l1
596,30,1769018455,l1
597,30,1769018455,l1
598,30,1769018455,l1
599,30,1769018455,l1
600,30,1769018455,l1
601,30,1769018455,l1
602,30,1769018455,l1
603,30,1769018455,l1
604,30,1769018455,l1
605,30,1769018455,l1
606,30,1769018455,l1
607,30,1769018455,l1
608,30,1769018455,l1
609,30,1769018455,l1
610,30,1769018455,l1
611,30,1769018455,l1
612,30,1769018455,l1
613,30,1769018455,l1
614,30,1769018455,l1
615,30,1769018455,l1
616,30,1769018455,l1
617,30,1769018455,l1
618,30,1769018455,l1
619,30,1769018455,l1
620,30,1769018455,l1
621,30,1769018455,l1
622,30,1769018455,l1
623,30,1769018455,l1
624,30,1769018455,l1
625,30,1769018455,l1
626,30,1769018455,l1
627,30,1769018455,l1
628,30,1769018455,l1
629,30,1769018455,l1
630,30,1769018455,l1
631,30,1769018455,l1
632,30,1769018455,l1
633,30,1769018455,l1
634,30,1769018455,l1
635,30,1769018455,l1
636,30,1769018455,l1
637,30,1769018455,l1
638,30,1769018455,l1
639,30,1769018455,l1
640,30,1769018455,l1
641,30,1769018455,l1
642,30,1769018455,l1
643,30,1769018455,l1
644,30,1769018455,l1
645,30,1769018455,l1
646,30,1769018455,l1
647,30,1769018455,l1
648,30,1769018455,l1
649,30,1769018455,l1
650,30,1769018455,l1
651,30,1769018455,l1
652,30,1769018455,l1
653,30,1769018455,l1
654,30,1769018455,l1
655,30,1769018455,l1
656,30,1769018455,l1
657,30,1769018455,l1
658,30,1769018455,l1
659,30,1769018455,l1
660,30,1769018455,l1
661,30,1769018455,l1
662,30,1769018455,l1
663,30,1769018455,l1
664,30,1769018455,l1
665,30,1769018455,l1
666,30,1769018455,l1
667,30,1769018455,l1
668,30,1769018455,l1
669,30,1769018455,l1
670,30,1769018455,l1
671,30,1769018455,l1
672,30,1769018455,l1
673,30,1769018455,l1
674,30,1769018455,l1
675,30,1769018455,l1
676,30,1769018455,l1
677,30,1769018455,l1
678,30,1769018455,l1
679,30,1769018455,l1
680,30,1769018455,l1
681,30,1769018455,l1
682,30,1769018455,l1
683,30,1769018455,l1
684,30,1769018455,l1
685,30,1769018455,l1
686,30,1769018455,l1
687,30,1769018455,l1
688,30,1769018455,l1
689,30,1769018455,l1
690,30,1769018455,l1
691,30,1769018455,l1
692,30,1769018455,l1
693,30,1769018455,l1
694,30,1769018455,l1
695,30,1769018455,l1
696,30,1769018455,l1
697,30,1769018455,l1
698,30,1769018455,l1
699,30,1769018455,l1
700,30,1769018455,l1
701,30,1769018455,l1
702,30,1769018455,l1
703,30,1769018455,l1
704,30,1769018455,l1
705,30,1769018455,l1
706,30,1769018455,l1
707,30,1769018455,l1
708,30,1769018455,l1
709,30,1769018455,l1
710,30,1769018455,l1
711,30,1769018455,l1
712,30,1769018455,l1
713,30,1769018455,l1
714,30,1769018455,l1
715,30,1769018455,l1
716,30,1769018455,l1
717,30,1769018455,l1
718,30,1769018455,l1
719,30,1769018455,l1
720,30,1769018455,l1
721,30,1769018455,l1
722,30,1769018455,l1
723,30,1769018455,l1
724,30,1769018455,l1
725,30,1769018455,l1
726,30,1769018455,l1
727,30,1769018455,l1
728,30,1769018455,l1
729,30,1769018455,l1
730,30,1769018455,l1
731,30,1769018455,l1
732,30,1769018455,l1
733,30,1769018455,l1
734,30,1769018455,l1
735,30,1769018455,l1
736,30,1769018455,l1
737,30,1769018455,l1
738,30,1769018455,l1
739,30,1769018455,l1
740,30,1769018455,l1
741,30,1769018455,l1
742,30,1769018455,l1
743,30,1769018455,l1
744,30,1769018455,l1
745,30,1769018455,l1
746,30,1769018455,l1
747,30,1769018455,l1
748,30,1769018455,l1
749,30,1769018455,l1
750,30,1769018455,l1
751,30,1769018455,l1
752,30,1769018455,l1
753,30,1769018455,l1
754,30,1769018455,l1
755,30,1769018455,l1
756,30,1769018455,l1
757,30,1769018455,l1
758,30,1769018455,l1
759,30,1769018455,l1
760,30,1769018455,l1
761,30,1769018455,l1
762,30,1769018455,l1
763,30,1769018455,l1
764,30,1769018455,l1
765,30,1769018455,l1
766,30,1769018455,l1
767,30,1769018455,l1
768,30,1769018455,l1
769,30,1769018455,l1
770,30,1769018455,l1
771,30,1769018455,l1
772,30,1769018455,l1
773,30,1769018455,l1
774,30,1769018455,l1
775,30,1769018455,l1
776,30,1769018455,l1
777,30,1769018455,l1
778,30,1769018455,l1
779,30,1769018455,l1
780,30,1769018455,l1
781,30,1769018455,l1
782,30,1769018455,l1
783,30,1769018455,l1
784,30,1769018455,l1
785,30,1769018455,l1
786,30,1769018455,l1
787,30,1769018455,l1
788,30,1769018455,l1
789,30,1769018455,l1
790,30,1769018455,l1
791,30,1769018455,l1
792,30,1769018455,l1
793,30,1769018455,l1
794,30,1769018455,l1
795,30,1769018455,l1
796,30,1769018455,l1
797,30,1769018455,l1
798,30,1769018455,l1
799,30,1769018455,l1
800,30,1769018455,l1
801,30,1769018455,l1
802,30,1769018455,l1
803,30,1769018455,l1
804,30,1769018455,l1
805,30,1769018455,l1
806,30,1769018455,l1
807,30,1769018455,l1
808,30,1769018455,l1
809,30,1769018455,l1
810,30,1769018455,l1
811,30,1769018455,l1
812,30,1769018455,l1
813,30,1769018455,l1
814,30,1769018455,l1
815,30,1769018455,l1
816,30,1769018455,l1
817,30,1769018455,l1
818,30,1769018455,l1
819,30,1769018455,l1
820,30,1769018455,l1
821,30,1769018455,l1
822,30,1769018455,l1
823,30,1769018455,l1
824,30,1769018455,l1
825,30,1769018455,l1
826,30,1769018455,l1
827,30,1769018455,l1
828,30,1769018455,l1
829,30,1769018455,l1
830,30,1769018455,l1
831,30,1769018455,l1
832,30,1769018455,l1
833,30,1769018455,l1
834,30,1769018455,l1
835,0,1769018455,l1
836,0,1769018455,l1
837,30,1769018455,l1
838,30,1769018455,l1
839,30,1769018455,l1
840,30,1769018455,l1
841,30,1769018455,l1
842,30,1769018455,l1
843,30,1769018455,l1
844,30,1769018455,l1
845,30,1769018455,l1
846,30,1769018455,l1
847,30,1769018455,l1
848,30,1769018455,l1
849,30,1769018455,l1
850,30,1769018455,l1
851,30,1769018455,l1
852,30,1769018455,l1
853,30,1769018455,l1
854,30,1769018455,l1
855,30,1769018455,l1
856,30,1769018455,l1
857,30,1769018455,l1
858,30,1769018455,l1
859,30,1769018455,l1
860,30,1769018455,l1
861,30,1769018455,l1
862,30,1769018455,l1
863,30,1769018455,l1
864,30,1769018455,l1
865,30,1769018455,l1
866,30,1769018455,l1
867,30,1769018455,l1
868,30,1769018455,l1
869,30,1769018455,l1
870,30,1769018455,l1
871,30,1769018455,l1
872,30,1769018455,l1
873,30,1769018455,l1
874,30,1769018455,l1
875,30,1769018455,l1
876,30,1769018455,l1
877,30,1769018455,l1
878,30,1769018455,l1
879,30,1769018455,l1
880,30,1769018455,l1
881,30,1769018455,l1
882,30,1769018455,l1
883,30,1769018455,l1
884,30,1769018455,l1
885,30,1769018455,l1
886,30,1769018455,l1
887,30,1769018455,l1
888,30,1769018455,l1
889,0,1769018455,l1
890,30,1769018455,l1
891,30,1769018455,l1
892,30,1769018455,l1
893,30,1769018455,l1
894,30,1769018455,l1
895,30,1769018455,l1
896,30,1769018455,l1
897,30,1769018455,l1
898,30,1769018455,l1
899,30,1769018455,l1
900,30,1769018455,l1
901,30,1769018455,l1
902,30,1769018455,l1
903,30,1769018455,l1
904,30,1769018455,l1
905,30,1769018455,l1
906,30,1769018455,l1
907,30,1769018455,l1
908,30,1769018455,l1
909,30,1769018455,l1
910,30,1769018455,l1
911,30,1769018455,l1
912,30,1769018455,l1
913,30,1769018455,l1
914,30,1769018455,l1
915,30,1769018455,l1
916,30,1769018455,l1
917,30,1769018455,l1
918,30,1769018455,l1
919,30,1769018455,l1
920,30,1769018455,l1
921,30,1769018455,l1
922,30,1769018455,l1
923,30,1769018455,l1
924,30,1769018455,l1
925,30,1769018455,l1
926,30,1769018455,l1
927,30,1769018455,l1
928,30,1769018455,l1
929,30,1769018455,l1
930,30,1769018455,l1
931,30,1769018455,l1
932,30,1769018455,l1
933,30,1769018455,l1
934,30,1769018455,l1
935,30,1769018455,l1
936,30,1769018455,l1
937,30,1769018455,l1
938,30,1769018455,l1
939,30,1769018455,l1
940,30,1769018455,l1
941,30,1769018455,l1
942,30,1769018455,l1
943,30,1769018455,l1
944,30,1769018455,l1
945,30,1769018455,l1
946,30,1769018455,l1
947,30,1769018455,l1
948,30,1769018455,l1
949,30,1769018455,l1
950,30,1769018455,l1
951,30,1769018455,l1
952,30,1769018455,l1
953,30,1769018455,l1
954,30,1769018455,l1
955,30,1769018455,l1
956,30,1769018455,l1
957,30,1769018455,l1
958,30,1769018455,l1
959,30,1769018455,l1
960,30,1769018455,l1
961,30,1769018455,l1
962,30,1769018455,l1
963,30,1769018455,l1
964,30,1769018455,l1
965,30,1769018455,l1
966,30,1769018455,l1
967,30,1769018455,l1
968,30,1769018455,l1
969,30,1769018455,l1
970,30,1769018455,l1
971,30,1769018455,l1
972,30,1769018455,l1
973,30,1769018455,l1
974,30,1769018455,l1
975,30,1769018455,l1
976,30,1769018455,l1
977,30,1769018455,l1
978,30,1769018455,l1
979,30,1769018455,l1
980,30,1769018455,l1
981,30,1769018455,l1
982,30,1769018455,l1
983,30,1769018455,l1
984,30,1769018455,l1
985,30,1769018455,l1
986,30,1769018455,l1
987,30,1769018455,l1
988,30,1769018455,l1
989,30,1769018455,l1
990,30,1769018455,l1
991,30,1769018455,l1
992,30,1769018455,l1
993,30,1769018455,l1
994,30,1769018455,l1
995,30,1769018455,l1
996,30,1769018455,l1
997,30,1769018455,l1
998,30,1769018455,l1
999,30,1769018455,l1
1000,30,1769018455,l1
1001,30,1769018455,l1
1002,30,1769018455,l1
1003,30,1769018455,l1
1004,30,1769018455,l1
1005,30,1769018455,l1
1006,30,1769018455,l1
1007,30,1769018455,l1
1008,30,1769018455,l1
1009,30,1769018455,l1
1010,30,1769018455,l1
1011,30,1769018455,l1
1012,30,1769018455,l1
1013,30,1769018455,l1
1014,30,1769018455,l1
1015,30,1769018455,l1
1016,30,1769018455,l1
1017,30,1769018455,l1
1018,30,1769018455,l1
1019,30,1769018455,l1
1020,30,1769018455,l1
1021,30,1769018455,l1
1022,30,1769018455,l1
1023,30,1769018455,l1
1024,30,1769018455,l1
1025,30,1769018455,l1
1026,30,1769018455,l1
1027,30,1769018455,l1
1028,30,1769018455,l1
1029,30,1769018455,l1
1030,30,1769018455,l1
1031,30,1769018455,l1
1032,30,1769018455,l1
1033,30,1769018455,l1
1034,30,1769018455,l1
1035,30,1769018455,l1
1036,30,1769018455,l1
1037,30,1769018455,l1
1038,30,1769018455,l1
1039,30,1769018455,l1
1040,30,1769018455,l1
1041,30,1769018455,l1
1042,30,1769018455,l1
1043,30,1769018455,l1
1044,30,1769018455,l1
1045,30,1769018455,l1
1046,30,1769018455,l1
1047,30,1769018455,l1
1048,30,1769018455,l1
1049,30,1769018455,l1
1050,30,1769018455,l1
1051,30,1769018455,l1
1052,30,1769018455,l1
1053,30,1769018455,l1
1054,30,1769018455,l1
1055,30,1769018455,l1
1056,30,1769018455,l1
1057,30,1769018455,l1
1058,30,1769018455,l1
1059,30,1769018455,l1
1060,30,1769018455,l1
1061,30,1769018455,l1
1062,30,1769018455,l1
1063,30,1769018455,l1
1064,30,1769018455,l1
1065,30,1769018455,l1
1066,30,1769018455,l1
1067,30,1769018455,l1
1068,30,1769018455,l1
1069,30,1769018455,l1
1070,30,1769018455,l1
1071,30,1769018455,l1
1072,30,1769018455,l1
1073,30,1769018455,l1
1074,30,1769018455,l1
1075,30,1769018455,l1
1076,30,1769018455,l1
1077,30,1769018455,l1
1078,30,1769018455,l1
1079,30,1769018455,l1
1080,30,1769018455,l1
1081,30,1769018455,l1
1082,30,1769018455,l1
1083,30,1769018455,l1
1084,30,1769018455,l1
1085,30,1769018455,l1
1086,30,1769018455,l1
1087,30,1769018455,l1
1088,30,1769018455,l1
1089,30,1769018455,l1
1090,30,1769018455,l1
1091,30,1769018455,l1
1092,30,1769018455,l1
1093,30,1769018455,l1
1094,30,1769018455,l1
1095,30,1769018455,l1
1096,30,1769018455,l1
1097,30,1769018455,l1
1098,30,1769018455,l1
1099,30,1769018455,l1
1100,0,1769018455,l1
1101,30,1769018455,l1
1102,30,1769018455,l1
1103,30,1769018455,l1
1104,30,1769018455,l1
1105,30,1769018455,l1
1106,30,1769018455,l1
1107,30,1769018455,l1
1108,30,1769018455,l1
1109,30,1769018455,l1
1110,30,1769018455,l1
1111,30,1769018455,l1
1112,30,1769018455,l1
1113,30,1769018455,l1
1114,30,1769018455,l1
1115,30,1769018455,l1
1116,30,1769018455,l1
1117,30,1769018455,l1
1118,30,1769018455,l1
1119,30,1769018455,l1
1120,30,1769018455,l1
1121,30,1769018455,l1
1122,30,1769018455,l1
1123,30,1769018455,l1
1124,30,1769018455,l1
1125,30,1769018455,l1
1126,30,1769018455,l1
1127,30,1769018455,l1
1128,30,1769018455,l1
1129,30,1769018455,l1
1130,30,1769018455,l1
1131,30,1769018455,l1
1132,30,1769018455,l1
1133,30,1769018455,l1
1134,30,1769018455,l1
1135,30,1769018455,l1
1136,30,1769018455,l1
1137,30,1769018455,l1
1138,30,1769018455,l1
1139,30,1769018455,l1
1140,30,1769018455,l1
1141,30,1769018455,l1
1142,30,1769018455,l1
1143,30,1769018455,l1
1144,30,1769018455,l1
1145,30,1769018455,l1
1146,30,1769018455,l1
1147,30,1769018455,l1
1148,30,1769018455,l1
1149,30,1769018455,l1
1150,30,1769018455,l1
1151,30,1769018455,l1
1152,30,1769018455,l1
1153,30,1769018455,l1
1154,30,1769018455,l1
1155,30,1769018455,l1
1156,30,1769018455,l1
1157,30,1769018455,l1
1158,30,1769018455,l1
1159,30,1769018455,l1
1160,30,1769018455,l1
1161,30,1769018455,l1
1162,30,1769018455,l1
1163,30,1769018455,l1
1164,30,1769018455,l1
1165,30,1769018455,l1
1166,30,1769018455,l1
1167,30,1769018455,l1
1168,30,1769018455,l1
1169,30,1769018455,l1
1170,30,1769018455,l1
1171,30,1769018455,l1
1172,30,1769018455,l1
1173,30,1769018455,l1
1174,30,1769018455,l1
1175,30,1769018455,l1
1176,30,1769018455,l1
1177,30,1769018455,l1
1178,30,1769018455,l1
1179,30,1769018455,l1
1180,30,1769018455,l1
1181,30,1769018455,l1
1182,30,1769018455,l1
1183,30,1769018455,l1
1184,30,1769018455,l1
1185,30,1769018455,l1
1186,30,1769018455,l1
1187,30,1769018455,l1
1188,30,1769018455,l1
1189,30,1769018455,l1
1190,30,1769018455,l1
1191,30,1769018455,l1
1192,30,1769018455,l1
1193,30,1769018455,l1
1194,30,1769018455,l1
1195,30,1769018455,l1
1196,30,1769018455,l1
1197,30,1769018455,l1
1198,30,1769018455,l1
1199,30,1769018455,l1
1200,30,1769018455,l1
1201,30,1769018455,l1
1202,30,1769018455,l1
1203,30,1769018455,l1
1204,30,1769018455,l1
1205,30,1769018455,l1
1206,30,1769018455,l1
1207,30,1769018455,l1
1208,30,1769018455,l1
1209,30,1769018455,l1
1210,30,1769018455,l1
1211,30,1769018455,l1
1212,30,1769018455,l1
1213,30,1769018455,l1
1214,30,1769018455,l1
1215,30,1769018455,l1
1216,30,1769018455,l1
1217,30,1769018455,l1
1218,30,1769018455,l1
1219,30,1769018455,l1
1220,30,1769018455,l1
1221,30,1769018455,l1
1222,30,1769018455,l1
1223,30,1769018455,l1
1224,30,1769018455,l1
1225,30,1769018455,l1
1226,30,1769018455,l1
1227,30,1769018455,l1
1228,30,1769018455,l1
1229,30,1769018455,l1
1230,30,1769018455,l1
1231,30,1769018455,l1
1232,30,1769018455,l1
1233,30,1769018455,l1
1234,30,1769018455,l1
1235,30,1769018455,l1
1236,30,1769018455,l1
1237,30,1769018455,l1
1238,30,1769018455,l1
1239,30,1769018455,l1
1240,30,1769018455,l1
1241,30,1769018455,l1
1242,30,1769018455,l1
1243,30,1769018455,l1
1244,30,1769018455,l1
1245,30,1769018455,l1
1246,30,1769018455,l1
1247,30,1769018455,l1
1248,30,1769018455,l1
1249,30,1769018455,l1
1250,30,1769018455,l1
1251,30,1769018455,l1
1252,30,1769018455,l1
1253,30,1769018455,l1
1254,30,1769018455,l1
1255,30,1769018455,l1
1256,30,1769018455,l1
1257,30,1769018455,l1
1258,30,1769018455,l1
1259,30,1769018455,l1
1260,30,1769018455,l1
1261,30,1769018455,l1
1262,30,1769018455,l1
1263,30,1769018455,l1
1264,30,1769018455,l1
1265,30,1769018455,l1
1266,30,1769018455,l1
1267,30,1769018455,l1
1268,30,1769018455,l1
1269,30,1769018455,l1
1270,30,1769018455,l1
1271,30,1769018455,l1
1272,30,1769018455,l1
1273,30,1769018455,l1
1274,30,1769018455,l1
1275,30,1769018455,l1
1276,30,1769018455,l1
1277,30,1769018455,l1
1278,30,1769018455,l1
1279,30,1769018455,l1
1280,30,1769018455,l1
1281,30,1769018455,l1
1282,30,1769018455,l1
1283,30,1769018455,l1
1284,30,1769018455,l1
1285,30,1769018455,l1
1286,30,1769018455,l1
1287,30,1769018455,l1
1288,30,1769018455,l1
1289,30,1769018455,l1
1290,30,1769018455,l1
1291,30,1769018455,l1
1292,30,1769018455,l1
1293,30,1769018455,l1
1294,30,1769018455,l1
1295,30,1769018455,l1
1296,30,1769018455,l1
1297,30,1769018455,l1
1298,30,1769018455,l1
1299,30,1769018455,l1
1300,30,1769018455,l1
1301,30,1769018455,l1
1302,30,1769018455,l1
1303,30,1769018455,l1
1304,30,1769018455,l1
1305,30,1769018455,l1
1306,30,1769018455,l1
1307,30,1769018455,l1
1308,30,1769018455,l1
1309,30,1769018455,l1
1310,30,1769018455,l1
1311,30,1769018455,l1
1312,30,1769018455,l1
1313,30,1769018455,l1
1314,30,1769018455,l1
1315,30,1769018455,l1
1316,30,1769018455,l1
1317,30,1769018455,l1
1318,30,1769018455,l1
1319,30,1769018455,l1
1320,30,1769018455,l1
1321,30,1769018455,l1
1322,30,1769018455,l1
1323,30,1769018455,l1
1324,30,1769018455,l1
1325,30,1769018455,l1
1326,30,1769018455,l1
1327,30,1769018455,l1
1328,30,1769018455,l1
1329,30,1769018455,l1
1330,30,1769018455,l1
1331,30,1769018455,l1
1332,30,1769018455,l1
1333,30,1769018455,l1
1334,30,1769018455,l1
1335,30,1769018455,l1
1336,30,1769018455,l1
1337,30,1769018455,l1
1338,30,1769018455,l1
1339,30,1769018455,l1
1340,30,1769018455,l1
1341,30,1769018455,l1
1342,30,1769018455,l1
1343,30,1769018455,l1
1344,30,1769018455,l1
1345,30,1769018455,l1
1346,30,1769018455,l1
1347,30,1769018455,l1
1348,30,1769018455,l1
1349,30,1769018455,l1
1350,30,1769018455,l1
1351,30,1769018455,l1
1352,30,1769018455,l1
1353,30,1769018455,l1
1354,30,1769018455,l1
1355,30,1769018455,l1
1356,30,1769018455,l1
1357,30,1769018455,l1
1358,30,1769018455,l1
1359,30,1769018455,l1
1360,30,1769018455,l1
1361,30,1769018455,l1
1362,30,1769018455,l1
1363,30,1769018455,l1
1364,30,1769018455,l1
1365,30,1769018455,l1
1366,30,1769018455,l1
1367,30,1769018455,l1
1368,30,1769018455,l1
1369,30,1769018455,l1
1370,30,1769018455,l1
1371,30,1769018455,l1
1372,30,1769018455,l1
1373,30,1769018455,l1
1374,30,1769018455,l1
1375,30,1769018455,l1
1376,30,1769018455,l1
1377,30,1769018455,l1
1378,30,1769018455,l1
1379,30,1769018455,l1
1380,30,1769018455,l1
1381,30,1769018455,l1
1382,30,1769018455,l1
1383,30,1769018455,l1
1384,30,1769018455,l1
1385,30,1769018455,l1
1386,30,1769018455,l1
1387,30,1769018455,l1
1388,30,1769018455,l1
1389,30,1769018455,l1
1390,30,1769018455,l1
1391,30,1769018455,l1
1392,30,1769018455,l1
1393,30,1769018455,l1
1394,30,1769018455,l1
1395,30,1769018455,l1
1396,30,1769018455,l1
1397,30,1769018455,l1
1398,30,1769018455,l1
1399,30,1769018455,l1
1400,30,1769018455,l1
1401,30,1769018455,l1
1402,30,1769018455,l1
1403,30,1769018455,l1
1404,30,1769018455,l1
1405,30,1769018455,l1
1406,30,1769018455,l1
1407,30,1769018455,l1
1408,30,1769018455,l1
1409,30,1769018455,l1
1410,30,1769018455,l1
1411,30,1769018455,l1
1412,30,1769018455,l1
1413,30,1769018455,l1
1414,30,1769018455,l1
1415,30,1769018455,l1
1416,30,1769018455,l1
1417,30,1769018455,l1
1418,30,1769018455,l1
1419,30,1769018455,l1
1420,30,1769018455,l1
1421,30,1769018455,l1
1422,30,1769018455,l1
1423,30,1769018455,l1
1424,30,1769018455,l1
1425,30,1769018455,l1
1426,30,1769018455,l1
1427,30,1769018455,l1
1428,30,1769018455,l1
1429,30,1769018455,l1
1430,30,1769018455,l1
1431,30,1769018455,l1
1432,30,1769018455,l1
1433,30,1769018455,l1
1434,30,1769018455,l1
1435,30,1769018455,l1
1436,30,1769018455,l1
1437,30,1769018455,l1
1438,30,1769018455,l1
1439,30,1769018455,l1
1440,30,1769018455,l1
1441,30,1769018455,l1
1442,30,1769018455,l1
1443,30,1769018455,l1
1444,30,1769018455,l1
1445,30,1769018455,l1
1446,30,1769018455,l1
1447,30,1769018455,l1
1448,30,1769018455,l1
1449,30,1769018455,l1
1450,30,1769018455,l1
1451,30,1769018455,l1
1452,30,1769018455,l1
1453,30,1769018455,l1
1454,30,1769018455,l1
1455,30,1769018455,l1
1456,30,1769018455,l1
1457,30,1769018455,l1
1458,30,1769018455,l1
1459,30,1769018455,l1
1460,30,1769018455,l1
1461,30,1769018455,l1
1462,30,1769018455,l1
1463,30,1769018455,l1
1464,30,1769018455,l1
1465,30,1769018455,l1
1466,30,1769018455,l1
1467,30,1769018455,l1
1468,30,1769018455,l1
1469,30,1769018455,l1
1470,30,1769018455,l1
1471,30,1769018455,l1
1472,30,1769018455,l1
1473,30,1769018455,l1
1474,30,1769018455,l1
1475,30,1769018455,l1
1476,30,1769018455,l1
1477,30,1769018455,l1
1478,30,1769018455,l1
1479,30,1769018455,l1
1480,30,1769018455,l1
1481,30,1769018455,l1
1482,30,1769018455,l1
1483,30,1769018455,l1
1484,30,1769018455,l1
1485,30,1769018455,l1
1486,30,1769018455,l1
1487,30,1769018455,l1
1488,30,1769018455,l1
1489,30,1769018455,l1
1490,30,1769018455,l1
1491,30,1769018455,l1
1492,30,1769018455,l1
1493,30,1769018455,l1
1494,30,1769018455,l1
1495,30,1769018455,l1
1496,30,1769018455,l1
1497,30,1769018455,l1
1498,30,1769018455,l1
1499,30,1769018455,l1
1500,30,1769018455,l1
1501,30,1769018455,l1
1502,30,1769018455,l1
1503,30,1769018455,l1
1504,30,1769018455,l1
1505,30,1769018455,l1
1506,30,1769018455,l1
1507,30,1769018455,l1
1508,30,1769018455,l1
1509,30,1769018455,l1
1510,30,1769018455,l1
1511,30,1769018455,l1
1512,30,1769018455,l1
1513,30,1769018455,l1
1514,30,1769018455,l1
1515,30,1769018455,l1
1516,30,1769018455,l1
1517,30,1769018455,l1
1518,30,1769018455,l1
1519,30,1769018455,l1
1520,30,1769018455,l1
1521,30,1769018455,l1
1522,30,1769018455,l1
1523,30,1769018455,l1
1524,30,1769018455,l1
1525,30,1769018455,l1
1526,30,1769018455,l1
1527,30,1769018455,l1
1528,30,1769018455,l1
1529,30,1769018455,l1
1530,30,1769018455,l1
1531,30,1769018455,l1
1532,30,1769018455,l1
1533,30,1769018455,l1
1534,30,1769018455,l1
1535,30,1769018455,l1
1536,30,1769018455,l1
1537,30,1769018455,l1
1538,30,1769018455,l1
1539,30,1769018455,l1
1540,30,1769018455,l1
1541,30,1769018455,l1
1542,30,1769018455,l1
1543,30,1769018455,l1
1544,30,1769018455,l1
1545,30,1769018455,l1
1546,30,1769018455,l1
1547,30,1769018455,l1
1548,30,1769018455,l1
1549,30,1769018455,l1
1550,30,1769018455,l1
1551,30,1769018455,l1
1552,30,1769018455,l1
1553,30,1769018455,l1
1554,30,1769018455,l1
1555,30,1769018455,l1
1556,30,1769018455,l1
1557,30,1769018455,l1
1558,30,1769018455,l1
1559,30,1769018455,l1
1560,30,1769018455,l1
1561,30,1769018455,l1
1562,30,1769018455,l1
1563,30,1769018455,l1
1564,30,1769018455,l1
1565,30,1769018455,l1
1566,30,1769018455,l1
1567,30,1769018455,l1
1568,30,1769018455,l1
1569,30,1769018455,l1
1570,30,1769018455,l1
1571,30,1769018455,l1
1572,30,1769018455,l1
1573,30,1769018455,l1
1574,30,1769018455,l1
1575,30,1769018455,l1
1576,30,1769018455,l1
1577,30,1769018455,l1
1578,30,1769018455,l1
1579,30,1769018455,l1
1580,30,1769018455,l1
1581,30,1769018455,l1
1582,30,1769018455,l1
1583,30,1769018455,l1
1584,30,1769018455,l1
1585,30,1769018455,l1
1586,30,1769018455,l1
1587,30,1769018455,l1
1588,30,1769018455,l1
1589,30,1769018455,l1
1590,30,1769018455,l1
1591,30,1769018455,l1
1592,30,1769018455,l1
1593,30,1769018455,l1
1594,30,1769018455,l1
1595,30,1769018455,l1
1596,30,1769018455,l1
1597,30,1769018455,l1
1598,30,1769018455,l1
1599,30,1769018455,l1
1600,30,1769018455,l1
1601,30,1769018455,l1
1602,30,1769018455,l1
1603,30,1769018455,l1
1604,30,1769018455,l1
1605,30,1769018455,l1
1606,30,1769018455,l1
1607,30,1769018455,l1
1608,30,1769018455,l1
1609,30,1769018455,l1
1610,30,1769018455,l1
1611,30,1769018455,l1
1612,30,1769018455,l1
1613,30,1769018455,l1
1614,30,1769018455,l1
1615,30,1769018455,l1
1616,30,1769018455,l1
1617,30,1769018455,l1
1618,30,1769018455,l1
1619,30,1769018455,l1
1620,30,1769018455,l1
1621,30,1769018455,l1
1622,30,1769018455,l1
1623,30,1769018455,l1
1624,30,1769018455,l1
1625,30,1769018455,l1
1626,30,1769018455,l1
1627,30,1769018455,l1
1628,30,1769018455,l1
1629,30,1769018455,l1
1630,30,1769018455,l1
1631,30,1769018455,l1
1632,30,1769018455,l1
1633,30,1769018455,l1
1634,30,1769018455,l1
1635,30,1769018455,l1
1636,30,1769018455,l1
1637,30,1769018455,l1
1638,30,1769018455,l1
1639,30,1769018455,l1
1640,30,1769018455,l1
1641,30,1769018455,l1
1642,30,1769018455,l1
1643,30,1769018455,l1
1644,30,1769018455,l1
1645,30,1769018455,l1
1646,30,1769018455,l1
1647,30,1769018455,l1
1648,30,1769018455,l1
1649,30,1769018455,l1
1650,30,1769018455,l1
1651,30,1769018455,l1
1652,30,1769018455,l1
1653,30,1769018455,l1
1654,30,1769018455,l1
1655,30,1769018455,l1
1656,30,1769018455,l1
1657,30,1769018455,l1
1658,30,1769018455,l1
1659,30,1769018455,l1
1660,30,1769018455,l1
1661,30,1769018455,l1
1662,30,1769018455,l1
1663,30,1769018455,l1
1664,30,1769018455,l1
1665,30,1769018455,l1
1666,30,1769018455,l1
1667,30,1769018455,l1
1668,30,1769018455,l1
1669,30,1769018455,l1
1670,30,1769018455,l1
1671,30,1769018455,l1
1672,30,1769018455,l1
1673,30,1769018455,l1
1674,30,1769018455,l1
1675,30,1769018455,l1
1676,30,1769018455,l1
1677,30,1769018455,l1
1678,30,1769018455,l1
1679,30,1769018455,l1
1680,30,1769018455,l1
1681,30,1769018455,l1
1682,30,1769018455,l1
1683,30,1769018455,l1
1684,30,1769018455,l1
1685,30,1769018455,l1
1686,30,1769018455,l1
1687,30,1769018455,l1
1688,30,1769018455,l1
1689,30,1769018455,l1
1690,30,1769018455,l1
1691,30,1769018455,l1
1692,30,1769018455,l1
1693,30,1769018455,l1
1694,30,1769018455,l1
1695,30,1769018455,l1
1696,30,1769018455,l1
1697,30,1769018455,l1
1698,30,1769018455,l1
1699,30,1769018455,l1
1700,30,1769018455,l1
1701,30,1769018455,l1
1702,30,1769018455,l1
1703,30,1769018455,l1
1704,30,1769018455,l1
1705,30,1769018455,l1
1706,30,1769018455,l1
1707,30,1769018455,l1
1708,30,1769018455,l1
1709,30,1769018455,l1
1710,30,1769018455,l1
1711,30,1769018455,l1
1712,30,1769018455,l1
1713,30,1769018455,l1
1714,30,1769018455,l1
1715,30,1769018455,l1
1716,30,1769018455,l1
1717,30,1769018455,l1
1718,30,1769018455,l1
1719,30,1769018455,l1
1720,30,1769018455,l1
1721,30,1769018455,l1
1722,30,1769018455,l1
1723,30,1769018455,l1
1724,30,1769018455,l1
1725,30,1769018455,l1
1726,30,1769018455,l1
1727,30,1769018455,l1
1728,30,1769018455,l1
1729,30,1769018455,l1
1730,30,1769018455,l1
1731,30,1769018455,l1
1732,30,1769018455,l1
1733,30,1769018455,l1
1734,30,1769018455,l1
1735,30,1769018455,l1
1736,30,1769018455,l1
1737,30,1769018455,l1
1738,30,1769018455,l1
1739,30,1769018455,l1
1740,30,1769018455,l1
1741,30,1769018455,l1
1742,30,1769018455,l1
1743,30,1769018455,l1
1744,30,1769018455,l1
1745,30,1769018455,l1
1746,30,1769018455,l1
1747,30,1769018455,l1
1748,30,1769018455,l1
1749,30,1769018455,l1
1750,30,1769018455,l1
1751,30,1769018455,l1
1752,30,1769018455,l1
1753,30,1769018455,l1
1754,30,1769018455,l1
1755,30,1769018455,l1
1756,30,1769018455,l1
1757,30,1769018455,l1
1758,30,1769018455,l1
1759,30,1769018455,l1
1760,30,1769018455,l1
1761,30,1769018455,l1
1762,30,1769018455,l1
1763,30,1769018455,l1
1764,30,1769018455,l1
1765,30,1769018455,l1
1766,30,1769018455,l1
1767,30,1769018455,l1
1768,30,1769018455,l1
1769,30,1769018455,l1
1770,30,1769018455,l1
1771,30,1769018455,l1
1772,30,1769018455,l1
1773,30,1769018455,l1
1774,30,1769018455,l1
1775,30,1769018455,l1
1776,30,1769018455,l1
1777,30,1769018455,l1
1778,30,1769018455,l1
1779,30,1769018455,l1
1780,30,1769018455,l1
1781,30,1769018455,l1
1782,30,1769018455,l1
1783,30,1769018455,l1
1784,30,1769018455,l1
1785,30,1769018455,l1
1786,30,1769018455,l1
1787,30,1769018455,l1
1788,30,1769018455,l1
1789,30,1769018455,l1
1790,30,1769018455,l1
1791,30,1769018455,l1
1792,30,1769018455,l1
1793,30,1769018455,l1
1794,30,1769018455,l1
1795,30,1769018455,l1
1796,30,1769018455,l1
1797,30,1769018455,l1
1798,30,1769018455,l1
1799,30,1769018455,l1
1800,30,1769018455,l1
1801,30,1769018455,l1
1802,30,1769018455,l1
1803,30,1769018455,l1
1804,30,1769018455,l1
1805,30,1769018455,l1
1806,30,1769018455,l1
1807,30,1769018455,l1
1808,30,1769018455,l1
1809,30,1769018455,l1
1810,30,1769018455,l1
1811,30,1769018455,l1
1812,30,1769018455,l1
1813,30,1769018455,l1
1814,30,1769018455,l1
1815,30,1769018455,l1
1816,30,1769018455,l1
1817,30,1769018455,l1
1818,30,1769018455,l1
1819,30,1769018455,l1
1820,30,1769018455,l1
1821,30,1769018455,l1
1822,30,1769018455,l1
1823,30,1769018455,l1
1824,30,1769018455,l1
1825,30,1769018455,l1
1826,30,1769018455,l1
1827,30,1769018455,l1
1828,30,1769018455,l1
1829,30,1769018455,l1
1830,30,1769018455,l1
1831,30,1769018455,l1
1832,30,1769018455,l1
1833,30,1769018455,l1
1834,30,1769018455,l1
1835,30,1769018455,l1
1836,30,1769018455,l1
1837,30,1769018455,l1
1838,30,1769018455,l1
1839,30,1769018455,l1
1840,30,1769018455,l1
1841,30,1769018455,l1
1842,30,1769018455,l1
1843,30,1769018455,l1
1844,30,1769018455,l1
1845,30,1769018455,l1
1846,30,1769018455,l1
1847,30,1769018455,l1
1848,30,1769018455,l1
1849,30,1769018455,l1
1850,30,1769018455,l1
1851,30,1769018455,l1
1852,30,1769018455,l1
1853,30,1769018455,l1
1854,30,1769018455,l1
1855,30,1769018455,l1
1856,30,1769018455,l1
1857,30,1769018455,l1
1858,30,1769018455,l1
1859,30,1769018455,l1
1860,30,1769018455,l1
1861,30,1769018455,l1
1862,30,1769018455,l1
1863,30,1769018455,l1
1864,30,1769018455,l1
1865,30,1769018455,l1
1866,30,1769018455,l1
1867,30,1769018455,l1
1868,30,1769018455,l1
1869,30,1769018455,l1
1870,30,1769018455,l1
1871,30,1769018455,l1
1872,30,1769018455,l1
1873,30,1769018455,l1
1874,30,1769018455,l1
1875,30,1769018455,l1
1876,30,1769018455,l1
1877,30,1769018455,l1
1878,30,1769018455,l1
1879,30,1769018455,l1
1880,30,1769018455,l1
1881,30,1769018455,l1
1882,30,1769018455,l1
1883,30,1769018455,l1
1884,30,1769018455,l1
1885,30,1769018455,l1
1886,30,1769018455,l1
1887,30,1769018455,l1
1888,30,1769018455,l1
1889,30,1769018455,l1
1890,30,1769018455,l1
1891,30,1769018455,l1
1892,30,1769018455,l1
1893,30,1769018455,l1
1894,30,1769018455,l1
1895,30,1769018455,l1
1896,30,1769018455,l1
1897,30,1769018455,l1
1898,30,1769018455,l1
1899,30,1769018455,l1
1900,30,1769018455,l1
1901,30,1769018455,l1
1902,30,1769018455,l1
1903,30,1769018455,l1
1904,30,1769018455,l1
1905,30,1769018455,l1
1906,30,1769018455,l1
1907,30,1769018455,l1
1908,30,1769018455,l1
1909,30,1769018455,l1
1910,30,1769018455,l1
1911,30,1769018455,l1
1912,30,1769018455,l1
1913,30,1769018455,l1
1914,30,1769018455,l1
1915,30,1769018455,l1
1916,30,1769018455,l1
1917,30,1769018455,l1
1918,30,1769018455,l1
1919,30,1769018455,l1
1920,30,1769018455,l1
1921,30,1769018455,l1
1922,30,1769018455,l1
1923,30,1769018455,l1
1924,30,1769018455,l1
1925,30,1769018455,l1
1926,30,1769018455,l1
1927,30,1769018455,l1
1928,30,1769018455,l1
1929,30,1769018455,l1
1930,30,1769018455,l1
1931,30,1769018455,l1
1932,30,1769018455,l1
1933,30,1769018455,l1
1934,30,1769018455,l1
1935,30,1769018455,l1
1936,30,1769018455,l1
1937,30,1769018455,l1
1938,30,1769018455,l1
1939,30,1769018455,l1
1940,30,1769018455,l1
1941,30,1769018455,l1
1942,30,1769018455,l1
1943,30,1769018455,l1
1944,30,1769018455,l1
1945,30,1769018455,l1
1946,30,1769018455,l1
1947,30,1769018455,l1
1948,30,1769018455,l1
1949,30,1769018455,l1
1950,30,1769018455,l1
1951,30,1769018455,l1
1952,30,1769018455,l1
1953,30,1769018455,l1
1954,30,1769018455,l1
1955,30,1769018455,l1
1956,30,1769018455,l1
1957,30,1769018455,l1
1958,30,1769018455,l1
1959,30,1769018455,l1
1960,30,1769018455,l1
1961,30,1769018455,l1
1962,30,1769018455,l1
1963,30,1769018455,l1
1964,30,1769018455,l1
1965,30,1769018455,l1
1966,30,1769018455,l1
1967,30,1769018455,l1
1968,30,1769018455,l1
1969,30,1769018455,l1
1970,30,1769018455,l1
1971,30,1769018455,l1
1972,30,1769018455,l1
1973,30,1769018455,l1
1974,30,1769018455,l1
1975,30,1769018455,l1
1976,30,1769018455,l1
1977,30,1769018455,l1
1978,30,1769018455,l1
1979,30,1769018455,l1
1980,30,1769018455,l1
1981,30,1769018455,l1
1982,30,1769018455,l1
1983,30,1769018455,l1
1984,30,1769018455,l1
1985,30,1769018455,l1
1986,30,1769018455,l1
1987,30,1769018455,l1
1988,30,1769018455,l1
1989,30,1769018455,l1
1990,30,1769018455,l1
1991,30,1769018455,l1
1992,30,1769018455,l1
1993,30,1769018455,l1
1994,30,1769018455,l1
1995,30,1769018455,l1
1996,30,1769018455,l1
1997,30,1769018455,l1
1998,30,1769018455,l1
1999,30,1769018455,l1
2000,30,1769018455,l1
2001,30,1769018455,l1
1,30,1769018444,l1
2,30,1769018444,l1
3,30,1769018444,l1
4,30,1769018444,l1
5,30,1769018444,l1
6,0,1769018444,l1
7,30,1769018444,l1
8,30,1769018444,l1
9,30,1769018444,l1
10,30,1769018444,l1
11,30,1769018444,l1
12,30,1769018444,l1
13,30,1769018444,l1
14,30,1769018444,l1
15,30,1769018444,l1
16,30,1769018444,l1
17,30,1769018444,l1
18,30,1769018444,l1
19,30,1769018444,l1
20,30,1769018444,l1
21,30,1769018444,l1
22,30,1769018444,l1
23,0,1769018444,l1
24,0,1769018444,l1
25,30,1769018444,l1
26,30,1769018444,l1
27,30,1769018444,l1
28,30,1769018444,l1
29,30,1769018444,l1
30,0,1769018444,l1
31,30,1769018444,l1
32,30,1769018444,l1
33,30,1769018444,l1
34,30,1769018444,l1
35,30,1769018444,l1
36,0,1769018444,l1
37,30,1769018444,l1
38,30,1769018444,l1
39,30,1769018444,l1
40,30,1769018444,l1
41,30,1769018444,l1
42,0,1769018444,l1
43,30,1769018444,l1
44,30,1769018444,l1
45,30,1769018444,l1
46,30,1769018444,l1
47,30,1769018444,l1
48,30,1769018444,l1
49,30,1769018444,l1
50,30,1769018444,l1
51,30,1769018444,l1
52,30,1769018444,l1
53,30,1769018444,l1
54,30,1769018444,l1
55,30,1769018444,l1
56,30,1769018444,l1
57,30,1769018444,l1
58,30,1769018444,l1
59,30,1769018444,l1
60,30,1769018444,l1
61,30,1769018444,l1
62,30,1769018444,l1
63,30,1769018444,l1
64,30,1769018444,l1
65,30,1769018444,l1
66,30,1769018444,l1
67,30,1769018444,l1
68,0,1769018444,l1
69,30,1769018444,l1
70,30,1769018444,l1
71,30,1769018444,l1
72,30,1769018444,l1
73,30,1769018444,l1
74,30,1769018444,l1
75,30,1769018444,l1
76,30,1769018444,l1
77,30,1769018444,l1
78,30,1769018444,l1
79,30,1769018444,l1
80,30,1769018444,l1
81,30,1769018444,l1
82,30,1769018444,l1
83,30,1769018444,l1
84,30,1769018444,l1
85,30,1769018444,l1
86,30,1769018444,l1
87,30,1769018444,l1
88,30,1769018444,l1
89,30,1769018444,l1
90,30,1769018444,l1
91,30,1769018444,l1
92,30,1769018444,l1
93,30,1769018444,l1
94,30,1769018444,l1
95,0,1769018444,l1
96,30,1769018444,l1
97,30,1769018444,l1
98,30,1769018444,l1
99,30,1769018444,l1
100,30,1769018444,l1
101,30,1769018444,l1
102,30,1769018444,l1
103,30,1769018444,l1
104,30,1769018444,l1
105,30,1769018444,l1
106,30,1769018444,l1
107,30,1769018444,l1
108,30,1769018444,l1
109,30,1769018444,l1
110,30,1769018444,l1
111,30,1769018444,l1
112,30,1769018444,l1
113,30,1769018444,l1
114,30,1769018444,l1
115,30,1769018444,l1
116,30,1769018444,l1
117,30,1769018444,l1
118,30,1769018444,l1
119,30,1769018444,l1
120,30,1769018444,l1
121,30,1769018444,l1
122,30,1769018444,l1
123,30,1769018444,l1
124,30,1769018444,l1
125,30,1769018444,l1
126,30,1769018444,l1
127,30,1769018444,l1
128,30,1769018444,l1
129,30,1769018444,l1
130,30,1769018444,l1
131,30,1769018444,l1
132,30,1769018444,l1
133,30,1769018444,l1
134,30,1769018444,l1
135,30,1769018444,l1
136,30,1769018444,l1
137,30,1769018444,l1
138,30,1769018444,l1
139,30,1769018444,l1
140,30,1769018444,l1
141,30,1769018444,l1
142,30,1769018444,l1
143,30,1769018444,l1
144,30,1769018444,l1
145,30,1769018444,l1
146,30,1769018444,l1
147,30,1769018444,l1
148,30,1769018444,l1
149,30,1769018444,l1
150,30,1769018444,l1
151,30,1769018444,l1
152,30,1769018444,l1
153,30,1769018444,l1
154,30,1769018444,l1
155,30,1769018444,l1
156,30,1769018444,l1
157,30,1769018444,l1
158,30,1769018444,l1
159,30,1769018444,l1
160,30,1769018444,l1
161,30,1769018444,l1
162,30,1769018444,l1
163,30,1769018444,l1
164,30,1769018444,l1
165,30,1769018444,l1
166,30,1769018444,l1
167,30,1769018444,l1
168,30,1769018444,l1
169,30,1769018444,l1
170,30,1769018444,l1
171,30,1769018444,l1
172,30,1769018444,l1
173,30,1769018444,l1
174,0,1769018444,l1
175,30,1769018444,l1
176,30,1769018444,l1
177,30,1769018444,l1
178,30,1769018444,l1
179,30,1769018444,l1
180,30,1769018444,l1
181,30,1769018444,l1
182,30,1769018444,l1
183,30,1769018444,l1
184,30,1769018444,l1
185,30,1769018444,l1
186,30,1769018444,l1
187,30,1769018444,l1
188,30,1769018444,l1
189,30,1769018444,l1
190,30,1769018444,l1
191,30,1769018444,l1
192,30,1769018444,l1
193,30,1769018444,l1
194,30,1769018444,l1
195,30,1769018444,l1
196,30,1769018444,l1
197,30,1769018444,l1
198,30,1769018444,l1
199,30,1769018444,l1
200,30,1769018444,l1
201,0,1769018444,l1
202,30,1769018444,l1
203,30,1769018444,l1
204,30,1769018444,l1
205,30,1769018444,l1
206,30,1769018444,l1
207,30,1769018444,l1
208,30,1769018444,l1
209,30,1769018444,l1
210,30,1769018444,l1
211,30,1769018444,l1
212,30,1769018444,l1
213,30,1769018444,l1
214,0,1769018444,l1
215,30,1769018444,l1
216,30,1769018444,l1
217,30,1769018444,l1
218,30,1769018444,l1
219,30,1769018444,l1
220,30,1769018444,l1
221,30,1769018444,l1
222,30,1769018444,l1
223,30,1769018444,l1
224,30,1769018444,l1
225,30,1769018444,l1
226,30,1769018444,l1
227,30,1769018444,l1
228,30,1769018444,l1
229,30,1769018444,l1
230,30,1769018444,l1
231,30,1769018444,l1
232,30,1769018444,l1
233,30,1769018444,l1
234,30,1769018444,l1
235,30,1769018444,l1
236,30,1769018444,l1
237,30,1769018444,l1
238,30,1769018444,l1
239,30,1769018444,l1
240,30,1769018444,l1
241,30,1769018444,l1
242,30,1769018444,l1
243,30,1769018444,l1
244,30,1769018444,l1
245,30,1769018444,l1
246,30,1769018444,l1
247,30,1769018444,l1
248,30,1769018444,l1
249,30,1769018444,l1
250,30,1769018444,l1
251,30,1769018444,l1
252,30,1769018444,l1
253,30,1769018444,l1
254,30,1769018444,l1
255,30,1769018444,l1
256,30,1769018444,l1
257,30,1769018444,l1
258,30,1769018444,l1
259,30,1769018444,l1
260,30,1769018444,l1
261,30,1769018444,l1
262,30,1769018444,l1
263,30,1769018444,l1
264,30,1769018444,l1
265,30,1769018444,l1
266,30,1769018444,l1
267,30,1769018444,l1
268,30,1769018444,l1
269,30,1769018444,l1
270,30,1769018444,l1
271,30,1769018444,l1
272,30,1769018444,l1
273,30,1769018444,l1
274,30,1769018444,l1
275,30,1769018444,l1
276,30,1769018444,l1
277,30,1769018444,l1
278,30,1769018444,l1
279,30,1769018444,l1
280,30,1769018444,l1
281,30,1769018444,l1
282,30,1769018444,l1
283,30,1769018444,l1
284,30,1769018444,l1
285,30,1769018444,l1
286,30,1769018444,l1
287,30,1769018444,l1
288,30,1769018444,l1
289,30,1769018444,l1
290,30,1769018444,l1
291,30,1769018444,l1
292,30,1769018444,l1
293,30,1769018444,l1
294,30,1769018444,l1
295,30,1769018444,l1
296,30,1769018444,l1
297,30,1769018444,l1
298,30,1769018444,l1
299,30,1769018444,l1
300,30,1769018444,l1
301,30,1769018444,l1
302,30,1769018444,l1
303,30,1769018444,l1
304,30,1769018444,l1
305,30,1769018444,l1
306,30,1769018444,l1
307,30,1769018444,l1
308,30,1769018444,l1
309,30,1769018444,l1
310,30,1769018444,l1
311,30,1769018444,l1
312,30,1769018444,l1
313,30,1769018444,l1
314,30,1769018444,l1
315,30,1769018444,l1
316,30,1769018444,l1
317,30,1769018444,l1
318,30,1769018444,l1
319,30,1769018444,l1
320,30,1769018444,l1
321,30,1769018444,l1
322,30,1769018444,l1
323,30,1769018444,l1
324,30,1769018444,l1
325,30,1769018444,l1
326,30,1769018444,l1
327,30,1769018444,l1
328,30,1769018444,l1
329,30,1769018444,l1
330,30,1769018444,l1
331,30,1769018444,l1
332,30,1769018444,l1
333,30,1769018444,l1
334,30,1769018444,l1
335,30,1769018444,l1
336,30,1769018444,l1
337,30,1769018444,l1
338,30,1769018444,l1
339,30,1769018444,l1
340,30,1769018444,l1
341,30,1769018444,l1
342,30,1769018444,l1
343,30,1769018444,l1
344,30,1769018444,l1
345,30,1769018444,l1
346,30,1769018444,l1
347,30,1769018444,l1
348,30,1769018444,l1
349,30,1769018444,l1
350,30,1769018444,l1
351,30,1769018444,l1
352,30,1769018444,l1
353,30,1769018444,l1
354,30,1769018444,l1
355,30,1769018444,l1
356,30,1769018444,l1
357,30,1769018444,l1
358,30,1769018444,l1
359,30,1769018444,l1
360,30,1769018444,l1
361,30,1769018444,l1
362,30,1769018444,l1
363,30,1769018444,l1
364,30,1769018444,l1
365,30,1769018444,l1
366,30,1769018444,l1
367,30,1769018444,l1
368,30,1769018444,l1
369,30,1769018444,l1
370,30,1769018444,l1
371,30,1769018444,l1
372,30,1769018444,l1
373,30,1769018444,l1
374,30,1769018444,l1
375,30,1769018444,l1
376,30,1769018444,l1
377,30,1769018444,l1
378,30,1769018444,l1
379,30,1769018444,l1
380,30,1769018444,l1
381,30,1769018444,l1
382,30,1769018444,l1
383,30,1769018444,l1
384,30,1769018444,l1
385,30,1769018444,l1
386,30,1769018444,l1
387,30,1769018444,l1
388,30,1769018444,l1
389,30,1769018444,l1
390,30,1769018444,l1
391,30,1769018444,l1
392,30,1769018444,l1
393,30,1769018444,l1
394,30,1769018444,l1
395,30,1769018444,l1
396,30,1769018444,l1
397,30,1769018444,l1
398,30,1769018444,l1
399,30,1769018444,l1
400,30,1769018444,l1
401,30,1769018444,l1
402,30,1769018444,l1
403,30,1769018444,l1
404,30,1769018444,l1
405,30,1769018444,l1
406,30,1769018444,l1
407,30,1769018444,l1
408,30,1769018444,l1
409,30,1769018444,l1
410,30,1769018444,l1
411,30,1769018444,l1
412,30,1769018444,l1
413,30,1769018444,l1
414,30,1769018444,l1
415,30,1769018444,l1
416,30,1769018444,l1
417,30,1769018444,l1
418,30,1769018444,l1
419,30,1769018444,l1
420,30,1769018444,l1
421,30,1769018444,l1
422,30,1769018444,l1
423,30,1769018444,l1
424,30,1769018444,l1
425,30,1769018444,l1
426,30,1769018444,l1
427,30,1769018444,l1
428,30,1769018444,l1
429,30,1769018444,l1
430,30,1769018444,l1
431,30,1769018444,l1
432,30,1769018444,l1
433,30,1769018444,l1
434,30,1769018444,l1
435,30,1769018444,l1
436,30,1769018444,l1
437,30,1769018444,l1
438,30,1769018444,l1
439,30,1769018444,l1
440,0,1769018444,l1
441,30,1769018444,l1
442,30,1769018444,l1
443,30,1769018444,l1
444,30,1769018444,l1
445,30,1769018444,l1
446,30,1769018444,l1
447,30,1769018444,l1
448,30,1769018444,l1
449,30,1769018444,l1
450,30,1769018444,l1
451,30,1769018444,l1
452,30,1769018444,l1
453,30,1769018444,l1
454,30,1769018444,l1
455,30,1769018444,l1
456,30,1769018444,l1
457,30,1769018444,l1
458,30,1769018444,l1
459,30,1769018444,l1
460,30,1769018444,l1
461,30,1769018444,l1
462,30,1769018444,l1
463,30,1769018444,l1
464,30,1769018444,l1
465,30,1769018444,l1
466,30,1769018444,l1
467,30,1769018444,l1
468,30,1769018444,l1
469,30,1769018444,l1
470,30,1769018444,l1
471,30,1769018444,l1
472,30,1769018444,l1
473,30,1769018444,l1
474,30,1769018444,l1
475,30,1769018444,l1
476,30,1769018444,l1
477,30,1769018444,l1
478,30,1769018444,l1
479,30,1769018444,l1
480,30,1769018444,l1
481,30,1769018444,l1
482,30,1769018444,l1
483,30,1769018444,l1
484,30,1769018444,l1
485,30,1769018444,l1
486,30,1769018444,l1
487,30,1769018444,l1
488,30,1769018444,l1
489,30,1769018444,l1
490,30,1769018444,l1
491,30,1769018444,l1
492,30,1769018444,l1
493,30,1769018444,l1
494,30,1769018444,l1
495,30,1769018444,l1
496,30,1769018444,l1
497,30,1769018444,l1
498,30,1769018444,l1
499,30,1769018444,l1
500,30,1769018444,l1
501,30,1769018444,l1
502,30,1769018444,l1
503,30,1769018444,l1
504,30,1769018444,l1
505,30,1769018444,l1
506,30,1769018444,l1
507,30,1769018444,l1
508,30,1769018444,l1
509,30,1769018444,l1
510,30,1769018444,l1
511,30,1769018444,l1
512,30,1769018444,l1
513,30,1769018444,l1
514,30,1769018444,l1
515,30,1769018444,l1
516,30,1769018444,l1
517,30,1769018444,l1
518,30,1769018444,l1
519,30,1769018444,l1
520,30,1769018444,l1
521,30,1769018444,l1
522,30,1769018444,l1
523,30,1769018444,l1
524,30,1769018444,l1
525,30,1769018444,l1
526,30,1769018444,l1
527,30,1769018444,l1
528,30,1769018444,l1
529,30,1769018444,l1
530,30,1769018444,l1
531,30,1769018444,l1
532,30,1769018444,l1
533,30,1769018444,l1
534,30,1769018444,l1
535,30,1769018444,l1
536,30,1769018444,l1
537,30,1769018444,l1
538,30,1769018444,l1
539,30,1769018444,l1
540,30,1769018444,l1
541,30,1769018444,l1
542,30,1769018444,l1
543,30,1769018444,l1
544,30,1769018444,l1
545,30,1769018444,l1
546,30,1769018444,l1
547,30,1769018444,l1
548,30,1769018444,l1
549,30,1769018444,l1
550,30,1769018444,l1
551,30,1769018444,l1
552,30,1769018444,l1
553,30,1769018444,l1
554,30,1769018444,l1
555,30,1769018444,l1
556,30,1769018444,l1
557,30,1769018444,l1
558,30,1769018444,l1
559,30,1769018444,l1
560,30,1769018444,l1
561,30,1769018444,l1
562,30,1769018444,l1
563,30,1769018444,l1
564,30,1769018444,l1
565,30,1769018444,l1
566,30,1769018444,l1
567,30,1769018444,l1
568,30,1769018444,l1
569,30,1769018444,l1
570,30,1769018444,l1
571,30,1769018444,l1
572,30,1769018444,l1
573,30,1769018444,l1
574,30,1769018444,l1
575,30,1769018444,l1
576,30,1769018444,l1
577,30,1769018444,l1
578,30,1769018444,l1
579,30,1769018444,l1
580,30,1769018444,l1
581,30,1769018444,l1
582,30,1769018444,l1
583,30,1769018444,l1
584,30,1769018444,l1
585,30,1769018444,l1
586,30,1769018444,l1
587,30,1769018444,l1
588,30,1769018444,l1
589,30,1769018444,l1
590,30,1769018444,l1
591,30,1769018444,l1
592,30,1769018444,l1
593,30,1769018444,l1
594,30,1769018444,l1
595,30,1769018444,l1
596,30,1769018444,l1
597,30,1769018444,l1
598,30,1769018444,l1
599,30,1769018444,l1
600,30,1769018444,l1
601,30,1769018444,l1
602,30,1769018444,l1
603,30,1769018444,l1
604,30,1769018444,l1
605,30,1769018444,l1
606,30,1769018444,l1
607,30,1769018444,l1
608,30,1769018444,l1
609,30,1769018444,l1
610,30,1769018444,l1
611,30,1769018444,l1
612,30,1769018444,l1
613,30,1769018444,l1
614,30,1769018444,l1
615,30,1769018444,l1
616,30,1769018444,l1
617,30,1769018444,l1
618,30,1769018444,l1
619,30,1769018444,l1
620,30,1769018444,l1
621,30,1769018444,l1
622,30,1769018444,l1
623,30,1769018444,l1
624,30,1769018444,l1
625,30,1769018444,l1
626,30,1769018444,l1
627,30,1769018444,l1
628,30,1769018444,l1
629,30,1769018444,l1
630,30,1769018444,l1
631,30,1769018444,l1
632,30,1769018444,l1
633,30,1769018444,l1
634,30,1769018444,l1
635,30,1769018444,l1
636,30,1769018444,l1
637,30,1769018444,l1
638,30,1769018444,l1
639,30,1769018444,l1
640,30,1769018444,l1
641,30,1769018444,l1
642,30,1769018444,l1
643,30,1769018444,l1
644,30,1769018444,l1
645,30,1769018444,l1
646,30,1769018444,l1
647,30,1769018444,l1
648,30,1769018444,l1
649,30,1769018444,l1
650,30,1769018444,l1
651,30,1769018444,l1
652,30,1769018444,l1
653,30,1769018444,l1
654,30,1769018444,l1
655,30,1769018444,l1
656,30,1769018444,l1
657,30,1769018444,l1
658,30,1769018444,l1
659,30,1769018444,l1
660,30,1769018444,l1
661,30,1769018444,l1
662,30,1769018444,l1
663,30,1769018444,l1
664,30,1769018444,l1
665,30,1769018444,l1
666,30,1769018444,l1
667,30,1769018444,l1
668,30,1769018444,l1
669,30,1769018444,l1
670,30,1769018444,l1
671,30,1769018444,l1
672,30,1769018444,l1
673,30,1769018444,l1
674,30,1769018444,l1
675,30,1769018444,l1
676,30,1769018444,l1
677,30,1769018444,l1
678,30,1769018444,l1
679,30,1769018444,l1
680,30,1769018444,l1
681,30,1769018444,l1
682,30,1769018444,l1
683,30,1769018444,l1
684,30,1769018444,l1
685,30,1769018444,l1
686,30,1769018444,l1
687,30,1769018444,l1
688,30,1769018444,l1
689,30,1769018444,l1
690,30,1769018444,l1
691,30,1769018444,l1
692,30,1769018444,l1
693,30,1769018444,l1
694,30,1769018444,l1
695,30,1769018444,l1
696,30,1769018444,l1
697,30,1769018444,l1
698,30,1769018444,l1
699,30,1769018444,l1
700,30,1769018444,l1
701,30,1769018444,l1
702,30,1769018444,l1
703,30,1769018444,l1
704,30,1769018444,l1
705,30,1769018444,l1
706,30,1769018444,l1
707,30,1769018444,l1
708,30,1769018444,l1
709,30,1769018444,l1
710,30,1769018444,l1
711,30,1769018444,l1
712,30,1769018444,l1
713,30,1769018444,l1
714,30,1769018444,l1
715,30,1769018444,l1
716,30,1769018444,l1
717,30,1769018444,l1
718,30,1769018444,l1
719,30,1769018444,l1
720,30,1769018444,l1
721,30,1769018444,l1
722,30,1769018444,l1
723,30,1769018444,l1
724,30,1769018444,l1
725,30,1769018444,l1
726,30,1769018444,l1
727,30,1769018444,l1
728,30,1769018444,l1
729,30,1769018444,l1
730,30,1769018444,l1
731,30,1769018444,l1
732,30,1769018444,l1
733,30,1769018444,l1
734,30,1769018444,l1
735,30,1769018444,l1
736,30,1769018444,l1
737,30,1769018444,l1
738,30,1769018444,l1
739,30,1769018444,l1
740,30,1769018444,l1
741,30,1769018444,l1
742,30,1769018444,l1
743,30,1769018444,l1
744,30,1769018444,l1
745,30,1769018444,l1
746,30,1769018444,l1
747,30,1769018444,l1
748,30,1769018444,l1
749,30,1769018444,l1
750,30,1769018444,l1
751,30,1769018444,l1
752,30,1769018444,l1
753,30,1769018444,l1
754,30,1769018444,l1
755,30,1769018444,l1
756,30,1769018444,l1
757,30,1769018444,l1
758,30,1769018444,l1
759,30,1769018444,l1
760,30,1769018444,l1
761,30,1769018444,l1
762,30,1769018444,l1
763,30,1769018444,l1
764,30,1769018444,l1
765,30,1769018444,l1
766,30,1769018444,l1
767,30,1769018444,l1
768,30,1769018444,l1
769,30,1769018444,l1
770,30,1769018444,l1
771,30,1769018444,l1
772,30,1769018444,l1
773,30,1769018444,l1
774,30,1769018444,l1
775,30,1769018444,l1
776,30,1769018444,l1
777,30,1769018444,l1
778,30,1769018444,l1
779,30,1769018444,l1
780,30,1769018444,l1
781,30,1769018444,l1
782,30,1769018444,l1
783,30,1769018444,l1
784,30,1769018444,l1
785,30,1769018444,l1
786,30,1769018444,l1
787,30,1769018444,l1
788,30,1769018444,l1
789,30,1769018444,l1
790,30,1769018444,l1
791,30,1769018444,l1
792,30,1769018444,l1
793,30,1769018444,l1
794,30,1769018444,l1
795,30,1769018444,l1
796,30,1769018444,l1
797,30,1769018444,l1
798,30,1769018444,l1
799,30,1769018444,l1
800,30,1769018444,l1
801,30,1769018444,l1
802,30,1769018444,l1
803,30,1769018444,l1
804,30,1769018444,l1
805,30,1769018444,l1
806,30,1769018444,l1
807,30,1769018444,l1
808,30,1769018444,l1
809,30,1769018444,l1
810,30,1769018444,l1
811,30,1769018444,l1
812,30,1769018444,l1
813,30,1769018444,l1
814,30,1769018444,l1
815,30,1769018444,l1
816,30,1769018444,l1
817,30,1769018444,l1
818,30,1769018444,l1
819,30,1769018444,l1
820,30,1769018444,l1
821,30,1769018444,l1
822,30,1769018444,l1
823,30,1769018444,l1
824,30,1769018444,l1
825,30,1769018444,l1
826,30,1769018444,l1
827,30,1769018444,l1
828,30,1769018444,l1
829,30,1769018444,l1
830,30,1769018444,l1
831,30,1769018444,l1
832,30,1769018444,l1
833,30,1769018444,l1
834,30,1769018444,l1
835,30,1769018444,l1
836,30,1769018444,l1
837,30,1769018444,l1
838,30,1769018444,l1
839,30,1769018444,l1
840,30,1769018444,l1
841,30,1769018444,l1
842,30,1769018444,l1
843,30,1769018444,l1
844,30,1769018444,l1
845,30,1769018444,l1
846,30,1769018444,l1
847,30,1769018444,l1
848,30,1769018444,l1
849,30,1769018444,l1
850,30,1769018444,l1
851,30,1769018444,l1
852,30,1769018444,l1
853,30,1769018444,l1
854,30,1769018444,l1
855,30,1769018444,l1
856,30,1769018444,l1
857,30,1769018444,l1
858,30,1769018444,l1
859,30,1769018444,l1
860,30,1769018444,l1
861,30,1769018444,l1
862,30,1769018444,l1
863,30,1769018444,l1
864,30,1769018444,l1
865,30,1769018444,l1
866,30,1769018444,l1
867,30,1769018444,l1
868,30,1769018444,l1
869,30,1769018444,l1
870,30,1769018444,l1
871,30,1769018444,l1
872,30,1769018444,l1
873,30,1769018444,l1
874,30,1769018444,l1
875,30,1769018444,l1
876,30,1769018444,l1
877,30,1769018444,l1
878,30,1769018444,l1
879,30,1769018444,l1
880,30,1769018444,l1
881,30,1769018444,l1
882,30,1769018444,l1
883,30,1769018444,l1
884,30,1769018444,l1
885,30,1769018444,l1
886,30,1769018444,l1
887,30,1769018444,l1
888,30,1769018444,l1
889,30,1769018444,l1
890,30,1769018444,l1
891,30,1769018444,l1
892,30,1769018444,l1
893,30,1769018444,l1
894,30,1769018444,l1
895,30,1769018444,l1
896,30,1769018444,l1
897,30,1769018444,l1
898,30,1769018444,l1
899,30,1769018444,l1
900,30,1769018444,l1
901,30,1769018444,l1
902,30,1769018444,l1
903,30,1769018444,l1
904,30,1769018444,l1
905,30,1769018444,l1
906,30,1769018444,l1
907,30,1769018444,l1
908,30,1769018444,l1
909,30,1769018444,l1
910,30,1769018444,l1
911,30,1769018444,l1
912,30,1769018444,l1
913,30,1769018444,l1
914,30,1769018444,l1
915,30,1769018444,l1
916,30,1769018444,l1
917,30,1769018444,l1
918,30,1769018444,l1
919,30,1769018444,l1
920,30,1769018444,l1
921,30,1769018444,l1
922,30,1769018444,l1
923,30,1769018444,l1
924,30,1769018444,l1
925,30,1769018444,l1
926,30,1769018444,l1
927,30,1769018444,l1
928,30,1769018444,l1
929,30,1769018444,l1
930,30,1769018444,l1
931,30,1769018444,l1
932,30,1769018444,l1
933,30,1769018444,l1
934,30,1769018444,l1
935,30,1769018444,l1
936,30,1769018444,l1
937,30,1769018444,l1
938,30,1769018444,l1
939,30,1769018444,l1
940,30,1769018444,l1
941,30,1769018444,l1
942,30,1769018444,l1
943,30,1769018444,l1
944,30,1769018444,l1
945,30,1769018444,l1
946,30,1769018444,l1
947,30,1769018444,l1
948,30,1769018444,l1
949,30,1769018444,l1
950,30,1769018444,l1
951,30,1769018444,l1
952,30,1769018444,l1
953,30,1769018444,l1
954,30,1769018444,l1
955,30,1769018444,l1
956,30,1769018444,l1
957,30,1769018444,l1
958,30,1769018444,l1
959,30,1769018444,l1
960,30,1769018444,l1
961,30,1769018444,l1
962,30,1769018444,l1
963,30,1769018444,l1
964,30,1769018444,l1
965,30,1769018444,l1
966,30,1769018444,l1
967,30,1769018444,l1
968,30,1769018444,l1
969,30,1769018444,l1
970,30,1769018444,l1
971,30,1769018444,l1
972,30,1769018444,l1
973,30,1769018444,l1
974,30,1769018444,l1
975,30,1769018444,l1
976,30,1769018444,l1
977,30,1769018444,l1
978,30,1769018444,l1
979,30,1769018444,l1
980,30,1769018444,l1
981,30,1769018444,l1
982,30,1769018444,l1
983,30,1769018444,l1
984,30,1769018444,l1
985,30,1769018444,l1
986,30,1769018444,l1
987,30,1769018444,l1
988,30,1769018444,l1
989,30,1769018444,l1
990,30,1769018444,l1
991,30,1769018444,l1
992,30,1769018444,l1
993,30,1769018444,l1
994,30,1769018444,l1
995,30,1769018444,l1
996,30,1769018444,l1
997,30,1769018444,l1
998,30,1769018444,l1
999,30,1769018444,l1
1000,30,1769018444,l1
1001,30,1769018444,l1
1002,30,1769018444,l1
1003,30,1769018444,l1
1004,30,1769018444,l1
1005,30,1769018444,l1
1006,30,1769018444,l1
1007,30,1769018444,l1
1008,30,1769018444,l1
1009,30,1769018444,l1
1010,30,1769018444,l1
1011,30,1769018444,l1
1012,30,1769018444,l1
1013,30,1769018444,l1
1014,30,1769018444,l1
1015,30,1769018444,l1
1016,30,1769018444,l1
1017,30,1769018444,l1
1018,30,1769018444,l1
1019,30,1769018444,l1
1020,30,1769018444,l1
1021,30,1769018444,l1
1022,30,1769018444,l1
1023,30,1769018444,l1
1024,30,1769018444,l1
1025,30,1769018444,l1
1026,30,1769018444,l1
1027,30,1769018444,l1
1028,30,1769018444,l1
1029,30,1769018444,l1
1030,30,1769018444,l1
1031,30,1769018444,l1
1032,30,1769018444,l1
1033,30,1769018444,l1
1034,30,1769018444,l1
1035,30,1769018444,l1
1036,30,1769018444,l1
1037,30,1769018444,l1
1038,30,1769018444,l1
1039,30,1769018444,l1
1040,30,1769018444,l1
1041,30,1769018444,l1
1042,30,1769018444,l1
1043,30,1769018444,l1
1044,30,1769018444,l1
1045,30,1769018444,l1
1046,30,1769018444,l1
1047,30,1769018444,l1
1048,30,1769018444,l1
1049,30,1769018444,l1
1050,30,1769018444,l1
1051,30,1769018444,l1
1052,30,1769018444,l1
1053,30,1769018444,l1
1054,30,1769018444,l1
1055,30,1769018444,l1
1056,30,1769018444,l1
1057,30,1769018444,l1
1058,30,1769018444,l1
1059,30,1769018444,l1
1060,30,1769018444,l1
1061,30,1769018444,l1
1062,30,1769018444,l1
1063,30,1769018444,l1
1064,30,1769018444,l1
1065,30,1769018444,l1
1066,30,1769018444,l1
1067,30,1769018444,l1
1068,30,1769018444,l1
1069,30,1769018444,l1
1070,30,1769018444,l1
1071,30,1769018444,l1
1072,30,1769018444,l1
1073,30,1769018444,l1
1074,30,1769018444,l1
1075,30,1769018444,l1
1076,30,1769018444,l1
1077,30,1769018444,l1
1078,30,1769018444,l1
1079,30,1769018444,l1
1080,30,1769018444,l1
1081,30,1769018444,l1
1082,30,1769018444,l1
1083,30,1769018444,l1
1084,30,1769018444,l1
1085,30,1769018444,l1
1086,30,1769018444,l1
1087,30,1769018444,l1
1088,30,1769018444,l1
1089,30,1769018444,l1
1090,30,1769018444,l1
1091,30,1769018444,l1
1092,30,1769018444,l1
1093,30,1769018444,l1
1094,30,1769018444,l1
1095,30,1769018444,l1
1096,30,1769018444,l1
1097,30,1769018444,l1
1098,30,1769018444,l1
1099,30,1769018444,l1
1100,30,1769018444,l1
1101,30,1769018444,l1
1102,30,1769018444,l1
1103,30,1769018444,l1
1104,30,1769018444,l1
1105,30,1769018444,l1
1106,30,1769018444,l1
1107,30,1769018444,l1
1108,30,1769018444,l1
1109,30,1769018444,l1
1110,30,1769018444,l1
1111,30,1769018444,l1
1112,30,1769018444,l1
1113,30,1769018444,l1
1114,30,1769018444,l1
1115,30,1769018444,l1
1116,30,1769018444,l1
1117,30,1769018444,l1
1118,30,1769018444,l1
1119,30,1769018444,l1
1120,30,1769018444,l1
1121,30,1769018444,l1
1122,30,1769018444,l1
1123,30,1769018444,l1
1124,30,1769018444,l1
1125,30,1769018444,l1
1126,30,1769018444,l1
1127,30,1769018444,l1
1128,30,1769018444,l1
1129,30,1769018444,l1
1130,30,1769018444,l1
1131,30,1769018444,l1
1132,30,1769018444,l1
1133,30,1769018444,l1
1134,30,1769018444,l1
1135,30,1769018444,l1
1136,30,1769018444,l1
1137,30,1769018444,l1
1138,30,1769018444,l1
1139,30,1769018444,l1
1140,30,1769018444,l1
1141,30,1769018444,l1
1142,30,1769018444,l1
1143,30,1769018444,l1
1144,30,1769018444,l1
1145,30,1769018444,l1
1146,30,1769018444,l1
1147,30,1769018444,l1
1148,30,1769018444,l1
1149,30,1769018444,l1
1150,30,1769018444,l1
1151,30,1769018444,l1
1152,30,1769018444,l1
1153,30,1769018444,l1
1154,30,1769018444,l1
1155,30,1769018444,l1
1156,30,1769018444,l1
1157,30,1769018444,l1
1158,30,1769018444,l1
1159,30,1769018444,l1
1160,30,1769018444,l1
1161,30,1769018444,l1
1162,30,1769018444,l1
1163,30,1769018444,l1
1164,30,1769018444,l1
1165,30,1769018444,l1
1166,30,1769018444,l1
1167,30,1769018444,l1
1168,30,1769018444,l1
1169,30,1769018444,l1
1170,30,1769018444,l1
1171,30,1769018444,l1
1172,30,1769018444,l1
1173,30,1769018444,l1
1174,30,1769018444,l1
1175,30,1769018444,l1
1176,30,1769018444,l1
1177,30,1769018444,l1
1178,30,1769018444,l1
1179,30,1769018444,l1
1180,30,1769018444,l1
1181,30,1769018444,l1
1182,30,1769018444,l1
1183,30,1769018444,l1
1184,30,1769018444,l1
1185,30,1769018444,l1
1186,30,1769018444,l1
1187,30,1769018444,l1
1188,30,1769018444,l1
1189,30,1769018444,l1
1190,30,1769018444,l1
1191,30,1769018444,l1
1192,30,1769018444,l1
1193,30,1769018444,l1
1194,30,1769018444,l1
1195,30,1769018444,l1
1196,30,1769018444,l1
1197,30,1769018444,l1
1198,30,1769018444,l1
1199,30,1769018444,l1
1200,30,1769018444,l1
1201,30,1769018444,l1
1202,30,1769018444,l1
1203,30,1769018444,l1
1204,30,1769018444,l1
1205,30,1769018444,l1
1206,30,1769018444,l1
1207,30,1769018444,l1
1208,30,1769018444,l1
1209,30,1769018444,l1
1210,30,1769018444,l1
1211,30,1769018444,l1
1212,30,1769018444,l1
1213,30,1769018444,l1
1214,30,1769018444,l1
1215,30,1769018444,l1
1216,30,1769018444,l1
1217,30,1769018444,l1
1218,30,1769018444,l1
1219,30,1769018444,l1
1220,30,1769018444,l1
1221,30,1769018444,l1
1222,30,1769018444,l1
1223,30,1769018444,l1
1224,30,1769018444,l1
1225,30,1769018444,l1
1226,30,1769018444,l1
1227,30,1769018444,l1
1228,30,1769018444,l1
1229,30,1769018444,l1
1230,30,1769018444,l1
1231,30,1769018444,l1
1232,30,1769018444,l1
1233,30,1769018444,l1
1234,30,1769018444,l1
1235,30,1769018444,l1
1236,30,1769018444,l1
1237,30,1769018444,l1
1238,30,1769018444,l1
1239,30,1769018444,l1
1240,30,1769018444,l1
1241,30,1769018444,l1
1242,30,1769018444,l1
1243,30,1769018444,l1
1244,30,1769018444,l1
1245,30,1769018444,l1
1246,30,1769018444,l1
1247,30,1769018444,l1
1248,30,1769018444,l1
1249,30,1769018444,l1
1250,30,1769018444,l1
1251,30,1769018444,l1
1252,30,1769018444,l1
1253,30,1769018444,l1
1254,30,1769018444,l1
1255,30,1769018444,l1
1256,30,1769018444,l1
1257,30,1769018444,l1
1258,30,1769018444,l1
1259,30,1769018444,l1
1260,30,1769018444,l1
1261,30,1769018444,l1
1262,30,1769018444,l1
1263,30,1769018444,l1
1264,30,1769018444,l1
1265,30,1769018444,l1
1266,30,1769018444,l1
1267,30,1769018444,l1
1268,30,1769018444,l1
1269,30,1769018444,l1
1270,30,1769018444,l1
1271,30,1769018444,l1
1272,30,1769018444,l1
1273,30,1769018444,l1
1274,30,1769018444,l1
1275,30,1769018444,l1
1276,30,1769018444,l1
1277,30,1769018444,l1
1278,30,1769018444,l1
1279,30,1769018444,l1
1280,30,1769018444,l1
1281,30,1769018444,l1
1282,30,1769018444,l1
1283,30,1769018444,l1
1284,30,1769018444,l1
1285,30,1769018444,l1
1286,30,1769018444,l1
1287,30,1769018444,l1
1288,30,1769018444,l1
1289,30,1769018444,l1
1290,30,1769018444,l1
1291,30,1769018444,l1
1292,30,1769018444,l1
1293,30,1769018444,l1
1294,30,1769018444,l1
1295,30,1769018444,l1
1296,30,1769018444,l1
1297,30,1769018444,l1
1298,30,1769018444,l1
1299,30,1769018444,l1
1300,30,1769018444,l1
1301,30,1769018444,l1
1302,30,1769018444,l1
1303,30,1769018444,l1
1304,30,1769018444,l1
1305,30,1769018444,l1
1306,30,1769018444,l1
1307,30,1769018444,l1
1308,30,1769018444,l1
1309,30,1769018444,l1
1310,30,1769018444,l1
1311,30,1769018444,l1
1312,30,1769018444,l1
1313,30,1769018444,l1
1314,30,1769018444,l1
1315,30,1769018444,l1
1316,30,1769018444,l1
1317,30,1769018444,l1
1318,30,1769018444,l1
1319,30,1769018444,l1
1320,30,1769018444,l1
1321,30,1769018444,l1
1322,30,1769018444,l1
1323,30,1769018444,l1
1324,30,1769018444,l1
1325,30,1769018444,l1
1326,30,1769018444,l1
1327,30,1769018444,l1
1328,30,1769018444,l1
1329,30,1769018444,l1
1330,30,1769018444,l1
1331,30,1769018444,l1
1332,30,1769018444,l1
1333,30,1769018444,l1
1334,30,1769018444,l1
1335,30,1769018444,l1
1336,30,1769018444,l1
1337,30,1769018444,l1
1338,30,1769018444,l1
1339,30,1769018444,l1
1340,30,1769018444,l1
1341,30,1769018444,l1
1342,30,1769018444,l1
1343,30,1769018444,l1
1344,30,1769018444,l1
1345,30,1769018444,l1
1346,30,1769018444,l1
1347,30,1769018444,l1
1348,30,1769018444,l1
1349,30,1769018444,l1
1350,30,1769018444,l1
1351,30,1769018444,l1
1352,30,1769018444,l1
1353,30,1769018444,l1
1354,30,1769018444,l1
1355,30,1769018444,l1
1356,30,1769018444,l1
1357,30,1769018444,l1
1358,30,1769018444,l1
1359,30,1769018444,l1
1360,30,1769018444,l1
1361,30,1769018444,l1
1362,30,1769018444,l1
1363,30,1769018444,l1
1364,30,1769018444,l1
1365,30,1769018444,l1
1366,30,1769018444,l1
1367,30,1769018444,l1
1368,30,1769018444,l1
1369,30,1769018444,l1
1370,30,1769018444,l1
1371,30,1769018444,l1
1372,30,1769018444,l1
1373,30,1769018444,l1
1374,30,1769018444,l1
1375,30,1769018444,l1
1376,30,1769018444,l1
1377,30,1769018444,l1
1378,30,1769018444,l1
1379,30,1769018444,l1
1380,30,1769018444,l1
1381,30,1769018444,l1
1382,30,1769018444,l1
1383,30,1769018444,l1
1384,30,1769018444,l1
1385,30,1769018444,l1
1386,30,1769018444,l1
1387,30,1769018444,l1
1388,30,1769018444,l1
1389,30,1769018444,l1
1390,30,1769018444,l1
1391,30,1769018444,l1
1392,30,1769018444,l1
1393,30,1769018444,l1
1394,30,1769018444,l1
1395,30,1769018444,l1
1396,30,1769018444,l1
1397,30,1769018444,l1
1398,30,1769018444,l1
1399,30,1769018444,l1
1400,30,1769018444,l1
1401,30,1769018444,l1
1402,30,1769018444,l1
1403,30,1769018444,l1
1404,30,1769018444,l1
1405,30,1769018444,l1
1406,30,1769018444,l1
1407,30,1769018444,l1
1408,30,1769018444,l1
1409,30,1769018444,l1
1410,30,1769018444,l1
1411,30,1769018444,l1
1412,30,1769018444,l1
1413,30,1769018444,l1
1414,30,1769018444,l1
1415,30,1769018444,l1
1416,30,1769018444,l1
1417,30,1769018444,l1
1418,30,1769018444,l1
1419,30,1769018444,l1
1420,30,1769018444,l1
1421,30,1769018444,l1
1422,30,1769018444,l1
1423,30,1769018444,l1
1424,30,1769018444,l1
1425,30,1769018444,l1
1426,30,1769018444,l1
1427,30,1769018444,l1
1428,30,1769018444,l1
1429,30,1769018444,l1
1430,30,1769018444,l1
1431,30,1769018444,l1
1432,30,1769018444,l1
1433,30,1769018444,l1
1434,30,1769018444,l1
1435,30,1769018444,l1
1436,30,1769018444,l1
1437,30,1769018444,l1
1438,30,1769018444,l1
1439,30,1769018444,l1
1440,30,1769018444,l1
1441,30,1769018444,l1
1442,30,1769018444,l1
1443,30,1769018444,l1
1444,30,1769018444,l1
1445,30,1769018444,l1
1446,30,1769018444,l1
1447,30,1769018444,l1
1448,30,1769018444,l1
1449,30,1769018444,l1
1450,30,1769018444,l1
1451,30,1769018444,l1
1452,30,1769018444,l1
1453,30,1769018444,l1
1454,30,1769018444,l1
1455,30,1769018444,l1
1456,30,1769018444,l1
1457,30,1769018444,l1
1458,30,1769018444,l1
1459,30,1769018444,l1
1460,30,1769018444,l1
1461,30,1769018444,l1
1462,30,1769018444,l1
1463,30,1769018444,l1
1464,30,1769018444,l1
1465,30,1769018444,l1
1466,30,1769018444,l1
1467,30,1769018444,l1
1468,30,1769018444,l1
1469,30,1769018444,l1
1470,30,1769018444,l1
1471,30,1769018444,l1
1472,30,1769018444,l1
1473,30,1769018444,l1
1474,30,1769018444,l1
1475,30,1769018444,l1
1476,30,1769018444,l1
1477,30,1769018444,l1
1478,30,1769018444,l1
1479,30,1769018444,l1
1480,30,1769018444,l1
1481,30,1769018444,l1
1482,30,1769018444,l1
1483,30,1769018444,l1
1484,30,1769018444,l1
1485,30,1769018444,l1
1486,30,1769018444,l1
1487,30,1769018444,l1
1488,30,1769018444,l1
1489,30,1769018444,l1
1490,30,1769018444,l1
1491,30,1769018444,l1
1492,30,1769018444,l1
1493,30,1769018444,l1
1494,30,1769018444,l1
1495,30,1769018444,l1
1496,30,1769018444,l1
1497,30,1769018444,l1
1498,30,1769018444,l1
1499,30,1769018444,l1
1500,30,1769018444,l1
1501,30,1769018444,l1
1502,30,1769018444,l1
1503,30,1769018444,l1
1504,30,1769018444,l1
1505,30,1769018444,l1
1506,30,1769018444,l1
1507,30,1769018444,l1
1508,30,1769018444,l1
1509,30,1769018444,l1
1510,30,1769018444,l1
1511,30,1769018444,l1
1512,30,1769018444,l1
1513,30,1769018444,l1
1514,30,1769018444,l1
1515,30,1769018444,l1
1516,30,1769018444,l1
1517,30,1769018444,l1
1518,30,1769018444,l1
1519,30,1769018444,l1
1520,30,1769018444,l1
1521,30,1769018444,l1
1522,30,1769018444,l1
1523,30,1769018444,l1
1524,30,1769018444,l1
1525,30,1769018444,l1
1526,30,1769018444,l1
1527,30,1769018444,l1
1528,30,1769018444,l1
1529,30,1769018444,l1
1530,30,1769018444,l1
1531,30,1769018444,l1
1532,30,1769018444,l1
1533,30,1769018444,l1
1534,30,1769018444,l1
1535,30,1769018444,l1
1536,30,1769018444,l1
1537,30,1769018444,l1
1538,30,1769018444,l1
1539,30,1769018444,l1
1540,30,1769018444,l1
1541,30,1769018444,l1
1542,30,1769018444,l1
1543,30,1769018444,l1
1544,30,1769018444,l1
1545,30,1769018444,l1
1546,30,1769018444,l1
1547,30,1769018444,l1
1548,30,1769018444,l1
1549,30,1769018444,l1
1550,30,1769018444,l1
1551,30,1769018444,l1
1552,30,1769018444,l1
1553,30,1769018444,l1
1554,30,1769018444,l1
1555,30,1769018444,l1
1556,30,1769018444,l1
1557,30,1769018444,l1
1558,30,1769018444,l1
1559,30,1769018444,l1
1560,30,1769018444,l1
1561,30,1769018444,l1
1562,30,1769018444,l1
1563,30,1769018444,l1
1564,30,1769018444,l1
1565,30,1769018444,l1
1566,30,1769018444,l1
1567,30,1769018444,l1
1568,30,1769018444,l1
1569,30,1769018444,l1
1570,30,1769018444,l1
1571,30,1769018444,l1
1572,30,1769018444,l1
1573,30,1769018444,l1
1574,30,1769018444,l1
1575,30,1769018444,l1
1576,30,1769018444,l1
1577,30,1769018444,l1
1578,30,1769018444,l1
1579,30,1769018444,l1
1580,30,1769018444,l1
1581,30,1769018444,l1
1582,30,1769018444,l1
1583,30,1769018444,l1
1584,30,1769018444,l1
1585,30,1769018444,l1
1586,30,1769018444,l1
1587,30,1769018444,l1
1588,30,1769018444,l1
1589,30,1769018444,l1
1590,30,1769018444,l1
1591,30,1769018444,l1
1592,30,1769018444,l1
1593,30,1769018444,l1
1594,30,1769018444,l1
1595,30,1769018444,l1
1596,30,1769018444,l1
1597,30,1769018444,l1
1598,30,1769018444,l1
1599,30,1769018444,l1
1600,30,1769018444,l1
1601,30,1769018444,l1
1602,30,1769018444,l1
1603,30,1769018444,l1
1604,30,1769018444,l1
1605,30,1769018444,l1
1606,30,1769018444,l1
1607,30,1769018444,l1
1608,30,1769018444,l1
1609,30,1769018444,l1
1610,30,1769018444,l1
1611,30,1769018444,l1
1612,30,1769018444,l1
1613,30,1769018444,l1
1614,30,1769018444,l1
1615,30,1769018444,l1
1616,30,1769018444,l1
1617,30,1769018444,l1
1618,30,1769018444,l1
1619,30,1769018444,l1
1620,30,1769018444,l1
1621,30,1769018444,l1
1622,30,1769018444,l1
1623,30,1769018444,l1
1624,30,1769018444,l1
1625,30,1769018444,l1
1626,30,1769018444,l1
1627,30,1769018444,l1
1628,30,1769018444,l1
1629,30,1769018444,l1
1630,30,1769018444,l1
1631,30,1769018444,l1
1632,30,1769018444,l1
1633,30,1769018444,l1
1634,30,1769018444,l1
1635,30,1769018444,l1
1636,30,1769018444,l1
1637,30,1769018444,l1
1638,30,1769018444,l1
1639,30,1769018444,l1
1640,30,1769018444,l1
1641,30,1769018444,l1
1642,30,1769018444,l1
1643,30,1769018444,l1
1644,30,1769018444,l1
1645,30,1769018444,l1
1646,30,1769018444,l1
1647,30,1769018444,l1
1648,30,1769018444,l1
1649,30,1769018444,l1
1650,30,1769018444,l1
1651,30,1769018444,l1
1652,30,1769018444,l1
1653,30,1769018444,l1
1654,30,1769018444,l1
1655,30,1769018444,l1
1656,30,1769018444,l1
1657,30,1769018444,l1
1658,30,1769018444,l1
1659,30,1769018444,l1
1660,30,1769018444,l1
1661,30,1769018444,l1
1662,30,1769018444,l1
1663,30,1769018444,l1
1664,30,1769018444,l1
1665,30,1769018444,l1
1666,30,1769018444,l1
1667,30,1769018444,l1
1668,30,1769018444,l1
1669,30,1769018444,l1
1670,30,1769018444,l1
1671,30,1769018444,l1
1672,30,1769018444,l1
1673,30,1769018444,l1
1674,30,1769018444,l1
1675,30,1769018444,l1
1676,30,1769018444,l1
1677,30,1769018444,l1
1678,30,1769018444,l1
1679,30,1769018444,l1
1680,30,1769018444,l1
1681,30,1769018444,l1
1682,30,1769018444,l1
1683,30,1769018444,l1
1684,30,1769018444,l1
1685,30,1769018444,l1
1686,30,1769018444,l1
1687,30,1769018444,l1
1688,30,1769018444,l1
1689,30,1769018444,l1
1690,30,1769018444,l1
1691,30,1769018444,l1
1692,30,1769018444,l1
1693,30,1769018444,l1
1694,30,1769018444,l1
1695,30,1769018444,l1
1696,30,1769018444,l1
1697,30,1769018444,l1
1698,30,1769018444,l1
1699,30,1769018444,l1
1700,30,1769018444,l1
1701,30,1769018444,l1
1702,30,1769018444,l1
1703,30,1769018444,l1
1704,30,1769018444,l1
1705,30,1769018444,l1
1706,30,1769018444,l1
1707,30,1769018444,l1
1708,30,1769018444,l1
1709,30,1769018444,l1
1710,30,1769018444,l1
1711,30,1769018444,l1
1712,30,1769018444,l1
1713,30,1769018444,l1
1714,30,1769018444,l1
1715,30,1769018444,l1
1716,30,1769018444,l1
1717,30,1769018444,l1
1718,30,1769018444,l1
1719,30,1769018444,l1
1720,30,1769018444,l1
1721,30,1769018444,l1
1722,30,1769018444,l1
1723,30,1769018444,l1
1724,30,1769018444,l1
1725,30,1769018444,l1
1726,30,1769018444,l1
1727,30,1769018444,l1
1728,30,1769018444,l1
1729,30,1769018444,l1
1730,30,1769018444,l1
1731,30,1769018444,l1
1732,30,1769018444,l1
1733,30,1769018444,l1
1734,30,1769018444,l1
1735,30,1769018444,l1
1736,30,1769018444,l1
1737,30,1769018444,l1
1738,30,1769018444,l1
1739,30,1769018444,l1
1740,30,1769018444,l1
1741,30,1769018444,l1
1742,30,1769018444,l1
1743,30,1769018444,l1
1744,30,1769018444,l1
1745,30,1769018444,l1
1746,30,1769018444,l1
1747,30,1769018444,l1
1748,30,1769018444,l1
1749,30,1769018444,l1
1750,30,1769018444,l1
1751,30,1769018444,l1
1752,30,1769018444,l1
1753,30,1769018444,l1
1754,30,1769018444,l1
1755,30,1769018444,l1
1756,30,1769018444,l1
1757,30,1769018444,l1
1758,30,1769018444,l1
1759,30,1769018444,l1
1760,30,1769018444,l1
1761,30,1769018444,l1
1762,30,1769018444,l1
1763,30,1769018444,l1
1764,30,1769018444,l1
1765,30,1769018444,l1
1766,30,1769018444,l1
1767,30,1769018444,l1
1768,30,1769018444,l1
1769,30,1769018444,l1
1770,30,1769018444,l1
1771,30,1769018444,l1
1772,30,1769018444,l1
1773,30,1769018444,l1
1774,30,1769018444,l1
1775,30,1769018444,l1
1776,30,1769018444,l1
1777,30,1769018444,l1
1778,30,1769018444,l1
1779,30,1769018444,l1
1780,30,1769018444,l1
1781,30,1769018444,l1
1782,30,1769018444,l1
1783,30,1769018444,l1
1784,30,1769018444,l1
1785,30,1769018444,l1
1786,30,1769018444,l1
1787,30,1769018444,l1
1788,30,1769018444,l1
1789,30,1769018444,l1
1790,30,1769018444,l1
1791,30,1769018444,l1
1792,30,1769018444,l1
1793,30,1769018444,l1
1794,30,1769018444,l1
1795,30,1769018444,l1
1796,30,1769018444,l1
1797,30,1769018444,l1
1798,30,1769018444,l1
1799,30,1769018444,l1
1800,30,1769018444,l1
1801,30,1769018444,l1
1802,30,1769018444,l1
1803,30,1769018444,l1
1804,30,1769018444,l1
1805,30,1769018444,l1
1806,30,1769018444,l1
1807,30,1769018444,l1
1808,30,1769018444,l1
1809,30,1769018444,l1
1810,30,1769018444,l1
1811,30,1769018444,l1
1812,30,1769018444,l1
1813,30,1769018444,l1
1814,30,1769018444,l1
1815,30,1769018444,l1
1816,30,1769018444,l1
1817,30,1769018444,l1
1818,30,1769018444,l1
1819,30,1769018444,l1
1820,30,1769018444,l1
1821,30,1769018444,l1
1822,30,1769018444,l1
1823,30,1769018444,l1
1824,30,1769018444,l1
1825,30,1769018444,l1
1826,30,1769018444,l1
1827,30,1769018444,l1
1828,30,1769018444,l1
1829,30,1769018444,l1
1830,30,1769018444,l1
1831,30,1769018444,l1
1832,30,1769018444,l1
1833,30,1769018444,l1
1834,30,1769018444,l1
1835,30,1769018444,l1
1836,30,1769018444,l1
1837,30,1769018444,l1
1838,30,1769018444,l1
1839,30,1769018444,l1
1840,30,1769018444,l1
1841,30,1769018444,l1
1842,30,1769018444,l1
1843,30,1769018444,l1
1844,30,1769018444,l1
1845,30,1769018444,l1
1846,30,1769018444,l1
1847,30,1769018444,l1
1848,30,1769018444,l1
1849,30,1769018444,l1
1850,30,1769018444,l1
1851,30,1769018444,l1
1852,30,1769018444,l1
1853,30,1769018444,l1
1854,30,1769018444,l1
1855,30,1769018444,l1
1856,30,1769018444,l1
1857,30,1769018444,l1
1858,30,1769018444,l1
1859,30,1769018444,l1
1860,30,1769018444,l1
1861,30,1769018444,l1
1862,30,1769018444,l1
1863,30,1769018444,l1
1864,30,1769018444,l1
1865,30,1769018444,l1
1866,30,1769018444,l1
1867,30,1769018444,l1
1868,30,1769018444,l1
1869,30,1769018444,l1
1870,30,1769018444,l1
1871,30,1769018444,l1
1872,30,1769018444,l1
1873,30,1769018444,l1
1874,30,1769018444,l1
1875,30,1769018444,l1
1876,30,1769018444,l1
1877,30,1769018444,l1
1878,30,1769018444,l1
1879,30,1769018444,l1
1880,30,1769018444,l1
1881,30,1769018444,l1
1882,30,1769018444,l1
1883,30,1769018444,l1
1884,30,1769018444,l1
1885,30,1769018444,l1
1886,30,1769018444,l1
1887,30,1769018444,l1
1888,30,1769018444,l1
1889,30,1769018444,l1
1890,30,1769018444,l1
1891,30,1769018444,l1
1892,30,1769018444,l1
1893,30,1769018444,l1
1894,30,1769018444,l1
1895,30,1769018444,l1
1896,30,1769018444,l1
1897,30,1769018444,l1
1898,30,1769018444,l1
1899,30,1769018444,l1
1900,30,1769018444,l1
1901,30,1769018444,l1
1902,30,1769018444,l1
1903,30,1769018444,l1
1904,30,1769018444,l1
1905,30,1769018444,l1
1906,30,1769018444,l1
1907,30,1769018444,l1
1908,30,1769018444,l1
1909,30,1769018444,l1
1910,30,1769018444,l1
1911,30,1769018444,l1
1912,30,1769018444,l1
1913,30,1769018444,l1
1914,30,1769018444,l1
1915,30,1769018444,l1
1916,30,1769018444,l1
1917,30,1769018444,l1
1918,30,1769018444,l1
1919,30,1769018444,l1
1920,30,1769018444,l1
1921,30,1769018444,l1
1922,30,1769018444,l1
1923,30,1769018444,l1
1924,30,1769018444,l1
1925,30,1769018444,l1
1926,30,1769018444,l1
1927,30,1769018444,l1
1928,30,1769018444,l1
1929,30,1769018444,l1
1930,30,1769018444,l1
1931,30,1769018444,l1
1932,30,1769018444,l1
1933,30,1769018444,l1
1934,30,1769018444,l1
1935,30,1769018444,l1
1936,30,1769018444,l1
1937,30,1769018444,l1
1938,30,1769018444,l1
1939,30,1769018444,l1
1940,30,1769018444,l1
1941,30,1769018444,l1
1942,30,1769018444,l1
1943,30,1769018444,l1
1944,30,1769018444,l1
1945,30,1769018444,l1
1946,30,1769018444,l1
1947,30,1769018444,l1
1948,30,1769018444,l1
1949,30,1769018444,l1
1950,30,1769018444,l1
1951,30,1769018444,l1
1952,30,1769018444,l1
1953,30,1769018444,l1
1954,30,1769018444,l1
1955,30,1769018444,l1
1956,30,1769018444,l1
1957,30,1769018444,l1
1958,30,1769018444,l1
1959,30,1769018444,l1
1960,30,1769018444,l1
1961,30,1769018444,l1
1962,30,1769018444,l1
1963,30,1769018444,l1
1964,30,1769018444,l1
1965,30,1769018444,l1
1966,30,1769018444,l1
1967,30,1769018444,l1
1968,30,1769018444,l1
1969,30,1769018444,l1
1970,30,1769018444,l1
1971,30,1769018444,l1
1972,30,1769018444,l1
1973,30,1769018444,l1
1974,30,1769018444,l1
1975,30,1769018444,l1
1976,30,1769018444,l1
1977,30,1769018444,l1
1978,30,1769018444,l1
1979,30,1769018444,l1
1980,30,1769018444,l1
1981,30,1769018444,l1
1982,30,1769018444,l1
1983,30,1769018444,l1
1984,30,1769018444,l1
1985,30,1769018444,l1
1986,30,1769018444,l1
1987,30,1769018444,l1
1988,30,1769018444,l1
1989,30,1769018444,l1
1990,30,1769018444,l1
1991,30,1769018444,l1
1992,30,1769018444,l1
1993,30,1769018444,l1
1994,30,1769018444,l1
1995,30,1769018444,l1
1996,30,1769018444,l1
1997,30,1769018444,l1
1998,30,1769018444,l1
1999,30,1769018444,l1
2000,30,1769018444,l1
2001,30,1769018444,l1
1,0,1769018433,l1
2,30,1769018433,l1
3,30,1769018433,l1
4,30,1769018433,l1
5,30,1769018433,l1
6,30,1769018433,l1
7,30,1769018433,l1
8,30,1769018433,l1
9,30,1769018433,l1
10,30,1769018433,l1
11,30,1769018433,l1
12,30,1769018433,l1
13,30,1769018433,l1
14,30,1769018433,l1
15,30,1769018433,l1
16,30,1769018433,l1
17,30,1769018433,l1
18,30,1769018433,l1
19,0,1769018433,l1
20,30,1769018433,l1
21,30,1769018433,l1
22,30,1769018433,l1
23,30,1769018433,l1
24,0,1769018433,l1
25,30,1769018433,l1
26,30,1769018433,l1
27,30,1769018433,l1
28,30,1769018433,l1
29,30,1769018433,l1
30,30,1769018433,l1
31,0,1769018433,l1
32,30,1769018433,l1
33,30,1769018433,l1
34,30,1769018433,l1
35,30,1769018433,l1
36,30,1769018433,l1
37,30,1769018433,l1
38,30,1769018433,l1
39,30,1769018433,l1
40,30,1769018433,l1
41,30,1769018433,l1
42,30,1769018433,l1
43,30,1769018433,l1
44,30,1769018433,l1
45,30,1769018433,l1
46,30,1769018433,l1
47,30,1769018433,l1
48,30,1769018433,l1
49,30,1769018433,l1
50,30,1769018433,l1
51,30,1769018433,l1
52,30,1769018433,l1
53,30,1769018433,l1
54,30,1769018433,l1
55,30,1769018433,l1
56,0,1769018433,l1
57,30,1769018433,l1
58,30,1769018433,l1
59,30,1769018433,l1
60,30,1769018433,l1
61,30,1769018433,l1
62,30,1769018433,l1
63,30,1769018433,l1
64,30,1769018433,l1
65,30,1769018433,l1
66,30,1769018433,l1
67,30,1769018433,l1
68,0,1769018433,l1
69,30,1769018433,l1
70,30,1769018433,l1
71,30,1769018433,l1
72,30,1769018433,l1
73,30,1769018433,l1
74,30,1769018433,l1
75,30,1769018433,l1
76,30,1769018433,l1
77,30,1769018433,l1
78,30,1769018433,l1
79,30,1769018433,l1
80,30,1769018433,l1
81,30,1769018433,l1
82,30,1769018433,l1
83,30,1769018433,l1
84,30,1769018433,l1
85,30,1769018433,l1
86,30,1769018433,l1
87,30,1769018433,l1
88,30,1769018433,l1
89,0,1769018433,l1
90,30,1769018433,l1
91,30,1769018433,l1
92,0,1769018433,l1
93,30,1769018433,l1
94,30,1769018433,l1
95,0,1769018433,l1
96,30,1769018433,l1
97,30,1769018433,l1
98,30,1769018433,l1
99,30,1769018433,l1
100,30,1769018433,l1
101,30,1769018433,l1
102,30,1769018433,l1
103,30,1769018433,l1
104,30,1769018433,l1
105,30,1769018433,l1
106,30,1769018433,l1
107,30,1769018433,l1
108,30,1769018433,l1
109,30,1769018433,l1
110,30,1769018433,l1
111,30,1769018433,l1
112,30,1769018433,l1
113,30,1769018433,l1
114,30,1769018433,l1
115,30,1769018433,l1
116,30,1769018433,l1
117,30,1769018433,l1
118,30,1769018433,l1
119,30,1769018433,l1
120,30,1769018433,l1
121,30,1769018433,l1
122,30,1769018433,l1
123,30,1769018433,l1
124,30,1769018433,l1
125,30,1769018433,l1
126,30,1769018433,l1
127,30,1769018433,l1
128,30,1769018433,l1
129,30,1769018433,l1
130,30,1769018433,l1
131,30,1769018433,l1
132,30,1769018433,l1
133,30,1769018433,l1
134,30,1769018433,l1
135,30,1769018433,l1
136,30,1769018433,l1
137,30,1769018433,l1
138,30,1769018433,l1
139,30,1769018433,l1
140,0,1769018433,l1
141,30,1769018433,l1
142,30,1769018433,l1
143,30,1769018433,l1
144,30,1769018433,l1
145,30,1769018433,l1
146,30,1769018433,l1
147,30,1769018433,l1
148,30,1769018433,l1
149,30,1769018433,l1
150,30,1769018433,l1
151,30,1769018433,l1
152,30,1769018433,l1
153,30,1769018433,l1
154,30,1769018433,l1
155,30,1769018433,l1
156,30,1769018433,l1
157,30,1769018433,l1
158,30,1769018433,l1
159,30,1769018433,l1
160,30,1769018433,l1
161,30,1769018433,l1
162,30,1769018433,l1
163,30,1769018433,l1
164,30,1769018433,l1
165,30,1769018433,l1
166,30,1769018433,l1
167,30,1769018433,l1
168,0,1769018433,l1
169,30,1769018433,l1
170,30,1769018433,l1
171,30,1769018433,l1
172,30,1769018433,l1
173,30,1769018433,l1
174,30,1769018433,l1
175,30,1769018433,l1
176,30,1769018433,l1
177,30,1769018433,l1
178,30,1769018433,l1
179,30,1769018433,l1
180,30,1769018433,l1
181,30,1769018433,l1
182,30,1769018433,l1
183,30,1769018433,l1
184,30,1769018433,l1
185,30,1769018433,l1
186,30,1769018433,l1
187,30,1769018433,l1
188,30,1769018433,l1
189,30,1769018433,l1
190,30,1769018433,l1
191,30,1769018433,l1
192,30,1769018433,l1
193,30,1769018433,l1
194,30,1769018433,l1
195,30,1769018433,l1
196,0,1769018433,l1
197,30,1769018433,l1
198,30,1769018433,l1
199,30,1769018433,l1
200,30,1769018433,l1
201,30,1769018433,l1
202,30,1769018433,l1
203,30,1769018433,l1
204,30,1769018433,l1
205,30,1769018433,l1
206,30,1769018433,l1
207,30,1769018433,l1
208,30,1769018433,l1
209,30,1769018433,l1
210,30,1769018433,l1
211,30,1769018433,l1
212,30,1769018433,l1
213,30,1769018433,l1
214,30,1769018433,l1
215,30,1769018433,l1
216,30,1769018433,l1
217,30,1769018433,l1
218,30,1769018433,l1
219,30,1769018433,l1
220,30,1769018433,l1
221,30,1769018433,l1
222,30,1769018433,l1
223,30,1769018433,l1
224,30,1769018433,l1
225,30,1769018433,l1
226,30,1769018433,l1
227,30,1769018433,l1
228,30,1769018433,l1
229,30,1769018433,l1
230,30,1769018433,l1
231,30,1769018433,l1
232,0,1769018433,l1
233,30,1769018433,l1
234,30,1769018433,l1
235,0,1769018433,l1
236,30,1769018433,l1
237,30,1769018433,l1
238,30,1769018433,l1
239,30,1769018433,l1
240,30,1769018433,l1
241,0,1769018433,l1
242,30,1769018433,l1
243,30,1769018433,l1
244,30,1769018433,l1
245,0,1769018433,l1
246,30,1769018433,l1
247,30,1769018433,l1
248,30,1769018433,l1
249,30,1769018433,l1
250,30,1769018433,l1
251,30,1769018433,l1
252,30,1769018433,l1
253,0,1769018433,l1
254,30,1769018433,l1
255,30,1769018433,l1
256,30,1769018433,l1
257,30,1769018433,l1
258,30,1769018433,l1
259,30,1769018433,l1
260,30,1769018433,l1
261,30,1769018433,l1
262,30,1769018433,l1
263,30,1769018433,l1
264,30,1769018433,l1
265,30,1769018433,l1
266,30,1769018433,l1
267,0,1769018433,l1
268,30,1769018433,l1
269,30,1769018433,l1
270,30,1769018433,l1
271,30,1769018433,l1
272,30,1769018433,l1
273,30,1769018433,l1
274,30,1769018433,l1
275,30,1769018433,l1
276,30,1769018433,l1
277,30,1769018433,l1
278,30,1769018433,l1
279,30,1769018433,l1
280,30,1769018433,l1
281,30,1769018433,l1
282,30,1769018433,l1
283,30,1769018433,l1
284,30,1769018433,l1
285,30,1769018433,l1
286,30,1769018433,l1
287,30,1769018433,l1
288,30,1769018433,l1
289,30,1769018433,l1
290,30,1769018433,l1
291,30,1769018433,l1
292,30,1769018433,l1
293,30,1769018433,l1
294,30,1769018433,l1
295,30,1769018433,l1
296,30,1769018433,l1
297,30,1769018433,l1
298,30,1769018433,l1
299,30,1769018433,l1
300,30,1769018433,l1
301,30,1769018433,l1
302,30,1769018433,l1
303,30,1769018433,l1
304,30,1769018433,l1
305,30,1769018433,l1
306,30,1769018433,l1
307,30,1769018433,l1
308,30,1769018433,l1
309,30,1769018433,l1
310,30,1769018433,l1
311,30,1769018433,l1
312,30,1769018433,l1
313,30,1769018433,l1
314,30,1769018433,l1
315,30,1769018433,l1
316,30,1769018433,l1
317,30,1769018433,l1
318,30,1769018433,l1
319,30,1769018433,l1
320,30,1769018433,l1
321,30,1769018433,l1
322,30,1769018433,l1
323,30,1769018433,l1
324,30,1769018433,l1
325,30,1769018433,l1
326,30,1769018433,l1
327,30,1769018433,l1
328,30,1769018433,l1
329,30,1769018433,l1
330,30,1769018433,l1
331,30,1769018433,l1
332,30,1769018433,l1
333,30,1769018433,l1
334,30,1769018433,l1
335,30,1769018433,l1
336,30,1769018433,l1
337,30,1769018433,l1
338,30,1769018433,l1
339,30,1769018433,l1
340,30,1769018433,l1
341,30,1769018433,l1
342,30,1769018433,l1
343,30,1769018433,l1
344,30,1769018433,l1
345,30,1769018433,l1
346,30,1769018433,l1
347,30,1769018433,l1
348,30,1769018433,l1
349,30,1769018433,l1
350,30,1769018433,l1
351,30,1769018433,l1
352,30,1769018433,l1
353,30,1769018433,l1
354,30,1769018433,l1
355,30,1769018433,l1
356,30,1769018433,l1
357,30,1769018433,l1
358,30,1769018433,l1
359,30,1769018433,l1
360,30,1769018433,l1
361,30,1769018433,l1
362,30,1769018433,l1
363,30,1769018433,l1
364,30,1769018433,l1
365,30,1769018433,l1
366,30,1769018433,l1
367,30,1769018433,l1
368,30,1769018433,l1
369,30,1769018433,l1
370,30,1769018433,l1
371,30,1769018433,l1
372,30,1769018433,l1
373,30,1769018433,l1
374,30,1769018433,l1
375,30,1769018433,l1
376,30,1769018433,l1
377,30,1769018433,l1
378,30,1769018433,l1
379,30,1769018433,l1
380,30,1769018433,l1
381,30,1769018433,l1
382,30,1769018433,l1
383,30,1769018433,l1
384,30,1769018433,l1
385,30,1769018433,l1
386,30,1769018433,l1
387,30,1769018433,l1
388,30,1769018433,l1
389,30,1769018433,l1
390,30,1769018433,l1
391,30,1769018433,l1
392,30,1769018433,l1
393,30,1769018433,l1
394,30,1769018433,l1
395,30,1769018433,l1
396,30,1769018433,l1
397,30,1769018433,l1
398,30,1769018433,l1
399,30,1769018433,l1
400,30,1769018433,l1
401,30,1769018433,l1
402,30,1769018433,l1
403,30,1769018433,l1
404,30,1769018433,l1
405,30,1769018433,l1
406,30,1769018433,l1
407,30,1769018433,l1
408,30,1769018433,l1
409,30,1769018433,l1
410,30,1769018433,l1
411,30,1769018433,l1
412,30,1769018433,l1
413,30,1769018433,l1
414,30,1769018433,l1
415,30,1769018433,l1
416,30,1769018433,l1
417,30,1769018433,l1
418,30,1769018433,l1
419,30,1769018433,l1
420,30,1769018433,l1
421,30,1769018433,l1
422,30,1769018433,l1
423,30,1769018433,l1
424,30,1769018433,l1
425,30,1769018433,l1
426,30,1769018433,l1
427,30,1769018433,l1
428,30,1769018433,l1
429,30,1769018433,l1
430,30,1769018433,l1
431,30,1769018433,l1
432,30,1769018433,l1
433,30,1769018433,l1
434,30,1769018433,l1
435,30,1769018433,l1
436,30,1769018433,l1
437,30,1769018433,l1
438,30,1769018433,l1
439,30,1769018433,l1
440,30,1769018433,l1
441,30,1769018433,l1
442,30,1769018433,l1
443,30,1769018433,l1
444,30,1769018433,l1
445,30,1769018433,l1
446,30,1769018433,l1
447,30,1769018433,l1
448,30,1769018433,l1
449,30,1769018433,l1
450,30,1769018433,l1
451,30,1769018433,l1
452,30,1769018433,l1
453,30,1769018433,l1
454,30,1769018433,l1
455,30,1769018433,l1
456,30,1769018433,l1
457,30,1769018433,l1
458,30,1769018433,l1
459,30,1769018433,l1
460,30,1769018433,l1
461,30,1769018433,l1
462,30,1769018433,l1
463,30,1769018433,l1
464,30,1769018433,l1
465,30,1769018433,l1
466,30,1769018433,l1
467,30,1769018433,l1
468,30,1769018433,l1
469,30,1769018433,l1
470,30,1769018433,l1
471,30,1769018433,l1
472,30,1769018433,l1
473,30,1769018433,l1
474,30,1769018433,l1
475,30,1769018433,l1
476,30,1769018433,l1
477,30,1769018433,l1
478,30,1769018433,l1
479,30,1769018433,l1
480,30,1769018433,l1
481,30,1769018433,l1
482,30,1769018433,l1
483,30,1769018433,l1
484,30,1769018433,l1
485,30,1769018433,l1
486,30,1769018433,l1
487,30,1769018433,l1
488,30,1769018433,l1
489,30,1769018433,l1
490,30,1769018433,l1
491,30,1769018433,l1
492,30,1769018433,l1
493,30,1769018433,l1
494,30,1769018433,l1
495,30,1769018433,l1
496,30,1769018433,l1
497,30,1769018433,l1
498,30,1769018433,l1
499,30,1769018433,l1
500,30,1769018433,l1
501,30,1769018433,l1
502,30,1769018433,l1
503,30,1769018433,l1
504,30,1769018433,l1
505,30,1769018433,l1
506,30,1769018433,l1
507,30,1769018433,l1
508,30,1769018433,l1
509,30,1769018433,l1
510,30,1769018433,l1
511,30,1769018433,l1
512,30,1769018433,l1
513,30,1769018433,l1
514,30,1769018433,l1
515,30,1769018433,l1
516,30,1769018433,l1
517,30,1769018433,l1
518,30,1769018433,l1
519,30,1769018433,l1
520,30,1769018433,l1
521,30,1769018433,l1
522,30,1769018433,l1
523,30,1769018433,l1
524,30,1769018433,l1
525,30,1769018433,l1
526,30,1769018433,l1
527,30,1769018433,l1
528,30,1769018433,l1
529,30,1769018433,l1
530,30,1769018433,l1
531,30,1769018433,l1
532,30,1769018433,l1
533,30,1769018433,l1
534,30,1769018433,l1
535,30,1769018433,l1
536,30,1769018433,l1
537,30,1769018433,l1
538,30,1769018433,l1
539,30,1769018433,l1
540,30,1769018433,l1
541,30,1769018433,l1
542,30,1769018433,l1
543,30,1769018433,l1
544,30,1769018433,l1
545,30,1769018433,l1
546,30,1769018433,l1
547,30,1769018433,l1
548,30,1769018433,l1
549,30,1769018433,l1
550,30,1769018433,l1
551,30,1769018433,l1
552,30,1769018433,l1
553,30,1769018433,l1
554,30,1769018433,l1
555,30,1769018433,l1
556,30,1769018433,l1
557,30,1769018433,l1
558,30,1769018433,l1
559,30,1769018433,l1
560,30,1769018433,l1
561,30,1769018433,l1
562,30,1769018433,l1
563,30,1769018433,l1
564,30,1769018433,l1
565,30,1769018433,l1
566,30,1769018433,l1
567,30,1769018433,l1
568,30,1769018433,l1
569,30,1769018433,l1
570,30,1769018433,l1
571,30,1769018433,l1
572,30,1769018433,l1
573,30,1769018433,l1
574,30,1769018433,l1
575,30,1769018433,l1
576,30,1769018433,l1
577,30,1769018433,l1
578,30,1769018433,l1
579,30,1769018433,l1
580,30,1769018433,l1
581,30,1769018433,l1
582,30,1769018433,l1
583,30,1769018433,l1
584,30,1769018433,l1
585,30,1769018433,l1
586,30,1769018433,l1
587,30,1769018433,l1
588,30,1769018433,l1
589,30,1769018433,l1
590,30,1769018433,l1
591,30,1769018433,l1
592,30,1769018433,l1
593,30,1769018433,l1
594,30,1769018433,l1
595,30,1769018433,l1
596,30,1769018433,l1
597,30,1769018433,l1
598,30,1769018433,l1
599,30,1769018433,l1
600,30,1769018433,l1
601,30,1769018433,l1
602,30,1769018433,l1
603,30,1769018433,l1
604,30,1769018433,l1
605,30,1769018433,l1
606,30,1769018433,l1
607,30,1769018433,l1
608,30,1769018433,l1
609,30,1769018433,l1
610,30,1769018433,l1
611,30,1769018433,l1
612,30,1769018433,l1
613,30,1769018433,l1
614,30,1769018433,l1
615,30,1769018433,l1
616,30,1769018433,l1
617,30,1769018433,l1
618,30,1769018433,l1
619,30,1769018433,l1
620,30,1769018433,l1
621,30,1769018433,l1
622,30,1769018433,l1
623,30,1769018433,l1
624,30,1769018433,l1
625,30,1769018433,l1
626,30,1769018433,l1
627,30,1769018433,l1
628,30,1769018433,l1
629,30,1769018433,l1
630,30,1769018433,l1
631,30,1769018433,l1
632,30,1769018433,l1
633,30,1769018433,l1
634,30,1769018433,l1
635,30,1769018433,l1
636,30,1769018433,l1
637,30,1769018433,l1
638,30,1769018433,l1
639,30,1769018433,l1
640,30,1769018433,l1
641,30,1769018433,l1
642,30,1769018433,l1
643,30,1769018433,l1
644,30,1769018433,l1
645,30,1769018433,l1
646,30,1769018433,l1
647,30,1769018433,l1
648,30,1769018433,l1
649,30,1769018433,l1
650,30,1769018433,l1
651,30,1769018433,l1
652,30,1769018433,l1
653,30,1769018433,l1
654,30,1769018433,l1
655,30,1769018433,l1
656,30,1769018433,l1
657,30,1769018433,l1
658,30,1769018433,l1
659,30,1769018433,l1
660,30,1769018433,l1
661,30,1769018433,l1
662,30,1769018433,l1
663,30,1769018433,l1
664,30,1769018433,l1
665,30,1769018433,l1
666,30,1769018433,l1
667,30,1769018433,l1
668,30,1769018433,l1
669,30,1769018433,l1
670,30,1769018433,l1
671,30,1769018433,l1
672,30,1769018433,l1
673,30,1769018433,l1
674,30,1769018433,l1
675,30,1769018433,l1
676,30,1769018433,l1
677,30,1769018433,l1
678,30,1769018433,l1
679,30,1769018433,l1
680,30,1769018433,l1
681,30,1769018433,l1
682,30,1769018433,l1
683,30,1769018433,l1
684,30,1769018433,l1
685,30,1769018433,l1
686,30,1769018433,l1
687,30,1769018433,l1
688,30,1769018433,l1
689,30,1769018433,l1
690,30,1769018433,l1
691,30,1769018433,l1
692,30,1769018433,l1
693,30,1769018433,l1
694,30,1769018433,l1
695,30,1769018433,l1
696,30,1769018433,l1
697,30,1769018433,l1
698,30,1769018433,l1
699,30,1769018433,l1
700,30,1769018433,l1
701,30,1769018433,l1
702,30,1769018433,l1
703,30,1769018433,l1
704,30,1769018433,l1
705,30,1769018433,l1
706,30,1769018433,l1
707,30,1769018433,l1
708,30,1769018433,l1
709,30,1769018433,l1
710,30,1769018433,l1
711,30,1769018433,l1
712,30,1769018433,l1
713,30,1769018433,l1
714,30,1769018433,l1
715,30,1769018433,l1
716,30,1769018433,l1
717,30,1769018433,l1
718,30,1769018433,l1
719,30,1769018433,l1
720,30,1769018433,l1
721,30,1769018433,l1
722,30,1769018433,l1
723,30,1769018433,l1
724,30,1769018433,l1
725,30,1769018433,l1
726,30,1769018433,l1
727,30,1769018433,l1
728,30,1769018433,l1
729,30,1769018433,l1
730,30,1769018433,l1
731,30,1769018433,l1
732,30,1769018433,l1
733,30,1769018433,l1
734,30,1769018433,l1
735,30,1769018433,l1
736,30,1769018433,l1
737,30,1769018433,l1
738,30,1769018433,l1
739,30,1769018433,l1
740,30,1769018433,l1
741,30,1769018433,l1
742,30,1769018433,l1
743,30,1769018433,l1
744,30,1769018433,l1
745,30,1769018433,l1
746,30,1769018433,l1
747,30,1769018433,l1
748,30,1769018433,l1
749,30,1769018433,l1
750,30,1769018433,l1
751,30,1769018433,l1
752,30,1769018433,l1
753,30,1769018433,l1
754,30,1769018433,l1
755,30,1769018433,l1
756,30,1769018433,l1
757,30,1769018433,l1
758,30,1769018433,l1
759,30,1769018433,l1
760,30,1769018433,l1
761,30,1769018433,l1
762,30,1769018433,l1
763,30,1769018433,l1
764,30,1769018433,l1
765,30,1769018433,l1
766,30,1769018433,l1
767,30,1769018433,l1
768,30,1769018433,l1
769,30,1769018433,l1
770,30,1769018433,l1
771,30,1769018433,l1
772,30,1769018433,l1
773,30,1769018433,l1
774,30,1769018433,l1
775,30,1769018433,l1
776,30,1769018433,l1
777,30,1769018433,l1
778,30,1769018433,l1
779,30,1769018433,l1
780,30,1769018433,l1
781,30,1769018433,l1
782,30,1769018433,l1
783,30,1769018433,l1
784,30,1769018433,l1
785,30,1769018433,l1
786,30,1769018433,l1
787,30,1769018433,l1
788,30,1769018433,l1
789,30,1769018433,l1
790,30,1769018433,l1
791,30,1769018433,l1
792,30,1769018433,l1
793,30,1769018433,l1
794,30,1769018433,l1
795,30,1769018433,l1
796,30,1769018433,l1
797,30,1769018433,l1
798,30,1769018433,l1
799,30,1769018433,l1
800,30,1769018433,l1
801,30,1769018433,l1
802,30,1769018433,l1
803,30,1769018433,l1
804,30,1769018433,l1
805,30,1769018433,l1
806,30,1769018433,l1
807,30,1769018433,l1
808,30,1769018433,l1
809,30,1769018433,l1
810,30,1769018433,l1
811,30,1769018433,l1
812,30,1769018433,l1
813,30,1769018433,l1
814,30,1769018433,l1
815,30,1769018433,l1
816,30,1769018433,l1
817,30,1769018433,l1
818,30,1769018433,l1
819,30,1769018433,l1
820,30,1769018433,l1
821,30,1769018433,l1
822,30,1769018433,l1
823,30,1769018433,l1
824,30,1769018433,l1
825,30,1769018433,l1
826,30,1769018433,l1
827,30,1769018433,l1
828,30,1769018433,l1
829,30,1769018433,l1
830,30,1769018433,l1
831,30,1769018433,l1
832,30,1769018433,l1
833,30,1769018433,l1
834,30,1769018433,l1
835,30,1769018433,l1
836,30,1769018433,l1
837,30,1769018433,l1
838,30,1769018433,l1
839,30,1769018433,l1
840,30,1769018433,l1
841,30,1769018433,l1
842,30,1769018433,l1
843,30,1769018433,l1
844,30,1769018433,l1
845,30,1769018433,l1
846,30,1769018433,l1
847,30,1769018433,l1
848,30,1769018433,l1
849,30,1769018433,l1
850,30,1769018433,l1
851,30,1769018433,l1
852,30,1769018433,l1
853,30,1769018433,l1
854,30,1769018433,l1
855,30,1769018433,l1
856,30,1769018433,l1
857,30,1769018433,l1
858,30,1769018433,l1
859,30,1769018433,l1
860,30,1769018433,l1
861,30,1769018433,l1
862,30,1769018433,l1
863,30,1769018433,l1
864,30,1769018433,l1
865,30,1769018433,l1
866,30,1769018433,l1
867,30,1769018433,l1
868,30,1769018433,l1
869,30,1769018433,l1
870,30,1769018433,l1
871,30,1769018433,l1
872,30,1769018433,l1
873,30,1769018433,l1
874,30,1769018433,l1
875,30,1769018433,l1
876,30,1769018433,l1
877,30,1769018433,l1
878,30,1769018433,l1
879,30,1769018433,l1
880,30,1769018433,l1
881,30,1769018433,l1
882,30,1769018433,l1
883,30,1769018433,l1
884,30,1769018433,l1
885,30,1769018433,l1
886,30,1769018433,l1
887,30,1769018433,l1
888,30,1769018433,l1
889,30,1769018433,l1
890,30,1769018433,l1
891,30,1769018433,l1
892,30,1769018433,l1
893,30,1769018433,l1
894,30,1769018433,l1
895,30,1769018433,l1
896,30,1769018433,l1
897,30,1769018433,l1
898,30,1769018433,l1
899,30,1769018433,l1
900,30,1769018433,l1
901,30,1769018433,l1
902,30,1769018433,l1
903,30,1769018433,l1
904,30,1769018433,l1
905,30,1769018433,l1
906,30,1769018433,l1
907,30,1769018433,l1
908,30,1769018433,l1
909,30,1769018433,l1
910,30,1769018433,l1
911,30,1769018433,l1
912,30,1769018433,l1
913,30,1769018433,l1
914,30,1769018433,l1
915,30,1769018433,l1
916,30,1769018433,l1
917,30,1769018433,l1
918,30,1769018433,l1
919,30,1769018433,l1
920,30,1769018433,l1
921,30,1769018433,l1
922,30,1769018433,l1
923,30,1769018433,l1
924,30,1769018433,l1
925,30,1769018433,l1
926,30,1769018433,l1
927,30,1769018433,l1
928,30,1769018433,l1
929,30,1769018433,l1
930,30,1769018433,l1
931,30,1769018433,l1
932,30,1769018433,l1
933,30,1769018433,l1
934,30,1769018433,l1
935,30,1769018433,l1
936,30,1769018433,l1
937,30,1769018433,l1
938,30,1769018433,l1
939,30,1769018433,l1
940,30,1769018433,l1
941,30,1769018433,l1
942,30,1769018433,l1
943,30,1769018433,l1
944,30,1769018433,l1
945,30,1769018433,l1
946,30,1769018433,l1
947,30,1769018433,l1
948,30,1769018433,l1
949,30,1769018433,l1
950,30,1769018433,l1
951,30,1769018433,l1
952,30,1769018433,l1
953,30,1769018433,l1
954,30,1769018433,l1
955,30,1769018433,l1
956,30,1769018433,l1
957,30,1769018433,l1
958,30,1769018433,l1
959,30,1769018433,l1
960,30,1769018433,l1
961,30,1769018433,l1
962,30,1769018433,l1
963,30,1769018433,l1
964,30,1769018433,l1
965,30,1769018433,l1
966,30,1769018433,l1
967,30,1769018433,l1
968,30,1769018433,l1
969,30,1769018433,l1
970,30,1769018433,l1
971,30,1769018433,l1
972,30,1769018433,l1
973,30,1769018433,l1
974,30,1769018433,l1
975,30,1769018433,l1
976,30,1769018433,l1
977,30,1769018433,l1
978,30,1769018433,l1
979,30,1769018433,l1
980,30,1769018433,l1
981,30,1769018433,l1
982,30,1769018433,l1
983,30,1769018433,l1
984,30,1769018433,l1
985,30,1769018433,l1
986,30,1769018433,l1
987,30,1769018433,l1
988,30,1769018433,l1
989,30,1769018433,l1
990,30,1769018433,l1
991,30,1769018433,l1
992,30,1769018433,l1
993,30,1769018433,l1
994,30,1769018433,l1
995,30,1769018433,l1
996,30,1769018433,l1
997,30,1769018433,l1
998,30,1769018433,l1
999,30,1769018433,l1
1000,30,1769018433,l1
1001,30,1769018433,l1
1002,30,1769018433,l1
1003,30,1769018433,l1
1004,30,1769018433,l1
1005,30,1769018433,l1
1006,30,1769018433,l1
1007,30,1769018433,l1
1008,30,1769018433,l1
1009,30,1769018433,l1
1010,30,1769018433,l1
1011,30,1769018433,l1
1012,30,1769018433,l1
1013,30,1769018433,l1
1014,30,1769018433,l1
1015,30,1769018433,l1
1016,30,1769018433,l1
1017,30,1769018433,l1
1018,30,1769018433,l1
1019,30,1769018433,l1
1020,30,1769018433,l1
1021,30,1769018433,l1
1022,30,1769018433,l1
1023,30,1769018433,l1
1024,30,1769018433,l1
1025,30,1769018433,l1
1026,30,1769018433,l1
1027,30,1769018433,l1
1028,30,1769018433,l1
1029,30,1769018433,l1
1030,30,1769018433,l1
1031,30,1769018433,l1
1032,30,1769018433,l1
1033,30,1769018433,l1
1034,30,1769018433,l1
1035,30,1769018433,l1
1036,30,1769018433,l1
1037,30,1769018433,l1
1038,30,1769018433,l1
1039,30,1769018433,l1
1040,30,1769018433,l1
1041,30,1769018433,l1
1042,30,1769018433,l1
1043,30,1769018433,l1
1044,30,1769018433,l1
1045,30,1769018433,l1
1046,30,1769018433,l1
1047,30,1769018433,l1
1048,30,1769018433,l1
1049,30,1769018433,l1
1050,30,1769018433,l1
1051,30,1769018433,l1
1052,30,1769018433,l1
1053,30,1769018433,l1
1054,30,1769018433,l1
1055,30,1769018433,l1
1056,30,1769018433,l1
1057,30,1769018433,l1
1058,30,1769018433,l1
1059,30,1769018433,l1
1060,30,1769018433,l1
1061,30,1769018433,l1
1062,30,1769018433,l1
1063,30,1769018433,l1
1064,30,1769018433,l1
1065,30,1769018433,l1
1066,30,1769018433,l1
1067,30,1769018433,l1
1068,30,1769018433,l1
1069,30,1769018433,l1
1070,30,1769018433,l1
1071,30,1769018433,l1
1072,30,1769018433,l1
1073,30,1769018433,l1
1074,30,1769018433,l1
1075,30,1769018433,l1
1076,30,1769018433,l1
1077,30,1769018433,l1
1078,30,1769018433,l1
1079,30,1769018433,l1
1080,30,1769018433,l1
1081,30,1769018433,l1
1082,30,1769018433,l1
1083,30,1769018433,l1
1084,30,1769018433,l1
1085,30,1769018433,l1
1086,30,1769018433,l1
1087,30,1769018433,l1
1088,30,1769018433,l1
1089,30,1769018433,l1
1090,30,1769018433,l1
1091,30,1769018433,l1
1092,30,1769018433,l1
1093,30,1769018433,l1
1094,30,1769018433,l1
1095,30,1769018433,l1
1096,30,1769018433,l1
1097,30,1769018433,l1
1098,30,1769018433,l1
1099,30,1769018433,l1
1100,30,1769018433,l1
1101,30,1769018433,l1
1102,30,1769018433,l1
1103,30,1769018433,l1
1104,30,1769018433,l1
1105,30,1769018433,l1
1106,30,1769018433,l1
1107,30,1769018433,l1
1108,30,1769018433,l1
1109,30,1769018433,l1
1110,30,1769018433,l1
1111,30,1769018433,l1
1112,30,1769018433,l1
1113,30,1769018433,l1
1114,30,1769018433,l1
1115,30,1769018433,l1
1116,30,1769018433,l1
1117,30,1769018433,l1
1118,30,1769018433,l1
1119,30,1769018433,l1
1120,30,1769018433,l1
1121,30,1769018433,l1
1122,30,1769018433,l1
1123,30,1769018433,l1
1124,30,1769018433,l1
1125,30,1769018433,l1
1126,30,1769018433,l1
1127,30,1769018433,l1
1128,30,1769018433,l1
1129,30,1769018433,l1
1130,30,1769018433,l1
1131,30,1769018433,l1
1132,30,1769018433,l1
1133,30,1769018433,l1
1134,30,1769018433,l1
1135,30,1769018433,l1
1136,30,1769018433,l1
1137,30,1769018433,l1
1138,30,1769018433,l1
1139,30,1769018433,l1
1140,30,1769018433,l1
1141,30,1769018433,l1
1142,30,1769018433,l1
1143,30,1769018433,l1
1144,30,1769018433,l1
1145,30,1769018433,l1
1146,30,1769018433,l1
1147,30,1769018433,l1
1148,30,1769018433,l1
1149,30,1769018433,l1
1150,30,1769018433,l1
1151,30,1769018433,l1
1152,30,1769018433,l1
1153,30,1769018433,l1
1154,30,1769018433,l1
1155,30,1769018433,l1
1156,30,1769018433,l1
1157,30,1769018433,l1
1158,30,1769018433,l1
1159,30,1769018433,l1
1160,30,1769018433,l1
1161,30,1769018433,l1
1162,30,1769018433,l1
1163,30,1769018433,l1
1164,30,1769018433,l1
1165,30,1769018433,l1
1166,30,1769018433,l1
1167,30,1769018433,l1
1168,30,1769018433,l1
1169,30,1769018433,l1
1170,30,1769018433,l1
1171,30,1769018433,l1
1172,30,1769018433,l1
1173,30,1769018433,l1
1174,30,1769018433,l1
1175,30,1769018433,l1
1176,30,1769018433,l1
1177,30,1769018433,l1
1178,30,1769018433,l1
1179,30,1769018433,l1
1180,30,1769018433,l1
1181,30,1769018433,l1
1182,30,1769018433,l1
1183,30,1769018433,l1
1184,30,1769018433,l1
1185,30,1769018433,l1
1186,30,1769018433,l1
1187,30,1769018433,l1
1188,30,1769018433,l1
1189,30,1769018433,l1
1190,30,1769018433,l1
1191,30,1769018433,l1
1192,30,1769018433,l1
1193,30,1769018433,l1
1194,30,1769018433,l1
1195,30,1769018433,l1
1196,30,1769018433,l1
1197,30,1769018433,l1
1198,30,1769018433,l1
1199,30,1769018433,l1
1200,30,1769018433,l1
1201,30,1769018433,l1
1202,30,1769018433,l1
1203,30,1769018433,l1
1204,30,1769018433,l1
1205,30,1769018433,l1
1206,30,1769018433,l1
1207,30,1769018433,l1
1208,30,1769018433,l1
1209,30,1769018433,l1
1210,30,1769018433,l1
1211,30,1769018433,l1
1212,30,1769018433,l1
1213,30,1769018433,l1
1214,30,1769018433,l1
1215,30,1769018433,l1
1216,30,1769018433,l1
1217,30,1769018433,l1
1218,30,1769018433,l1
1219,30,1769018433,l1
1220,30,1769018433,l1
1221,30,1769018433,l1
1222,30,1769018433,l1
1223,30,1769018433,l1
1224,30,1769018433,l1
1225,30,1769018433,l1
1226,30,1769018433,l1
1227,30,1769018433,l1
1228,30,1769018433,l1
1229,30,1769018433,l1
1230,30,1769018433,l1
1231,30,1769018433,l1
1232,30,1769018433,l1
1233,30,1769018433,l1
1234,30,1769018433,l1
1235,30,1769018433,l1
1236,30,1769018433,l1
1237,30,1769018433,l1
1238,30,1769018433,l1
1239,30,1769018433,l1
1240,30,1769018433,l1
1241,30,1769018433,l1
1242,30,1769018433,l1
1243,30,1769018433,l1
1244,30,1769018433,l1
1245,30,1769018433,l1
1246,30,1769018433,l1
1247,30,1769018433,l1
1248,30,1769018433,l1
1249,30,1769018433,l1
1250,30,1769018433,l1
1251,30,1769018433,l1
1252,30,1769018433,l1
1253,30,1769018433,l1
1254,30,1769018433,l1
1255,30,1769018433,l1
1256,30,1769018433,l1
1257,30,1769018433,l1
1258,30,1769018433,l1
1259,30,1769018433,l1
1260,30,1769018433,l1
1261,30,1769018433,l1
1262,30,1769018433,l1
1263,30,1769018433,l1
1264,30,1769018433,l1
1265,30,1769018433,l1
1266,30,1769018433,l1
1267,30,1769018433,l1
1268,30,1769018433,l1
1269,30,1769018433,l1
1270,30,1769018433,l1
1271,30,1769018433,l1
1272,30,1769018433,l1
1273,30,1769018433,l1
1274,30,1769018433,l1
1275,30,1769018433,l1
1276,30,1769018433,l1
1277,30,1769018433,l1
1278,30,1769018433,l1
1279,30,1769018433,l1
1280,30,1769018433,l1
1281,30,1769018433,l1
1282,30,1769018433,l1
1283,30,1769018433,l1
1284,30,1769018433,l1
1285,30,1769018433,l1
1286,30,1769018433,l1
1287,30,1769018433,l1
1288,30,1769018433,l1
1289,30,1769018433,l1
1290,30,1769018433,l1
1291,30,1769018433,l1
1292,30,1769018433,l1
1293,30,1769018433,l1
1294,30,1769018433,l1
1295,30,1769018433,l1
1296,30,1769018433,l1
1297,30,1769018433,l1
1298,30,1769018433,l1
1299,30,1769018433,l1
1300,30,1769018433,l1
1301,30,1769018433,l1
1302,30,1769018433,l1
1303,30,1769018433,l1
1304,30,1769018433,l1
1305,30,1769018433,l1
1306,30,1769018433,l1
1307,30,1769018433,l1
1308,30,1769018433,l1
1309,30,1769018433,l1
1310,30,1769018433,l1
1311,30,1769018433,l1
1312,30,1769018433,l1
1313,30,1769018433,l1
1314,30,1769018433,l1
1315,30,1769018433,l1
1316,30,1769018433,l1
1317,30,1769018433,l1
1318,30,1769018433,l1
1319,30,1769018433,l1
1320,30,1769018433,l1
1321,30,1769018433,l1
1322,30,1769018433,l1
1323,30,1769018433,l1
1324,30,1769018433,l1
1325,30,1769018433,l1
1326,30,1769018433,l1
1327,30,1769018433,l1
1328,30,1769018433,l1
1329,30,1769018433,l1
1330,30,1769018433,l1
1331,30,1769018433,l1
1332,30,1769018433,l1
1333,30,1769018433,l1
1334,30,1769018433,l1
1335,30,1769018433,l1
1336,30,1769018433,l1
1337,30,1769018433,l1
1338,30,1769018433,l1
1339,30,1769018433,l1
1340,30,1769018433,l1
1341,30,1769018433,l1
1342,30,1769018433,l1
1343,30,1769018433,l1
1344,30,1769018433,l1
1345,30,1769018433,l1
1346,30,1769018433,l1
1347,30,1769018433,l1
1348,30,1769018433,l1
1349,30,1769018433,l1
1350,30,1769018433,l1
1351,30,1769018433,l1
1352,30,1769018433,l1
1353,30,1769018433,l1
1354,30,1769018433,l1
1355,30,1769018433,l1
1356,30,1769018433,l1
1357,30,1769018433,l1
1358,30,1769018433,l1
1359,30,1769018433,l1
1360,30,1769018433,l1
1361,30,1769018433,l1
1362,30,1769018433,l1
1363,30,1769018433,l1
1364,30,1769018433,l1
1365,30,1769018433,l1
1366,30,1769018433,l1
1367,30,1769018433,l1
1368,30,1769018433,l1
1369,30,1769018433,l1
1370,30,1769018433,l1
1371,30,1769018433,l1
1372,30,1769018433,l1
1373,30,1769018433,l1
1374,30,1769018433,l1
1375,30,1769018433,l1
1376,30,1769018433,l1
1377,30,1769018433,l1
1378,30,1769018433,l1
1379,30,1769018433,l1
1380,30,1769018433,l1
1381,30,1769018433,l1
1382,30,1769018433,l1
1383,30,1769018433,l1
1384,30,1769018433,l1
1385,30,1769018433,l1
1386,30,1769018433,l1
1387,30,1769018433,l1
1388,30,1769018433,l1
1389,30,1769018433,l1
1390,30,1769018433,l1
1391,30,1769018433,l1
1392,30,1769018433,l1
1393,30,1769018433,l1
1394,30,1769018433,l1
1395,30,1769018433,l1
1396,30,1769018433,l1
1397,30,1769018433,l1
1398,30,1769018433,l1
1399,30,1769018433,l1
1400,30,1769018433,l1
1401,30,1769018433,l1
1402,30,1769018433,l1
1403,30,1769018433,l1
1404,30,1769018433,l1
1405,30,1769018433,l1
1406,30,1769018433,l1
1407,30,1769018433,l1
1408,30,1769018433,l1
1409,30,1769018433,l1
1410,30,1769018433,l1
1411,30,1769018433,l1
1412,30,1769018433,l1
1413,30,1769018433,l1
1414,30,1769018433,l1
1415,30,1769018433,l1
1416,30,1769018433,l1
1417,30,1769018433,l1
1418,30,1769018433,l1
1419,30,1769018433,l1
1420,30,1769018433,l1
1421,30,1769018433,l1
1422,30,1769018433,l1
1423,30,1769018433,l1
1424,30,1769018433,l1
1425,30,1769018433,l1
1426,30,1769018433,l1
1427,30,1769018433,l1
1428,30,1769018433,l1
1429,30,1769018433,l1
1430,30,1769018433,l1
1431,30,1769018433,l1
1432,30,1769018433,l1
1433,30,1769018433,l1
1434,30,1769018433,l1
1435,30,1769018433,l1
1436,30,1769018433,l1
1437,30,1769018433,l1
1438,30,1769018433,l1
1439,30,1769018433,l1
1440,30,1769018433,l1
1441,30,1769018433,l1
1442,30,1769018433,l1
1443,30,1769018433,l1
1444,30,1769018433,l1
1445,30,1769018433,l1
1446,30,1769018433,l1
1447,30,1769018433,l1
1448,30,1769018433,l1
1449,30,1769018433,l1
1450,30,1769018433,l1
1451,30,1769018433,l1
1452,30,1769018433,l1
1453,30,1769018433,l1
1454,30,1769018433,l1
1455,30,1769018433,l1
1456,30,1769018433,l1
1457,30,1769018433,l1
1458,30,1769018433,l1
1459,30,1769018433,l1
1460,30,1769018433,l1
1461,30,1769018433,l1
1462,30,1769018433,l1
1463,30,1769018433,l1
1464,30,1769018433,l1
1465,30,1769018433,l1
1466,30,1769018433,l1
1467,30,1769018433,l1
1468,30,1769018433,l1
1469,30,1769018433,l1
1470,30,1769018433,l1
1471,30,1769018433,l1
1472,30,1769018433,l1
1473,30,1769018433,l1
1474,30,1769018433,l1
1475,30,1769018433,l1
1476,30,1769018433,l1
1477,30,1769018433,l1
1478,30,1769018433,l1
1479,30,1769018433,l1
1480,30,1769018433,l1
1481,30,1769018433,l1
1482,30,1769018433,l1
1483,30,1769018433,l1
1484,30,1769018433,l1
1485,30,1769018433,l1
1486,30,1769018433,l1
1487,30,1769018433,l1
1488,30,1769018433,l1
1489,30,1769018433,l1
1490,30,1769018433,l1
1491,30,1769018433,l1
1492,30,1769018433,l1
1493,30,1769018433,l1
1494,30,1769018433,l1
1495,30,1769018433,l1
1496,30,1769018433,l1
1497,30,1769018433,l1
1498,30,1769018433,l1
1499,30,1769018433,l1
1500,30,1769018433,l1
1501,30,1769018433,l1
1502,30,1769018433,l1
1503,30,1769018433,l1
1504,30,1769018433,l1
1505,30,1769018433,l1
1506,30,1769018433,l1
1507,30,1769018433,l1
1508,30,1769018433,l1
1509,30,1769018433,l1
1510,30,1769018433,l1
1511,30,1769018433,l1
1512,30,1769018433,l1
1513,30,1769018433,l1
1514,30,1769018433,l1
1515,30,1769018433,l1
1516,30,1769018433,l1
1517,30,1769018433,l1
1518,30,1769018433,l1
1519,30,1769018433,l1
1520,30,1769018433,l1
1521,30,1769018433,l1
1522,30,1769018433,l1
1523,30,1769018433,l1
1524,30,1769018433,l1
1525,30,1769018433,l1
1526,30,1769018433,l1
1527,30,1769018433,l1
1528,30,1769018433,l1
1529,30,1769018433,l1
1530,30,1769018433,l1
1531,30,1769018433,l1
1532,30,1769018433,l1
1533,30,1769018433,l1
1534,30,1769018433,l1
1535,30,1769018433,l1
1536,30,1769018433,l1
1537,30,1769018433,l1
1538,30,1769018433,l1
1539,30,1769018433,l1
1540,30,1769018433,l1
1541,30,1769018433,l1
1542,30,1769018433,l1
1543,30,1769018433,l1
1544,30,1769018433,l1
1545,30,1769018433,l1
1546,30,1769018433,l1
1547,30,1769018433,l1
1548,30,1769018433,l1
1549,30,1769018433,l1
1550,30,1769018433,l1
1551,30,1769018433,l1
1552,30,1769018433,l1
1553,30,1769018433,l1
1554,30,1769018433,l1
1555,30,1769018433,l1
1556,30,1769018433,l1
1557,30,1769018433,l1
1558,30,1769018433,l1
1559,30,1769018433,l1
1560,30,1769018433,l1
1561,30,1769018433,l1
1562,30,1769018433,l1
1563,30,1769018433,l1
1564,30,1769018433,l1
1565,30,1769018433,l1
1566,30,1769018433,l1
1567,30,1769018433,l1
1568,30,1769018433,l1
1569,30,1769018433,l1
1570,30,1769018433,l1
1571,30,1769018433,l1
1572,30,1769018433,l1
1573,30,1769018433,l1
1574,30,1769018433,l1
1575,30,1769018433,l1
1576,30,1769018433,l1
1577,30,1769018433,l1
1578,30,1769018433,l1
1579,30,1769018433,l1
1580,30,1769018433,l1
1581,30,1769018433,l1
1582,30,1769018433,l1
1583,30,1769018433,l1
1584,30,1769018433,l1
1585,30,1769018433,l1
1586,30,1769018433,l1
1587,30,1769018433,l1
1588,30,1769018433,l1
1589,30,1769018433,l1
1590,30,1769018433,l1
1591,30,1769018433,l1
1592,30,1769018433,l1
1593,30,1769018433,l1
1594,30,1769018433,l1
1595,30,1769018433,l1
1596,30,1769018433,l1
1597,30,1769018433,l1
1598,30,1769018433,l1
1599,30,1769018433,l1
1600,30,1769018433,l1
1601,30,1769018433,l1
1602,30,1769018433,l1
1603,30,1769018433,l1
1604,30,1769018433,l1
1605,30,1769018433,l1
1606,30,1769018433,l1
1607,30,1769018433,l1
1608,30,1769018433,l1
1609,30,1769018433,l1
1610,30,1769018433,l1
1611,30,1769018433,l1
1612,30,1769018433,l1
1613,30,1769018433,l1
1614,30,1769018433,l1
1615,30,1769018433,l1
1616,30,1769018433,l1
1617,30,1769018433,l1
1618,30,1769018433,l1
1619,30,1769018433,l1
1620,30,1769018433,l1
1621,30,1769018433,l1
1622,30,1769018433,l1
1623,30,1769018433,l1
1624,30,1769018433,l1
1625,30,1769018433,l1
1626,30,1769018433,l1
1627,30,1769018433,l1
1628,30,1769018433,l1
1629,30,1769018433,l1
1630,30,1769018433,l1
1631,30,1769018433,l1
1632,30,1769018433,l1
1633,30,1769018433,l1
1634,30,1769018433,l1
1635,30,1769018433,l1
1636,30,1769018433,l1
1637,30,1769018433,l1
1638,30,1769018433,l1
1639,30,1769018433,l1
1640,30,1769018433,l1
1641,30,1769018433,l1
1642,30,1769018433,l1
1643,30,1769018433,l1
1644,30,1769018433,l1
1645,30,1769018433,l1
1646,30,1769018433,l1
1647,30,1769018433,l1
1648,30,1769018433,l1
1649,30,1769018433,l1
1650,30,1769018433,l1
1651,30,1769018433,l1
1652,30,1769018433,l1
1653,30,1769018433,l1
1654,30,1769018433,l1
1655,30,1769018433,l1
1656,30,1769018433,l1
1657,30,1769018433,l1
1658,30,1769018433,l1
1659,30,1769018433,l1
1660,30,1769018433,l1
1661,30,1769018433,l1
1662,30,1769018433,l1
1663,30,1769018433,l1
1664,30,1769018433,l1
1665,30,1769018433,l1
1666,30,1769018433,l1
1667,30,1769018433,l1
1668,30,1769018433,l1
1669,30,1769018433,l1
1670,30,1769018433,l1
1671,30,1769018433,l1
1672,30,1769018433,l1
1673,30,1769018433,l1
1674,30,1769018433,l1
1675,30,1769018433,l1
1676,30,1769018433,l1
1677,30,1769018433,l1
1678,30,1769018433,l1
1679,30,1769018433,l1
1680,30,1769018433,l1
1681,30,1769018433,l1
1682,30,1769018433,l1
1683,30,1769018433,l1
1684,30,1769018433,l1
1685,30,1769018433,l1
1686,30,1769018433,l1
1687,30,1769018433,l1
1688,30,1769018433,l1
1689,30,1769018433,l1
1690,30,1769018433,l1
1691,30,1769018433,l1
1692,30,1769018433,l1
1693,30,1769018433,l1
1694,30,1769018433,l1
1695,30,1769018433,l1
1696,30,1769018433,l1
1697,30,1769018433,l1
1698,30,1769018433,l1
1699,30,1769018433,l1
1700,30,1769018433,l1
1701,30,1769018433,l1
1702,30,1769018433,l1
1703,30,1769018433,l1
1704,30,1769018433,l1
1705,30,1769018433,l1
1706,30,1769018433,l1
1707,30,1769018433,l1
1708,30,1769018433,l1
1709,30,1769018433,l1
1710,30,1769018433,l1
1711,30,1769018433,l1
1712,30,1769018433,l1
1713,30,1769018433,l1
1714,30,1769018433,l1
1715,30,1769018433,l1
1716,30,1769018433,l1
1717,30,1769018433,l1
1718,30,1769018433,l1
1719,30,1769018433,l1
1720,30,1769018433,l1
1721,30,1769018433,l1
1722,30,1769018433,l1
1723,30,1769018433,l1
1724,30,1769018433,l1
1725,30,1769018433,l1
1726,30,1769018433,l1
1727,30,1769018433,l1
1728,30,1769018433,l1
1729,30,1769018433,l1
1730,30,1769018433,l1
1731,30,1769018433,l1
1732,30,1769018433,l1
1733,30,1769018433,l1
1734,30,1769018433,l1
1735,30,1769018433,l1
1736,30,1769018433,l1
1737,30,1769018433,l1
1738,30,1769018433,l1
1739,30,1769018433,l1
1740,30,1769018433,l1
1741,30,1769018433,l1
1742,30,1769018433,l1
1743,30,1769018433,l1
1744,30,1769018433,l1
1745,30,1769018433,l1
1746,30,1769018433,l1
1747,30,1769018433,l1
1748,30,1769018433,l1
1749,30,1769018433,l1
1750,30,1769018433,l1
1751,30,1769018433,l1
1752,30,1769018433,l1
1753,30,1769018433,l1
1754,30,1769018433,l1
1755,30,1769018433,l1
1756,30,1769018433,l1
1757,30,1769018433,l1
1758,30,1769018433,l1
1759,30,1769018433,l1
1760,30,1769018433,l1
1761,30,1769018433,l1
1762,30,1769018433,l1
1763,30,1769018433,l1
1764,30,1769018433,l1
1765,30,1769018433,l1
1766,30,1769018433,l1
1767,30,1769018433,l1
1768,30,1769018433,l1
1769,30,1769018433,l1
1770,30,1769018433,l1
1771,30,1769018433,l1
1772,30,1769018433,l1
1773,30,1769018433,l1
1774,30,1769018433,l1
1775,30,1769018433,l1
1776,30,1769018433,l1
1777,30,1769018433,l1
1778,30,1769018433,l1
1779,30,1769018433,l1
1780,30,1769018433,l1
1781,30,1769018433,l1
1782,30,1769018433,l1
1783,30,1769018433,l1
1784,30,1769018433,l1
1785,30,1769018433,l1
1786,30,1769018433,l1
1787,30,1769018433,l1
1788,30,1769018433,l1
1789,30,1769018433,l1
1790,30,1769018433,l1
1791,30,1769018433,l1
1792,30,1769018433,l1
1793,30,1769018433,l1
1794,30,1769018433,l1
1795,30,1769018433,l1
1796,30,1769018433,l1
1797,30,1769018433,l1
1798,30,1769018433,l1
1799,30,1769018433,l1
1800,30,1769018433,l1
1801,30,1769018433,l1
1802,30,1769018433,l1
1803,30,1769018433,l1
1804,30,1769018433,l1
1805,30,1769018433,l1
1806,30,1769018433,l1
1807,30,1769018433,l1
1808,30,1769018433,l1
1809,30,1769018433,l1
1810,30,1769018433,l1
1811,30,1769018433,l1
1812,30,1769018433,l1
1813,30,1769018433,l1
1814,30,1769018433,l1
1815,30,1769018433,l1
1816,30,1769018433,l1
1817,30,1769018433,l1
1818,30,1769018433,l1
1819,30,1769018433,l1
1820,30,1769018433,l1
1821,30,1769018433,l1
1822,30,1769018433,l1
1823,30,1769018433,l1
1824,30,1769018433,l1
1825,30,1769018433,l1
1826,30,1769018433,l1
1827,30,1769018433,l1
1828,30,1769018433,l1
1829,30,1769018433,l1
1830,30,1769018433,l1
1831,30,1769018433,l1
1832,30,1769018433,l1
1833,30,1769018433,l1
1834,30,1769018433,l1
1835,30,1769018433,l1
1836,30,1769018433,l1
1837,30,1769018433,l1
1838,30,1769018433,l1
1839,30,1769018433,l1
1840,30,1769018433,l1
1841,30,1769018433,l1
1842,30,1769018433,l1
1843,30,1769018433,l1
1844,30,1769018433,l1
1845,30,1769018433,l1
1846,30,1769018433,l1
1847,30,1769018433,l1
1848,30,1769018433,l1
1849,30,1769018433,l1
1850,30,1769018433,l1
1851,30,1769018433,l1
1852,30,1769018433,l1
1853,30,1769018433,l1
1854,30,1769018433,l1
1855,30,1769018433,l1
1856,30,1769018433,l1
1857,30,1769018433,l1
1858,30,1769018433,l1
1859,30,1769018433,l1
1860,30,1769018433,l1
1861,30,1769018433,l1
1862,30,1769018433,l1
1863,30,1769018433,l1
1864,30,1769018433,l1
1865,30,1769018433,l1
1866,30,1769018433,l1
1867,30,1769018433,l1
1868,30,1769018433,l1
1869,30,1769018433,l1
1870,30,1769018433,l1
1871,30,1769018433,l1
1872,30,1769018433,l1
1873,30,1769018433,l1
1874,30,1769018433,l1
1875,30,1769018433,l1
1876,30,1769018433,l1
1877,30,1769018433,l1
1878,30,1769018433,l1
1879,30,1769018433,l1
1880,30,1769018433,l1
1881,30,1769018433,l1
1882,30,1769018433,l1
1883,30,1769018433,l1
1884,30,1769018433,l1
1885,30,1769018433,l1
1886,30,1769018433,l1
1887,30,1769018433,l1
1888,30,1769018433,l1
1889,30,1769018433,l1
1890,30,1769018433,l1
1891,30,1769018433,l1
1892,30,1769018433,l1
1893,30,1769018433,l1
1894,30,1769018433,l1
1895,30,1769018433,l1
1896,30,1769018433,l1
1897,30,1769018433,l1
1898,30,1769018433,l1
1899,30,1769018433,l1
1900,30,1769018433,l1
1901,30,1769018433,l1
1902,30,1769018433,l1
1903,30,1769018433,l1
1904,30,1769018433,l1
1905,30,1769018433,l1
1906,30,1769018433,l1
1907,30,1769018433,l1
1908,30,1769018433,l1
1909,30,1769018433,l1
1910,30,1769018433,l1
1911,30,1769018433,l1
1912,30,1769018433,l1
1913,30,1769018433,l1
1914,30,1769018433,l1
1915,30,1769018433,l1
1916,30,1769018433,l1
1917,30,1769018433,l1
1918,30,1769018433,l1
1919,30,1769018433,l1
1920,30,1769018433,l1
1921,30,1769018433,l1
1922,30,1769018433,l1
1923,30,1769018433,l1
1924,30,1769018433,l1
1925,30,1769018433,l1
1926,30,1769018433,l1
1927,30,1769018433,l1
1928,30,1769018433,l1
1929,30,1769018433,l1
1930,30,1769018433,l1
1931,30,1769018433,l1
1932,30,1769018433,l1
1933,30,1769018433,l1
1934,30,1769018433,l1
1935,30,1769018433,l1
1936,30,1769018433,l1
1937,30,1769018433,l1
1938,30,1769018433,l1
1939,30,1769018433,l1
1940,30,1769018433,l1
1941,30,1769018433,l1
1942,30,1769018433,l1
1943,30,1769018433,l1
1944,30,1769018433,l1
1945,30,1769018433,l1
1946,30,1769018433,l1
1947,30,1769018433,l1
1948,30,1769018433,l1
1949,30,1769018433,l1
1950,30,1769018433,l1
1951,30,1769018433,l1
1952,30,1769018433,l1
1953,30,1769018433,l1
1954,30,1769018433,l1
1955,30,1769018433,l1
1956,30,1769018433,l1
1957,30,1769018433,l1
1958,30,1769018433,l1
1959,30,1769018433,l1
1960,30,1769018433,l1
1961,30,1769018433,l1
1962,30,1769018433,l1
1963,30,1769018433,l1
1964,30,1769018433,l1
1965,30,1769018433,l1
1966,30,1769018433,l1
1967,30,1769018433,l1
1968,30,1769018433,l1
1969,30,1769018433,l1
1970,30,1769018433,l1
1971,30,1769018433,l1
1972,30,1769018433,l1
1973,30,1769018433,l1
1974,30,1769018433,l1
1975,30,1769018433,l1
1976,30,1769018433,l1
1977,30,1769018433,l1
1978,30,1769018433,l1
1979,30,1769018433,l1
1980,30,1769018433,l1
1981,30,1769018433,l1
1982,30,1769018433,l1
1983,30,1769018433,l1
1984,30,1769018433,l1
1985,30,1769018433,l1
1986,30,1769018433,l1
1987,30,1769018433,l1
1988,30,1769018433,l1
1989,30,1769018433,l1
1990,30,1769018433,l1
1991,30,1769018433,l1
1992,30,1769018433,l1
1993,30,1769018433,l1
1994,30,1769018433,l1
1995,30,1769018433,l1
1996,30,1769018433,l1
1997,30,1769018433,l1
1998,30,1769018433,l1
1999,30,1769018433,l1
2000,30,1769018433,l1
2001,30,1769018433,l1
1,30,1769018419,l1
2,0,1769018419,l1
3,30,1769018419,l1
4,30,1769018419,l1
5,0,1769018419,l1
6,0,1769018419,l1
7,30,1769018419,l1
8,30,1769018419,l1
9,30,1769018419,l1
10,30,1769018419,l1
11,30,1769018419,l1
12,30,1769018419,l1
13,30,1769018419,l1
14,30,1769018419,l1
15,30,1769018419,l1
16,30,1769018419,l1
17,0,1769018419,l1
18,30,1769018419,l1
19,30,1769018419,l1
20,30,1769018419,l1
21,30,1769018419,l1
22,30,1769018419,l1
23,30,1769018419,l1
24,0,1769018419,l1
25,30,1769018419,l1
26,30,1769018419,l1
27,30,1769018419,l1
28,30,1769018419,l1
29,30,1769018419,l1
30,0,1769018419,l1
31,30,1769018419,l1
32,30,1769018419,l1
33,30,1769018419,l1
34,30,1769018419,l1
35,30,1769018419,l1
36,30,1769018419,l1
37,30,1769018419,l1
38,30,1769018419,l1
39,30,1769018419,l1
40,30,1769018419,l1
41,30,1769018419,l1
42,0,1769018419,l1
43,30,1769018419,l1
44,30,1769018419,l1
45,0,1769018419,l1
46,30,1769018419,l1
47,30,1769018419,l1
48,30,1769018419,l1
49,30,1769018419,l1
50,30,1769018419,l1
51,30,1769018419,l1
52,30,1769018419,l1
53,30,1769018419,l1
54,30,1769018419,l1
55,0,1769018419,l1
56,30,1769018419,l1
57,30,1769018419,l1
58,30,1769018419,l1
59,30,1769018419,l1
60,30,1769018419,l1
61,30,1769018419,l1
62,30,1769018419,l1
63,30,1769018419,l1
64,30,1769018419,l1
65,30,1769018419,l1
66,30,1769018419,l1
67,30,1769018419,l1
68,30,1769018419,l1
69,30,1769018419,l1
70,30,1769018419,l1
71,30,1769018419,l1
72,30,1769018419,l1
73,30,1769018419,l1
74,30,1769018419,l1
75,30,1769018419,l1
76,30,1769018419,l1
77,30,1769018419,l1
78,30,1769018419,l1
79,30,1769018419,l1
80,30,1769018419,l1
81,30,1769018419,l1
82,30,1769018419,l1
83,30,1769018419,l1
84,30,1769018419,l1
85,30,1769018419,l1
86,30,1769018419,l1
87,30,1769018419,l1
88,30,1769018419,l1
89,30,1769018419,l1
90,30,1769018419,l1
91,30,1769018419,l1
92,30,1769018419,l1
93,30,1769018419,l1
94,30,1769018419,l1
95,30,1769018419,l1
96,30,1769018419,l1
97,30,1769018419,l1
98,30,1769018419,l1
99,30,1769018419,l1
100,30,1769018419,l1
101,30,1769018419,l1
102,30,1769018419,l1
103,30,1769018419,l1
104,30,1769018419,l1
105,30,1769018419,l1
106,30,1769018419,l1
107,30,1769018419,l1
108,30,1769018419,l1
109,30,1769018419,l1
110,30,1769018419,l1
111,30,1769018419,l1
112,0,1769018419,l1
113,30,1769018419,l1
114,30,1769018419,l1
115,0,1769018419,l1
116,30,1769018419,l1
117,30,1769018419,l1
118,30,1769018419,l1
119,30,1769018419,l1
120,30,1769018419,l1
121,30,1769018419,l1
122,30,1769018419,l1
123,30,1769018419,l1
124,30,1769018419,l1
125,30,1769018419,l1
126,30,1769018419,l1
127,30,1769018419,l1
128,30,1769018419,l1
129,30,1769018419,l1
130,30,1769018419,l1
131,0,1769018419,l1
132,30,1769018419,l1
133,30,1769018419,l1
134,30,1769018419,l1
135,30,1769018419,l1
136,30,1769018419,l1
137,30,1769018419,l1
138,30,1769018419,l1
139,30,1769018419,l1
140,30,1769018419,l1
141,30,1769018419,l1
142,30,1769018419,l1
143,30,1769018419,l1
144,30,1769018419,l1
145,30,1769018419,l1
146,0,1769018419,l1
147,30,1769018419,l1
148,30,1769018419,l1
149,0,1769018419,l1
150,0,1769018419,l1
151,30,1769018419,l1
152,30,1769018419,l1
153,30,1769018419,l1
154,30,1769018419,l1
155,30,1769018419,l1
156,30,1769018419,l1
157,30,1769018419,l1
158,30,1769018419,l1
159,30,1769018419,l1
160,30,1769018419,l1
161,30,1769018419,l1
162,30,1769018419,l1
163,30,1769018419,l1
164,30,1769018419,l1
165,30,1769018419,l1
166,30,1769018419,l1
167,30,1769018419,l1
168,30,1769018419,l1
169,0,1769018419,l1
170,30,1769018419,l1
171,30,1769018419,l1
172,30,1769018419,l1
173,30,1769018419,l1
174,30,1769018419,l1
175,30,1769018419,l1
176,30,1769018419,l1
177,30,1769018419,l1
178,30,1769018419,l1
179,30,1769018419,l1
180,30,1769018419,l1
181,30,1769018419,l1
182,30,1769018419,l1
183,30,1769018419,l1
184,30,1769018419,l1
185,30,1769018419,l1
186,30,1769018419,l1
187,30,1769018419,l1
188,30,1769018419,l1
189,30,1769018419,l1
190,30,1769018419,l1
191,30,1769018419,l1
192,30,1769018419,l1
193,30,1769018419,l1
194,30,1769018419,l1
195,30,1769018419,l1
196,30,1769018419,l1
197,30,1769018419,l1
198,30,1769018419,l1
199,30,1769018419,l1
200,30,1769018419,l1
201,30,1769018419,l1
202,30,1769018419,l1
203,30,1769018419,l1
204,30,1769018419,l1
205,30,1769018419,l1
206,30,1769018419,l1
207,30,1769018419,l1
208,30,1769018419,l1
209,30,1769018419,l1
210,30,1769018419,l1
211,30,1769018419,l1
212,30,1769018419,l1
213,30,1769018419,l1
214,30,1769018419,l1
215,30,1769018419,l1
216,30,1769018419,l1
217,30,1769018419,l1
218,30,1769018419,l1
219,30,1769018419,l1
220,30,1769018419,l1
221,30,1769018419,l1
222,30,1769018419,l1
223,30,1769018419,l1
224,30,1769018419,l1
225,30,1769018419,l1
226,0,1769018419,l1
227,30,1769018419,l1
228,30,1769018419,l1
229,30,1769018419,l1
230,30,1769018419,l1
231,30,1769018419,l1
232,30,1769018419,l1
233,0,1769018419,l1
234,30,1769018419,l1
235,0,1769018419,l1
236,30,1769018419,l1
237,30,1769018419,l1
238,30,1769018419,l1
239,30,1769018419,l1
240,30,1769018419,l1
241,30,1769018419,l1
242,30,1769018419,l1
243,30,1769018419,l1
244,30,1769018419,l1
245,30,1769018419,l1
246,30,1769018419,l1
247,30,1769018419,l1
248,0,1769018419,l1
249,30,1769018419,l1
250,30,1769018419,l1
251,0,1769018419,l1
252,30,1769018419,l1
253,30,1769018419,l1
254,30,1769018419,l1
255,30,1769018419,l1
256,30,1769018419,l1
257,30,1769018419,l1
258,30,1769018419,l1
259,30,1769018419,l1
260,30,1769018419,l1
261,30,1769018419,l1
262,30,1769018419,l1
263,30,1769018419,l1
264,30,1769018419,l1
265,30,1769018419,l1
266,30,1769018419,l1
267,30,1769018419,l1
268,30,1769018419,l1
269,30,1769018419,l1
270,30,1769018419,l1
271,30,1769018419,l1
272,30,1769018419,l1
273,30,1769018419,l1
274,30,1769018419,l1
275,30,1769018419,l1
276,30,1769018419,l1
277,30,1769018419,l1
278,30,1769018419,l1
279,30,1769018419,l1
280,30,1769018419,l1
281,30,1769018419,l1
282,30,1769018419,l1
283,30,1769018419,l1
284,30,1769018419,l1
285,30,1769018419,l1
286,30,1769018419,l1
287,30,1769018419,l1
288,30,1769018419,l1
289,30,1769018419,l1
290,30,1769018419,l1
291,30,1769018419,l1
292,30,1769018419,l1
293,30,1769018419,l1
294,30,1769018419,l1
295,30,1769018419,l1
296,30,1769018419,l1
297,30,1769018419,l1
298,30,1769018419,l1
299,30,1769018419,l1
300,30,1769018419,l1
301,30,1769018419,l1
302,30,1769018419,l1
303,30,1769018419,l1
304,30,1769018419,l1
305,30,1769018419,l1
306,30,1769018419,l1
307,30,1769018419,l1
308,30,1769018419,l1
309,30,1769018419,l1
310,30,1769018419,l1
311,30,1769018419,l1
312,30,1769018419,l1
313,30,1769018419,l1
314,30,1769018419,l1
315,30,1769018419,l1
316,30,1769018419,l1
317,30,1769018419,l1
318,30,1769018419,l1
319,30,1769018419,l1
320,30,1769018419,l1
321,30,1769018419,l1
322,30,1769018419,l1
323,30,1769018419,l1
324,30,1769018419,l1
325,30,1769018419,l1
326,30,1769018419,l1
327,30,1769018419,l1
328,30,1769018419,l1
329,30,1769018419,l1
330,30,1769018419,l1
331,30,1769018419,l1
332,30,1769018419,l1
333,30,1769018419,l1
334,30,1769018419,l1
335,30,1769018419,l1
336,30,1769018419,l1
337,30,1769018419,l1
338,30,1769018419,l1
339,30,1769018419,l1
340,30,1769018419,l1
341,30,1769018419,l1
342,30,1769018419,l1
343,30,1769018419,l1
344,30,1769018419,l1
345,30,1769018419,l1
346,30,1769018419,l1
347,30,1769018419,l1
348,30,1769018419,l1
349,30,1769018419,l1
350,30,1769018419,l1
351,30,1769018419,l1
352,30,1769018419,l1
353,0,1769018419,l1
354,30,1769018419,l1
355,30,1769018419,l1
356,30,1769018419,l1
357,30,1769018419,l1
358,30,1769018419,l1
359,30,1769018419,l1
360,30,1769018419,l1
361,30,1769018419,l1
362,30,1769018419,l1
363,30,1769018419,l1
364,30,1769018419,l1
365,30,1769018419,l1
366,30,1769018419,l1
367,30,1769018419,l1
368,30,1769018419,l1
369,30,1769018419,l1
370,30,1769018419,l1
371,30,1769018419,l1
372,30,1769018419,l1
373,30,1769018419,l1
374,30,1769018419,l1
375,30,1769018419,l1
376,30,1769018419,l1
377,30,1769018419,l1
378,30,1769018419,l1
379,30,1769018419,l1
380,30,1769018419,l1
381,30,1769018419,l1
382,30,1769018419,l1
383,30,1769018419,l1
384,30,1769018419,l1
385,30,1769018419,l1
386,30,1769018419,l1
387,30,1769018419,l1
388,30,1769018419,l1
389,30,1769018419,l1
390,30,1769018419,l1
391,30,1769018419,l1
392,30,1769018419,l1
393,30,1769018419,l1
394,30,1769018419,l1
395,30,1769018419,l1
396,30,1769018419,l1
397,30,1769018419,l1
398,30,1769018419,l1
399,30,1769018419,l1
400,30,1769018419,l1
401,30,1769018419,l1
402,30,1769018419,l1
403,30,1769018419,l1
404,30,1769018419,l1
405,30,1769018419,l1
406,30,1769018419,l1
407,30,1769018419,l1
408,30,1769018419,l1
409,30,1769018419,l1
410,30,1769018419,l1
411,30,1769018419,l1
412,30,1769018419,l1
413,30,1769018419,l1
414,30,1769018419,l1
415,30,1769018419,l1
416,30,1769018419,l1
417,30,1769018419,l1
418,30,1769018419,l1
419,30,1769018419,l1
420,30,1769018419,l1
421,30,1769018419,l1
422,30,1769018419,l1
423,30,1769018419,l1
424,30,1769018419,l1
425,30,1769018419,l1
426,30,1769018419,l1
427,30,1769018419,l1
428,30,1769018419,l1
429,30,1769018419,l1
430,30,1769018419,l1
431,30,1769018419,l1
432,30,1769018419,l1
433,30,1769018419,l1
434,30,1769018419,l1
435,30,1769018419,l1
436,30,1769018419,l1
437,30,1769018419,l1
438,30,1769018419,l1
439,30,1769018419,l1
440,30,1769018419,l1
441,30,1769018419,l1
442,30,1769018419,l1
443,30,1769018419,l1
444,0,1769018419,l1
445,30,1769018419,l1
446,30,1769018419,l1
447,30,1769018419,l1
448,30,1769018419,l1
449,30,1769018419,l1
450,30,1769018419,l1
451,30,1769018419,l1
452,30,1769018419,l1
453,30,1769018419,l1
454,30,1769018419,l1
455,0,1769018419,l1
456,30,1769018419,l1
457,30,1769018419,l1
458,30,1769018419,l1
459,30,1769018419,l1
460,30,1769018419,l1
461,30,1769018419,l1
462,30,1769018419,l1
463,30,1769018419,l1
464,30,1769018419,l1
465,30,1769018419,l1
466,30,1769018419,l1
467,30,1769018419,l1
468,30,1769018419,l1
469,30,1769018419,l1
470,30,1769018419,l1
471,30,1769018419,l1
472,30,1769018419,l1
473,30,1769018419,l1
474,30,1769018419,l1
475,30,1769018419,l1
476,30,1769018419,l1
477,30,1769018419,l1
478,30,1769018419,l1
479,30,1769018419,l1
480,30,1769018419,l1
481,30,1769018419,l1
482,30,1769018419,l1
483,30,1769018419,l1
484,30,1769018419,l1
485,30,1769018419,l1
486,30,1769018419,l1
487,30,1769018419,l1
488,30,1769018419,l1
489,30,1769018419,l1
490,30,1769018419,l1
491,30,1769018419,l1
492,30,1769018419,l1
493,30,1769018419,l1
494,30,1769018419,l1
495,30,1769018419,l1
496,30,1769018419,l1
497,30,1769018419,l1
498,30,1769018419,l1
499,30,1769018419,l1
500,30,1769018419,l1
501,30,1769018419,l1
502,30,1769018419,l1
503,30,1769018419,l1
504,30,1769018419,l1
505,30,1769018419,l1
506,30,1769018419,l1
507,30,1769018419,l1
508,30,1769018419,l1
509,30,1769018419,l1
510,30,1769018419,l1
511,30,1769018419,l1
512,30,1769018419,l1
513,30,1769018419,l1
514,30,1769018419,l1
515,30,1769018419,l1
516,30,1769018419,l1
517,30,1769018419,l1
518,30,1769018419,l1
519,30,1769018419,l1
520,30,1769018419,l1
521,30,1769018419,l1
522,30,1769018419,l1
523,30,1769018419,l1
524,30,1769018419,l1
525,30,1769018419,l1
526,30,1769018419,l1
527,30,1769018419,l1
528,30,1769018419,l1
529,30,1769018419,l1
530,30,1769018419,l1
531,30,1769018419,l1
532,30,1769018419,l1
533,30,1769018419,l1
534,30,1769018419,l1
535,30,1769018419,l1
536,30,1769018419,l1
537,30,1769018419,l1
538,30,1769018419,l1
539,30,1769018419,l1
540,30,1769018419,l1
541,30,1769018419,l1
542,30,1769018419,l1
543,30,1769018419,l1
544,30,1769018419,l1
545,30,1769018419,l1
546,30,1769018419,l1
547,30,1769018419,l1
548,30,1769018419,l1
549,30,1769018419,l1
550,30,1769018419,l1
551,30,1769018419,l1
552,30,1769018419,l1
553,30,1769018419,l1
554,30,1769018419,l1
555,30,1769018419,l1
556,30,1769018419,l1
557,30,1769018419,l1
558,30,1769018419,l1
559,30,1769018419,l1
560,30,1769018419,l1
561,30,1769018419,l1
562,30,1769018419,l1
563,30,1769018419,l1
564,30,1769018419,l1
565,0,1769018419,l1
566,30,1769018419,l1
567,30,1769018419,l1
568,30,1769018419,l1
569,30,1769018419,l1
570,30,1769018419,l1
571,30,1769018419,l1
572,30,1769018419,l1
573,30,1769018419,l1
574,30,1769018419,l1
575,30,1769018419,l1
576,30,1769018419,l1
577,30,1769018419,l1
578,30,1769018419,l1
579,30,1769018419,l1
580,30,1769018419,l1
581,30,1769018419,l1
582,30,1769018419,l1
583,30,1769018419,l1
584,30,1769018419,l1
585,30,1769018419,l1
586,30,1769018419,l1
587,30,1769018419,l1
588,30,1769018419,l1
589,30,1769018419,l1
590,30,1769018419,l1
591,30,1769018419,l1
592,30,1769018419,l1
593,30,1769018419,l1
594,30,1769018419,l1
595,30,1769018419,l1
596,30,1769018419,l1
597,30,1769018419,l1
598,30,1769018419,l1
599,30,1769018419,l1
600,30,1769018419,l1
601,30,1769018419,l1
602,30,1769018419,l1
603,30,1769018419,l1
604,30,1769018419,l1
605,30,1769018419,l1
606,30,1769018419,l1
607,30,1769018419,l1
608,30,1769018419,l1
609,30,1769018419,l1
610,30,1769018419,l1
611,30,1769018419,l1
612,30,1769018419,l1
613,30,1769018419,l1
614,30,1769018419,l1
615,30,1769018419,l1
616,30,1769018419,l1
617,30,1769018419,l1
618,30,1769018419,l1
619,30,1769018419,l1
620,30,1769018419,l1
621,30,1769018419,l1
622,30,1769018419,l1
623,30,1769018419,l1
624,30,1769018419,l1
625,30,1769018419,l1
626,30,1769018419,l1
627,30,1769018419,l1
628,30,1769018419,l1
629,30,1769018419,l1
630,30,1769018419,l1
631,30,1769018419,l1
632,30,1769018419,l1
633,30,1769018419,l1
634,30,1769018419,l1
635,30,1769018419,l1
636,30,1769018419,l1
637,30,1769018419,l1
638,30,1769018419,l1
639,30,1769018419,l1
640,30,1769018419,l1
641,30,1769018419,l1
642,30,1769018419,l1
643,30,1769018419,l1
644,30,1769018419,l1
645,30,1769018419,l1
646,30,1769018419,l1
647,30,1769018419,l1
648,30,1769018419,l1
649,30,1769018419,l1
650,30,1769018419,l1
651,30,1769018419,l1
652,30,1769018419,l1
653,30,1769018419,l1
654,30,1769018419,l1
655,30,1769018419,l1
656,30,1769018419,l1
657,30,1769018419,l1
658,30,1769018419,l1
659,30,1769018419,l1
660,30,1769018419,l1
661,30,1769018419,l1
662,30,1769018419,l1
663,30,1769018419,l1
664,30,1769018419,l1
665,30,1769018419,l1
666,30,1769018419,l1
667,30,1769018419,l1
668,30,1769018419,l1
669,30,1769018419,l1
670,30,1769018419,l1
671,30,1769018419,l1
672,30,1769018419,l1
673,30,1769018419,l1
674,30,1769018419,l1
675,30,1769018419,l1
676,30,1769018419,l1
677,30,1769018419,l1
678,30,1769018419,l1
679,30,1769018419,l1
680,30,1769018419,l1
681,30,1769018419,l1
682,30,1769018419,l1
683,30,1769018419,l1
684,30,1769018419,l1
685,30,1769018419,l1
686,30,1769018419,l1
687,30,1769018419,l1
688,30,1769018419,l1
689,30,1769018419,l1
690,30,1769018419,l1
691,30,1769018419,l1
692,30,1769018419,l1
693,30,1769018419,l1
694,30,1769018419,l1
695,30,1769018419,l1
696,30,1769018419,l1
697,30,1769018419,l1
698,30,1769018419,l1
699,30,1769018419,l1
700,30,1769018419,l1
701,30,1769018419,l1
702,30,1769018419,l1
703,30,1769018419,l1
704,30,1769018419,l1
705,30,1769018419,l1
706,30,1769018419,l1
707,30,1769018419,l1
708,30,1769018419,l1
709,30,1769018419,l1
710,30,1769018419,l1
711,30,1769018419,l1
712,30,1769018419,l1
713,30,1769018419,l1
714,30,1769018419,l1
715,30,1769018419,l1
716,30,1769018419,l1
717,30,1769018419,l1
718,30,1769018419,l1
719,30,1769018419,l1
720,30,1769018419,l1
721,30,1769018419,l1
722,30,1769018419,l1
723,30,1769018419,l1
724,30,1769018419,l1
725,30,1769018419,l1
726,30,1769018419,l1
727,30,1769018419,l1
728,30,1769018419,l1
729,30,1769018419,l1
730,30,1769018419,l1
731,30,1769018419,l1
732,30,1769018419,l1
733,30,1769018419,l1
734,30,1769018419,l1
735,30,1769018419,l1
736,30,1769018419,l1
737,30,1769018419,l1
738,30,1769018419,l1
739,30,1769018419,l1
740,30,1769018419,l1
741,30,1769018419,l1
742,30,1769018419,l1
743,30,1769018419,l1
744,30,1769018419,l1
745,30,1769018419,l1
746,30,1769018419,l1
747,30,1769018419,l1
748,30,1769018419,l1
749,30,1769018419,l1
750,30,1769018419,l1
751,30,1769018419,l1
752,30,1769018419,l1
753,30,1769018419,l1
754,30,1769018419,l1
755,30,1769018419,l1
756,30,1769018419,l1
757,30,1769018419,l1
758,30,1769018419,l1
759,30,1769018419,l1
760,30,1769018419,l1
761,30,1769018419,l1
762,30,1769018419,l1
763,30,1769018419,l1
764,30,1769018419,l1
765,30,1769018419,l1
766,30,1769018419,l1
767,30,1769018419,l1
768,30,1769018419,l1
769,30,1769018419,l1
770,30,1769018419,l1
771,30,1769018419,l1
772,30,1769018419,l1
773,30,1769018419,l1
774,30,1769018419,l1
775,30,1769018419,l1
776,30,1769018419,l1
777,30,1769018419,l1
778,30,1769018419,l1
779,30,1769018419,l1
780,30,1769018419,l1
781,30,1769018419,l1
782,30,1769018419,l1
783,30,1769018419,l1
784,30,1769018419,l1
785,30,1769018419,l1
786,30,1769018419,l1
787,30,1769018419,l1
788,30,1769018419,l1
789,30,1769018419,l1
790,30,1769018419,l1
791,30,1769018419,l1
792,30,1769018419,l1
793,30,1769018419,l1
794,30,1769018419,l1
795,30,1769018419,l1
796,30,1769018419,l1
797,30,1769018419,l1
798,30,1769018419,l1
799,30,1769018419,l1
800,30,1769018419,l1
801,30,1769018419,l1
802,30,1769018419,l1
803,30,1769018419,l1
804,30,1769018419,l1
805,30,1769018419,l1
806,30,1769018419,l1
807,30,1769018419,l1
808,30,1769018419,l1
809,30,1769018419,l1
810,30,1769018419,l1
811,30,1769018419,l1
812,30,1769018419,l1
813,30,1769018419,l1
814,30,1769018419,l1
815,30,1769018419,l1
816,30,1769018419,l1
817,30,1769018419,l1
818,30,1769018419,l1
819,30,1769018419,l1
820,30,1769018419,l1
821,30,1769018419,l1
822,30,1769018419,l1
823,30,1769018419,l1
824,30,1769018419,l1
825,30,1769018419,l1
826,30,1769018419,l1
827,30,1769018419,l1
828,30,1769018419,l1
829,30,1769018419,l1
830,30,1769018419,l1
831,30,1769018419,l1
832,30,1769018419,l1
833,30,1769018419,l1
834,30,1769018419,l1
835,30,1769018419,l1
836,30,1769018419,l1
837,30,1769018419,l1
838,30,1769018419,l1
839,30,1769018419,l1
840,30,1769018419,l1
841,30,1769018419,l1
842,30,1769018419,l1
843,30,1769018419,l1
844,30,1769018419,l1
845,30,1769018419,l1
846,30,1769018419,l1
847,30,1769018419,l1
848,30,1769018419,l1
849,30,1769018419,l1
850,30,1769018419,l1
851,30,1769018419,l1
852,30,1769018419,l1
853,30,1769018419,l1
854,30,1769018419,l1
855,30,1769018419,l1
856,30,1769018419,l1
857,30,1769018419,l1
858,30,1769018419,l1
859,30,1769018419,l1
860,30,1769018419,l1
861,30,1769018419,l1
862,30,1769018419,l1
863,30,1769018419,l1
864,30,1769018419,l1
865,30,1769018419,l1
866,30,1769018419,l1
867,30,1769018419,l1
868,30,1769018419,l1
869,30,1769018419,l1
870,30,1769018419,l1
871,30,1769018419,l1
872,30,1769018419,l1
873,30,1769018419,l1
874,30,1769018419,l1
875,30,1769018419,l1
876,30,1769018419,l1
877,30,1769018419,l1
878,30,1769018419,l1
879,30,1769018419,l1
880,30,1769018419,l1
881,30,1769018419,l1
882,30,1769018419,l1
883,30,1769018419,l1
884,30,1769018419,l1
885,30,1769018419,l1
886,30,1769018419,l1
887,30,1769018419,l1
888,30,1769018419,l1
889,30,1769018419,l1
890,30,1769018419,l1
891,30,1769018419,l1
892,30,1769018419,l1
893,30,1769018419,l1
894,30,1769018419,l1
895,30,1769018419,l1
896,30,1769018419,l1
897,30,1769018419,l1
898,30,1769018419,l1
899,30,1769018419,l1
900,30,1769018419,l1
901,30,1769018419,l1
902,30,1769018419,l1
903,30,1769018419,l1
904,30,1769018419,l1
905,30,1769018419,l1
906,30,1769018419,l1
907,30,1769018419,l1
908,30,1769018419,l1
909,30,1769018419,l1
910,30,1769018419,l1
911,30,1769018419,l1
912,30,1769018419,l1
913,30,1769018419,l1
914,30,1769018419,l1
915,30,1769018419,l1
916,30,1769018419,l1
917,30,1769018419,l1
918,30,1769018419,l1
919,30,1769018419,l1
920,30,1769018419,l1
921,30,1769018419,l1
922,30,1769018419,l1
923,30,1769018419,l1
924,30,1769018419,l1
925,30,1769018419,l1
926,30,1769018419,l1
927,30,1769018419,l1
928,30,1769018419,l1
929,30,1769018419,l1
930,30,1769018419,l1
931,30,1769018419,l1
932,30,1769018419,l1
933,30,1769018419,l1
934,30,1769018419,l1
935,30,1769018419,l1
936,30,1769018419,l1
937,30,1769018419,l1
938,30,1769018419,l1
939,30,1769018419,l1
940,30,1769018419,l1
941,30,1769018419,l1
942,30,1769018419,l1
943,30,1769018419,l1
944,30,1769018419,l1
945,30,1769018419,l1
946,30,1769018419,l1
947,30,1769018419,l1
948,30,1769018419,l1
949,30,1769018419,l1
950,30,1769018419,l1
951,30,1769018419,l1
952,30,1769018419,l1
953,30,1769018419,l1
954,30,1769018419,l1
955,30,1769018419,l1
956,30,1769018419,l1
957,30,1769018419,l1
958,30,1769018419,l1
959,30,1769018419,l1
960,30,1769018419,l1
961,30,1769018419,l1
962,30,1769018419,l1
963,30,1769018419,l1
964,30,1769018419,l1
965,30,1769018419,l1
966,30,1769018419,l1
967,30,1769018419,l1
968,30,1769018419,l1
969,30,1769018419,l1
970,30,1769018419,l1
971,30,1769018419,l1
972,30,1769018419,l1
973,30,1769018419,l1
974,30,1769018419,l1
975,30,1769018419,l1
976,30,1769018419,l1
977,30,1769018419,l1
978,30,1769018419,l1
979,30,1769018419,l1
980,30,1769018419,l1
981,30,1769018419,l1
982,30,1769018419,l1
983,30,1769018419,l1
984,30,1769018419,l1
985,30,1769018419,l1
986,30,1769018419,l1
987,30,1769018419,l1
988,30,1769018419,l1
989,30,1769018419,l1
990,30,1769018419,l1
991,30,1769018419,l1
992,30,1769018419,l1
993,30,1769018419,l1
994,30,1769018419,l1
995,30,1769018419,l1
996,30,1769018419,l1
997,30,1769018419,l1
998,30,1769018419,l1
999,30,1769018419,l1
1000,30,1769018419,l1
1001,30,1769018419,l1
1002,30,1769018419,l1
1003,30,1769018419,l1
1004,30,1769018419,l1
1005,30,1769018419,l1
1006,30,1769018419,l1
1007,30,1769018419,l1
1008,30,1769018419,l1
1009,30,1769018419,l1
1010,30,1769018419,l1
1011,30,1769018419,l1
1012,30,1769018419,l1
1013,30,1769018419,l1
1014,30,1769018419,l1
1015,30,1769018419,l1
1016,30,1769018419,l1
1017,30,1769018419,l1
1018,30,1769018419,l1
1019,30,1769018419,l1
1020,30,1769018419,l1
1021,30,1769018419,l1
1022,30,1769018419,l1
1023,30,1769018419,l1
1024,30,1769018419,l1
1025,30,1769018419,l1
1026,30,1769018419,l1
1027,30,1769018419,l1
1028,30,1769018419,l1
1029,30,1769018419,l1
1030,30,1769018419,l1
1031,30,1769018419,l1
1032,30,1769018419,l1
1033,30,1769018419,l1
1034,30,1769018419,l1
1035,30,1769018419,l1
1036,30,1769018419,l1
1037,30,1769018419,l1
1038,30,1769018419,l1
1039,30,1769018419,l1
1040,30,1769018419,l1
1041,30,1769018419,l1
1042,30,1769018419,l1
1043,30,1769018419,l1
1044,30,1769018419,l1
1045,30,1769018419,l1
1046,30,1769018419,l1
1047,30,1769018419,l1
1048,30,1769018419,l1
1049,30,1769018419,l1
1050,30,1769018419,l1
1051,30,1769018419,l1
1052,30,1769018419,l1
1053,30,1769018419,l1
1054,30,1769018419,l1
1055,30,1769018419,l1
1056,30,1769018419,l1
1057,30,1769018419,l1
1058,30,1769018419,l1
1059,30,1769018419,l1
1060,30,1769018419,l1
1061,30,1769018419,l1
1062,30,1769018419,l1
1063,30,1769018419,l1
1064,30,1769018419,l1
1065,30,1769018419,l1
1066,30,1769018419,l1
1067,30,1769018419,l1
1068,30,1769018419,l1
1069,30,1769018419,l1
1070,30,1769018419,l1
1071,30,1769018419,l1
1072,30,1769018419,l1
1073,30,1769018419,l1
1074,30,1769018419,l1
1075,30,1769018419,l1
1076,30,1769018419,l1
1077,30,1769018419,l1
1078,30,1769018419,l1
1079,30,1769018419,l1
1080,30,1769018419,l1
1081,30,1769018419,l1
1082,30,1769018419,l1
1083,30,1769018419,l1
1084,30,1769018419,l1
1085,30,1769018419,l1
1086,30,1769018419,l1
1087,30,1769018419,l1
1088,30,1769018419,l1
1089,30,1769018419,l1
1090,30,1769018419,l1
1091,30,1769018419,l1
1092,30,1769018419,l1
1093,30,1769018419,l1
1094,30,1769018419,l1
1095,30,1769018419,l1
1096,30,1769018419,l1
1097,30,1769018419,l1
1098,30,1769018419,l1
1099,30,1769018419,l1
1100,30,1769018419,l1
1101,30,1769018419,l1
1102,30,1769018419,l1
1103,30,1769018419,l1
1104,30,1769018419,l1
1105,30,1769018419,l1
1106,30,1769018419,l1
1107,30,1769018419,l1
1108,30,1769018419,l1
1109,30,1769018419,l1
1110,30,1769018419,l1
1111,30,1769018419,l1
1112,30,1769018419,l1
1113,30,1769018419,l1
1114,30,1769018419,l1
1115,30,1769018419,l1
1116,30,1769018419,l1
1117,30,1769018419,l1
1118,30,1769018419,l1
1119,30,1769018419,l1
1120,30,1769018419,l1
1121,30,1769018419,l1
1122,30,1769018419,l1
1123,30,1769018419,l1
1124,30,1769018419,l1
1125,30,1769018419,l1
1126,30,1769018419,l1
1127,30,1769018419,l1
1128,30,1769018419,l1
1129,30,1769018419,l1
1130,30,1769018419,l1
1131,30,1769018419,l1
1132,30,1769018419,l1
1133,30,1769018419,l1
1134,30,1769018419,l1
1135,30,1769018419,l1
1136,30,1769018419,l1
1137,30,1769018419,l1
1138,30,1769018419,l1
1139,30,1769018419,l1
1140,30,1769018419,l1
1141,30,1769018419,l1
1142,30,1769018419,l1
1143,30,1769018419,l1
1144,30,1769018419,l1
1145,30,1769018419,l1
1146,30,1769018419,l1
1147,30,1769018419,l1
1148,30,1769018419,l1
1149,30,1769018419,l1
1150,30,1769018419,l1
1151,30,1769018419,l1
1152,30,1769018419,l1
1153,30,1769018419,l1
1154,30,1769018419,l1
1155,30,1769018419,l1
1156,30,1769018419,l1
1157,30,1769018419,l1
1158,30,1769018419,l1
1159,30,1769018419,l1
1160,30,1769018419,l1
1161,30,1769018419,l1
1162,30,1769018419,l1
1163,30,1769018419,l1
1164,30,1769018419,l1
1165,30,1769018419,l1
1166,30,1769018419,l1
1167,30,1769018419,l1
1168,30,1769018419,l1
1169,30,1769018419,l1
1170,30,1769018419,l1
1171,30,1769018419,l1
1172,30,1769018419,l1
1173,30,1769018419,l1
1174,30,1769018419,l1
1175,30,1769018419,l1
1176,30,1769018419,l1
1177,30,1769018419,l1
1178,30,1769018419,l1
1179,30,1769018419,l1
1180,30,1769018419,l1
1181,30,1769018419,l1
1182,30,1769018419,l1
1183,30,1769018419,l1
1184,30,1769018419,l1
1185,30,1769018419,l1
1186,30,1769018419,l1
1187,30,1769018419,l1
1188,30,1769018419,l1
1189,30,1769018419,l1
1190,30,1769018419,l1
1191,30,1769018419,l1
1192,30,1769018419,l1
1193,30,1769018419,l1
1194,30,1769018419,l1
1195,30,1769018419,l1
1196,30,1769018419,l1
1197,30,1769018419,l1
1198,30,1769018419,l1
1199,30,1769018419,l1
1200,30,1769018419,l1
1201,30,1769018419,l1
1202,30,1769018419,l1
1203,30,1769018419,l1
1204,30,1769018419,l1
1205,30,1769018419,l1
1206,30,1769018419,l1
1207,30,1769018419,l1
1208,30,1769018419,l1
1209,30,1769018419,l1
1210,30,1769018419,l1
1211,30,1769018419,l1
1212,30,1769018419,l1
1213,30,1769018419,l1
1214,30,1769018419,l1
1215,30,1769018419,l1
1216,30,1769018419,l1
1217,30,1769018419,l1
1218,30,1769018419,l1
1219,30,1769018419,l1
1220,30,1769018419,l1
1221,30,1769018419,l1
1222,30,1769018419,l1
1223,30,1769018419,l1
1224,30,1769018419,l1
1225,30,1769018419,l1
1226,30,1769018419,l1
1227,30,1769018419,l1
1228,30,1769018419,l1
1229,30,1769018419,l1
1230,30,1769018419,l1
1231,30,1769018419,l1
1232,30,1769018419,l1
1233,30,1769018419,l1
1234,30,1769018419,l1
1235,30,1769018419,l1
1236,30,1769018419,l1
1237,30,1769018419,l1
1238,30,1769018419,l1
1239,30,1769018419,l1
1240,30,1769018419,l1
1241,30,1769018419,l1
1242,30,1769018419,l1
1243,30,1769018419,l1
1244,30,1769018419,l1
1245,30,1769018419,l1
1246,30,1769018419,l1
1247,30,1769018419,l1
1248,30,1769018419,l1
1249,30,1769018419,l1
1250,30,1769018419,l1
1251,30,1769018419,l1
1252,30,1769018419,l1
1253,30,1769018419,l1
1254,30,1769018419,l1
1255,30,1769018419,l1
1256,30,1769018419,l1
1257,30,1769018419,l1
1258,30,1769018419,l1
1259,30,1769018419,l1
1260,30,1769018419,l1
1261,30,1769018419,l1
1262,30,1769018419,l1
1263,30,1769018419,l1
1264,30,1769018419,l1
1265,30,1769018419,l1
1266,30,1769018419,l1
1267,30,1769018419,l1
1268,30,1769018419,l1
1269,30,1769018419,l1
1270,30,1769018419,l1
1271,30,1769018419,l1
1272,30,1769018419,l1
1273,30,1769018419,l1
1274,30,1769018419,l1
1275,30,1769018419,l1
1276,30,1769018419,l1
1277,30,1769018419,l1
1278,30,1769018419,l1
1279,30,1769018419,l1
1280,30,1769018419,l1
1281,30,1769018419,l1
1282,30,1769018419,l1
1283,30,1769018419,l1
1284,30,1769018419,l1
1285,30,1769018419,l1
1286,30,1769018419,l1
1287,30,1769018419,l1
1288,30,1769018419,l1
1289,30,1769018419,l1
1290,30,1769018419,l1
1291,30,1769018419,l1
1292,30,1769018419,l1
1293,30,1769018419,l1
1294,30,1769018419,l1
1295,30,1769018419,l1
1296,30,1769018419,l1
1297,30,1769018419,l1
1298,30,1769018419,l1
1299,30,1769018419,l1
1300,30,1769018419,l1
1301,30,1769018419,l1
1302,30,1769018419,l1
1303,30,1769018419,l1
1304,30,1769018419,l1
1305,30,1769018419,l1
1306,30,1769018419,l1
1307,30,1769018419,l1
1308,30,1769018419,l1
1309,30,1769018419,l1
1310,30,1769018419,l1
1311,30,1769018419,l1
1312,30,1769018419,l1
1313,30,1769018419,l1
1314,30,1769018419,l1
1315,30,1769018419,l1
1316,30,1769018419,l1
1317,30,1769018419,l1
1318,30,1769018419,l1
1319,30,1769018419,l1
1320,30,1769018419,l1
1321,30,1769018419,l1
1322,30,1769018419,l1
1323,30,1769018419,l1
1324,30,1769018419,l1
1325,30,1769018419,l1
1326,30,1769018419,l1
1327,30,1769018419,l1
1328,30,1769018419,l1
1329,30,1769018419,l1
1330,30,1769018419,l1
1331,30,1769018419,l1
1332,30,1769018419,l1
1333,30,1769018419,l1
1334,30,1769018419,l1
1335,30,1769018419,l1
1336,30,1769018419,l1
1337,30,1769018419,l1
1338,30,1769018419,l1
1339,30,1769018419,l1
1340,30,1769018419,l1
1341,30,1769018419,l1
1342,30,1769018419,l1
1343,30,1769018419,l1
1344,30,1769018419,l1
1345,30,1769018419,l1
1346,30,1769018419,l1
1347,30,1769018419,l1
1348,30,1769018419,l1
1349,30,1769018419,l1
1350,30,1769018419,l1
1351,30,1769018419,l1
1352,30,1769018419,l1
1353,30,1769018419,l1
1354,30,1769018419,l1
1355,30,1769018419,l1
1356,30,1769018419,l1
1357,30,1769018419,l1
1358,30,1769018419,l1
1359,30,1769018419,l1
1360,30,1769018419,l1
1361,30,1769018419,l1
1362,30,1769018419,l1
1363,30,1769018419,l1
1364,30,1769018419,l1
1365,30,1769018419,l1
1366,30,1769018419,l1
1367,30,1769018419,l1
1368,30,1769018419,l1
1369,30,1769018419,l1
1370,30,1769018419,l1
1371,30,1769018419,l1
1372,30,1769018419,l1
1373,30,1769018419,l1
1374,30,1769018419,l1
1375,30,1769018419,l1
1376,30,1769018419,l1
1377,30,1769018419,l1
1378,30,1769018419,l1
1379,30,1769018419,l1
1380,30,1769018419,l1
1381,30,1769018419,l1
1382,30,1769018419,l1
1383,30,1769018419,l1
1384,30,1769018419,l1
1385,30,1769018419,l1
1386,30,1769018419,l1
1387,30,1769018419,l1
1388,30,1769018419,l1
1389,30,1769018419,l1
1390,30,1769018419,l1
1391,30,1769018419,l1
1392,30,1769018419,l1
1393,30,1769018419,l1
1394,30,1769018419,l1
1395,30,1769018419,l1
1396,30,1769018419,l1
1397,30,1769018419,l1
1398,30,1769018419,l1
1399,30,1769018419,l1
1400,30,1769018419,l1
1401,30,1769018419,l1
1402,30,1769018419,l1
1403,30,1769018419,l1
1404,30,1769018419,l1
1405,30,1769018419,l1
1406,30,1769018419,l1
1407,30,1769018419,l1
1408,30,1769018419,l1
1409,30,1769018419,l1
1410,30,1769018419,l1
1411,30,1769018419,l1
1412,30,1769018419,l1
1413,30,1769018419,l1
1414,30,1769018419,l1
1415,30,1769018419,l1
1416,30,1769018419,l1
1417,30,1769018419,l1
1418,30,1769018419,l1
1419,30,1769018419,l1
1420,30,1769018419,l1
1421,30,1769018419,l1
1422,30,1769018419,l1
1423,30,1769018419,l1
1424,30,1769018419,l1
1425,30,1769018419,l1
1426,30,1769018419,l1
1427,30,1769018419,l1
1428,30,1769018419,l1
1429,30,1769018419,l1
1430,30,1769018419,l1
1431,30,1769018419,l1
1432,30,1769018419,l1
1433,30,1769018419,l1
1434,30,1769018419,l1
1435,30,1769018419,l1
1436,30,1769018419,l1
1437,30,1769018419,l1
1438,30,1769018419,l1
1439,30,1769018419,l1
1440,30,1769018419,l1
1441,30,1769018419,l1
1442,30,1769018419,l1
1443,30,1769018419,l1
1444,30,1769018419,l1
1445,30,1769018419,l1
1446,30,1769018419,l1
1447,30,1769018419,l1
1448,30,1769018419,l1
1449,30,1769018419,l1
1450,30,1769018419,l1
1451,30,1769018419,l1
1452,30,1769018419,l1
1453,30,1769018419,l1
1454,30,1769018419,l1
1455,30,1769018419,l1
1456,30,1769018419,l1
1457,30,1769018419,l1
1458,30,1769018419,l1
1459,30,1769018419,l1
1460,30,1769018419,l1
1461,30,1769018419,l1
1462,30,1769018419,l1
1463,30,1769018419,l1
1464,30,1769018419,l1
1465,30,1769018419,l1
1466,30,1769018419,l1
1467,30,1769018419,l1
1468,30,1769018419,l1
1469,30,1769018419,l1
1470,30,1769018419,l1
1471,30,1769018419,l1
1472,30,1769018419,l1
1473,30,1769018419,l1
1474,30,1769018419,l1
1475,30,1769018419,l1
1476,30,1769018419,l1
1477,30,1769018419,l1
1478,30,1769018419,l1
1479,30,1769018419,l1
1480,30,1769018419,l1
1481,30,1769018419,l1
1482,30,1769018419,l1
1483,30,1769018419,l1
1484,30,1769018419,l1
1485,30,1769018419,l1
1486,30,1769018419,l1
1487,30,1769018419,l1
1488,30,1769018419,l1
1489,30,1769018419,l1
1490,30,1769018419,l1
1491,30,1769018419,l1
1492,30,1769018419,l1
1493,30,1769018419,l1
1494,30,1769018419,l1
1495,30,1769018419,l1
1496,30,1769018419,l1
1497,30,1769018419,l1
1498,30,1769018419,l1
1499,30,1769018419,l1
1500,30,1769018419,l1
1501,30,1769018419,l1
1502,30,1769018419,l1
1503,30,1769018419,l1
1504,30,1769018419,l1
1505,30,1769018419,l1
1506,30,1769018419,l1
1507,30,1769018419,l1
1508,30,1769018419,l1
1509,30,1769018419,l1
1510,30,1769018419,l1
1511,30,1769018419,l1
1512,30,1769018419,l1
1513,30,1769018419,l1
1514,30,1769018419,l1
1515,30,1769018419,l1
1516,30,1769018419,l1
1517,30,1769018419,l1
1518,30,1769018419,l1
1519,30,1769018419,l1
1520,30,1769018419,l1
1521,30,1769018419,l1
1522,30,1769018419,l1
1523,30,1769018419,l1
1524,30,1769018419,l1
1525,30,1769018419,l1
1526,30,1769018419,l1
1527,30,1769018419,l1
1528,30,1769018419,l1
1529,30,1769018419,l1
1530,30,1769018419,l1
1531,30,1769018419,l1
1532,30,1769018419,l1
1533,30,1769018419,l1
1534,30,1769018419,l1
1535,30,1769018419,l1
1536,30,1769018419,l1
1537,30,1769018419,l1
1538,30,1769018419,l1
1539,30,1769018419,l1
1540,30,1769018419,l1
1541,30,1769018419,l1
1542,30,1769018419,l1
1543,30,1769018419,l1
1544,30,1769018419,l1
1545,30,1769018419,l1
1546,30,1769018419,l1
1547,30,1769018419,l1
1548,30,1769018419,l1
1549,30,1769018419,l1
1550,30,1769018419,l1
1551,30,1769018419,l1
1552,30,1769018419,l1
1553,30,1769018419,l1
1554,30,1769018419,l1
1555,30,1769018419,l1
1556,30,1769018419,l1
1557,30,1769018419,l1
1558,30,1769018419,l1
1559,30,1769018419,l1
1560,30,1769018419,l1
1561,30,1769018419,l1
1562,30,1769018419,l1
1563,30,1769018419,l1
1564,30,1769018419,l1
1565,30,1769018419,l1
1566,30,1769018419,l1
1567,30,1769018419,l1
1568,30,1769018419,l1
1569,30,1769018419,l1
1570,30,1769018419,l1
1571,30,1769018419,l1
1572,30,1769018419,l1
1573,30,1769018419,l1
1574,30,1769018419,l1
1575,30,1769018419,l1
1576,30,1769018419,l1
1577,30,1769018419,l1
1578,30,1769018419,l1
1579,30,1769018419,l1
1580,30,1769018419,l1
1581,30,1769018419,l1
1582,30,1769018419,l1
1583,30,1769018419,l1
1584,30,1769018419,l1
1585,30,1769018419,l1
1586,30,1769018419,l1
1587,30,1769018419,l1
1588,30,1769018419,l1
1589,30,1769018419,l1
1590,30,1769018419,l1
1591,30,1769018419,l1
1592,30,1769018419,l1
1593,30,1769018419,l1
1594,30,1769018419,l1
1595,30,1769018419,l1
1596,30,1769018419,l1
1597,30,1769018419,l1
1598,30,1769018419,l1
1599,30,1769018419,l1
1600,30,1769018419,l1
1601,30,1769018419,l1
1602,30,1769018419,l1
1603,30,1769018419,l1
1604,30,1769018419,l1
1605,30,1769018419,l1
1606,30,1769018419,l1
1607,30,1769018419,l1
1608,30,1769018419,l1
1609,30,1769018419,l1
1610,30,1769018419,l1
1611,30,1769018419,l1
1612,30,1769018419,l1
1613,30,1769018419,l1
1614,30,1769018419,l1
1615,30,1769018419,l1
1616,30,1769018419,l1
1617,30,1769018419,l1
1618,30,1769018419,l1
1619,30,1769018419,l1
1620,30,1769018419,l1
1621,30,1769018419,l1
1622,30,1769018419,l1
1623,30,1769018419,l1
1624,30,1769018419,l1
1625,30,1769018419,l1
1626,30,1769018419,l1
1627,30,1769018419,l1
1628,30,1769018419,l1
1629,30,1769018419,l1
1630,30,1769018419,l1
1631,30,1769018419,l1
1632,30,1769018419,l1
1633,30,1769018419,l1
1634,30,1769018419,l1
1635,30,1769018419,l1
1636,30,1769018419,l1
1637,30,1769018419,l1
1638,30,1769018419,l1
1639,30,1769018419,l1
1640,30,1769018419,l1
1641,30,1769018419,l1
1642,30,1769018419,l1
1643,30,1769018419,l1
1644,30,1769018419,l1
1645,30,1769018419,l1
1646,30,1769018419,l1
1647,30,1769018419,l1
1648,30,1769018419,l1
1649,30,1769018419,l1
1650,30,1769018419,l1
1651,30,1769018419,l1
1652,30,1769018419,l1
1653,30,1769018419,l1
1654,30,1769018419,l1
1655,30,1769018419,l1
1656,30,1769018419,l1
1657,30,1769018419,l1
1658,30,1769018419,l1
1659,30,1769018419,l1
1660,30,1769018419,l1
1661,30,1769018419,l1
1662,30,1769018419,l1
1663,30,1769018419,l1
1664,30,1769018419,l1
1665,30,1769018419,l1
1666,30,1769018419,l1
1667,30,1769018419,l1
1668,30,1769018419,l1
1669,30,1769018419,l1
1670,30,1769018419,l1
1671,30,1769018419,l1
1672,30,1769018419,l1
1673,30,1769018419,l1
1674,30,1769018419,l1
1675,30,1769018419,l1
1676,30,1769018419,l1
1677,30,1769018419,l1
1678,30,1769018419,l1
1679,30,1769018419,l1
1680,30,1769018419,l1
1681,30,1769018419,l1
1682,30,1769018419,l1
1683,30,1769018419,l1
1684,30,1769018419,l1
1685,30,1769018419,l1
1686,30,1769018419,l1
1687,30,1769018419,l1
1688,30,1769018419,l1
1689,30,1769018419,l1
1690,30,1769018419,l1
1691,30,1769018419,l1
1692,30,1769018419,l1
1693,30,1769018419,l1
1694,30,1769018419,l1
1695,30,1769018419,l1
1696,30,1769018419,l1
1697,30,1769018419,l1
1698,30,1769018419,l1
1699,30,1769018419,l1
1700,30,1769018419,l1
1701,30,1769018419,l1
1702,30,1769018419,l1
1703,30,1769018419,l1
1704,30,1769018419,l1
1705,30,1769018419,l1
1706,30,1769018419,l1
1707,30,1769018419,l1
1708,30,1769018419,l1
1709,30,1769018419,l1
1710,30,1769018419,l1
1711,30,1769018419,l1
1712,30,1769018419,l1
1713,30,1769018419,l1
1714,30,1769018419,l1
1715,30,1769018419,l1
1716,30,1769018419,l1
1717,30,1769018419,l1
1718,30,1769018419,l1
1719,30,1769018419,l1
1720,30,1769018419,l1
1721,30,1769018419,l1
1722,30,1769018419,l1
1723,30,1769018419,l1
1724,30,1769018419,l1
1725,30,1769018419,l1
1726,30,1769018419,l1
1727,30,1769018419,l1
1728,30,1769018419,l1
1729,30,1769018419,l1
1730,30,1769018419,l1
1731,30,1769018419,l1
1732,30,1769018419,l1
1733,30,1769018419,l1
1734,30,1769018419,l1
1735,30,1769018419,l1
1736,30,1769018419,l1
1737,30,1769018419,l1
1738,30,1769018419,l1
1739,30,1769018419,l1
1740,30,1769018419,l1
1741,30,1769018419,l1
1742,30,1769018419,l1
1743,30,1769018419,l1
1744,30,1769018419,l1
1745,30,1769018419,l1
1746,30,1769018419,l1
1747,30,1769018419,l1
1748,30,1769018419,l1
1749,30,1769018419,l1
1750,30,1769018419,l1
1751,30,1769018419,l1
1752,30,1769018419,l1
1753,30,1769018419,l1
1754,30,1769018419,l1
1755,30,1769018419,l1
1756,30,1769018419,l1
1757,30,1769018419,l1
1758,30,1769018419,l1
1759,30,1769018419,l1
1760,30,1769018419,l1
1761,30,1769018419,l1
1762,30,1769018419,l1
1763,30,1769018419,l1
1764,30,1769018419,l1
1765,30,1769018419,l1
1766,30,1769018419,l1
1767,30,1769018419,l1
1768,30,1769018419,l1
1769,30,1769018419,l1
1770,30,1769018419,l1
1771,30,1769018419,l1
1772,30,1769018419,l1
1773,30,1769018419,l1
1774,30,1769018419,l1
1775,30,1769018419,l1
1776,30,1769018419,l1
1777,30,1769018419,l1
1778,30,1769018419,l1
1779,30,1769018419,l1
1780,30,1769018419,l1
1781,30,1769018419,l1
1782,30,1769018419,l1
1783,30,1769018419,l1
1784,30,1769018419,l1
1785,30,1769018419,l1
1786,30,1769018419,l1
1787,30,1769018419,l1
1788,30,1769018419,l1
1789,30,1769018419,l1
1790,30,1769018419,l1
1791,30,1769018419,l1
1792,30,1769018419,l1
1793,30,1769018419,l1
1794,30,1769018419,l1
1795,30,1769018419,l1
1796,30,1769018419,l1
1797,30,1769018419,l1
1798,30,1769018419,l1
1799,30,1769018419,l1
1800,30,1769018419,l1
1801,30,1769018419,l1
1802,30,1769018419,l1
1803,30,1769018419,l1
1804,30,1769018419,l1
1805,30,1769018419,l1
1806,30,1769018419,l1
1807,30,1769018419,l1
1808,30,1769018419,l1
1809,30,1769018419,l1
1810,30,1769018419,l1
1811,30,1769018419,l1
1812,30,1769018419,l1
1813,30,1769018419,l1
1814,30,1769018419,l1
1815,30,1769018419,l1
1816,30,1769018419,l1
1817,30,1769018419,l1
1818,30,1769018419,l1
1819,30,1769018419,l1
1820,30,1769018419,l1
1821,30,1769018419,l1
1822,30,1769018419,l1
1823,30,1769018419,l1
1824,30,1769018419,l1
1825,30,1769018419,l1
1826,30,1769018419,l1
1827,30,1769018419,l1
1828,30,1769018419,l1
1829,30,1769018419,l1
1830,30,1769018419,l1
1831,30,1769018419,l1
1832,30,1769018419,l1
1833,30,1769018419,l1
1834,30,1769018419,l1
1835,30,1769018419,l1
1836,30,1769018419,l1
1837,30,1769018419,l1
1838,30,1769018419,l1
1839,30,1769018419,l1
1840,30,1769018419,l1
1841,30,1769018419,l1
1842,30,1769018419,l1
1843,30,1769018419,l1
1844,30,1769018419,l1
1845,30,1769018419,l1
1846,30,1769018419,l1
1847,30,1769018419,l1
1848,30,1769018419,l1
1849,30,1769018419,l1
1850,30,1769018419,l1
1851,30,1769018419,l1
1852,30,1769018419,l1
1853,30,1769018419,l1
1854,30,1769018419,l1
1855,30,1769018419,l1
1856,30,1769018419,l1
1857,30,1769018419,l1
1858,30,1769018419,l1
1859,30,1769018419,l1
1860,30,1769018419,l1
1861,30,1769018419,l1
1862,30,1769018419,l1
1863,30,1769018419,l1
1864,30,1769018419,l1
1865,30,1769018419,l1
1866,30,1769018419,l1
1867,30,1769018419,l1
1868,30,1769018419,l1
1869,30,1769018419,l1
1870,30,1769018419,l1
1871,30,1769018419,l1
1872,30,1769018419,l1
1873,30,1769018419,l1
1874,30,1769018419,l1
1875,30,1769018419,l1
1876,30,1769018419,l1
1877,30,1769018419,l1
1878,30,1769018419,l1
1879,30,1769018419,l1
1880,30,1769018419,l1
1881,30,1769018419,l1
1882,30,1769018419,l1
1883,30,1769018419,l1
1884,30,1769018419,l1
1885,30,1769018419,l1
1886,30,1769018419,l1
1887,30,1769018419,l1
1888,30,1769018419,l1
1889,30,1769018419,l1
1890,30,1769018419,l1
1891,30,1769018419,l1
1892,30,1769018419,l1
1893,30,1769018419,l1
1894,30,1769018419,l1
1895,30,1769018419,l1
1896,30,1769018419,l1
1897,30,1769018419,l1
1898,30,1769018419,l1
1899,30,1769018419,l1
1900,30,1769018419,l1
1901,30,1769018419,l1
1902,30,1769018419,l1
1903,30,1769018419,l1
1904,30,1769018419,l1
1905,30,1769018419,l1
1906,30,1769018419,l1
1907,30,1769018419,l1
1908,30,1769018419,l1
1909,30,1769018419,l1
1910,30,1769018419,l1
1911,30,1769018419,l1
1912,30,1769018419,l1
1913,30,1769018419,l1
1914,30,1769018419,l1
1915,30,1769018419,l1
1916,30,1769018419,l1
1917,30,1769018419,l1
1918,30,1769018419,l1
1919,30,1769018419,l1
1920,30,1769018419,l1
1921,30,1769018419,l1
1922,30,1769018419,l1
1923,30,1769018419,l1
1924,30,1769018419,l1
1925,30,1769018419,l1
1926,30,1769018419,l1
1927,30,1769018419,l1
1928,30,1769018419,l1
1929,30,1769018419,l1
1930,30,1769018419,l1
1931,30,1769018419,l1
1932,30,1769018419,l1
1933,30,1769018419,l1
1934,30,1769018419,l1
1935,30,1769018419,l1
1936,30,1769018419,l1
1937,30,1769018419,l1
1938,30,1769018419,l1
1939,30,1769018419,l1
1940,30,1769018419,l1
1941,30,1769018419,l1
1942,30,1769018419,l1
1943,30,1769018419,l1
1944,30,1769018419,l1
1945,30,1769018419,l1
1946,30,1769018419,l1
1947,30,1769018419,l1
1948,30,1769018419,l1
1949,30,1769018419,l1
1950,30,1769018419,l1
1951,30,1769018419,l1
1952,30,1769018419,l1
1953,30,1769018419,l1
1954,30,1769018419,l1
1955,30,1769018419,l1
1956,30,1769018419,l1
1957,30,1769018419,l1
1958,30,1769018419,l1
1959,30,1769018419,l1
1960,30,1769018419,l1
1961,30,1769018419,l1
1962,30,1769018419,l1
1963,30,1769018419,l1
1964,30,1769018419,l1
1965,30,1769018419,l1
1966,30,1769018419,l1
1967,30,1769018419,l1
1968,30,1769018419,l1
1969,30,1769018419,l1
1970,30,1769018419,l1
1971,30,1769018419,l1
1972,30,1769018419,l1
1973,30,1769018419,l1
1974,30,1769018419,l1
1975,30,1769018419,l1
1976,30,1769018419,l1
1977,30,1769018419,l1
1978,30,1769018419,l1
1979,30,1769018419,l1
1980,30,1769018419,l1
1981,30,1769018419,l1
1982,30,1769018419,l1
1983,30,1769018419,l1
1984,30,1769018419,l1
1985,30,1769018419,l1
1986,30,1769018419,l1
1987,30,1769018419,l1
1988,30,1769018419,l1
1989,30,1769018419,l1
1990,30,1769018419,l1
1991,30,1769018419,l1
1992,30,1769018419,l1
1993,30,1769018419,l1
1994,30,1769018419,l1
1995,30,1769018419,l1
1996,30,1769018419,l1
1997,30,1769018419,l1
1998,30,1769018419,l1
1999,30,1769018419,l1
2000,30,1769018419,l1
2001,30,1769018419,l1
1,0,1769018408,l1
2,0,1769018408,l1
3,0,1769018408,l1
4,0,1769018408,l1
5,0,1769018408,l1
6,0,1769018408,l1
7,0,1769018408,l1
8,0,1769018408,l1
9,0,1769018408,l1
10,30,1769018408,l1
11,0,1769018408,l1
12,0,1769018408,l1
13,0,1769018408,l1
14,30,1769018408,l1
15,30,1769018408,l1
16,0,1769018408,l1
17,0,1769018408,l1
18,0,1769018408,l1
19,0,1769018408,l1
20,0,1769018408,l1
21,0,1769018408,l1
22,0,1769018408,l1
23,0,1769018408,l1
24,30,1769018408,l1
25,30,1769018408,l1
26,0,1769018408,l1
27,30,1769018408,l1
28,30,1769018408,l1
29,30,1769018408,l1
30,0,1769018408,l1
31,0,1769018408,l1
32,30,1769018408,l1
33,0,1769018408,l1
34,0,1769018408,l1
35,0,1769018408,l1
36,0,1769018408,l1
37,0,1769018408,l1
38,0,1769018408,l1
39,0,1769018408,l1
40,30,1769018408,l1
41,0,1769018408,l1
42,0,1769018408,l1
43,30,1769018408,l1
44,30,1769018408,l1
45,30,1769018408,l1
46,0,1769018408,l1
47,0,1769018408,l1
48,0,1769018408,l1
49,0,1769018408,l1
50,0,1769018408,l1
51,0,1769018408,l1
52,30,1769018408,l1
53,0,1769018408,l1
54,0,1769018408,l1
55,0,1769018408,l1
56,30,1769018408,l1
57,0,1769018408,l1
58,0,1769018408,l1
59,30,1769018408,l1
60,0,1769018408,l1
61,0,1769018408,l1
62,0,1769018408,l1
63,30,1769018408,l1
64,0,1769018408,l1
65,0,1769018408,l1
66,0,1769018408,l1
67,0,1769018408,l1
68,0,1769018408,l1
69,0,1769018408,l1
70,0,1769018408,l1
71,0,1769018408,l1
72,30,1769018408,l1
73,0,1769018408,l1
74,0,1769018408,l1
75,30,1769018408,l1
76,30,1769018408,l1
77,30,1769018408,l1
78,30,1769018408,l1
79,0,1769018408,l1
80,0,1769018408,l1
81,0,1769018408,l1
82,0,1769018408,l1
83,0,1769018408,l1
84,0,1769018408,l1
85,0,1769018408,l1
86,0,1769018408,l1
87,0,1769018408,l1
88,0,1769018408,l1
89,30,1769018408,l1
90,0,1769018408,l1
91,0,1769018408,l1
92,0,1769018408,l1
93,0,1769018408,l1
94,0,1769018408,l1
95,30,1769018408,l1
96,30,1769018408,l1
97,0,1769018408,l1
98,0,1769018408,l1
99,0,1769018408,l1
100,0,1769018408,l1
101,0,1769018408,l1
102,0,1769018408,l1
103,0,1769018408,l1
104,0,1769018408,l1
105,0,1769018408,l1
106,0,1769018408,l1
107,0,1769018408,l1
108,30,1769018408,l1
109,0,1769018408,l1
110,30,1769018408,l1
111,30,1769018408,l1
112,30,1769018408,l1
113,30,1769018408,l1
114,0,1769018408,l1
115,30,1769018408,l1
116,30,1769018408,l1
117,0,1769018408,l1
118,0,1769018408,l1
119,30,1769018408,l1
120,30,1769018408,l1
121,30,1769018408,l1
122,30,1769018408,l1
123,0,1769018408,l1
124,30,1769018408,l1
125,30,1769018408,l1
126,30,1769018408,l1
127,30,1769018408,l1
128,0,1769018408,l1
129,0,1769018408,l1
130,30,1769018408,l1
131,30,1769018408,l1
132,30,1769018408,l1
133,30,1769018408,l1
134,30,1769018408,l1
135,30,1769018408,l1
136,30,1769018408,l1
137,30,1769018408,l1
138,30,1769018408,l1
139,30,1769018408,l1
140,30,1769018408,l1
141,30,1769018408,l1
142,30,1769018408,l1
143,30,1769018408,l1
144,0,1769018408,l1
145,30,1769018408,l1
146,30,1769018408,l1
147,30,1769018408,l1
148,30,1769018408,l1
149,30,1769018408,l1
150,0,1769018408,l1
151,30,1769018408,l1
152,30,1769018408,l1
153,30,1769018408,l1
154,30,1769018408,l1
155,30,1769018408,l1
156,30,1769018408,l1
157,0,1769018408,l1
158,30,1769018408,l1
159,0,1769018408,l1
160,0,1769018408,l1
161,30,1769018408,l1
162,30,1769018408,l1
163,0,1769018408,l1
164,30,1769018408,l1
165,30,1769018408,l1
166,30,1769018408,l1
167,30,1769018408,l1
168,30,1769018408,l1
169,30,1769018408,l1
170,0,1769018408,l1
171,30,1769018408,l1
172,30,1769018408,l1
173,30,1769018408,l1
174,30,1769018408,l1
175,30,1769018408,l1
176,30,1769018408,l1
177,30,1769018408,l1
178,30,1769018408,l1
179,30,1769018408,l1
180,30,1769018408,l1
181,30,1769018408,l1
182,30,1769018408,l1
183,30,1769018408,l1
184,30,1769018408,l1
185,30,1769018408,l1
186,30,1769018408,l1
187,30,1769018408,l1
188,30,1769018408,l1
189,30,1769018408,l1
190,30,1769018408,l1
191,30,1769018408,l1
192,30,1769018408,l1
193,30,1769018408,l1
194,30,1769018408,l1
195,30,1769018408,l1
196,30,1769018408,l1
197,30,1769018408,l1
198,30,1769018408,l1
199,30,1769018408,l1
200,30,1769018408,l1
201,30,1769018408,l1
202,30,1769018408,l1
203,30,1769018408,l1
204,30,1769018408,l1
205,30,1769018408,l1
206,30,1769018408,l1
207,30,1769018408,l1
208,30,1769018408,l1
209,30,1769018408,l1
210,30,1769018408,l1
211,30,1769018408,l1
212,30,1769018408,l1
213,30,1769018408,l1
214,30,1769018408,l1
215,30,1769018408,l1
216,30,1769018408,l1
217,30,1769018408,l1
218,30,1769018408,l1
219,30,1769018408,l1
220,30,1769018408,l1
221,30,1769018408,l1
222,30,1769018408,l1
223,30,1769018408,l1
224,30,1769018408,l1
225,30,1769018408,l1
226,30,1769018408,l1
227,30,1769018408,l1
228,0,1769018408,l1
229,30,1769018408,l1
230,30,1769018408,l1
231,30,1769018408,l1
232,30,1769018408,l1
233,30,1769018408,l1
234,30,1769018408,l1
235,30,1769018408,l1
236,0,1769018408,l1
237,30,1769018408,l1
238,30,1769018408,l1
239,30,1769018408,l1
240,30,1769018408,l1
241,30,1769018408,l1
242,30,1769018408,l1
243,30,1769018408,l1
244,30,1769018408,l1
245,30,1769018408,l1
246,30,1769018408,l1
247,30,1769018408,l1
248,30,1769018408,l1
249,30,1769018408,l1
250,30,1769018408,l1
251,0,1769018408,l1
252,30,1769018408,l1
253,30,1769018408,l1
254,0,1769018408,l1
255,30,1769018408,l1
256,30,1769018408,l1
257,30,1769018408,l1
258,30,1769018408,l1
259,30,1769018408,l1
260,30,1769018408,l1
261,30,1769018408,l1
262,30,1769018408,l1
263,30,1769018408,l1
264,30,1769018408,l1
265,30,1769018408,l1
266,30,1769018408,l1
267,30,1769018408,l1
268,30,1769018408,l1
269,30,1769018408,l1
270,30,1769018408,l1
271,30,1769018408,l1
272,30,1769018408,l1
273,30,1769018408,l1
274,30,1769018408,l1
275,30,1769018408,l1
276,30,1769018408,l1
277,30,1769018408,l1
278,30,1769018408,l1
279,30,1769018408,l1
280,30,1769018408,l1
281,30,1769018408,l1
282,30,1769018408,l1
283,30,1769018408,l1
284,30,1769018408,l1
285,30,1769018408,l1
286,30,1769018408,l1
287,30,1769018408,l1
288,30,1769018408,l1
289,30,1769018408,l1
290,30,1769018408,l1
291,30,1769018408,l1
292,30,1769018408,l1
293,30,1769018408,l1
294,30,1769018408,l1
295,30,1769018408,l1
296,30,1769018408,l1
297,30,1769018408,l1
298,0,1769018408,l1
299,30,1769018408,l1
300,30,1769018408,l1
301,30,1769018408,l1
302,30,1769018408,l1
303,30,1769018408,l1
304,30,1769018408,l1
305,30,1769018408,l1
306,30,1769018408,l1
307,30,1769018408,l1
308,30,1769018408,l1
309,30,1769018408,l1
310,30,1769018408,l1
311,30,1769018408,l1
312,30,1769018408,l1
313,30,1769018408,l1
314,30,1769018408,l1
315,30,1769018408,l1
316,30,1769018408,l1
317,30,1769018408,l1
318,30,1769018408,l1
319,30,1769018408,l1
320,30,1769018408,l1
321,30,1769018408,l1
322,30,1769018408,l1
323,30,1769018408,l1
324,30,1769018408,l1
325,30,1769018408,l1
326,30,1769018408,l1
327,30,1769018408,l1
328,30,1769018408,l1
329,30,1769018408,l1
330,30,1769018408,l1
331,30,1769018408,l1
332,30,1769018408,l1
333,30,1769018408,l1
334,30,1769018408,l1
335,30,1769018408,l1
336,30,1769018408,l1
337,30,1769018408,l1
338,30,1769018408,l1
339,30,1769018408,l1
340,30,1769018408,l1
341,30,1769018408,l1
342,30,1769018408,l1
343,30,1769018408,l1
344,30,1769018408,l1
345,30,1769018408,l1
346,30,1769018408,l1
347,30,1769018408,l1
348,30,1769018408,l1
349,30,1769018408,l1
350,30,1769018408,l1
351,30,1769018408,l1
352,30,1769018408,l1
353,30,1769018408,l1
354,30,1769018408,l1
355,30,1769018408,l1
356,30,1769018408,l1
357,30,1769018408,l1
358,30,1769018408,l1
359,30,1769018408,l1
360,30,1769018408,l1
361,30,1769018408,l1
362,30,1769018408,l1
363,30,1769018408,l1
364,30,1769018408,l1
365,30,1769018408,l1
366,30,1769018408,l1
367,30,1769018408,l1
368,30,1769018408,l1
369,30,1769018408,l1
370,30,1769018408,l1
371,30,1769018408,l1
372,30,1769018408,l1
373,30,1769018408,l1
374,30,1769018408,l1
375,30,1769018408,l1
376,30,1769018408,l1
377,30,1769018408,l1
378,30,1769018408,l1
379,30,1769018408,l1
380,30,1769018408,l1
381,30,1769018408,l1
382,30,1769018408,l1
383,30,1769018408,l1
384,30,1769018408,l1
385,30,1769018408,l1
386,30,1769018408,l1
387,30,1769018408,l1
388,30,1769018408,l1
389,30,1769018408,l1
390,30,1769018408,l1
391,30,1769018408,l1
392,30,1769018408,l1
393,30,1769018408,l1
394,30,1769018408,l1
395,30,1769018408,l1
396,30,1769018408,l1
397,30,1769018408,l1
398,30,1769018408,l1
399,30,1769018408,l1
400,30,1769018408,l1
401,30,1769018408,l1
402,30,1769018408,l1
403,30,1769018408,l1
404,30,1769018408,l1
405,30,1769018408,l1
406,30,1769018408,l1
407,30,1769018408,l1
408,30,1769018408,l1
409,30,1769018408,l1
410,30,1769018408,l1
411,30,1769018408,l1
412,30,1769018408,l1
413,30,1769018408,l1
414,30,1769018408,l1
415,30,1769018408,l1
416,30,1769018408,l1
417,30,1769018408,l1
418,30,1769018408,l1
419,30,1769018408,l1
420,30,1769018408,l1
421,30,1769018408,l1
422,30,1769018408,l1
423,30,1769018408,l1
424,30,1769018408,l1
425,30,1769018408,l1
426,30,1769018408,l1
427,30,1769018408,l1
428,30,1769018408,l1
429,30,1769018408,l1
430,30,1769018408,l1
431,30,1769018408,l1
432,30,1769018408,l1
433,30,1769018408,l1
434,30,1769018408,l1
435,30,1769018408,l1
436,30,1769018408,l1
437,30,1769018408,l1
438,30,1769018408,l1
439,30,1769018408,l1
440,30,1769018408,l1
441,30,1769018408,l1
442,30,1769018408,l1
443,30,1769018408,l1
444,30,1769018408,l1
445,30,1769018408,l1
446,30,1769018408,l1
447,30,1769018408,l1
448,30,1769018408,l1
449,30,1769018408,l1
450,30,1769018408,l1
451,30,1769018408,l1
452,30,1769018408,l1
453,30,1769018408,l1
454,30,1769018408,l1
455,30,1769018408,l1
456,30,1769018408,l1
457,30,1769018408,l1
458,30,1769018408,l1
459,30,1769018408,l1
460,30,1769018408,l1
461,30,1769018408,l1
462,30,1769018408,l1
463,30,1769018408,l1
464,30,1769018408,l1
465,30,1769018408,l1
466,30,1769018408,l1
467,30,1769018408,l1
468,30,1769018408,l1
469,30,1769018408,l1
470,30,1769018408,l1
471,30,1769018408,l1
472,30,1769018408,l1
473,30,1769018408,l1
474,30,1769018408,l1
475,30,1769018408,l1
476,30,1769018408,l1
477,30,1769018408,l1
478,30,1769018408,l1
479,30,1769018408,l1
480,30,1769018408,l1
481,30,1769018408,l1
482,30,1769018408,l1
483,30,1769018408,l1
484,30,1769018408,l1
485,30,1769018408,l1
486,30,1769018408,l1
487,30,1769018408,l1
488,30,1769018408,l1
489,30,1769018408,l1
490,30,1769018408,l1
491,30,1769018408,l1
492,30,1769018408,l1
493,30,1769018408,l1
494,30,1769018408,l1
495,0,1769018408,l1
496,30,1769018408,l1
497,30,1769018408,l1
498,30,1769018408,l1
499,30,1769018408,l1
500,30,1769018408,l1
501,30,1769018408,l1
502,30,1769018408,l1
503,30,1769018408,l1
504,30,1769018408,l1
505,30,1769018408,l1
506,30,1769018408,l1
507,30,1769018408,l1
508,30,1769018408,l1
509,30,1769018408,l1
510,30,1769018408,l1
511,30,1769018408,l1
512,30,1769018408,l1
513,30,1769018408,l1
514,30,1769018408,l1
515,30,1769018408,l1
516,30,1769018408,l1
517,30,1769018408,l1
518,30,1769018408,l1
519,30,1769018408,l1
520,30,1769018408,l1
521,30,1769018408,l1
522,30,1769018408,l1
523,30,1769018408,l1
524,30,1769018408,l1
525,30,1769018408,l1
526,30,1769018408,l1
527,0,1769018408,l1
528,30,1769018408,l1
529,30,1769018408,l1
530,30,1769018408,l1
531,30,1769018408,l1
532,30,1769018408,l1
533,30,1769018408,l1
534,30,1769018408,l1
535,30,1769018408,l1
536,30,1769018408,l1
537,30,1769018408,l1
538,30,1769018408,l1
539,30,1769018408,l1
540,30,1769018408,l1
541,30,1769018408,l1
542,30,1769018408,l1
543,30,1769018408,l1
544,30,1769018408,l1
545,30,1769018408,l1
546,30,1769018408,l1
547,30,1769018408,l1
548,30,1769018408,l1
549,30,1769018408,l1
550,30,1769018408,l1
551,30,1769018408,l1
552,30,1769018408,l1
553,30,1769018408,l1
554,30,1769018408,l1
555,30,1769018408,l1
556,30,1769018408,l1
557,30,1769018408,l1
558,30,1769018408,l1
559,30,1769018408,l1
560,30,1769018408,l1
561,30,1769018408,l1
562,30,1769018408,l1
563,30,1769018408,l1
564,30,1769018408,l1
565,30,1769018408,l1
566,30,1769018408,l1
567,30,1769018408,l1
568,30,1769018408,l1
569,30,1769018408,l1
570,30,1769018408,l1
571,30,1769018408,l1
572,30,1769018408,l1
573,30,1769018408,l1
574,30,1769018408,l1
575,30,1769018408,l1
576,30,1769018408,l1
577,30,1769018408,l1
578,30,1769018408,l1
579,30,1769018408,l1
580,30,1769018408,l1
581,30,1769018408,l1
582,30,1769018408,l1
583,30,1769018408,l1
584,30,1769018408,l1
585,30,1769018408,l1
586,30,1769018408,l1
587,30,1769018408,l1
588,30,1769018408,l1
589,30,1769018408,l1
590,30,1769018408,l1
591,30,1769018408,l1
592,30,1769018408,l1
593,30,1769018408,l1
594,30,1769018408,l1
595,30,1769018408,l1
596,30,1769018408,l1
597,30,1769018408,l1
598,30,1769018408,l1
599,30,1769018408,l1
600,30,1769018408,l1
601,30,1769018408,l1
602,30,1769018408,l1
603,30,1769018408,l1
604,30,1769018408,l1
605,30,1769018408,l1
606,30,1769018408,l1
607,30,1769018408,l1
608,30,1769018408,l1
609,30,1769018408,l1
610,30,1769018408,l1
611,30,1769018408,l1
612,30,1769018408,l1
613,30,1769018408,l1
614,30,1769018408,l1
615,30,1769018408,l1
616,30,1769018408,l1
617,30,1769018408,l1
618,30,1769018408,l1
619,30,1769018408,l1
620,30,1769018408,l1
621,30,1769018408,l1
622,30,1769018408,l1
623,30,1769018408,l1
624,30,1769018408,l1
625,30,1769018408,l1
626,30,1769018408,l1
627,30,1769018408,l1
628,30,1769018408,l1
629,30,1769018408,l1
630,30,1769018408,l1
631,30,1769018408,l1
632,30,1769018408,l1
633,30,1769018408,l1
634,30,1769018408,l1
635,30,1769018408,l1
636,30,1769018408,l1
637,30,1769018408,l1
638,30,1769018408,l1
639,30,1769018408,l1
640,30,1769018408,l1
641,30,1769018408,l1
642,30,1769018408,l1
643,30,1769018408,l1
644,30,1769018408,l1
645,30,1769018408,l1
646,30,1769018408,l1
647,30,1769018408,l1
648,30,1769018408,l1
649,30,1769018408,l1
650,30,1769018408,l1
651,30,1769018408,l1
652,30,1769018408,l1
653,30,1769018408,l1
654,30,1769018408,l1
655,30,1769018408,l1
656,30,1769018408,l1
657,30,1769018408,l1
658,0,1769018408,l1
659,30,1769018408,l1
660,30,1769018408,l1
661,30,1769018408,l1
662,30,1769018408,l1
663,30,1769018408,l1
664,30,1769018408,l1
665,30,1769018408,l1
666,30,1769018408,l1
667,30,1769018408,l1
668,30,1769018408,l1
669,30,1769018408,l1
670,30,1769018408,l1
671,30,1769018408,l1
672,30,1769018408,l1
673,30,1769018408,l1
674,30,1769018408,l1
675,30,1769018408,l1
676,30,1769018408,l1
677,30,1769018408,l1
678,30,1769018408,l1
679,30,1769018408,l1
680,30,1769018408,l1
681,30,1769018408,l1
682,30,1769018408,l1
683,30,1769018408,l1
684,30,1769018408,l1
685,30,1769018408,l1
686,30,1769018408,l1
687,30,1769018408,l1
688,30,1769018408,l1
689,30,1769018408,l1
690,30,1769018408,l1
691,30,1769018408,l1
692,30,1769018408,l1
693,30,1769018408,l1
694,30,1769018408,l1
695,30,1769018408,l1
696,30,1769018408,l1
697,30,1769018408,l1
698,30,1769018408,l1
699,30,1769018408,l1
700,30,1769018408,l1
701,30,1769018408,l1
702,30,1769018408,l1
703,30,1769018408,l1
704,30,1769018408,l1
705,30,1769018408,l1
706,30,1769018408,l1
707,30,1769018408,l1
708,30,1769018408,l1
709,30,1769018408,l1
710,30,1769018408,l1
711,30,1769018408,l1
712,30,1769018408,l1
713,30,1769018408,l1
714,30,1769018408,l1
715,30,1769018408,l1
716,30,1769018408,l1
717,30,1769018408,l1
718,30,1769018408,l1
719,30,1769018408,l1
720,30,1769018408,l1
721,30,1769018408,l1
722,30,1769018408,l1
723,30,1769018408,l1
724,30,1769018408,l1
725,30,1769018408,l1
726,30,1769018408,l1
727,30,1769018408,l1
728,30,1769018408,l1
729,30,1769018408,l1
730,30,1769018408,l1
731,30,1769018408,l1
732,30,1769018408,l1
733,30,1769018408,l1
734,30,1769018408,l1
735,30,1769018408,l1
736,30,1769018408,l1
737,30,1769018408,l1
738,30,1769018408,l1
739,30,1769018408,l1
740,30,1769018408,l1
741,30,1769018408,l1
742,30,1769018408,l1
743,30,1769018408,l1
744,30,1769018408,l1
745,30,1769018408,l1
746,30,1769018408,l1
747,30,1769018408,l1
748,30,1769018408,l1
749,30,1769018408,l1
750,30,1769018408,l1
751,30,1769018408,l1
752,30,1769018408,l1
753,30,1769018408,l1
754,30,1769018408,l1
755,30,1769018408,l1
756,30,1769018408,l1
757,30,1769018408,l1
758,30,1769018408,l1
759,30,1769018408,l1
760,30,1769018408,l1
761,30,1769018408,l1
762,30,1769018408,l1
763,30,1769018408,l1
764,30,1769018408,l1
765,30,1769018408,l1
766,30,1769018408,l1
767,30,1769018408,l1
768,30,1769018408,l1
769,30,1769018408,l1
770,30,1769018408,l1
771,30,1769018408,l1
772,30,1769018408,l1
773,30,1769018408,l1
774,30,1769018408,l1
775,30,1769018408,l1
776,30,1769018408,l1
777,30,1769018408,l1
778,30,1769018408,l1
779,30,1769018408,l1
780,30,1769018408,l1
781,30,1769018408,l1
782,30,1769018408,l1
783,30,1769018408,l1
784,30,1769018408,l1
785,30,1769018408,l1
786,30,1769018408,l1
787,30,1769018408,l1
788,30,1769018408,l1
789,30,1769018408,l1
790,30,1769018408,l1
791,30,1769018408,l1
792,30,1769018408,l1
793,30,1769018408,l1
794,30,1769018408,l1
795,30,1769018408,l1
796,30,1769018408,l1
797,30,1769018408,l1
798,30,1769018408,l1
799,30,1769018408,l1
800,30,1769018408,l1
801,30,1769018408,l1
802,30,1769018408,l1
803,30,1769018408,l1
804,30,1769018408,l1
805,30,1769018408,l1
806,30,1769018408,l1
807,30,1769018408,l1
808,30,1769018408,l1
809,30,1769018408,l1
810,30,1769018408,l1
811,30,1769018408,l1
812,30,1769018408,l1
813,30,1769018408,l1
814,30,1769018408,l1
815,30,1769018408,l1
816,30,1769018408,l1
817,30,1769018408,l1
818,30,1769018408,l1
819,30,1769018408,l1
820,30,1769018408,l1
821,30,1769018408,l1
822,30,1769018408,l1
823,30,1769018408,l1
824,30,1769018408,l1
825,30,1769018408,l1
826,30,1769018408,l1
827,30,1769018408,l1
828,30,1769018408,l1
829,30,1769018408,l1
830,30,1769018408,l1
831,30,1769018408,l1
832,30,1769018408,l1
833,30,1769018408,l1
834,30,1769018408,l1
835,30,1769018408,l1
836,30,1769018408,l1
837,30,1769018408,l1
838,30,1769018408,l1
839,30,1769018408,l1
840,30,1769018408,l1
841,30,1769018408,l1
842,30,1769018408,l1
843,30,1769018408,l1
844,30,1769018408,l1
845,30,1769018408,l1
846,30,1769018408,l1
847,30,1769018408,l1
848,30,1769018408,l1
849,30,1769018408,l1
850,30,1769018408,l1
851,30,1769018408,l1
852,30,1769018408,l1
853,30,1769018408,l1
854,30,1769018408,l1
855,30,1769018408,l1
856,30,1769018408,l1
857,30,1769018408,l1
858,30,1769018408,l1
859,30,1769018408,l1
860,30,1769018408,l1
861,30,1769018408,l1
862,30,1769018408,l1
863,30,1769018408,l1
864,30,1769018408,l1
865,30,1769018408,l1
866,30,1769018408,l1
867,30,1769018408,l1
868,30,1769018408,l1
869,30,1769018408,l1
870,30,1769018408,l1
871,30,1769018408,l1
872,30,1769018408,l1
873,30,1769018408,l1
874,30,1769018408,l1
875,30,1769018408,l1
876,30,1769018408,l1
877,30,1769018408,l1
878,30,1769018408,l1
879,30,1769018408,l1
880,30,1769018408,l1
881,30,1769018408,l1
882,30,1769018408,l1
883,30,1769018408,l1
884,30,1769018408,l1
885,30,1769018408,l1
886,30,1769018408,l1
887,30,1769018408,l1
888,30,1769018408,l1
889,30,1769018408,l1
890,30,1769018408,l1
891,30,1769018408,l1
892,30,1769018408,l1
893,30,1769018408,l1
894,30,1769018408,l1
895,30,1769018408,l1
896,30,1769018408,l1
897,30,1769018408,l1
898,30,1769018408,l1
899,30,1769018408,l1
900,30,1769018408,l1
901,30,1769018408,l1
902,30,1769018408,l1
903,30,1769018408,l1
904,30,1769018408,l1
905,30,1769018408,l1
906,30,1769018408,l1
907,30,1769018408,l1
908,30,1769018408,l1
909,30,1769018408,l1
910,30,1769018408,l1
911,30,1769018408,l1
912,30,1769018408,l1
913,30,1769018408,l1
914,30,1769018408,l1
915,30,1769018408,l1
916,30,1769018408,l1
917,30,1769018408,l1
918,30,1769018408,l1
919,30,1769018408,l1
920,30,1769018408,l1
921,30,1769018408,l1
922,30,1769018408,l1
923,30,1769018408,l1
924,30,1769018408,l1
925,30,1769018408,l1
926,30,1769018408,l1
927,30,1769018408,l1
928,30,1769018408,l1
929,30,1769018408,l1
930,30,1769018408,l1
931,30,1769018408,l1
932,30,1769018408,l1
933,30,1769018408,l1
934,30,1769018408,l1
935,30,1769018408,l1
936,30,1769018408,l1
937,30,1769018408,l1
938,30,1769018408,l1
939,30,1769018408,l1
940,30,1769018408,l1
941,30,1769018408,l1
942,30,1769018408,l1
943,30,1769018408,l1
944,30,1769018408,l1
945,30,1769018408,l1
946,30,1769018408,l1
947,30,1769018408,l1
948,30,1769018408,l1
949,30,1769018408,l1
950,30,1769018408,l1
951,30,1769018408,l1
952,30,1769018408,l1
953,30,1769018408,l1
954,30,1769018408,l1
955,30,1769018408,l1
956,30,1769018408,l1
957,30,1769018408,l1
958,30,1769018408,l1
959,30,1769018408,l1
960,30,1769018408,l1
961,30,1769018408,l1
962,30,1769018408,l1
963,30,1769018408,l1
964,30,1769018408,l1
965,30,1769018408,l1
966,30,1769018408,l1
967,30,1769018408,l1
968,30,1769018408,l1
969,30,1769018408,l1
970,30,1769018408,l1
971,30,1769018408,l1
972,30,1769018408,l1
973,30,1769018408,l1
974,30,1769018408,l1
975,30,1769018408,l1
976,30,1769018408,l1
977,30,1769018408,l1
978,30,1769018408,l1
979,30,1769018408,l1
980,30,1769018408,l1
981,30,1769018408,l1
982,30,1769018408,l1
983,30,1769018408,l1
984,30,1769018408,l1
985,30,1769018408,l1
986,30,1769018408,l1
987,30,1769018408,l1
988,30,1769018408,l1
989,30,1769018408,l1
990,30,1769018408,l1
991,30,1769018408,l1
992,30,1769018408,l1
993,30,1769018408,l1
994,30,1769018408,l1
995,30,1769018408,l1
996,30,1769018408,l1
997,30,1769018408,l1
998,30,1769018408,l1
999,30,1769018408,l1
1000,30,1769018408,l1
1001,30,1769018408,l1
1002,30,1769018408,l1
1003,30,1769018408,l1
1004,30,1769018408,l1
1005,30,1769018408,l1
1006,30,1769018408,l1
1007,30,1769018408,l1
1008,30,1769018408,l1
1009,30,1769018408,l1
1010,30,1769018408,l1
1011,30,1769018408,l1
1012,30,1769018408,l1
1013,30,1769018408,l1
1014,30,1769018408,l1
1015,30,1769018408,l1
1016,30,1769018408,l1
1017,30,1769018408,l1
1018,30,1769018408,l1
1019,30,1769018408,l1
1020,30,1769018408,l1
1021,30,1769018408,l1
1022,30,1769018408,l1
1023,30,1769018408,l1
1024,30,1769018408,l1
1025,30,1769018408,l1
1026,30,1769018408,l1
1027,30,1769018408,l1
1028,30,1769018408,l1
1029,30,1769018408,l1
1030,30,1769018408,l1
1031,30,1769018408,l1
1032,30,1769018408,l1
1033,30,1769018408,l1
1034,30,1769018408,l1
1035,30,1769018408,l1
1036,30,1769018408,l1
1037,30,1769018408,l1
1038,30,1769018408,l1
1039,30,1769018408,l1
1040,30,1769018408,l1
1041,30,1769018408,l1
1042,30,1769018408,l1
1043,30,1769018408,l1
1044,30,1769018408,l1
1045,30,1769018408,l1
1046,30,1769018408,l1
1047,30,1769018408,l1
1048,30,1769018408,l1
1049,30,1769018408,l1
1050,30,1769018408,l1
1051,30,1769018408,l1
1052,30,1769018408,l1
1053,30,1769018408,l1
1054,30,1769018408,l1
1055,30,1769018408,l1
1056,30,1769018408,l1
1057,30,1769018408,l1
1058,30,1769018408,l1
1059,30,1769018408,l1
1060,30,1769018408,l1
1061,30,1769018408,l1
1062,30,1769018408,l1
1063,30,1769018408,l1
1064,30,1769018408,l1
1065,30,1769018408,l1
1066,30,1769018408,l1
1067,30,1769018408,l1
1068,30,1769018408,l1
1069,30,1769018408,l1
1070,0,1769018408,l1
1071,30,1769018408,l1
1072,30,1769018408,l1
1073,30,1769018408,l1
1074,30,1769018408,l1
1075,30,1769018408,l1
1076,30,1769018408,l1
1077,30,1769018408,l1
1078,30,1769018408,l1
1079,30,1769018408,l1
1080,30,1769018408,l1
1081,30,1769018408,l1
1082,30,1769018408,l1
1083,30,1769018408,l1
1084,30,1769018408,l1
1085,30,1769018408,l1
1086,30,1769018408,l1
1087,30,1769018408,l1
1088,30,1769018408,l1
1089,30,1769018408,l1
1090,30,1769018408,l1
1091,30,1769018408,l1
1092,30,1769018408,l1
1093,30,1769018408,l1
1094,30,1769018408,l1
1095,30,1769018408,l1
1096,30,1769018408,l1
1097,30,1769018408,l1
1098,30,1769018408,l1
1099,30,1769018408,l1
1100,30,1769018408,l1
1101,30,1769018408,l1
1102,30,1769018408,l1
1103,30,1769018408,l1
1104,30,1769018408,l1
1105,30,1769018408,l1
1106,30,1769018408,l1
1107,30,1769018408,l1
1108,30,1769018408,l1
1109,30,1769018408,l1
1110,30,1769018408,l1
1111,30,1769018408,l1
1112,30,1769018408,l1
1113,30,1769018408,l1
1114,30,1769018408,l1
1115,30,1769018408,l1
1116,30,1769018408,l1
1117,30,1769018408,l1
1118,30,1769018408,l1
1119,30,1769018408,l1
1120,30,1769018408,l1
1121,30,1769018408,l1
1122,30,1769018408,l1
1123,30,1769018408,l1
1124,30,1769018408,l1
1125,30,1769018408,l1
1126,30,1769018408,l1
1127,30,1769018408,l1
1128,30,1769018408,l1
1129,30,1769018408,l1
1130,30,1769018408,l1
1131,30,1769018408,l1
1132,30,1769018408,l1
1133,30,1769018408,l1
1134,30,1769018408,l1
1135,30,1769018408,l1
1136,30,1769018408,l1
1137,30,1769018408,l1
1138,30,1769018408,l1
1139,30,1769018408,l1
1140,30,1769018408,l1
1141,30,1769018408,l1
1142,30,1769018408,l1
1143,30,1769018408,l1
1144,30,1769018408,l1
1145,30,1769018408,l1
1146,30,1769018408,l1
1147,30,1769018408,l1
1148,30,1769018408,l1
1149,30,1769018408,l1
1150,30,1769018408,l1
1151,30,1769018408,l1
1152,30,1769018408,l1
1153,30,1769018408,l1
1154,30,1769018408,l1
1155,30,1769018408,l1
1156,30,1769018408,l1
1157,30,1769018408,l1
1158,30,1769018408,l1
1159,30,1769018408,l1
1160,30,1769018408,l1
1161,30,1769018408,l1
1162,30,1769018408,l1
1163,30,1769018408,l1
1164,30,1769018408,l1
1165,30,1769018408,l1
1166,30,1769018408,l1
1167,30,1769018408,l1
1168,30,1769018408,l1
1169,30,1769018408,l1
1170,30,1769018408,l1
1171,30,1769018408,l1
1172,30,1769018408,l1
1173,30,1769018408,l1
1174,30,1769018408,l1
1175,30,1769018408,l1
1176,30,1769018408,l1
1177,30,1769018408,l1
1178,30,1769018408,l1
1179,30,1769018408,l1
1180,30,1769018408,l1
1181,30,1769018408,l1
1182,30,1769018408,l1
1183,30,1769018408,l1
1184,30,1769018408,l1
1185,30,1769018408,l1
1186,30,1769018408,l1
1187,30,1769018408,l1
1188,30,1769018408,l1
1189,30,1769018408,l1
1190,30,1769018408,l1
1191,30,1769018408,l1
1192,30,1769018408,l1
1193,30,1769018408,l1
1194,30,1769018408,l1
1195,30,1769018408,l1
1196,30,1769018408,l1
1197,30,1769018408,l1
1198,30,1769018408,l1
1199,30,1769018408,l1
1200,30,1769018408,l1
1201,30,1769018408,l1
1202,30,1769018408,l1
1203,30,1769018408,l1
1204,30,1769018408,l1
1205,30,1769018408,l1
1206,30,1769018408,l1
1207,30,1769018408,l1
1208,30,1769018408,l1
1209,30,1769018408,l1
1210,30,1769018408,l1
1211,30,1769018408,l1
1212,30,1769018408,l1
1213,30,1769018408,l1
1214,30,1769018408,l1
1215,30,1769018408,l1
1216,30,1769018408,l1
1217,30,1769018408,l1
1218,30,1769018408,l1
1219,30,1769018408,l1
1220,30,1769018408,l1
1221,30,1769018408,l1
1222,30,1769018408,l1
1223,30,1769018408,l1
1224,30,1769018408,l1
1225,30,1769018408,l1
1226,30,1769018408,l1
1227,30,1769018408,l1
1228,30,1769018408,l1
1229,30,1769018408,l1
1230,30,1769018408,l1
1231,30,1769018408,l1
1232,30,1769018408,l1
1233,30,1769018408,l1
1234,30,1769018408,l1
1235,30,1769018408,l1
1236,30,1769018408,l1
1237,30,1769018408,l1
1238,30,1769018408,l1
1239,30,1769018408,l1
1240,30,1769018408,l1
1241,30,1769018408,l1
1242,30,1769018408,l1
1243,30,1769018408,l1
1244,30,1769018408,l1
1245,30,1769018408,l1
1246,30,1769018408,l1
1247,30,1769018408,l1
1248,30,1769018408,l1
1249,30,1769018408,l1
1250,30,1769018408,l1
1251,30,1769018408,l1
1252,30,1769018408,l1
1253,30,1769018408,l1
1254,30,1769018408,l1
1255,30,1769018408,l1
1256,30,1769018408,l1
1257,30,1769018408,l1
1258,30,1769018408,l1
1259,30,1769018408,l1
1260,30,1769018408,l1
1261,30,1769018408,l1
1262,30,1769018408,l1
1263,30,1769018408,l1
1264,30,1769018408,l1
1265,30,1769018408,l1
1266,30,1769018408,l1
1267,30,1769018408,l1
1268,30,1769018408,l1
1269,30,1769018408,l1
1270,30,1769018408,l1
1271,30,1769018408,l1
1272,30,1769018408,l1
1273,30,1769018408,l1
1274,30,1769018408,l1
1275,30,1769018408,l1
1276,30,1769018408,l1
1277,30,1769018408,l1
1278,30,1769018408,l1
1279,30,1769018408,l1
1280,30,1769018408,l1
1281,30,1769018408,l1
1282,30,1769018408,l1
1283,30,1769018408,l1
1284,30,1769018408,l1
1285,30,1769018408,l1
1286,30,1769018408,l1
1287,30,1769018408,l1
1288,30,1769018408,l1
1289,30,1769018408,l1
1290,30,1769018408,l1
1291,30,1769018408,l1
1292,30,1769018408,l1
1293,30,1769018408,l1
1294,30,1769018408,l1
1295,30,1769018408,l1
1296,30,1769018408,l1
1297,30,1769018408,l1
1298,30,1769018408,l1
1299,30,1769018408,l1
1300,30,1769018408,l1
1301,30,1769018408,l1
1302,30,1769018408,l1
1303,30,1769018408,l1
1304,30,1769018408,l1
1305,30,1769018408,l1
1306,30,1769018408,l1
1307,30,1769018408,l1
1308,30,1769018408,l1
1309,30,1769018408,l1
1310,30,1769018408,l1
1311,30,1769018408,l1
1312,30,1769018408,l1
1313,30,1769018408,l1
1314,30,1769018408,l1
1315,30,1769018408,l1
1316,30,1769018408,l1
1317,30,1769018408,l1
1318,30,1769018408,l1
1319,30,1769018408,l1
1320,30,1769018408,l1
1321,30,1769018408,l1
1322,30,1769018408,l1
1323,30,1769018408,l1
1324,30,1769018408,l1
1325,30,1769018408,l1
1326,30,1769018408,l1
1327,30,1769018408,l1
1328,30,1769018408,l1
1329,30,1769018408,l1
1330,30,1769018408,l1
1331,30,1769018408,l1
1332,30,1769018408,l1
1333,30,1769018408,l1
1334,30,1769018408,l1
1335,30,1769018408,l1
1336,30,1769018408,l1
1337,30,1769018408,l1
1338,30,1769018408,l1
1339,30,1769018408,l1
1340,30,1769018408,l1
1341,30,1769018408,l1
1342,30,1769018408,l1
1343,30,1769018408,l1
1344,30,1769018408,l1
1345,30,1769018408,l1
1346,30,1769018408,l1
1347,30,1769018408,l1
1348,30,1769018408,l1
1349,30,1769018408,l1
1350,30,1769018408,l1
1351,30,1769018408,l1
1352,30,1769018408,l1
1353,30,1769018408,l1
1354,30,1769018408,l1
1355,30,1769018408,l1
1356,30,1769018408,l1
1357,30,1769018408,l1
1358,30,1769018408,l1
1359,30,1769018408,l1
1360,30,1769018408,l1
1361,30,1769018408,l1
1362,30,1769018408,l1
1363,30,1769018408,l1
1364,30,1769018408,l1
1365,30,1769018408,l1
1366,30,1769018408,l1
1367,30,1769018408,l1
1368,30,1769018408,l1
1369,30,1769018408,l1
1370,30,1769018408,l1
1371,30,1769018408,l1
1372,30,1769018408,l1
1373,30,1769018408,l1
1374,30,1769018408,l1
1375,30,1769018408,l1
1376,30,1769018408,l1
1377,30,1769018408,l1
1378,30,1769018408,l1
1379,30,1769018408,l1
1380,30,1769018408,l1
1381,30,1769018408,l1
1382,30,1769018408,l1
1383,30,1769018408,l1
1384,30,1769018408,l1
1385,30,1769018408,l1
1386,30,1769018408,l1
1387,30,1769018408,l1
1388,30,1769018408,l1
1389,30,1769018408,l1
1390,30,1769018408,l1
1391,30,1769018408,l1
1392,30,1769018408,l1
1393,30,1769018408,l1
1394,30,1769018408,l1
1395,30,1769018408,l1
1396,30,1769018408,l1
1397,30,1769018408,l1
1398,30,1769018408,l1
1399,30,1769018408,l1
1400,30,1769018408,l1
1401,30,1769018408,l1
1402,30,1769018408,l1
1403,30,1769018408,l1
1404,30,1769018408,l1
1405,30,1769018408,l1
1406,30,1769018408,l1
1407,30,1769018408,l1
1408,30,1769018408,l1
1409,30,1769018408,l1
1410,30,1769018408,l1
1411,30,1769018408,l1
1412,30,1769018408,l1
1413,30,1769018408,l1
1414,30,1769018408,l1
1415,30,1769018408,l1
1416,30,1769018408,l1
1417,30,1769018408,l1
1418,30,1769018408,l1
1419,30,1769018408,l1
1420,30,1769018408,l1
1421,30,1769018408,l1
1422,30,1769018408,l1
1423,30,1769018408,l1
1424,30,1769018408,l1
1425,30,1769018408,l1
1426,30,1769018408,l1
1427,30,1769018408,l1
1428,30,1769018408,l1
1429,30,1769018408,l1
1430,30,1769018408,l1
1431,30,1769018408,l1
1432,30,1769018408,l1
1433,30,1769018408,l1
1434,30,1769018408,l1
1435,30,1769018408,l1
1436,30,1769018408,l1
1437,30,1769018408,l1
1438,30,1769018408,l1
1439,30,1769018408,l1
1440,30,1769018408,l1
1441,30,1769018408,l1
1442,30,1769018408,l1
1443,30,1769018408,l1
1444,30,1769018408,l1
1445,30,1769018408,l1
1446,30,1769018408,l1
1447,30,1769018408,l1
1448,30,1769018408,l1
1449,30,1769018408,l1
1450,30,1769018408,l1
1451,30,1769018408,l1
1452,30,1769018408,l1
1453,30,1769018408,l1
1454,30,1769018408,l1
1455,30,1769018408,l1
1456,30,1769018408,l1
1457,30,1769018408,l1
1458,30,1769018408,l1
1459,30,1769018408,l1
1460,30,1769018408,l1
1461,30,1769018408,l1
1462,30,1769018408,l1
1463,30,1769018408,l1
1464,30,1769018408,l1
1465,30,1769018408,l1
1466,30,1769018408,l1
1467,30,1769018408,l1
1468,30,1769018408,l1
1469,30,1769018408,l1
1470,30,1769018408,l1
1471,30,1769018408,l1
1472,30,1769018408,l1
1473,30,1769018408,l1
1474,30,1769018408,l1
1475,30,1769018408,l1
1476,30,1769018408,l1
1477,30,1769018408,l1
1478,30,1769018408,l1
1479,30,1769018408,l1
1480,30,1769018408,l1
1481,30,1769018408,l1
1482,30,1769018408,l1
1483,30,1769018408,l1
1484,30,1769018408,l1
1485,30,1769018408,l1
1486,30,1769018408,l1
1487,30,1769018408,l1
1488,30,1769018408,l1
1489,30,1769018408,l1
1490,30,1769018408,l1
1491,30,1769018408,l1
1492,30,1769018408,l1
1493,30,1769018408,l1
1494,30,1769018408,l1
1495,30,1769018408,l1
1496,30,1769018408,l1
1497,30,1769018408,l1
1498,30,1769018408,l1
1499,30,1769018408,l1
1500,30,1769018408,l1
1501,30,1769018408,l1
1502,30,1769018408,l1
1503,30,1769018408,l1
1504,30,1769018408,l1
1505,30,1769018408,l1
1506,30,1769018408,l1
1507,30,1769018408,l1
1508,30,1769018408,l1
1509,30,1769018408,l1
1510,30,1769018408,l1
1511,30,1769018408,l1
1512,30,1769018408,l1
1513,30,1769018408,l1
1514,30,1769018408,l1
1515,30,1769018408,l1
1516,30,1769018408,l1
1517,30,1769018408,l1
1518,30,1769018408,l1
1519,30,1769018408,l1
1520,30,1769018408,l1
1521,30,1769018408,l1
1522,30,1769018408,l1
1523,30,1769018408,l1
1524,30,1769018408,l1
1525,30,1769018408,l1
1526,30,1769018408,l1
1527,30,1769018408,l1
1528,30,1769018408,l1
1529,30,1769018408,l1
1530,30,1769018408,l1
1531,30,1769018408,l1
1532,30,1769018408,l1
1533,30,1769018408,l1
1534,30,1769018408,l1
1535,30,1769018408,l1
1536,30,1769018408,l1
1537,30,1769018408,l1
1538,30,1769018408,l1
1539,30,1769018408,l1
1540,30,1769018408,l1
1541,30,1769018408,l1
1542,30,1769018408,l1
1543,30,1769018408,l1
1544,30,1769018408,l1
1545,30,1769018408,l1
1546,30,1769018408,l1
1547,30,1769018408,l1
1548,30,1769018408,l1
1549,30,1769018408,l1
1550,30,1769018408,l1
1551,30,1769018408,l1
1552,30,1769018408,l1
1553,30,1769018408,l1
1554,30,1769018408,l1
1555,30,1769018408,l1
1556,30,1769018408,l1
1557,30,1769018408,l1
1558,30,1769018408,l1
1559,30,1769018408,l1
1560,30,1769018408,l1
1561,30,1769018408,l1
1562,30,1769018408,l1
1563,30,1769018408,l1
1564,30,1769018408,l1
1565,30,1769018408,l1
1566,30,1769018408,l1
1567,30,1769018408,l1
1568,30,1769018408,l1
1569,30,1769018408,l1
1570,30,1769018408,l1
1571,30,1769018408,l1
1572,30,1769018408,l1
1573,30,1769018408,l1
1574,30,1769018408,l1
1575,30,1769018408,l1
1576,30,1769018408,l1
1577,30,1769018408,l1
1578,30,1769018408,l1
1579,30,1769018408,l1
1580,30,1769018408,l1
1581,30,1769018408,l1
1582,30,1769018408,l1
1583,30,1769018408,l1
1584,30,1769018408,l1
1585,30,1769018408,l1
1586,30,1769018408,l1
1587,30,1769018408,l1
1588,30,1769018408,l1
1589,30,1769018408,l1
1590,30,1769018408,l1
1591,30,1769018408,l1
1592,30,1769018408,l1
1593,30,1769018408,l1
1594,30,1769018408,l1
1595,30,1769018408,l1
1596,30,1769018408,l1
1597,30,1769018408,l1
1598,30,1769018408,l1
1599,30,1769018408,l1
1600,30,1769018408,l1
1601,30,1769018408,l1
1602,30,1769018408,l1
1603,30,1769018408,l1
1604,30,1769018408,l1
1605,30,1769018408,l1
1606,30,1769018408,l1
1607,30,1769018408,l1
1608,30,1769018408,l1
1609,30,1769018408,l1
1610,30,1769018408,l1
1611,30,1769018408,l1
1612,30,1769018408,l1
1613,30,1769018408,l1
1614,30,1769018408,l1
1615,30,1769018408,l1
1616,30,1769018408,l1
1617,30,1769018408,l1
1618,30,1769018408,l1
1619,30,1769018408,l1
1620,30,1769018408,l1
1621,30,1769018408,l1
1622,30,1769018408,l1
1623,30,1769018408,l1
1624,30,1769018408,l1
1625,30,1769018408,l1
1626,30,1769018408,l1
1627,30,1769018408,l1
1628,30,1769018408,l1
1629,30,1769018408,l1
1630,30,1769018408,l1
1631,30,1769018408,l1
1632,30,1769018408,l1
1633,30,1769018408,l1
1634,30,1769018408,l1
1635,30,1769018408,l1
1636,30,1769018408,l1
1637,30,1769018408,l1
1638,30,1769018408,l1
1639,30,1769018408,l1
1640,30,1769018408,l1
1641,30,1769018408,l1
1642,30,1769018408,l1
1643,30,1769018408,l1
1644,30,1769018408,l1
1645,30,1769018408,l1
1646,30,1769018408,l1
1647,30,1769018408,l1
1648,30,1769018408,l1
1649,30,1769018408,l1
1650,30,1769018408,l1
1651,30,1769018408,l1
1652,30,1769018408,l1
1653,30,1769018408,l1
1654,30,1769018408,l1
1655,30,1769018408,l1
1656,30,1769018408,l1
1657,30,1769018408,l1
1658,30,1769018408,l1
1659,30,1769018408,l1
1660,30,1769018408,l1
1661,30,1769018408,l1
1662,30,1769018408,l1
1663,30,1769018408,l1
1664,30,1769018408,l1
1665,30,1769018408,l1
1666,30,1769018408,l1
1667,30,1769018408,l1
1668,30,1769018408,l1
1669,30,1769018408,l1
1670,30,1769018408,l1
1671,30,1769018408,l1
1672,30,1769018408,l1
1673,30,1769018408,l1
1674,30,1769018408,l1
1675,30,1769018408,l1
1676,30,1769018408,l1
1677,30,1769018408,l1
1678,30,1769018408,l1
1679,30,1769018408,l1
1680,30,1769018408,l1
1681,30,1769018408,l1
1682,30,1769018408,l1
1683,30,1769018408,l1
1684,30,1769018408,l1
1685,30,1769018408,l1
1686,30,1769018408,l1
1687,30,1769018408,l1
1688,30,1769018408,l1
1689,30,1769018408,l1
1690,30,1769018408,l1
1691,30,1769018408,l1
1692,30,1769018408,l1
1693,30,1769018408,l1
1694,30,1769018408,l1
1695,30,1769018408,l1
1696,30,1769018408,l1
1697,30,1769018408,l1
1698,30,1769018408,l1
1699,30,1769018408,l1
1700,30,1769018408,l1
1701,30,1769018408,l1
1702,30,1769018408,l1
1703,30,1769018408,l1
1704,30,1769018408,l1
1705,30,1769018408,l1
1706,30,1769018408,l1
1707,30,1769018408,l1
1708,30,1769018408,l1
1709,30,1769018408,l1
1710,30,1769018408,l1
1711,30,1769018408,l1
1712,30,1769018408,l1
1713,30,1769018408,l1
1714,30,1769018408,l1
1715,30,1769018408,l1
1716,30,1769018408,l1
1717,30,1769018408,l1
1718,30,1769018408,l1
1719,30,1769018408,l1
1720,30,1769018408,l1
1721,30,1769018408,l1
1722,30,1769018408,l1
1723,30,1769018408,l1
1724,30,1769018408,l1
1725,30,1769018408,l1
1726,30,1769018408,l1
1727,30,1769018408,l1
1728,30,1769018408,l1
1729,30,1769018408,l1
1730,30,1769018408,l1
1731,30,1769018408,l1
1732,30,1769018408,l1
1733,30,1769018408,l1
1734,30,1769018408,l1
1735,30,1769018408,l1
1736,30,1769018408,l1
1737,30,1769018408,l1
1738,30,1769018408,l1
1739,30,1769018408,l1
1740,30,1769018408,l1
1741,30,1769018408,l1
1742,30,1769018408,l1
1743,30,1769018408,l1
1744,30,1769018408,l1
1745,30,1769018408,l1
1746,30,1769018408,l1
1747,30,1769018408,l1
1748,30,1769018408,l1
1749,30,1769018408,l1
1750,30,1769018408,l1
1751,30,1769018408,l1
1752,30,1769018408,l1
1753,30,1769018408,l1
1754,30,1769018408,l1
1755,30,1769018408,l1
1756,30,1769018408,l1
1757,30,1769018408,l1
1758,30,1769018408,l1
1759,30,1769018408,l1
1760,30,1769018408,l1
1761,30,1769018408,l1
1762,30,1769018408,l1
1763,30,1769018408,l1
1764,30,1769018408,l1
1765,30,1769018408,l1
1766,30,1769018408,l1
1767,30,1769018408,l1
1768,30,1769018408,l1
1769,30,1769018408,l1
1770,30,1769018408,l1
1771,30,1769018408,l1
1772,30,1769018408,l1
1773,30,1769018408,l1
1774,30,1769018408,l1
1775,30,1769018408,l1
1776,30,1769018408,l1
1777,30,1769018408,l1
1778,30,1769018408,l1
1779,30,1769018408,l1
1780,30,1769018408,l1
1781,30,1769018408,l1
1782,30,1769018408,l1
1783,30,1769018408,l1
1784,30,1769018408,l1
1785,30,1769018408,l1
1786,30,1769018408,l1
1787,30,1769018408,l1
1788,30,1769018408,l1
1789,30,1769018408,l1
1790,30,1769018408,l1
1791,30,1769018408,l1
1792,30,1769018408,l1
1793,30,1769018408,l1
1794,30,1769018408,l1
1795,30,1769018408,l1
1796,30,1769018408,l1
1797,30,1769018408,l1
1798,30,1769018408,l1
1799,30,1769018408,l1
1800,30,1769018408,l1
1801,30,1769018408,l1
1802,30,1769018408,l1
1803,30,1769018408,l1
1804,30,1769018408,l1
1805,30,1769018408,l1
1806,30,1769018408,l1
1807,30,1769018408,l1
1808,30,1769018408,l1
1809,30,1769018408,l1
1810,30,1769018408,l1
1811,30,1769018408,l1
1812,30,1769018408,l1
1813,30,1769018408,l1
1814,30,1769018408,l1
1815,30,1769018408,l1
1816,30,1769018408,l1
1817,30,1769018408,l1
1818,30,1769018408,l1
1819,30,1769018408,l1
1820,30,1769018408,l1
1821,30,1769018408,l1
1822,30,1769018408,l1
1823,30,1769018408,l1
1824,30,1769018408,l1
1825,30,1769018408,l1
1826,30,1769018408,l1
1827,30,1769018408,l1
1828,30,1769018408,l1
1829,30,1769018408,l1
1830,30,1769018408,l1
1831,30,1769018408,l1
1832,30,1769018408,l1
1833,30,1769018408,l1
1834,30,1769018408,l1
1835,30,1769018408,l1
1836,30,1769018408,l1
1837,30,1769018408,l1
1838,30,1769018408,l1
1839,30,1769018408,l1
1840,30,1769018408,l1
1841,30,1769018408,l1
1842,30,1769018408,l1
1843,30,1769018408,l1
1844,30,1769018408,l1
1845,30,1769018408,l1
1846,30,1769018408,l1
1847,30,1769018408,l1
1848,30,1769018408,l1
1849,30,1769018408,l1
1850,30,1769018408,l1
1851,30,1769018408,l1
1852,30,1769018408,l1
1853,30,1769018408,l1
1854,30,1769018408,l1
1855,30,1769018408,l1
1856,30,1769018408,l1
1857,30,1769018408,l1
1858,30,1769018408,l1
1859,30,1769018408,l1
1860,30,1769018408,l1
1861,30,1769018408,l1
1862,30,1769018408,l1
1863,30,1769018408,l1
1864,30,1769018408,l1
1865,30,1769018408,l1
1866,30,1769018408,l1
1867,30,1769018408,l1
1868,30,1769018408,l1
1869,30,1769018408,l1
1870,30,1769018408,l1
1871,30,1769018408,l1
1872,30,1769018408,l1
1873,30,1769018408,l1
1874,30,1769018408,l1
1875,30,1769018408,l1
1876,30,1769018408,l1
1877,30,1769018408,l1
1878,30,1769018408,l1
1879,30,1769018408,l1
1880,30,1769018408,l1
1881,30,1769018408,l1
1882,30,1769018408,l1
1883,30,1769018408,l1
1884,30,1769018408,l1
1885,30,1769018408,l1
1886,30,1769018408,l1
1887,30,1769018408,l1
1888,30,1769018408,l1
1889,30,1769018408,l1
1890,30,1769018408,l1
1891,30,1769018408,l1
1892,30,1769018408,l1
1893,30,1769018408,l1
1894,30,1769018408,l1
1895,30,1769018408,l1
1896,30,1769018408,l1
1897,30,1769018408,l1
1898,30,1769018408,l1
1899,30,1769018408,l1
1900,30,1769018408,l1
1901,30,1769018408,l1
1902,30,1769018408,l1
1903,30,1769018408,l1
1904,30,1769018408,l1
1905,30,1769018408,l1
1906,30,1769018408,l1
1907,30,1769018408,l1
1908,30,1769018408,l1
1909,30,1769018408,l1
1910,30,1769018408,l1
1911,30,1769018408,l1
1912,30,1769018408,l1
1913,30,1769018408,l1
1914,30,1769018408,l1
1915,30,1769018408,l1
1916,30,1769018408,l1
1917,30,1769018408,l1
1918,30,1769018408,l1
1919,30,1769018408,l1
1920,30,1769018408,l1
1921,30,1769018408,l1
1922,30,1769018408,l1
1923,30,1769018408,l1
1924,30,1769018408,l1
1925,30,1769018408,l1
1926,30,1769018408,l1
1927,30,1769018408,l1
1928,30,1769018408,l1
1929,30,1769018408,l1
1930,30,1769018408,l1
1931,30,1769018408,l1
1932,30,1769018408,l1
1933,30,1769018408,l1
1934,30,1769018408,l1
1935,30,1769018408,l1
1936,30,1769018408,l1
1937,30,1769018408,l1
1938,30,1769018408,l1
1939,30,1769018408,l1
1940,30,1769018408,l1
1941,30,1769018408,l1
1942,30,1769018408,l1
1943,30,1769018408,l1
1944,30,1769018408,l1
1945,30,1769018408,l1
1946,30,1769018408,l1
1947,30,1769018408,l1
1948,30,1769018408,l1
1949,30,1769018408,l1
1950,30,1769018408,l1
1951,30,1769018408,l1
1952,30,1769018408,l1
1953,30,1769018408,l1
1954,30,1769018408,l1
1955,30,1769018408,l1
1956,30,1769018408,l1
1957,30,1769018408,l1
1958,30,1769018408,l1
1959,30,1769018408,l1
1960,30,1769018408,l1
1961,30,1769018408,l1
1962,30,1769018408,l1
1963,30,1769018408,l1
1964,30,1769018408,l1
1965,30,1769018408,l1
1966,30,1769018408,l1
1967,30,1769018408,l1
1968,30,1769018408,l1
1969,30,1769018408,l1
1970,30,1769018408,l1
1971,30,1769018408,l1
1972,30,1769018408,l1
1973,30,1769018408,l1
1974,30,1769018408,l1
1975,30,1769018408,l1
1976,30,1769018408,l1
1977,30,1769018408,l1
1978,30,1769018408,l1
1979,30,1769018408,l1
1980,30,1769018408,l1
1981,30,1769018408,l1
1982,30,1769018408,l1
1983,30,1769018408,l1
1984,30,1769018408,l1
1985,30,1769018408,l1
1986,30,1769018408,l1
1987,30,1769018408,l1
1988,30,1769018408,l1
1989,30,1769018408,l1
1990,30,1769018408,l1
1991,30,1769018408,l1
1992,30,1769018408,l1
1993,30,1769018408,l1
1994,30,1769018408,l1
1995,30,1769018408,l1
1996,30,1769018408,l1
1997,30,1769018408,l1
1998,30,1769018408,l1
1999,30,1769018408,l1
2000,30,1769018408,l1
2001,30,1769018408,l1
1,30,1769018392,l1
2,30,1769018392,l1
3,30,1769018392,l1
4,30,1769018392,l1
5,30,1769018392,l1
6,30,1769018392,l1
7,30,1769018392,l1
8,30,1769018392,l1
9,30,1769018392,l1
10,30,1769018392,l1
11,30,1769018392,l1
12,30,1769018392,l1
13,30,1769018392,l1
14,30,1769018392,l1
15,0,1769018392,l1
16,0,1769018392,l1
17,30,1769018392,l1
18,30,1769018392,l1
19,30,1769018392,l1
20,30,1769018392,l1
21,30,1769018392,l1
22,30,1769018392,l1
23,30,1769018392,l1
24,30,1769018392,l1
25,30,1769018392,l1
26,30,1769018392,l1
27,30,1769018392,l1
28,30,1769018392,l1
29,30,1769018392,l1
30,30,1769018392,l1
31,30,1769018392,l1
32,30,1769018392,l1
33,0,1769018392,l1
34,30,1769018392,l1
35,0,1769018392,l1
36,30,1769018392,l1
37,30,1769018392,l1
38,30,1769018392,l1
39,30,1769018392,l1
40,30,1769018392,l1
41,30,1769018392,l1
42,30,1769018392,l1
43,30,1769018392,l1
44,30,1769018392,l1
45,30,1769018392,l1
46,30,1769018392,l1
47,30,1769018392,l1
48,30,1769018392,l1
49,0,1769018392,l1
50,30,1769018392,l1
51,30,1769018392,l1
52,30,1769018392,l1
53,30,1769018392,l1
54,30,1769018392,l1
55,0,1769018392,l1
56,30,1769018392,l1
57,30,1769018392,l1
58,0,1769018392,l1
59,30,1769018392,l1
60,30,1769018392,l1
61,30,1769018392,l1
62,30,1769018392,l1
63,30,1769018392,l1
64,30,1769018392,l1
65,30,1769018392,l1
66,30,1769018392,l1
67,30,1769018392,l1
68,30,1769018392,l1
69,30,1769018392,l1
70,30,1769018392,l1
71,30,1769018392,l1
72,30,1769018392,l1
73,30,1769018392,l1
74,30,1769018392,l1
75,30,1769018392,l1
76,30,1769018392,l1
77,30,1769018392,l1
78,30,1769018392,l1
79,30,1769018392,l1
80,30,1769018392,l1
81,30,1769018392,l1
82,30,1769018392,l1
83,30,1769018392,l1
84,0,1769018392,l1
85,30,1769018392,l1
86,30,1769018392,l1
87,30,1769018392,l1
88,30,1769018392,l1
89,30,1769018392,l1
90,30,1769018392,l1
91,30,1769018392,l1
92,30,1769018392,l1
93,30,1769018392,l1
94,30,1769018392,l1
95,0,1769018392,l1
96,30,1769018392,l1
97,30,1769018392,l1
98,30,1769018392,l1
99,30,1769018392,l1
100,0,1769018392,l1
101,30,1769018392,l1
102,30,1769018392,l1
103,0,1769018392,l1
104,30,1769018392,l1
105,30,1769018392,l1
106,0,1769018392,l1
107,0,1769018392,l1
108,30,1769018392,l1
109,30,1769018392,l1
110,30,1769018392,l1
111,30,1769018392,l1
112,0,1769018392,l1
113,30,1769018392,l1
114,0,1769018392,l1
115,30,1769018392,l1
116,30,1769018392,l1
117,30,1769018392,l1
118,30,1769018392,l1
119,0,1769018392,l1
120,30,1769018392,l1
121,30,1769018392,l1
122,0,1769018392,l1
123,30,1769018392,l1
124,30,1769018392,l1
125,30,1769018392,l1
126,0,1769018392,l1
127,30,1769018392,l1
128,30,1769018392,l1
129,30,1769018392,l1
130,30,1769018392,l1
131,30,1769018392,l1
132,30,1769018392,l1
133,30,1769018392,l1
134,30,1769018392,l1
135,30,1769018392,l1
136,30,1769018392,l1
137,30,1769018392,l1
138,0,1769018392,l1
139,30,1769018392,l1
140,30,1769018392,l1
141,30,1769018392,l1
142,30,1769018392,l1
143,30,1769018392,l1
144,30,1769018392,l1
145,30,1769018392,l1
146,30,1769018392,l1
147,30,1769018392,l1
148,30,1769018392,l1
149,30,1769018392,l1
150,30,1769018392,l1
151,30,1769018392,l1
152,30,1769018392,l1
153,30,1769018392,l1
154,0,1769018392,l1
155,30,1769018392,l1
156,30,1769018392,l1
157,30,1769018392,l1
158,30,1769018392,l1
159,30,1769018392,l1
160,30,1769018392,l1
161,30,1769018392,l1
162,30,1769018392,l1
163,30,1769018392,l1
164,30,1769018392,l1
165,30,1769018392,l1
166,30,1769018392,l1
167,30,1769018392,l1
168,30,1769018392,l1
169,30,1769018392,l1
170,30,1769018392,l1
171,30,1769018392,l1
172,30,1769018392,l1
173,30,1769018392,l1
174,30,1769018392,l1
175,30,1769018392,l1
176,30,1769018392,l1
177,30,1769018392,l1
178,30,1769018392,l1
179,30,1769018392,l1
180,30,1769018392,l1
181,30,1769018392,l1
182,30,1769018392,l1
183,30,1769018392,l1
184,30,1769018392,l1
185,30,1769018392,l1
186,30,1769018392,l1
187,30,1769018392,l1
188,30,1769018392,l1
189,30,1769018392,l1
190,30,1769018392,l1
191,30,1769018392,l1
192,30,1769018392,l1
193,30,1769018392,l1
194,30,1769018392,l1
195,30,1769018392,l1
196,30,1769018392,l1
197,30,1769018392,l1
198,30,1769018392,l1
199,30,1769018392,l1
200,30,1769018392,l1
201,30,1769018392,l1
202,30,1769018392,l1
203,30,1769018392,l1
204,30,1769018392,l1
205,30,1769018392,l1
206,30,1769018392,l1
207,30,1769018392,l1
208,30,1769018392,l1
209,30,1769018392,l1
210,30,1769018392,l1
211,30,1769018392,l1
212,30,1769018392,l1
213,30,1769018392,l1
214,30,1769018392,l1
215,30,1769018392,l1
216,30,1769018392,l1
217,30,1769018392,l1
218,30,1769018392,l1
219,30,1769018392,l1
220,30,1769018392,l1
221,30,1769018392,l1
222,30,1769018392,l1
223,30,1769018392,l1
224,30,1769018392,l1
225,30,1769018392,l1
226,30,1769018392,l1
227,30,1769018392,l1
228,30,1769018392,l1
229,30,1769018392,l1
230,30,1769018392,l1
231,30,1769018392,l1
232,30,1769018392,l1
233,30,1769018392,l1
234,30,1769018392,l1
235,30,1769018392,l1
236,30,1769018392,l1
237,30,1769018392,l1
238,30,1769018392,l1
239,30,1769018392,l1
240,30,1769018392,l1
241,30,1769018392,l1
242,30,1769018392,l1
243,30,1769018392,l1
244,30,1769018392,l1
245,30,1769018392,l1
246,30,1769018392,l1
247,30,1769018392,l1
248,30,1769018392,l1
249,30,1769018392,l1
250,30,1769018392,l1
251,30,1769018392,l1
252,30,1769018392,l1
253,30,1769018392,l1
254,30,1769018392,l1
255,30,1769018392,l1
256,30,1769018392,l1
257,30,1769018392,l1
258,30,1769018392,l1
259,30,1769018392,l1
260,30,1769018392,l1
261,30,1769018392,l1
262,30,1769018392,l1
263,30,1769018392,l1
264,30,1769018392,l1
265,30,1769018392,l1
266,30,1769018392,l1
267,30,1769018392,l1
268,30,1769018392,l1
269,30,1769018392,l1
270,30,1769018392,l1
271,30,1769018392,l1
272,30,1769018392,l1
273,30,1769018392,l1
274,30,1769018392,l1
275,30,1769018392,l1
276,30,1769018392,l1
277,30,1769018392,l1
278,30,1769018392,l1
279,30,1769018392,l1
280,30,1769018392,l1
281,30,1769018392,l1
282,30,1769018392,l1
283,30,1769018392,l1
284,30,1769018392,l1
285,30,1769018392,l1
286,30,1769018392,l1
287,30,1769018392,l1
288,30,1769018392,l1
289,30,1769018392,l1
290,30,1769018392,l1
291,30,1769018392,l1
292,30,1769018392,l1
293,30,1769018392,l1
294,30,1769018392,l1
295,30,1769018392,l1
296,30,1769018392,l1
297,30,1769018392,l1
298,30,1769018392,l1
299,30,1769018392,l1
300,30,1769018392,l1
301,30,1769018392,l1
302,30,1769018392,l1
303,30,1769018392,l1
304,30,1769018392,l1
305,30,1769018392,l1
306,30,1769018392,l1
307,30,1769018392,l1
308,30,1769018392,l1
309,30,1769018392,l1
310,30,1769018392,l1
311,30,1769018392,l1
312,30,1769018392,l1
313,30,1769018392,l1
314,30,1769018392,l1
315,30,1769018392,l1
316,30,1769018392,l1
317,30,1769018392,l1
318,30,1769018392,l1
319,30,1769018392,l1
320,30,1769018392,l1
321,30,1769018392,l1
322,30,1769018392,l1
323,30,1769018392,l1
324,30,1769018392,l1
325,30,1769018392,l1
326,30,1769018392,l1
327,30,1769018392,l1
328,30,1769018392,l1
329,30,1769018392,l1
330,30,1769018392,l1
331,30,1769018392,l1
332,30,1769018392,l1
333,30,1769018392,l1
334,30,1769018392,l1
335,30,1769018392,l1
336,30,1769018392,l1
337,30,1769018392,l1
338,30,1769018392,l1
339,30,1769018392,l1
340,30,1769018392,l1
341,30,1769018392,l1
342,30,1769018392,l1
343,30,1769018392,l1
344,30,1769018392,l1
345,30,1769018392,l1
346,30,1769018392,l1
347,30,1769018392,l1
348,30,1769018392,l1
349,30,1769018392,l1
350,30,1769018392,l1
351,30,1769018392,l1
352,30,1769018392,l1
353,30,1769018392,l1
354,30,1769018392,l1
355,30,1769018392,l1
356,30,1769018392,l1
357,30,1769018392,l1
358,30,1769018392,l1
359,30,1769018392,l1
360,30,1769018392,l1
361,30,1769018392,l1
362,30,1769018392,l1
363,30,1769018392,l1
364,30,1769018392,l1
365,30,1769018392,l1
366,30,1769018392,l1
367,30,1769018392,l1
368,30,1769018392,l1
369,30,1769018392,l1
370,30,1769018392,l1
371,30,1769018392,l1
372,30,1769018392,l1
373,30,1769018392,l1
374,30,1769018392,l1
375,30,1769018392,l1
376,30,1769018392,l1
377,30,1769018392,l1
378,30,1769018392,l1
379,30,1769018392,l1
380,30,1769018392,l1
381,30,1769018392,l1
382,30,1769018392,l1
383,30,1769018392,l1
384,30,1769018392,l1
385,30,1769018392,l1
386,30,1769018392,l1
387,30,1769018392,l1
388,30,1769018392,l1
389,30,1769018392,l1
390,30,1769018392,l1
391,30,1769018392,l1
392,30,1769018392,l1
393,30,1769018392,l1
394,30,1769018392,l1
395,30,1769018392,l1
396,30,1769018392,l1
397,30,1769018392,l1
398,30,1769018392,l1
399,30,1769018392,l1
400,30,1769018392,l1
401,30,1769018392,l1
402,30,1769018392,l1
403,30,1769018392,l1
404,30,1769018392,l1
405,30,1769018392,l1
406,30,1769018392,l1
407,30,1769018392,l1
408,30,1769018392,l1
409,30,1769018392,l1
410,30,1769018392,l1
411,30,1769018392,l1
412,30,1769018392,l1
413,30,1769018392,l1
414,30,1769018392,l1
415,30,1769018392,l1
416,30,1769018392,l1
417,30,1769018392,l1
418,30,1769018392,l1
419,30,1769018392,l1
420,30,1769018392,l1
421,30,1769018392,l1
422,30,1769018392,l1
423,30,1769018392,l1
424,30,1769018392,l1
425,30,1769018392,l1
426,30,1769018392,l1
427,30,1769018392,l1
428,30,1769018392,l1
429,30,1769018392,l1
430,30,1769018392,l1
431,30,1769018392,l1
432,30,1769018392,l1
433,30,1769018392,l1
434,30,1769018392,l1
435,30,1769018392,l1
436,30,1769018392,l1
437,30,1769018392,l1
438,30,1769018392,l1
439,30,1769018392,l1
440,30,1769018392,l1
441,30,1769018392,l1
442,30,1769018392,l1
443,30,1769018392,l1
444,30,1769018392,l1
445,30,1769018392,l1
446,30,1769018392,l1
447,30,1769018392,l1
448,30,1769018392,l1
449,30,1769018392,l1
450,30,1769018392,l1
451,30,1769018392,l1
452,0,1769018392,l1
453,30,1769018392,l1
454,30,1769018392,l1
455,30,1769018392,l1
456,30,1769018392,l1
457,30,1769018392,l1
458,30,1769018392,l1
459,30,1769018392,l1
460,30,1769018392,l1
461,30,1769018392,l1
462,30,1769018392,l1
463,30,1769018392,l1
464,30,1769018392,l1
465,30,1769018392,l1
466,30,1769018392,l1
467,30,1769018392,l1
468,30,1769018392,l1
469,30,1769018392,l1
470,30,1769018392,l1
471,30,1769018392,l1
472,30,1769018392,l1
473,30,1769018392,l1
474,30,1769018392,l1
475,30,1769018392,l1
476,30,1769018392,l1
477,30,1769018392,l1
478,30,1769018392,l1
479,30,1769018392,l1
480,30,1769018392,l1
481,30,1769018392,l1
482,30,1769018392,l1
483,30,1769018392,l1
484,30,1769018392,l1
485,30,1769018392,l1
486,30,1769018392,l1
487,30,1769018392,l1
488,30,1769018392,l1
489,30,1769018392,l1
490,30,1769018392,l1
491,30,1769018392,l1
492,30,1769018392,l1
493,30,1769018392,l1
494,30,1769018392,l1
495,30,1769018392,l1
496,30,1769018392,l1
497,30,1769018392,l1
498,30,1769018392,l1
499,30,1769018392,l1
500,30,1769018392,l1
501,30,1769018392,l1
502,30,1769018392,l1
503,30,1769018392,l1
504,30,1769018392,l1
505,30,1769018392,l1
506,30,1769018392,l1
507,30,1769018392,l1
508,30,1769018392,l1
509,0,1769018392,l1
510,0,1769018392,l1
511,30,1769018392,l1
512,30,1769018392,l1
513,30,1769018392,l1
514,30,1769018392,l1
515,0,1769018392,l1
516,30,1769018392,l1
517,0,1769018392,l1
518,30,1769018392,l1
519,0,1769018392,l1
520,30,1769018392,l1
521,0,1769018392,l1
522,30,1769018392,l1
523,0,1769018392,l1
524,0,1769018392,l1
525,30,1769018392,l1
526,30,1769018392,l1
527,0,1769018392,l1
528,30,1769018392,l1
529,30,1769018392,l1
530,0,1769018392,l1
531,30,1769018392,l1
532,30,1769018392,l1
533,0,1769018392,l1
534,30,1769018392,l1
535,0,1769018392,l1
536,0,1769018392,l1
537,0,1769018392,l1
538,0,1769018392,l1
539,0,1769018392,l1
540,0,1769018392,l1
541,0,1769018392,l1
542,0,1769018392,l1
543,0,1769018392,l1
544,0,1769018392,l1
545,0,1769018392,l1
546,30,1769018392,l1
547,0,1769018392,l1
548,0,1769018392,l1
549,0,1769018392,l1
550,0,1769018392,l1
551,30,1769018392,l1
552,0,1769018392,l1
553,0,1769018392,l1
554,0,1769018392,l1
555,0,1769018392,l1
556,0,1769018392,l1
557,0,1769018392,l1
558,0,1769018392,l1
559,0,1769018392,l1
560,0,1769018392,l1
561,0,1769018392,l1
562,0,1769018392,l1
563,0,1769018392,l1
564,0,1769018392,l1
565,0,1769018392,l1
566,0,1769018392,l1
567,0,1769018392,l1
568,0,1769018392,l1
569,0,1769018392,l1
570,30,1769018392,l1
571,30,1769018392,l1
572,0,1769018392,l1
573,0,1769018392,l1
574,0,1769018392,l1
575,0,1769018392,l1
576,30,1769018392,l1
577,0,1769018392,l1
578,0,1769018392,l1
579,30,1769018392,l1
580,30,1769018392,l1
581,0,1769018392,l1
582,0,1769018392,l1
583,0,1769018392,l1
584,0,1769018392,l1
585,0,1769018392,l1
586,0,1769018392,l1
587,0,1769018392,l1
588,0,1769018392,l1
589,0,1769018392,l1
590,0,1769018392,l1
591,30,1769018392,l1
592,30,1769018392,l1
593,30,1769018392,l1
594,30,1769018392,l1
595,0,1769018392,l1
596,0,1769018392,l1
597,0,1769018392,l1
598,30,1769018392,l1
599,0,1769018392,l1
600,0,1769018392,l1
601,0,1769018392,l1
602,30,1769018392,l1
603,0,1769018392,l1
604,0,1769018392,l1
605,0,1769018392,l1
606,0,1769018392,l1
607,0,1769018392,l1
608,0,1769018392,l1
609,30,1769018392,l1
610,0,1769018392,l1
611,30,1769018392,l1
612,30,1769018392,l1
613,0,1769018392,l1
614,30,1769018392,l1
615,30,1769018392,l1
616,0,1769018392,l1
617,0,1769018392,l1
618,30,1769018392,l1
619,0,1769018392,l1
620,0,1769018392,l1
621,0,1769018392,l1
622,30,1769018392,l1
623,30,1769018392,l1
624,0,1769018392,l1
625,0,1769018392,l1
626,30,1769018392,l1
627,0,1769018392,l1
628,30,1769018392,l1
629,0,1769018392,l1
630,0,1769018392,l1
631,30,1769018392,l1
632,0,1769018392,l1
633,0,1769018392,l1
634,0,1769018392,l1
635,0,1769018392,l1
636,0,1769018392,l1
637,30,1769018392,l1
638,30,1769018392,l1
639,0,1769018392,l1
640,0,1769018392,l1
641,0,1769018392,l1
642,30,1769018392,l1
643,0,1769018392,l1
644,0,1769018392,l1
645,0,1769018392,l1
646,0,1769018392,l1
647,0,1769018392,l1
648,0,1769018392,l1
649,0,1769018392,l1
650,0,1769018392,l1
651,0,1769018392,l1
652,0,1769018392,l1
653,0,1769018392,l1
654,30,1769018392,l1
655,0,1769018392,l1
656,0,1769018392,l1
657,0,1769018392,l1
658,30,1769018392,l1
659,30,1769018392,l1
660,0,1769018392,l1
661,30,1769018392,l1
662,30,1769018392,l1
663,30,1769018392,l1
664,0,1769018392,l1
665,30,1769018392,l1
666,0,1769018392,l1
667,30,1769018392,l1
668,0,1769018392,l1
669,0,1769018392,l1
670,30,1769018392,l1
671,30,1769018392,l1
672,0,1769018392,l1
673,0,1769018392,l1
674,0,1769018392,l1
675,0,1769018392,l1
676,0,1769018392,l1
677,0,1769018392,l1
678,30,1769018392,l1
679,0,1769018392,l1
680,0,1769018392,l1
681,30,1769018392,l1
682,0,1769018392,l1
683,30,1769018392,l1
684,0,1769018392,l1
685,30,1769018392,l1
686,30,1769018392,l1
687,0,1769018392,l1
688,0,1769018392,l1
689,0,1769018392,l1
690,30,1769018392,l1
691,30,1769018392,l1
692,30,1769018392,l1
693,0,1769018392,l1
694,0,1769018392,l1
695,0,1769018392,l1
696,30,1769018392,l1
697,0,1769018392,l1
698,0,1769018392,l1
699,30,1769018392,l1
700,30,1769018392,l1
701,30,1769018392,l1
702,0,1769018392,l1
703,30,1769018392,l1
704,30,1769018392,l1
705,0,1769018392,l1
706,0,1769018392,l1
707,30,1769018392,l1
708,0,1769018392,l1
709,0,1769018392,l1
710,30,1769018392,l1
711,0,1769018392,l1
712,0,1769018392,l1
713,0,1769018392,l1
714,30,1769018392,l1
715,0,1769018392,l1
716,0,1769018392,l1
717,30,1769018392,l1
718,30,1769018392,l1
719,30,1769018392,l1
720,0,1769018392,l1
721,30,1769018392,l1
722,30,1769018392,l1
723,0,1769018392,l1
724,30,1769018392,l1
725,30,1769018392,l1
726,0,1769018392,l1
727,30,1769018392,l1
728,30,1769018392,l1
729,0,1769018392,l1
730,30,1769018392,l1
731,30,1769018392,l1
732,0,1769018392,l1
733,30,1769018392,l1
734,30,1769018392,l1
735,0,1769018392,l1
736,30,1769018392,l1
737,30,1769018392,l1
738,30,1769018392,l1
739,30,1769018392,l1
740,30,1769018392,l1
741,30,1769018392,l1
742,30,1769018392,l1
743,30,1769018392,l1
744,30,1769018392,l1
745,30,1769018392,l1
746,30,1769018392,l1
747,30,1769018392,l1
748,30,1769018392,l1
749,30,1769018392,l1
750,30,1769018392,l1
751,30,1769018392,l1
752,30,1769018392,l1
753,0,1769018392,l1
754,0,1769018392,l1
755,0,1769018392,l1
756,30,1769018392,l1
757,0,1769018392,l1
758,0,1769018392,l1
759,0,1769018392,l1
760,0,1769018392,l1
761,0,1769018392,l1
762,0,1769018392,l1
763,0,1769018392,l1
764,0,1769018392,l1
765,0,1769018392,l1
766,0,1769018392,l1
767,0,1769018392,l1
768,30,1769018392,l1
769,30,1769018392,l1
770,0,1769018392,l1
771,0,1769018392,l1
772,0,1769018392,l1
773,0,1769018392,l1
774,30,1769018392,l1
775,0,1769018392,l1
776,30,1769018392,l1
777,0,1769018392,l1
778,0,1769018392,l1
779,0,1769018392,l1
780,30,1769018392,l1
781,0,1769018392,l1
782,0,1769018392,l1
783,30,1769018392,l1
784,0,1769018392,l1
785,0,1769018392,l1
786,0,1769018392,l1
787,0,1769018392,l1
788,0,1769018392,l1
789,30,1769018392,l1
790,30,1769018392,l1
791,30,1769018392,l1
792,30,1769018392,l1
793,30,1769018392,l1
794,30,1769018392,l1
795,30,1769018392,l1
796,30,1769018392,l1
797,30,1769018392,l1
798,30,1769018392,l1
799,30,1769018392,l1
800,30,1769018392,l1
801,30,1769018392,l1
802,0,1769018392,l1
803,30,1769018392,l1
804,30,1769018392,l1
805,30,1769018392,l1
806,30,1769018392,l1
807,30,1769018392,l1
808,30,1769018392,l1
809,30,1769018392,l1
810,30,1769018392,l1
811,30,1769018392,l1
812,30,1769018392,l1
813,0,1769018392,l1
814,30,1769018392,l1
815,30,1769018392,l1
816,30,1769018392,l1
817,30,1769018392,l1
818,30,1769018392,l1
819,30,1769018392,l1
820,30,1769018392,l1
821,30,1769018392,l1
822,30,1769018392,l1
823,30,1769018392,l1
824,30,1769018392,l1
825,30,1769018392,l1
826,30,1769018392,l1
827,30,1769018392,l1
828,30,1769018392,l1
829,30,1769018392,l1
830,0,1769018392,l1
831,0,1769018392,l1
832,0,1769018392,l1
833,0,1769018392,l1
834,0,1769018392,l1
835,0,1769018392,l1
836,0,1769018392,l1
837,0,1769018392,l1
838,0,1769018392,l1
839,0,1769018392,l1
840,0,1769018392,l1
841,0,1769018392,l1
842,30,1769018392,l1
843,0,1769018392,l1
844,0,1769018392,l1
845,0,1769018392,l1
846,0,1769018392,l1
847,0,1769018392,l1
848,0,1769018392,l1
849,0,1769018392,l1
850,0,1769018392,l1
851,0,1769018392,l1
852,0,1769018392,l1
853,0,1769018392,l1
854,0,1769018392,l1
855,30,1769018392,l1
856,0,1769018392,l1
857,30,1769018392,l1
858,0,1769018392,l1
859,0,1769018392,l1
860,0,1769018392,l1
861,30,1769018392,l1
862,0,1769018392,l1
863,30,1769018392,l1
864,30,1769018392,l1
865,0,1769018392,l1
866,0,1769018392,l1
867,0,1769018392,l1
868,0,1769018392,l1
869,0,1769018392,l1
870,0,1769018392,l1
871,30,1769018392,l1
872,30,1769018392,l1
873,0,1769018392,l1
874,0,1769018392,l1
875,30,1769018392,l1
876,30,1769018392,l1
877,30,1769018392,l1
878,30,1769018392,l1
879,30,1769018392,l1
880,30,1769018392,l1
881,30,1769018392,l1
882,30,1769018392,l1
883,30,1769018392,l1
884,30,1769018392,l1
885,30,1769018392,l1
886,30,1769018392,l1
887,30,1769018392,l1
888,30,1769018392,l1
889,30,1769018392,l1
890,30,1769018392,l1
891,30,1769018392,l1
892,30,1769018392,l1
893,30,1769018392,l1
894,30,1769018392,l1
895,30,1769018392,l1
896,30,1769018392,l1
897,30,1769018392,l1
898,30,1769018392,l1
899,30,1769018392,l1
900,30,1769018392,l1
901,30,1769018392,l1
902,30,1769018392,l1
903,30,1769018392,l1
904,30,1769018392,l1
905,30,1769018392,l1
906,30,1769018392,l1
907,30,1769018392,l1
908,30,1769018392,l1
909,30,1769018392,l1
910,30,1769018392,l1
911,30,1769018392,l1
912,30,1769018392,l1
913,30,1769018392,l1
914,30,1769018392,l1
915,30,1769018392,l1
916,30,1769018392,l1
917,30,1769018392,l1
918,30,1769018392,l1
919,30,1769018392,l1
920,30,1769018392,l1
921,30,1769018392,l1
922,30,1769018392,l1
923,30,1769018392,l1
924,30,1769018392,l1
925,30,1769018392,l1
926,30,1769018392,l1
927,30,1769018392,l1
928,30,1769018392,l1
929,30,1769018392,l1
930,30,1769018392,l1
931,30,1769018392,l1
932,30,1769018392,l1
933,30,1769018392,l1
934,30,1769018392,l1
935,30,1769018392,l1
936,30,1769018392,l1
937,30,1769018392,l1
938,30,1769018392,l1
939,30,1769018392,l1
940,30,1769018392,l1
941,30,1769018392,l1
942,30,1769018392,l1
943,30,1769018392,l1
944,30,1769018392,l1
945,30,1769018392,l1
946,30,1769018392,l1
947,30,1769018392,l1
948,30,1769018392,l1
949,30,1769018392,l1
950,30,1769018392,l1
951,30,1769018392,l1
952,30,1769018392,l1
953,30,1769018392,l1
954,30,1769018392,l1
955,30,1769018392,l1
956,30,1769018392,l1
957,30,1769018392,l1
958,30,1769018392,l1
959,30,1769018392,l1
960,30,1769018392,l1
961,30,1769018392,l1
962,30,1769018392,l1
963,30,1769018392,l1
964,30,1769018392,l1
965,30,1769018392,l1
966,30,1769018392,l1
967,30,1769018392,l1
968,30,1769018392,l1
969,30,1769018392,l1
970,30,1769018392,l1
971,30,1769018392,l1
972,30,1769018392,l1
973,30,1769018392,l1
974,30,1769018392,l1
975,30,1769018392,l1
976,30,1769018392,l1
977,30,1769018392,l1
978,30,1769018392,l1
979,30,1769018392,l1
980,30,1769018392,l1
981,30,1769018392,l1
982,30,1769018392,l1
983,30,1769018392,l1
984,30,1769018392,l1
985,30,1769018392,l1
986,30,1769018392,l1
987,30,1769018392,l1
988,30,1769018392,l1
989,30,1769018392,l1
990,30,1769018392,l1
991,30,1769018392,l1
992,30,1769018392,l1
993,30,1769018392,l1
994,30,1769018392,l1
995,30,1769018392,l1
996,30,1769018392,l1
997,30,1769018392,l1
998,30,1769018392,l1
999,30,1769018392,l1
1000,30,1769018392,l1
1001,30,1769018392,l1
1002,30,1769018392,l1
1003,30,1769018392,l1
1004,30,1769018392,l1
1005,30,1769018392,l1
1006,30,1769018392,l1
1007,30,1769018392,l1
1008,30,1769018392,l1
1009,30,1769018392,l1
1010,30,1769018392,l1
1011,30,1769018392,l1
1012,30,1769018392,l1
1013,30,1769018392,l1
1014,30,1769018392,l1
1015,30,1769018392,l1
1016,30,1769018392,l1
1017,30,1769018392,l1
1018,30,1769018392,l1
1019,30,1769018392,l1
1020,30,1769018392,l1
1021,30,1769018392,l1
1022,30,1769018392,l1
1023,30,1769018392,l1
1024,30,1769018392,l1
1025,30,1769018392,l1
1026,30,1769018392,l1
1027,30,1769018392,l1
1028,30,1769018392,l1
1029,30,1769018392,l1
1030,30,1769018392,l1
1031,30,1769018392,l1
1032,30,1769018392,l1
1033,30,1769018392,l1
1034,30,1769018392,l1
1035,30,1769018392,l1
1036,30,1769018392,l1
1037,30,1769018392,l1
1038,30,1769018392,l1
1039,30,1769018392,l1
1040,30,1769018392,l1
1041,30,1769018392,l1
1042,30,1769018392,l1
1043,30,1769018392,l1
1044,30,1769018392,l1
1045,30,1769018392,l1
1046,30,1769018392,l1
1047,30,1769018392,l1
1048,30,1769018392,l1
1049,30,1769018392,l1
1050,30,1769018392,l1
1051,30,1769018392,l1
1052,30,1769018392,l1
1053,30,1769018392,l1
1054,30,1769018392,l1
1055,30,1769018392,l1
1056,30,1769018392,l1
1057,30,1769018392,l1
1058,30,1769018392,l1
1059,30,1769018392,l1
1060,30,1769018392,l1
1061,30,1769018392,l1
1062,30,1769018392,l1
1063,30,1769018392,l1
1064,30,1769018392,l1
1065,30,1769018392,l1
1066,30,1769018392,l1
1067,30,1769018392,l1
1068,30,1769018392,l1
1069,30,1769018392,l1
1070,30,1769018392,l1
1071,30,1769018392,l1
1072,30,1769018392,l1
1073,30,1769018392,l1
1074,30,1769018392,l1
1075,30,1769018392,l1
1076,30,1769018392,l1
1077,30,1769018392,l1
1078,30,1769018392,l1
1079,30,1769018392,l1
1080,30,1769018392,l1
1081,30,1769018392,l1
1082,30,1769018392,l1
1083,30,1769018392,l1
1084,30,1769018392,l1
1085,30,1769018392,l1
1086,30,1769018392,l1
1087,30,1769018392,l1
1088,30,1769018392,l1
1089,30,1769018392,l1
1090,30,1769018392,l1
1091,30,1769018392,l1
1092,30,1769018392,l1
1093,30,1769018392,l1
1094,30,1769018392,l1
1095,30,1769018392,l1
1096,30,1769018392,l1
1097,30,1769018392,l1
1098,30,1769018392,l1
1099,30,1769018392,l1
1100,30,1769018392,l1
1101,30,1769018392,l1
1102,30,1769018392,l1
1103,30,1769018392,l1
1104,30,1769018392,l1
1105,30,1769018392,l1
1106,30,1769018392,l1
1107,30,1769018392,l1
1108,30,1769018392,l1
1109,30,1769018392,l1
1110,30,1769018392,l1
1111,30,1769018392,l1
1112,30,1769018392,l1
1113,30,1769018392,l1
1114,30,1769018392,l1
1115,30,1769018392,l1
1116,30,1769018392,l1
1117,30,1769018392,l1
1118,30,1769018392,l1
1119,30,1769018392,l1
1120,30,1769018392,l1
1121,30,1769018392,l1
1122,30,1769018392,l1
1123,30,1769018392,l1
1124,30,1769018392,l1
1125,30,1769018392,l1
1126,30,1769018392,l1
1127,30,1769018392,l1
1128,30,1769018392,l1
1129,30,1769018392,l1
1130,30,1769018392,l1
1131,30,1769018392,l1
1132,30,1769018392,l1
1133,30,1769018392,l1
1134,30,1769018392,l1
1135,30,1769018392,l1
1136,30,1769018392,l1
1137,30,1769018392,l1
1138,30,1769018392,l1
1139,30,1769018392,l1
1140,30,1769018392,l1
1141,30,1769018392,l1
1142,30,1769018392,l1
1143,30,1769018392,l1
1144,30,1769018392,l1
1145,30,1769018392,l1
1146,30,1769018392,l1
1147,30,1769018392,l1
1148,30,1769018392,l1
1149,30,1769018392,l1
1150,30,1769018392,l1
1151,30,1769018392,l1
1152,30,1769018392,l1
1153,30,1769018392,l1
1154,30,1769018392,l1
1155,30,1769018392,l1
1156,30,1769018392,l1
1157,30,1769018392,l1
1158,30,1769018392,l1
1159,30,1769018392,l1
1160,30,1769018392,l1
1161,30,1769018392,l1
1162,30,1769018392,l1
1163,30,1769018392,l1
1164,30,1769018392,l1
1165,30,1769018392,l1
1166,30,1769018392,l1
1167,30,1769018392,l1
1168,30,1769018392,l1
1169,30,1769018392,l1
1170,30,1769018392,l1
1171,30,1769018392,l1
1172,30,1769018392,l1
1173,30,1769018392,l1
1174,30,1769018392,l1
1175,30,1769018392,l1
1176,30,1769018392,l1
1177,30,1769018392,l1
1178,30,1769018392,l1
1179,30,1769018392,l1
1180,30,1769018392,l1
1181,30,1769018392,l1
1182,30,1769018392,l1
1183,30,1769018392,l1
1184,30,1769018392,l1
1185,30,1769018392,l1
1186,30,1769018392,l1
1187,30,1769018392,l1
1188,30,1769018392,l1
1189,30,1769018392,l1
1190,30,1769018392,l1
1191,30,1769018392,l1
1192,30,1769018392,l1
1193,30,1769018392,l1
1194,30,1769018392,l1
1195,30,1769018392,l1
1196,30,1769018392,l1
1197,30,1769018392,l1
1198,30,1769018392,l1
1199,30,1769018392,l1
1200,30,1769018392,l1
1201,30,1769018392,l1
1202,30,1769018392,l1
1203,30,1769018392,l1
1204,30,1769018392,l1
1205,30,1769018392,l1
1206,30,1769018392,l1
1207,30,1769018392,l1
1208,30,1769018392,l1
1209,30,1769018392,l1
1210,30,1769018392,l1
1211,30,1769018392,l1
1212,30,1769018392,l1
1213,30,1769018392,l1
1214,30,1769018392,l1
1215,30,1769018392,l1
1216,30,1769018392,l1
1217,30,1769018392,l1
1218,30,1769018392,l1
1219,30,1769018392,l1
1220,30,1769018392,l1
1221,30,1769018392,l1
1222,30,1769018392,l1
1223,30,1769018392,l1
1224,30,1769018392,l1
1225,30,1769018392,l1
1226,30,1769018392,l1
1227,30,1769018392,l1
1228,30,1769018392,l1
1229,30,1769018392,l1
1230,30,1769018392,l1
1231,30,1769018392,l1
1232,30,1769018392,l1
1233,30,1769018392,l1
1234,30,1769018392,l1
1235,30,1769018392,l1
1236,30,1769018392,l1
1237,30,1769018392,l1
1238,30,1769018392,l1
1239,30,1769018392,l1
1240,30,1769018392,l1
1241,30,1769018392,l1
1242,30,1769018392,l1
1243,30,1769018392,l1
1244,30,1769018392,l1
1245,30,1769018392,l1
1246,30,1769018392,l1
1247,30,1769018392,l1
1248,30,1769018392,l1
1249,30,1769018392,l1
1250,30,1769018392,l1
1251,30,1769018392,l1
1252,30,1769018392,l1
1253,30,1769018392,l1
1254,30,1769018392,l1
1255,30,1769018392,l1
1256,30,1769018392,l1
1257,30,1769018392,l1
1258,30,1769018392,l1
1259,30,1769018392,l1
1260,30,1769018392,l1
1261,30,1769018392,l1
1262,30,1769018392,l1
1263,30,1769018392,l1
1264,30,1769018392,l1
1265,30,1769018392,l1
1266,30,1769018392,l1
1267,30,1769018392,l1
1268,30,1769018392,l1
1269,30,1769018392,l1
1270,30,1769018392,l1
1271,30,1769018392,l1
1272,30,1769018392,l1
1273,30,1769018392,l1
1274,30,1769018392,l1
1275,30,1769018392,l1
1276,30,1769018392,l1
1277,30,1769018392,l1
1278,30,1769018392,l1
1279,30,1769018392,l1
1280,30,1769018392,l1
1281,30,1769018392,l1
1282,30,1769018392,l1
1283,30,1769018392,l1
1284,30,1769018392,l1
1285,30,1769018392,l1
1286,30,1769018392,l1
1287,30,1769018392,l1
1288,30,1769018392,l1
1289,30,1769018392,l1
1290,30,1769018392,l1
1291,30,1769018392,l1
1292,30,1769018392,l1
1293,30,1769018392,l1
1294,30,1769018392,l1
1295,30,1769018392,l1
1296,30,1769018392,l1
1297,30,1769018392,l1
1298,30,1769018392,l1
1299,30,1769018392,l1
1300,30,1769018392,l1
1301,30,1769018392,l1
1302,30,1769018392,l1
1303,30,1769018392,l1
1304,30,1769018392,l1
1305,30,1769018392,l1
1306,30,1769018392,l1
1307,30,1769018392,l1
1308,30,1769018392,l1
1309,30,1769018392,l1
1310,30,1769018392,l1
1311,30,1769018392,l1
1312,30,1769018392,l1
1313,30,1769018392,l1
1314,30,1769018392,l1
1315,30,1769018392,l1
1316,30,1769018392,l1
1317,30,1769018392,l1
1318,30,1769018392,l1
1319,30,1769018392,l1
1320,30,1769018392,l1
1321,30,1769018392,l1
1322,30,1769018392,l1
1323,30,1769018392,l1
1324,30,1769018392,l1
1325,30,1769018392,l1
1326,30,1769018392,l1
1327,30,1769018392,l1
1328,30,1769018392,l1
1329,30,1769018392,l1
1330,30,1769018392,l1
1331,30,1769018392,l1
1332,30,1769018392,l1
1333,30,1769018392,l1
1334,30,1769018392,l1
1335,30,1769018392,l1
1336,30,1769018392,l1
1337,30,1769018392,l1
1338,30,1769018392,l1
1339,30,1769018392,l1
1340,30,1769018392,l1
1341,30,1769018392,l1
1342,30,1769018392,l1
1343,30,1769018392,l1
1344,30,1769018392,l1
1345,30,1769018392,l1
1346,30,1769018392,l1
1347,30,1769018392,l1
1348,30,1769018392,l1
1349,30,1769018392,l1
1350,30,1769018392,l1
1351,30,1769018392,l1
1352,30,1769018392,l1
1353,30,1769018392,l1
1354,30,1769018392,l1
1355,30,1769018392,l1
1356,30,1769018392,l1
1357,30,1769018392,l1
1358,30,1769018392,l1
1359,30,1769018392,l1
1360,30,1769018392,l1
1361,30,1769018392,l1
1362,30,1769018392,l1
1363,30,1769018392,l1
1364,30,1769018392,l1
1365,30,1769018392,l1
1366,30,1769018392,l1
1367,30,1769018392,l1
1368,30,1769018392,l1
1369,30,1769018392,l1
1370,30,1769018392,l1
1371,30,1769018392,l1
1372,30,1769018392,l1
1373,30,1769018392,l1
1374,30,1769018392,l1
1375,30,1769018392,l1
1376,30,1769018392,l1
1377,30,1769018392,l1
1378,30,1769018392,l1
1379,30,1769018392,l1
1380,30,1769018392,l1
1381,30,1769018392,l1
1382,30,1769018392,l1
1383,30,1769018392,l1
1384,30,1769018392,l1
1385,30,1769018392,l1
1386,30,1769018392,l1
1387,30,1769018392,l1
1388,30,1769018392,l1
1389,30,1769018392,l1
1390,30,1769018392,l1
1391,30,1769018392,l1
1392,30,1769018392,l1
1393,30,1769018392,l1
1394,30,1769018392,l1
1395,30,1769018392,l1
1396,30,1769018392,l1
1397,30,1769018392,l1
1398,30,1769018392,l1
1399,30,1769018392,l1
1400,30,1769018392,l1
1401,30,1769018392,l1
1402,30,1769018392,l1
1403,30,1769018392,l1
1404,30,1769018392,l1
1405,30,1769018392,l1
1406,30,1769018392,l1
1407,30,1769018392,l1
1408,30,1769018392,l1
1409,30,1769018392,l1
1410,30,1769018392,l1
1411,30,1769018392,l1
1412,30,1769018392,l1
1413,30,1769018392,l1
1414,30,1769018392,l1
1415,30,1769018392,l1
1416,30,1769018392,l1
1417,30,1769018392,l1
1418,30,1769018392,l1
1419,30,1769018392,l1
1420,30,1769018392,l1
1421,30,1769018392,l1
1422,30,1769018392,l1
1423,30,1769018392,l1
1424,30,1769018392,l1
1425,30,1769018392,l1
1426,30,1769018392,l1
1427,30,1769018392,l1
1428,30,1769018392,l1
1429,30,1769018392,l1
1430,30,1769018392,l1
1431,30,1769018392,l1
1432,30,1769018392,l1
1433,30,1769018392,l1
1434,30,1769018392,l1
1435,30,1769018392,l1
1436,30,1769018392,l1
1437,30,1769018392,l1
1438,30,1769018392,l1
1439,30,1769018392,l1
1440,30,1769018392,l1
1441,30,1769018392,l1
1442,30,1769018392,l1
1443,30,1769018392,l1
1444,30,1769018392,l1
1445,30,1769018392,l1
1446,30,1769018392,l1
1447,30,1769018392,l1
1448,30,1769018392,l1
1449,30,1769018392,l1
1450,30,1769018392,l1
1451,30,1769018392,l1
1452,30,1769018392,l1
1453,30,1769018392,l1
1454,30,1769018392,l1
1455,30,1769018392,l1
1456,30,1769018392,l1
1457,30,1769018392,l1
1458,30,1769018392,l1
1459,30,1769018392,l1
1460,30,1769018392,l1
1461,30,1769018392,l1
1462,30,1769018392,l1
1463,30,1769018392,l1
1464,30,1769018392,l1
1465,30,1769018392,l1
1466,30,1769018392,l1
1467,30,1769018392,l1
1468,30,1769018392,l1
1469,30,1769018392,l1
1470,30,1769018392,l1
1471,30,1769018392,l1
1472,30,1769018392,l1
1473,30,1769018392,l1
1474,30,1769018392,l1
1475,30,1769018392,l1
1476,30,1769018392,l1
1477,30,1769018392,l1
1478,30,1769018392,l1
1479,30,1769018392,l1
1480,30,1769018392,l1
1481,30,1769018392,l1
1482,30,1769018392,l1
1483,30,1769018392,l1
1484,30,1769018392,l1
1485,30,1769018392,l1
1486,30,1769018392,l1
1487,30,1769018392,l1
1488,30,1769018392,l1
1489,30,1769018392,l1
1490,30,1769018392,l1
1491,30,1769018392,l1
1492,30,1769018392,l1
1493,30,1769018392,l1
1494,30,1769018392,l1
1495,30,1769018392,l1
1496,30,1769018392,l1
1497,30,1769018392,l1
1498,30,1769018392,l1
1499,30,1769018392,l1
1500,30,1769018392,l1
1501,30,1769018392,l1
1502,30,1769018392,l1
1503,30,1769018392,l1
1504,30,1769018392,l1
1505,30,1769018392,l1
1506,30,1769018392,l1
1507,30,1769018392,l1
1508,30,1769018392,l1
1509,30,1769018392,l1
1510,30,1769018392,l1
1511,30,1769018392,l1
1512,30,1769018392,l1
1513,30,1769018392,l1
1514,30,1769018392,l1
1515,30,1769018392,l1
1516,30,1769018392,l1
1517,30,1769018392,l1
1518,30,1769018392,l1
1519,30,1769018392,l1
1520,30,1769018392,l1
1521,30,1769018392,l1
1522,30,1769018392,l1
1523,30,1769018392,l1
1524,30,1769018392,l1
1525,30,1769018392,l1
1526,30,1769018392,l1
1527,30,1769018392,l1
1528,30,1769018392,l1
1529,30,1769018392,l1
1530,30,1769018392,l1
1531,30,1769018392,l1
1532,30,1769018392,l1
1533,30,1769018392,l1
1534,30,1769018392,l1
1535,30,1769018392,l1
1536,30,1769018392,l1
1537,30,1769018392,l1
1538,30,1769018392,l1
1539,30,1769018392,l1
1540,30,1769018392,l1
1541,30,1769018392,l1
1542,30,1769018392,l1
1543,30,1769018392,l1
1544,30,1769018392,l1
1545,30,1769018392,l1
1546,30,1769018392,l1
1547,30,1769018392,l1
1548,30,1769018392,l1
1549,30,1769018392,l1
1550,30,1769018392,l1
1551,30,1769018392,l1
1552,30,1769018392,l1
1553,30,1769018392,l1
1554,30,1769018392,l1
1555,30,1769018392,l1
1556,30,1769018392,l1
1557,30,1769018392,l1
1558,30,1769018392,l1
1559,30,1769018392,l1
1560,30,1769018392,l1
1561,30,1769018392,l1
1562,30,1769018392,l1
1563,30,1769018392,l1
1564,30,1769018392,l1
1565,30,1769018392,l1
1566,30,1769018392,l1
1567,30,1769018392,l1
1568,30,1769018392,l1
1569,30,1769018392,l1
1570,30,1769018392,l1
1571,30,1769018392,l1
1572,30,1769018392,l1
1573,30,1769018392,l1
1574,30,1769018392,l1
1575,30,1769018392,l1
1576,30,1769018392,l1
1577,30,1769018392,l1
1578,30,1769018392,l1
1579,30,1769018392,l1
1580,30,1769018392,l1
1581,30,1769018392,l1
1582,30,1769018392,l1
1583,30,1769018392,l1
1584,30,1769018392,l1
1585,30,1769018392,l1
1586,30,1769018392,l1
1587,30,1769018392,l1
1588,30,1769018392,l1
1589,30,1769018392,l1
1590,30,1769018392,l1
1591,30,1769018392,l1
1592,30,1769018392,l1
1593,30,1769018392,l1
1594,30,1769018392,l1
1595,30,1769018392,l1
1596,30,1769018392,l1
1597,30,1769018392,l1
1598,30,1769018392,l1
1599,30,1769018392,l1
1600,30,1769018392,l1
1601,30,1769018392,l1
1602,30,1769018392,l1
1603,30,1769018392,l1
1604,30,1769018392,l1
1605,30,1769018392,l1
1606,30,1769018392,l1
1607,30,1769018392,l1
1608,30,1769018392,l1
1609,30,1769018392,l1
1610,30,1769018392,l1
1611,30,1769018392,l1
1612,30,1769018392,l1
1613,30,1769018392,l1
1614,30,1769018392,l1
1615,30,1769018392,l1
1616,30,1769018392,l1
1617,30,1769018392,l1
1618,30,1769018392,l1
1619,30,1769018392,l1
1620,30,1769018392,l1
1621,30,1769018392,l1
1622,30,1769018392,l1
1623,30,1769018392,l1
1624,30,1769018392,l1
1625,30,1769018392,l1
1626,30,1769018392,l1
1627,30,1769018392,l1
1628,30,1769018392,l1
1629,30,1769018392,l1
1630,30,1769018392,l1
1631,30,1769018392,l1
1632,30,1769018392,l1
1633,30,1769018392,l1
1634,30,1769018392,l1
1635,30,1769018392,l1
1636,30,1769018392,l1
1637,30,1769018392,l1
1638,30,1769018392,l1
1639,30,1769018392,l1
1640,30,1769018392,l1
1641,30,1769018392,l1
1642,30,1769018392,l1
1643,30,1769018392,l1
1644,30,1769018392,l1
1645,30,1769018392,l1
1646,30,1769018392,l1
1647,30,1769018392,l1
1648,30,1769018392,l1
1649,30,1769018392,l1
1650,30,1769018392,l1
1651,30,1769018392,l1
1652,30,1769018392,l1
1653,30,1769018392,l1
1654,30,1769018392,l1
1655,30,1769018392,l1
1656,30,1769018392,l1
1657,30,1769018392,l1
1658,30,1769018392,l1
1659,30,1769018392,l1
1660,30,1769018392,l1
1661,30,1769018392,l1
1662,30,1769018392,l1
1663,30,1769018392,l1
1664,30,1769018392,l1
1665,30,1769018392,l1
1666,30,1769018392,l1
1667,30,1769018392,l1
1668,30,1769018392,l1
1669,30,1769018392,l1
1670,30,1769018392,l1
1671,30,1769018392,l1
1672,30,1769018392,l1
1673,30,1769018392,l1
1674,30,1769018392,l1
1675,30,1769018392,l1
1676,30,1769018392,l1
1677,30,1769018392,l1
1678,30,1769018392,l1
1679,30,1769018392,l1
1680,30,1769018392,l1
1681,30,1769018392,l1
1682,30,1769018392,l1
1683,30,1769018392,l1
1684,30,1769018392,l1
1685,30,1769018392,l1
1686,30,1769018392,l1
1687,30,1769018392,l1
1688,30,1769018392,l1
1689,30,1769018392,l1
1690,30,1769018392,l1
1691,30,1769018392,l1
1692,30,1769018392,l1
1693,30,1769018392,l1
1694,30,1769018392,l1
1695,30,1769018392,l1
1696,30,1769018392,l1
1697,30,1769018392,l1
1698,30,1769018392,l1
1699,30,1769018392,l1
1700,30,1769018392,l1
1701,30,1769018392,l1
1702,30,1769018392,l1
1703,30,1769018392,l1
1704,30,1769018392,l1
1705,30,1769018392,l1
1706,30,1769018392,l1
1707,30,1769018392,l1
1708,30,1769018392,l1
1709,30,1769018392,l1
1710,30,1769018392,l1
1711,30,1769018392,l1
1712,30,1769018392,l1
1713,30,1769018392,l1
1714,30,1769018392,l1
1715,30,1769018392,l1
1716,30,1769018392,l1
1717,30,1769018392,l1
1718,30,1769018392,l1
1719,30,1769018392,l1
1720,30,1769018392,l1
1721,30,1769018392,l1
1722,30,1769018392,l1
1723,30,1769018392,l1
1724,30,1769018392,l1
1725,30,1769018392,l1
1726,30,1769018392,l1
1727,30,1769018392,l1
1728,30,1769018392,l1
1729,30,1769018392,l1
1730,30,1769018392,l1
1731,30,1769018392,l1
1732,30,1769018392,l1
1733,30,1769018392,l1
1734,30,1769018392,l1
1735,30,1769018392,l1
1736,30,1769018392,l1
1737,30,1769018392,l1
1738,30,1769018392,l1
1739,30,1769018392,l1
1740,30,1769018392,l1
1741,30,1769018392,l1
1742,30,1769018392,l1
1743,30,1769018392,l1
1744,30,1769018392,l1
1745,30,1769018392,l1
1746,30,1769018392,l1
1747,30,1769018392,l1
1748,30,1769018392,l1
1749,30,1769018392,l1
1750,30,1769018392,l1
1751,30,1769018392,l1
1752,30,1769018392,l1
1753,30,1769018392,l1
1754,30,1769018392,l1
1755,30,1769018392,l1
1756,30,1769018392,l1
1757,30,1769018392,l1
1758,30,1769018392,l1
1759,30,1769018392,l1
1760,30,1769018392,l1
1761,30,1769018392,l1
1762,30,1769018392,l1
1763,30,1769018392,l1
1764,30,1769018392,l1
1765,30,1769018392,l1
1766,30,1769018392,l1
1767,30,1769018392,l1
1768,30,1769018392,l1
1769,30,1769018392,l1
1770,30,1769018392,l1
1771,30,1769018392,l1
1772,30,1769018392,l1
1773,30,1769018392,l1
1774,30,1769018392,l1
1775,30,1769018392,l1
1776,30,1769018392,l1
1777,30,1769018392,l1
1778,30,1769018392,l1
1779,30,1769018392,l1
1780,30,1769018392,l1
1781,30,1769018392,l1
1782,30,1769018392,l1
1783,30,1769018392,l1
1784,30,1769018392,l1
1785,30,1769018392,l1
1786,30,1769018392,l1
1787,30,1769018392,l1
1788,30,1769018392,l1
1789,30,1769018392,l1
1790,30,1769018392,l1
1791,30,1769018392,l1
1792,30,1769018392,l1
1793,30,1769018392,l1
1794,30,1769018392,l1
1795,30,1769018392,l1
1796,30,1769018392,l1
1797,30,1769018392,l1
1798,30,1769018392,l1
1799,30,1769018392,l1
1800,30,1769018392,l1
1801,30,1769018392,l1
1802,30,1769018392,l1
1803,30,1769018392,l1
1804,30,1769018392,l1
1805,30,1769018392,l1
1806,30,1769018392,l1
1807,30,1769018392,l1
1808,30,1769018392,l1
1809,30,1769018392,l1
1810,30,1769018392,l1
1811,30,1769018392,l1
1812,30,1769018392,l1
1813,30,1769018392,l1
1814,30,1769018392,l1
1815,30,1769018392,l1
1816,30,1769018392,l1
1817,30,1769018392,l1
1818,30,1769018392,l1
1819,30,1769018392,l1
1820,30,1769018392,l1
1821,30,1769018392,l1
1822,30,1769018392,l1
1823,30,1769018392,l1
1824,30,1769018392,l1
1825,30,1769018392,l1
1826,30,1769018392,l1
1827,30,1769018392,l1
1828,30,1769018392,l1
1829,30,1769018392,l1
1830,30,1769018392,l1
1831,30,1769018392,l1
1832,30,1769018392,l1
1833,30,1769018392,l1
1834,30,1769018392,l1
1835,30,1769018392,l1
1836,30,1769018392,l1
1837,30,1769018392,l1
1838,30,1769018392,l1
1839,30,1769018392,l1
1840,30,1769018392,l1
1841,30,1769018392,l1
1842,30,1769018392,l1
1843,30,1769018392,l1
1844,30,1769018392,l1
1845,30,1769018392,l1
1846,30,1769018392,l1
1847,30,1769018392,l1
1848,30,1769018392,l1
1849,30,1769018392,l1
1850,30,1769018392,l1
1851,30,1769018392,l1
1852,30,1769018392,l1
1853,30,1769018392,l1
1854,30,1769018392,l1
1855,30,1769018392,l1
1856,30,1769018392,l1
1857,30,1769018392,l1
1858,30,1769018392,l1
1859,30,1769018392,l1
1860,30,1769018392,l1
1861,30,1769018392,l1
1862,30,1769018392,l1
1863,30,1769018392,l1
1864,30,1769018392,l1
1865,30,1769018392,l1
1866,30,1769018392,l1
1867,30,1769018392,l1
1868,30,1769018392,l1
1869,30,1769018392,l1
1870,30,1769018392,l1
1871,30,1769018392,l1
1872,30,1769018392,l1
1873,30,1769018392,l1
1874,30,1769018392,l1
1875,30,1769018392,l1
1876,30,1769018392,l1
1877,30,1769018392,l1
1878,30,1769018392,l1
1879,30,1769018392,l1
1880,30,1769018392,l1
1881,30,1769018392,l1
1882,30,1769018392,l1
1883,30,1769018392,l1
1884,30,1769018392,l1
1885,30,1769018392,l1
1886,30,1769018392,l1
1887,30,1769018392,l1
1888,30,1769018392,l1
1889,30,1769018392,l1
1890,30,1769018392,l1
1891,30,1769018392,l1
1892,30,1769018392,l1
1893,30,1769018392,l1
1894,30,1769018392,l1
1895,30,1769018392,l1
1896,30,1769018392,l1
1897,30,1769018392,l1
1898,30,1769018392,l1
1899,30,1769018392,l1
1900,30,1769018392,l1
1901,30,1769018392,l1
1902,30,1769018392,l1
1903,30,1769018392,l1
1904,30,1769018392,l1
1905,30,1769018392,l1
1906,30,1769018392,l1
1907,30,1769018392,l1
1908,30,1769018392,l1
1909,30,1769018392,l1
1910,30,1769018392,l1
1911,30,1769018392,l1
1912,30,1769018392,l1
1913,30,1769018392,l1
1914,30,1769018392,l1
1915,30,1769018392,l1
1916,30,1769018392,l1
1917,30,1769018392,l1
1918,30,1769018392,l1
1919,30,1769018392,l1
1920,30,1769018392,l1
1921,30,1769018392,l1
1922,30,1769018392,l1
1923,30,1769018392,l1
1924,30,1769018392,l1
1925,30,1769018392,l1
1926,30,1769018392,l1
1927,30,1769018392,l1
1928,30,1769018392,l1
1929,30,1769018392,l1
1930,30,1769018392,l1
1931,30,1769018392,l1
1932,30,1769018392,l1
1933,30,1769018392,l1
1934,30,1769018392,l1
1935,30,1769018392,l1
1936,30,1769018392,l1
1937,30,1769018392,l1
1938,30,1769018392,l1
1939,30,1769018392,l1
1940,30,1769018392,l1
1941,30,1769018392,l1
1942,30,1769018392,l1
1943,30,1769018392,l1
1944,30,1769018392,l1
1945,30,1769018392,l1
1946,30,1769018392,l1
1947,30,1769018392,l1
1948,30,1769018392,l1
1949,30,1769018392,l1
1950,30,1769018392,l1
1951,30,1769018392,l1
1952,30,1769018392,l1
1953,30,1769018392,l1
1954,30,1769018392,l1
1955,30,1769018392,l1
1956,30,1769018392,l1
1957,30,1769018392,l1
1958,30,1769018392,l1
1959,30,1769018392,l1
1960,30,1769018392,l1
1961,30,1769018392,l1
1962,30,1769018392,l1
1963,30,1769018392,l1
1964,30,1769018392,l1
1965,30,1769018392,l1
1966,30,1769018392,l1
1967,30,1769018392,l1
1968,30,1769018392,l1
1969,30,1769018392,l1
1970,30,1769018392,l1
1971,30,1769018392,l1
1972,30,1769018392,l1
1973,30,1769018392,l1
1974,30,1769018392,l1
1975,30,1769018392,l1
1976,30,1769018392,l1
1977,30,1769018392,l1
1978,30,1769018392,l1
1979,30,1769018392,l1
1980,30,1769018392,l1
1981,30,1769018392,l1
1982,30,1769018392,l1
1983,30,1769018392,l1
1984,30,1769018392,l1
1985,30,1769018392,l1
1986,30,1769018392,l1
1987,30,1769018392,l1
1988,30,1769018392,l1
1989,30,1769018392,l1
1990,30,1769018392,l1
1991,30,1769018392,l1
1992,30,1769018392,l1
1993,30,1769018392,l1
1994,30,1769018392,l1
1995,30,1769018392,l1
1996,30,1769018392,l1
1997,30,1769018392,l1
1998,30,1769018392,l1
1999,30,1769018392,l1
2000,30,1769018392,l1
2001,30,1769018392,l1
1,0,1769018381,minmax
2,30,1769018381,minmax
3,0,1769018381,minmax
4,30,1769018381,minmax
5,30,1769018381,minmax
6,30,1769018381,minmax
7,30,1769018381,minmax
8,30,1769018381,minmax
9,0,1769018381,minmax
10,30,1769018381,minmax
11,0,1769018381,minmax
12,30,1769018381,minmax
13,30,1769018381,minmax
14,30,1769018381,minmax
15,30,1769018381,minmax
16,0,1769018381,minmax
17,30,1769018381,minmax
18,30,1769018381,minmax
19,30,1769018381,minmax
20,30,1769018381,minmax
21,30,1769018381,minmax
22,30,1769018381,minmax
23,30,1769018381,minmax
24,30,1769018381,minmax
25,30,1769018381,minmax
26,30,1769018381,minmax
27,0,1769018381,minmax
28,30,1769018381,minmax
29,30,1769018381,minmax
30,30,1769018381,minmax
31,30,1769018381,minmax
32,30,1769018381,minmax
33,30,1769018381,minmax
34,30,1769018381,minmax
35,30,1769018381,minmax
36,30,1769018381,minmax
37,30,1769018381,minmax
38,30,1769018381,minmax
39,30,1769018381,minmax
40,30,1769018381,minmax
41,30,1769018381,minmax
42,30,1769018381,minmax
43,30,1769018381,minmax
44,30,1769018381,minmax
45,30,1769018381,minmax
46,0,1769018381,minmax
47,30,1769018381,minmax
48,0,1769018381,minmax
49,30,1769018381,minmax
50,30,1769018381,minmax
51,30,1769018381,minmax
52,30,1769018381,minmax
53,30,1769018381,minmax
54,30,1769018381,minmax
55,30,1769018381,minmax
56,0,1769018381,minmax
57,30,1769018381,minmax
58,30,1769018381,minmax
59,0,1769018381,minmax
60,30,1769018381,minmax
61,30,1769018381,minmax
62,30,1769018381,minmax
63,30,1769018381,minmax
64,0,1769018381,minmax
65,30,1769018381,minmax
66,30,1769018381,minmax
67,30,1769018381,minmax
68,30,1769018381,minmax
69,30,1769018381,minmax
70,30,1769018381,minmax
71,30,1769018381,minmax
72,0,1769018381,minmax
73,30,1769018381,minmax
74,30,1769018381,minmax
75,30,1769018381,minmax
76,30,1769018381,minmax
77,30,1769018381,minmax
78,0,1769018381,minmax
79,30,1769018381,minmax
80,30,1769018381,minmax
81,30,1769018381,minmax
82,30,1769018381,minmax
83,30,1769018381,minmax
84,30,1769018381,minmax
85,30,1769018381,minmax
86,30,1769018381,minmax
87,30,1769018381,minmax
88,30,1769018381,minmax
89,30,1769018381,minmax
90,30,1769018381,minmax
91,30,1769018381,minmax
92,0,1769018381,minmax
93,30,1769018381,minmax
94,30,1769018381,minmax
95,30,1769018381,minmax
96,0,1769018381,minmax
97,30,1769018381,minmax
98,30,1769018381,minmax
99,30,1769018381,minmax
100,30,1769018381,minmax
101,0,1769018381,minmax
102,30,1769018381,minmax
103,30,1769018381,minmax
104,0,1769018381,minmax
105,30,1769018381,minmax
106,30,1769018381,minmax
107,30,1769018381,minmax
108,30,1769018381,minmax
109,30,1769018381,minmax
110,30,1769018381,minmax
111,30,1769018381,minmax
112,30,1769018381,minmax
113,30,1769018381,minmax
114,30,1769018381,minmax
115,30,1769018381,minmax
116,30,1769018381,minmax
117,30,1769018381,minmax
118,30,1769018381,minmax
119,30,1769018381,minmax
120,30,1769018381,minmax
121,0,1769018381,minmax
122,30,1769018381,minmax
123,30,1769018381,minmax
124,30,1769018381,minmax
125,30,1769018381,minmax
126,0,1769018381,minmax
127,30,1769018381,minmax
128,30,1769018381,minmax
129,30,1769018381,minmax
130,30,1769018381,minmax
131,30,1769018381,minmax
132,30,1769018381,minmax
133,30,1769018381,minmax
134,0,1769018381,minmax
135,30,1769018381,minmax
136,30,1769018381,minmax
137,30,1769018381,minmax
138,30,1769018381,minmax
139,0,1769018381,minmax
140,30,1769018381,minmax
141,30,1769018381,minmax
142,30,1769018381,minmax
143,30,1769018381,minmax
144,30,1769018381,minmax
145,30,1769018381,minmax
146,30,1769018381,minmax
147,30,1769018381,minmax
148,0,1769018381,minmax
149,30,1769018381,minmax
150,30,1769018381,minmax
151,30,1769018381,minmax
152,30,1769018381,minmax
153,30,1769018381,minmax
154,30,1769018381,minmax
155,30,1769018381,minmax
156,30,1769018381,minmax
157,30,1769018381,minmax
158,30,1769018381,minmax
159,30,1769018381,minmax
160,30,1769018381,minmax
161,30,1769018381,minmax
162,30,1769018381,minmax
163,30,1769018381,minmax
164,30,1769018381,minmax
165,30,1769018381,minmax
166,30,1769018381,minmax
167,30,1769018381,minmax
168,30,1769018381,minmax
169,0,1769018381,minmax
170,30,1769018381,minmax
171,30,1769018381,minmax
172,30,1769018381,minmax
173,30,1769018381,minmax
174,30,1769018381,minmax
175,30,1769018381,minmax
176,30,1769018381,minmax
177,30,1769018381,minmax
178,30,1769018381,minmax
179,30,1769018381,minmax
180,30,1769018381,minmax
181,30,1769018381,minmax
182,30,1769018381,minmax
183,30,1769018381,minmax
184,30,1769018381,minmax
185,30,1769018381,minmax
186,30,1769018381,minmax
187,0,1769018381,minmax
188,30,1769018381,minmax
189,30,1769018381,minmax
190,30,1769018381,minmax
191,30,1769018381,minmax
192,30,1769018381,minmax
193,30,1769018381,minmax
194,30,1769018381,minmax
195,30,1769018381,minmax
196,30,1769018381,minmax
197,30,1769018381,minmax
198,0,1769018381,minmax
199,30,1769018381,minmax
200,30,1769018381,minmax
201,30,1769018381,minmax
202,30,1769018381,minmax
203,30,1769018381,minmax
204,0,1769018381,minmax
205,30,1769018381,minmax
206,30,1769018381,minmax
207,30,1769018381,minmax
208,30,1769018381,minmax
209,30,1769018381,minmax
210,30,1769018381,minmax
211,0,1769018381,minmax
212,30,1769018381,minmax
213,30,1769018381,minmax
214,0,1769018381,minmax
215,30,1769018381,minmax
216,30,1769018381,minmax
217,30,1769018381,minmax
218,30,1769018381,minmax
219,30,1769018381,minmax
220,30,1769018381,minmax
221,30,1769018381,minmax
222,30,1769018381,minmax
223,30,1769018381,minmax
224,30,1769018381,minmax
225,30,1769018381,minmax
226,30,1769018381,minmax
227,30,1769018381,minmax
228,30,1769018381,minmax
229,30,1769018381,minmax
230,30,1769018381,minmax
231,30,1769018381,minmax
232,30,1769018381,minmax
233,30,1769018381,minmax
234,30,1769018381,minmax
235,30,1769018381,minmax
236,30,1769018381,minmax
237,30,1769018381,minmax
238,30,1769018381,minmax
239,30,1769018381,minmax
240,30,1769018381,minmax
241,30,1769018381,minmax
242,30,1769018381,minmax
243,30,1769018381,minmax
244,30,1769018381,minmax
245,30,1769018381,minmax
246,30,1769018381,minmax
247,30,1769018381,minmax
248,30,1769018381,minmax
249,30,1769018381,minmax
250,30,1769018381,minmax
251,30,1769018381,minmax
252,30,1769018381,minmax
253,30,1769018381,minmax
254,30,1769018381,minmax
255,30,1769018381,minmax
256,30,1769018381,minmax
257,30,1769018381,minmax
258,30,1769018381,minmax
259,30,1769018381,minmax
260,30,1769018381,minmax
261,0,1769018381,minmax
262,30,1769018381,minmax
263,30,1769018381,minmax
264,30,1769018381,minmax
265,30,1769018381,minmax
266,30,1769018381,minmax
267,30,1769018381,minmax
268,30,1769018381,minmax
269,30,1769018381,minmax
270,30,1769018381,minmax
271,30,1769018381,minmax
272,30,1769018381,minmax
273,30,1769018381,minmax
274,30,1769018381,minmax
275,0,1769018381,minmax
276,30,1769018381,minmax
277,30,1769018381,minmax
278,30,1769018381,minmax
279,30,1769018381,minmax
280,30,1769018381,minmax
281,30,1769018381,minmax
282,30,1769018381,minmax
283,30,1769018381,minmax
284,30,1769018381,minmax
285,30,1769018381,minmax
286,30,1769018381,minmax
287,30,1769018381,minmax
288,30,1769018381,minmax
289,30,1769018381,minmax
290,30,1769018381,minmax
291,30,1769018381,minmax
292,30,1769018381,minmax
293,0,1769018381,minmax
294,30,1769018381,minmax
295,30,1769018381,minmax
296,30,1769018381,minmax
297,30,1769018381,minmax
298,30,1769018381,minmax
299,30,1769018381,minmax
300,30,1769018381,minmax
301,30,1769018381,minmax
302,30,1769018381,minmax
303,30,1769018381,minmax
304,30,1769018381,minmax
305,30,1769018381,minmax
306,30,1769018381,minmax
307,30,1769018381,minmax
308,30,1769018381,minmax
309,30,1769018381,minmax
310,30,1769018381,minmax
311,30,1769018381,minmax
312,30,1769018381,minmax
313,30,1769018381,minmax
314,30,1769018381,minmax
315,30,1769018381,minmax
316,30,1769018381,minmax
317,30,1769018381,minmax
318,30,1769018381,minmax
319,30,1769018381,minmax
320,30,1769018381,minmax
321,30,1769018381,minmax
322,30,1769018381,minmax
323,30,1769018381,minmax
324,30,1769018381,minmax
325,30,1769018381,minmax
326,30,1769018381,minmax
327,30,1769018381,minmax
328,30,1769018381,minmax
329,30,1769018381,minmax
330,30,1769018381,minmax
331,30,1769018381,minmax
332,30,1769018381,minmax
333,0,1769018381,minmax
334,30,1769018381,minmax
335,30,1769018381,minmax
336,30,1769018381,minmax
337,30,1769018381,minmax
338,30,1769018381,minmax
339,30,1769018381,minmax
340,30,1769018381,minmax
341,30,1769018381,minmax
342,30,1769018381,minmax
343,0,1769018381,minmax
344,30,1769018381,minmax
345,30,1769018381,minmax
346,30,1769018381,minmax
347,30,1769018381,minmax
348,30,1769018381,minmax
349,30,1769018381,minmax
350,30,1769018381,minmax
351,30,1769018381,minmax
352,30,1769018381,minmax
353,30,1769018381,minmax
354,30,1769018381,minmax
355,30,1769018381,minmax
356,30,1769018381,minmax
357,0,1769018381,minmax
358,0,1769018381,minmax
359,30,1769018381,minmax
360,30,1769018381,minmax
361,30,1769018381,minmax
362,30,1769018381,minmax
363,30,1769018381,minmax
364,30,1769018381,minmax
365,30,1769018381,minmax
366,30,1769018381,minmax
367,30,1769018381,minmax
368,30,1769018381,minmax
369,30,1769018381,minmax
370,30,1769018381,minmax
371,30,1769018381,minmax
372,30,1769018381,minmax
373,30,1769018381,minmax
374,30,1769018381,minmax
375,30,1769018381,minmax
376,30,1769018381,minmax
377,30,1769018381,minmax
378,30,1769018381,minmax
379,30,1769018381,minmax
380,30,1769018381,minmax
381,30,1769018381,minmax
382,30,1769018381,minmax
383,30,1769018381,minmax
384,30,1769018381,minmax
385,30,1769018381,minmax
386,30,1769018381,minmax
387,30,1769018381,minmax
388,30,1769018381,minmax
389,30,1769018381,minmax
390,30,1769018381,minmax
391,30,1769018381,minmax
392,30,1769018381,minmax
393,30,1769018381,minmax
394,30,1769018381,minmax
395,30,1769018381,minmax
396,30,1769018381,minmax
397,30,1769018381,minmax
398,30,1769018381,minmax
399,30,1769018381,minmax
400,30,1769018381,minmax
401,30,1769018381,minmax
402,30,1769018381,minmax
403,30,1769018381,minmax
404,30,1769018381,minmax
405,30,1769018381,minmax
406,30,1769018381,minmax
407,30,1769018381,minmax
408,30,1769018381,minmax
409,30,1769018381,minmax
410,30,1769018381,minmax
411,30,1769018381,minmax
412,30,1769018381,minmax
413,30,1769018381,minmax
414,30,1769018381,minmax
415,30,1769018381,minmax
416,30,1769018381,minmax
417,30,1769018381,minmax
418,0,1769018381,minmax
419,30,1769018381,minmax
420,30,1769018381,minmax
421,30,1769018381,minmax
422,30,1769018381,minmax
423,30,1769018381,minmax
424,30,1769018381,minmax
425,30,1769018381,minmax
426,30,1769018381,minmax
427,30,1769018381,minmax
428,30,1769018381,minmax
429,30,1769018381,minmax
430,30,1769018381,minmax
431,30,1769018381,minmax
432,30,1769018381,minmax
433,30,1769018381,minmax
434,30,1769018381,minmax
435,30,1769018381,minmax
436,30,1769018381,minmax
437,30,1769018381,minmax
438,30,1769018381,minmax
439,30,1769018381,minmax
440,30,1769018381,minmax
441,30,1769018381,minmax
442,30,1769018381,minmax
443,30,1769018381,minmax
444,30,1769018381,minmax
445,30,1769018381,minmax
446,0,1769018381,minmax
447,30,1769018381,minmax
448,30,1769018381,minmax
449,30,1769018381,minmax
450,30,1769018381,minmax
451,30,1769018381,minmax
452,30,1769018381,minmax
453,30,1769018381,minmax
454,30,1769018381,minmax
455,30,1769018381,minmax
456,30,1769018381,minmax
457,30,1769018381,minmax
458,30,1769018381,minmax
459,30,1769018381,minmax
460,30,1769018381,minmax
461,30,1769018381,minmax
462,30,1769018381,minmax
463,30,1769018381,minmax
464,30,1769018381,minmax
465,30,1769018381,minmax
466,30,1769018381,minmax
467,30,1769018381,minmax
468,30,1769018381,minmax
469,30,1769018381,minmax
470,30,1769018381,minmax
471,30,1769018381,minmax
472,30,1769018381,minmax
473,30,1769018381,minmax
474,30,1769018381,minmax
475,30,1769018381,minmax
476,30,1769018381,minmax
477,30,1769018381,minmax
478,30,1769018381,minmax
479,30,1769018381,minmax
480,30,1769018381,minmax
481,30,1769018381,minmax
482,30,1769018381,minmax
483,30,1769018381,minmax
484,30,1769018381,minmax
485,30,1769018381,minmax
486,30,1769018381,minmax
487,30,1769018381,minmax
488,30,1769018381,minmax
489,30,1769018381,minmax
490,0,1769018381,minmax
491,30,1769018381,minmax
492,30,1769018381,minmax
493,30,1769018381,minmax
494,30,1769018381,minmax
495,30,1769018381,minmax
496,30,1769018381,minmax
497,30,1769018381,minmax
498,30,1769018381,minmax
499,30,1769018381,minmax
500,30,1769018381,minmax
501,30,1769018381,minmax
502,30,1769018381,minmax
503,30,1769018381,minmax
504,30,1769018381,minmax
505,30,1769018381,minmax
506,30,1769018381,minmax
507,30,1769018381,minmax
508,30,1769018381,minmax
509,30,1769018381,minmax
510,30,1769018381,minmax
511,30,1769018381,minmax
512,30,1769018381,minmax
513,30,1769018381,minmax
514,30,1769018381,minmax
515,30,1769018381,minmax
516,30,1769018381,minmax
517,30,1769018381,minmax
518,30,1769018381,minmax
519,30,1769018381,minmax
520,30,1769018381,minmax
521,30,1769018381,minmax
522,30,1769018381,minmax
523,30,1769018381,minmax
524,30,1769018381,minmax
525,30,1769018381,minmax
526,30,1769018381,minmax
527,30,1769018381,minmax
528,30,1769018381,minmax
529,30,1769018381,minmax
530,30,1769018381,minmax
531,30,1769018381,minmax
532,30,1769018381,minmax
533,30,1769018381,minmax
534,30,1769018381,minmax
535,30,1769018381,minmax
536,30,1769018381,minmax
537,30,1769018381,minmax
538,30,1769018381,minmax
539,30,1769018381,minmax
540,30,1769018381,minmax
541,30,1769018381,minmax
542,30,1769018381,minmax
543,30,1769018381,minmax
544,30,1769018381,minmax
545,30,1769018381,minmax
546,30,1769018381,minmax
547,30,1769018381,minmax
548,30,1769018381,minmax
549,30,1769018381,minmax
550,30,1769018381,minmax
551,30,1769018381,minmax
552,30,1769018381,minmax
553,30,1769018381,minmax
554,30,1769018381,minmax
555,30,1769018381,minmax
556,30,1769018381,minmax
557,30,1769018381,minmax
558,30,1769018381,minmax
559,30,1769018381,minmax
560,30,1769018381,minmax
561,30,1769018381,minmax
562,30,1769018381,minmax
563,30,1769018381,minmax
564,30,1769018381,minmax
565,30,1769018381,minmax
566,30,1769018381,minmax
567,30,1769018381,minmax
568,30,1769018381,minmax
569,30,1769018381,minmax
570,30,1769018381,minmax
571,30,1769018381,minmax
572,30,1769018381,minmax
573,30,1769018381,minmax
574,30,1769018381,minmax
575,30,1769018381,minmax
576,30,1769018381,minmax
577,30,1769018381,minmax
578,30,1769018381,minmax
579,30,1769018381,minmax
580,30,1769018381,minmax
581,30,1769018381,minmax
582,30,1769018381,minmax
583,30,1769018381,minmax
584,0,1769018381,minmax
585,30,1769018381,minmax
586,30,1769018381,minmax
587,30,1769018381,minmax
588,30,1769018381,minmax
589,30,1769018381,minmax
590,30,1769018381,minmax
591,30,1769018381,minmax
592,30,1769018381,minmax
593,30,1769018381,minmax
594,30,1769018381,minmax
595,30,1769018381,minmax
596,30,1769018381,minmax
597,30,1769018381,minmax
598,30,1769018381,minmax
599,30,1769018381,minmax
600,30,1769018381,minmax
601,30,1769018381,minmax
602,30,1769018381,minmax
603,30,1769018381,minmax
604,30,1769018381,minmax
605,30,1769018381,minmax
606,30,1769018381,minmax
607,30,1769018381,minmax
608,30,1769018381,minmax
609,30,1769018381,minmax
610,30,1769018381,minmax
611,30,1769018381,minmax
612,30,1769018381,minmax
613,30,1769018381,minmax
614,30,1769018381,minmax
615,30,1769018381,minmax
616,30,1769018381,minmax
617,30,1769018381,minmax
618,30,1769018381,minmax
619,30,1769018381,minmax
620,30,1769018381,minmax
621,30,1769018381,minmax
622,30,1769018381,minmax
623,30,1769018381,minmax
624,30,1769018381,minmax
625,30,1769018381,minmax
626,30,1769018381,minmax
627,30,1769018381,minmax
628,30,1769018381,minmax
629,30,1769018381,minmax
630,30,1769018381,minmax
631,30,1769018381,minmax
632,30,1769018381,minmax
633,30,1769018381,minmax
634,30,1769018381,minmax
635,30,1769018381,minmax
636,30,1769018381,minmax
637,30,1769018381,minmax
638,30,1769018381,minmax
639,30,1769018381,minmax
640,30,1769018381,minmax
641,30,1769018381,minmax
642,30,1769018381,minmax
643,30,1769018381,minmax
644,0,1769018381,minmax
645,30,1769018381,minmax
646,30,1769018381,minmax
647,30,1769018381,minmax
648,30,1769018381,minmax
649,30,1769018381,minmax
650,30,1769018381,minmax
651,30,1769018381,minmax
652,30,1769018381,minmax
653,30,1769018381,minmax
654,30,1769018381,minmax
655,30,1769018381,minmax
656,30,1769018381,minmax
657,30,1769018381,minmax
658,30,1769018381,minmax
659,30,1769018381,minmax
660,30,1769018381,minmax
661,30,1769018381,minmax
662,30,1769018381,minmax
663,30,1769018381,minmax
664,30,1769018381,minmax
665,30,1769018381,minmax
666,30,1769018381,minmax
667,30,1769018381,minmax
668,30,1769018381,minmax
669,30,1769018381,minmax
670,30,1769018381,minmax
671,30,1769018381,minmax
672,30,1769018381,minmax
673,30,1769018381,minmax
674,30,1769018381,minmax
675,30,1769018381,minmax
676,30,1769018381,minmax
677,30,1769018381,minmax
678,30,1769018381,minmax
679,30,1769018381,minmax
680,30,1769018381,minmax
681,30,1769018381,minmax
682,30,1769018381,minmax
683,30,1769018381,minmax
684,30,1769018381,minmax
685,30,1769018381,minmax
686,30,1769018381,minmax
687,30,1769018381,minmax
688,30,1769018381,minmax
689,30,1769018381,minmax
690,30,1769018381,minmax
691,30,1769018381,minmax
692,30,1769018381,minmax
693,30,1769018381,minmax
694,30,1769018381,minmax
695,30,1769018381,minmax
696,30,1769018381,minmax
697,30,1769018381,minmax
698,30,1769018381,minmax
699,30,1769018381,minmax
700,30,1769018381,minmax
701,30,1769018381,minmax
702,30,1769018381,minmax
703,30,1769018381,minmax
704,30,1769018381,minmax
705,30,1769018381,minmax
706,30,1769018381,minmax
707,30,1769018381,minmax
708,30,1769018381,minmax
709,30,1769018381,minmax
710,30,1769018381,minmax
711,30,1769018381,minmax
712,30,1769018381,minmax
713,30,1769018381,minmax
714,30,1769018381,minmax
715,30,1769018381,minmax
716,30,1769018381,minmax
717,30,1769018381,minmax
718,30,1769018381,minmax
719,30,1769018381,minmax
720,30,1769018381,minmax
721,30,1769018381,minmax
722,30,1769018381,minmax
723,30,1769018381,minmax
724,30,1769018381,minmax
725,30,1769018381,minmax
726,30,1769018381,minmax
727,0,1769018381,minmax
728,30,1769018381,minmax
729,30,1769018381,minmax
730,30,1769018381,minmax
731,30,1769018381,minmax
732,30,1769018381,minmax
733,30,1769018381,minmax
734,30,1769018381,minmax
735,30,1769018381,minmax
736,30,1769018381,minmax
737,30,1769018381,minmax
738,30,1769018381,minmax
739,30,1769018381,minmax
740,30,1769018381,minmax
741,30,1769018381,minmax
742,30,1769018381,minmax
743,30,1769018381,minmax
744,30,1769018381,minmax
745,30,1769018381,minmax
746,30,1769018381,minmax
747,30,1769018381,minmax
748,30,1769018381,minmax
749,30,1769018381,minmax
750,30,1769018381,minmax
751,30,1769018381,minmax
752,30,1769018381,minmax
753,30,1769018381,minmax
754,30,1769018381,minmax
755,30,1769018381,minmax
756,30,1769018381,minmax
757,30,1769018381,minmax
758,30,1769018381,minmax
759,30,1769018381,minmax
760,30,1769018381,minmax
761,30,1769018381,minmax
762,30,1769018381,minmax
763,30,1769018381,minmax
764,30,1769018381,minmax
765,30,1769018381,minmax
766,30,1769018381,minmax
767,30,1769018381,minmax
768,30,1769018381,minmax
769,30,1769018381,minmax
770,30,1769018381,minmax
771,30,1769018381,minmax
772,30,1769018381,minmax
773,30,1769018381,minmax
774,30,1769018381,minmax
775,30,1769018381,minmax
776,30,1769018381,minmax
777,30,1769018381,minmax
778,30,1769018381,minmax
779,30,1769018381,minmax
780,30,1769018381,minmax
781,30,1769018381,minmax
782,30,1769018381,minmax
783,30,1769018381,minmax
784,30,1769018381,minmax
785,30,1769018381,minmax
786,30,1769018381,minmax
787,30,1769018381,minmax
788,30,1769018381,minmax
789,30,1769018381,minmax
790,30,1769018381,minmax
791,30,1769018381,minmax
792,30,1769018381,minmax
793,30,1769018381,minmax
794,30,1769018381,minmax
795,30,1769018381,minmax
796,30,1769018381,minmax
797,30,1769018381,minmax
798,30,1769018381,minmax
799,30,1769018381,minmax
800,30,1769018381,minmax
801,30,1769018381,minmax
802,30,1769018381,minmax
803,30,1769018381,minmax
804,30,1769018381,minmax
805,30,1769018381,minmax
806,30,1769018381,minmax
807,30,1769018381,minmax
808,30,1769018381,minmax
809,30,1769018381,minmax
810,30,1769018381,minmax
811,30,1769018381,minmax
812,30,1769018381,minmax
813,30,1769018381,minmax
814,30,1769018381,minmax
815,30,1769018381,minmax
816,30,1769018381,minmax
817,30,1769018381,minmax
818,30,1769018381,minmax
819,30,1769018381,minmax
820,30,1769018381,minmax
821,30,1769018381,minmax
822,30,1769018381,minmax
823,30,1769018381,minmax
824,30,1769018381,minmax
825,30,1769018381,minmax
826,30,1769018381,minmax
827,30,1769018381,minmax
828,30,1769018381,minmax
829,30,1769018381,minmax
830,30,1769018381,minmax
831,30,1769018381,minmax
832,30,1769018381,minmax
833,30,1769018381,minmax
834,30,1769018381,minmax
835,30,1769018381,minmax
836,30,1769018381,minmax
837,30,1769018381,minmax
838,30,1769018381,minmax
839,30,1769018381,minmax
840,30,1769018381,minmax
841,30,1769018381,minmax
842,30,1769018381,minmax
843,30,1769018381,minmax
844,30,1769018381,minmax
845,30,1769018381,minmax
846,30,1769018381,minmax
847,30,1769018381,minmax
848,30,1769018381,minmax
849,30,1769018381,minmax
850,30,1769018381,minmax
851,30,1769018381,minmax
852,30,1769018381,minmax
853,30,1769018381,minmax
854,30,1769018381,minmax
855,30,1769018381,minmax
856,30,1769018381,minmax
857,30,1769018381,minmax
858,30,1769018381,minmax
859,30,1769018381,minmax
860,30,1769018381,minmax
861,30,1769018381,minmax
862,30,1769018381,minmax
863,30,1769018381,minmax
864,30,1769018381,minmax
865,30,1769018381,minmax
866,30,1769018381,minmax
867,30,1769018381,minmax
868,30,1769018381,minmax
869,30,1769018381,minmax
870,30,1769018381,minmax
871,30,1769018381,minmax
872,30,1769018381,minmax
873,30,1769018381,minmax
874,30,1769018381,minmax
875,30,1769018381,minmax
876,30,1769018381,minmax
877,30,1769018381,minmax
878,30,1769018381,minmax
879,30,1769018381,minmax
880,30,1769018381,minmax
881,30,1769018381,minmax
882,30,1769018381,minmax
883,30,1769018381,minmax
884,30,1769018381,minmax
885,30,1769018381,minmax
886,30,1769018381,minmax
887,30,1769018381,minmax
888,30,1769018381,minmax
889,30,1769018381,minmax
890,30,1769018381,minmax
891,30,1769018381,minmax
892,30,1769018381,minmax
893,30,1769018381,minmax
894,30,1769018381,minmax
895,30,1769018381,minmax
896,30,1769018381,minmax
897,30,1769018381,minmax
898,30,1769018381,minmax
899,30,1769018381,minmax
900,30,1769018381,minmax
901,30,1769018381,minmax
902,30,1769018381,minmax
903,30,1769018381,minmax
904,30,1769018381,minmax
905,30,1769018381,minmax
906,30,1769018381,minmax
907,30,1769018381,minmax
908,30,1769018381,minmax
909,30,1769018381,minmax
910,30,1769018381,minmax
911,30,1769018381,minmax
912,30,1769018381,minmax
913,30,1769018381,minmax
914,30,1769018381,minmax
915,30,1769018381,minmax
916,30,1769018381,minmax
917,30,1769018381,minmax
918,30,1769018381,minmax
919,30,1769018381,minmax
920,30,1769018381,minmax
921,30,1769018381,minmax
922,30,1769018381,minmax
923,30,1769018381,minmax
924,30,1769018381,minmax
925,30,1769018381,minmax
926,30,1769018381,minmax
927,30,1769018381,minmax
928,30,1769018381,minmax
929,30,1769018381,minmax
930,30,1769018381,minmax
931,30,1769018381,minmax
932,30,1769018381,minmax
933,30,1769018381,minmax
934,30,1769018381,minmax
935,30,1769018381,minmax
936,30,1769018381,minmax
937,30,1769018381,minmax
938,30,1769018381,minmax
939,30,1769018381,minmax
940,30,1769018381,minmax
941,0,1769018381,minmax
942,30,1769018381,minmax
943,30,1769018381,minmax
944,30,1769018381,minmax
945,30,1769018381,minmax
946,30,1769018381,minmax
947,30,1769018381,minmax
948,30,1769018381,minmax
949,30,1769018381,minmax
950,30,1769018381,minmax
951,30,1769018381,minmax
952,30,1769018381,minmax
953,30,1769018381,minmax
954,30,1769018381,minmax
955,30,1769018381,minmax
956,30,1769018381,minmax
957,30,1769018381,minmax
958,30,1769018381,minmax
959,30,1769018381,minmax
960,30,1769018381,minmax
961,30,1769018381,minmax
962,30,1769018381,minmax
963,30,1769018381,minmax
964,30,1769018381,minmax
965,30,1769018381,minmax
966,30,1769018381,minmax
967,30,1769018381,minmax
968,30,1769018381,minmax
969,30,1769018381,minmax
970,30,1769018381,minmax
971,30,1769018381,minmax
972,30,1769018381,minmax
973,30,1769018381,minmax
974,30,1769018381,minmax
975,30,1769018381,minmax
976,30,1769018381,minmax
977,30,1769018381,minmax
978,30,1769018381,minmax
979,30,1769018381,minmax
980,30,1769018381,minmax
981,30,1769018381,minmax
982,30,1769018381,minmax
983,30,1769018381,minmax
984,30,1769018381,minmax
985,30,1769018381,minmax
986,30,1769018381,minmax
987,30,1769018381,minmax
988,30,1769018381,minmax
989,30,1769018381,minmax
990,30,1769018381,minmax
991,30,1769018381,minmax
992,30,1769018381,minmax
993,30,1769018381,minmax
994,30,1769018381,minmax
995,30,1769018381,minmax
996,30,1769018381,minmax
997,30,1769018381,minmax
998,30,1769018381,minmax
999,30,1769018381,minmax
1000,30,1769018381,minmax
1001,30,1769018381,minmax
1002,30,1769018381,minmax
1003,30,1769018381,minmax
1004,30,1769018381,minmax
1005,30,1769018381,minmax
1006,30,1769018381,minmax
1007,30,1769018381,minmax
1008,30,1769018381,minmax
1009,30,1769018381,minmax
1010,30,1769018381,minmax
1011,30,1769018381,minmax
1012,30,1769018381,minmax
1013,30,1769018381,minmax
1014,30,1769018381,minmax
1015,30,1769018381,minmax
1016,30,1769018381,minmax
1017,30,1769018381,minmax
1018,30,1769018381,minmax
1019,30,1769018381,minmax
1020,30,1769018381,minmax
1021,30,1769018381,minmax
1022,30,1769018381,minmax
1023,30,1769018381,minmax
1024,30,1769018381,minmax
1025,30,1769018381,minmax
1026,30,1769018381,minmax
1027,30,1769018381,minmax
1028,30,1769018381,minmax
1029,30,1769018381,minmax
1030,30,1769018381,minmax
1031,30,1769018381,minmax
1032,30,1769018381,minmax
1033,30,1769018381,minmax
1034,30,1769018381,minmax
1035,30,1769018381,minmax
1036,30,1769018381,minmax
1037,30,1769018381,minmax
1038,30,1769018381,minmax
1039,30,1769018381,minmax
1040,30,1769018381,minmax
1041,30,1769018381,minmax
1042,30,1769018381,minmax
1043,30,1769018381,minmax
1044,30,1769018381,minmax
1045,30,1769018381,minmax
1046,30,1769018381,minmax
1047,30,1769018381,minmax
1048,30,1769018381,minmax
1049,30,1769018381,minmax
1050,30,1769018381,minmax
1051,30,1769018381,minmax
1052,30,1769018381,minmax
1053,30,1769018381,minmax
1054,30,1769018381,minmax
1055,30,1769018381,minmax
1056,30,1769018381,minmax
1057,30,1769018381,minmax
1058,30,1769018381,minmax
1059,30,1769018381,minmax
1060,30,1769018381,minmax
1061,30,1769018381,minmax
1062,30,1769018381,minmax
1063,30,1769018381,minmax
1064,30,1769018381,minmax
1065,30,1769018381,minmax
1066,30,1769018381,minmax
1067,30,1769018381,minmax
1068,30,1769018381,minmax
1069,30,1769018381,minmax
1070,30,1769018381,minmax
1071,30,1769018381,minmax
1072,30,1769018381,minmax
1073,30,1769018381,minmax
1074,30,1769018381,minmax
1075,30,1769018381,minmax
1076,30,1769018381,minmax
1077,30,1769018381,minmax
1078,30,1769018381,minmax
1079,30,1769018381,minmax
1080,30,1769018381,minmax
1081,30,1769018381,minmax
1082,30,1769018381,minmax
1083,30,1769018381,minmax
1084,30,1769018381,minmax
1085,30,1769018381,minmax
1086,30,1769018381,minmax
1087,30,1769018381,minmax
1088,30,1769018381,minmax
1089,30,1769018381,minmax
1090,30,1769018381,minmax
1091,30,1769018381,minmax
1092,30,1769018381,minmax
1093,30,1769018381,minmax
1094,30,1769018381,minmax
1095,30,1769018381,minmax
1096,30,1769018381,minmax
1097,30,1769018381,minmax
1098,30,1769018381,minmax
1099,30,1769018381,minmax
1100,30,1769018381,minmax
1101,30,1769018381,minmax
1102,30,1769018381,minmax
1103,30,1769018381,minmax
1104,30,1769018381,minmax
1105,30,1769018381,minmax
1106,30,1769018381,minmax
1107,30,1769018381,minmax
1108,30,1769018381,minmax
1109,30,1769018381,minmax
1110,30,1769018381,minmax
1111,30,1769018381,minmax
1112,30,1769018381,minmax
1113,30,1769018381,minmax
1114,30,1769018381,minmax
1115,30,1769018381,minmax
1116,30,1769018381,minmax
1117,30,1769018381,minmax
1118,30,1769018381,minmax
1119,30,1769018381,minmax
1120,30,1769018381,minmax
1121,30,1769018381,minmax
1122,30,1769018381,minmax
1123,30,1769018381,minmax
1124,30,1769018381,minmax
1125,30,1769018381,minmax
1126,30,1769018381,minmax
1127,30,1769018381,minmax
1128,30,1769018381,minmax
1129,30,1769018381,minmax
1130,30,1769018381,minmax
1131,30,1769018381,minmax
1132,30,1769018381,minmax
1133,30,1769018381,minmax
1134,30,1769018381,minmax
1135,30,1769018381,minmax
1136,30,1769018381,minmax
1137,30,1769018381,minmax
1138,30,1769018381,minmax
1139,30,1769018381,minmax
1140,30,1769018381,minmax
1141,30,1769018381,minmax
1142,30,1769018381,minmax
1143,30,1769018381,minmax
1144,30,1769018381,minmax
1145,30,1769018381,minmax
1146,30,1769018381,minmax
1147,30,1769018381,minmax
1148,30,1769018381,minmax
1149,30,1769018381,minmax
1150,30,1769018381,minmax
1151,30,1769018381,minmax
1152,30,1769018381,minmax
1153,30,1769018381,minmax
1154,30,1769018381,minmax
1155,30,1769018381,minmax
1156,30,1769018381,minmax
1157,30,1769018381,minmax
1158,30,1769018381,minmax
1159,30,1769018381,minmax
1160,30,1769018381,minmax
1161,30,1769018381,minmax
1162,30,1769018381,minmax
1163,30,1769018381,minmax
1164,30,1769018381,minmax
1165,30,1769018381,minmax
1166,30,1769018381,minmax
1167,30,1769018381,minmax
1168,30,1769018381,minmax
1169,30,1769018381,minmax
1170,30,1769018381,minmax
1171,30,1769018381,minmax
1172,30,1769018381,minmax
1173,30,1769018381,minmax
1174,30,1769018381,minmax
1175,30,1769018381,minmax
1176,30,1769018381,minmax
1177,30,1769018381,minmax
1178,30,1769018381,minmax
1179,30,1769018381,minmax
1180,30,1769018381,minmax
1181,30,1769018381,minmax
1182,30,1769018381,minmax
1183,30,1769018381,minmax
1184,30,1769018381,minmax
1185,30,1769018381,minmax
1186,30,1769018381,minmax
1187,30,1769018381,minmax
1188,30,1769018381,minmax
1189,30,1769018381,minmax
1190,30,1769018381,minmax
1191,30,1769018381,minmax
1192,30,1769018381,minmax
1193,30,1769018381,minmax
1194,30,1769018381,minmax
1195,30,1769018381,minmax
1196,30,1769018381,minmax
1197,30,1769018381,minmax
1198,30,1769018381,minmax
1199,30,1769018381,minmax
1200,30,1769018381,minmax
1201,30,1769018381,minmax
1202,30,1769018381,minmax
1203,30,1769018381,minmax
1204,30,1769018381,minmax
1205,30,1769018381,minmax
1206,30,1769018381,minmax
1207,30,1769018381,minmax
1208,30,1769018381,minmax
1209,30,1769018381,minmax
1210,30,1769018381,minmax
1211,30,1769018381,minmax
1212,30,1769018381,minmax
1213,30,1769018381,minmax
1214,30,1769018381,minmax
1215,30,1769018381,minmax
1216,30,1769018381,minmax
1217,30,1769018381,minmax
1218,30,1769018381,minmax
1219,30,1769018381,minmax
1220,30,1769018381,minmax
1221,30,1769018381,minmax
1222,30,1769018381,minmax
1223,30,1769018381,minmax
1224,30,1769018381,minmax
1225,30,1769018381,minmax
1226,30,1769018381,minmax
1227,30,1769018381,minmax
1228,30,1769018381,minmax
1229,30,1769018381,minmax
1230,30,1769018381,minmax
1231,30,1769018381,minmax
1232,30,1769018381,minmax
1233,30,1769018381,minmax
1234,30,1769018381,minmax
1235,30,1769018381,minmax
1236,30,1769018381,minmax
1237,30,1769018381,minmax
1238,30,1769018381,minmax
1239,30,1769018381,minmax
1240,30,1769018381,minmax
1241,30,1769018381,minmax
1242,30,1769018381,minmax
1243,30,1769018381,minmax
1244,30,1769018381,minmax
1245,30,1769018381,minmax
1246,30,1769018381,minmax
1247,30,1769018381,minmax
1248,30,1769018381,minmax
1249,30,1769018381,minmax
1250,30,1769018381,minmax
1251,30,1769018381,minmax
1252,30,1769018381,minmax
1253,30,1769018381,minmax
1254,30,1769018381,minmax
1255,30,1769018381,minmax
1256,30,1769018381,minmax
1257,30,1769018381,minmax
1258,30,1769018381,minmax
1259,30,1769018381,minmax
1260,30,1769018381,minmax
1261,30,1769018381,minmax
1262,30,1769018381,minmax
1263,30,1769018381,minmax
1264,30,1769018381,minmax
1265,30,1769018381,minmax
1266,30,1769018381,minmax
1267,30,1769018381,minmax
1268,30,1769018381,minmax
1269,30,1769018381,minmax
1270,30,1769018381,minmax
1271,30,1769018381,minmax
1272,30,1769018381,minmax
1273,30,1769018381,minmax
1274,30,1769018381,minmax
1275,30,1769018381,minmax
1276,30,1769018381,minmax
1277,30,1769018381,minmax
1278,30,1769018381,minmax
1279,30,1769018381,minmax
1280,30,1769018381,minmax
1281,30,1769018381,minmax
1282,30,1769018381,minmax
1283,30,1769018381,minmax
1284,30,1769018381,minmax
1285,30,1769018381,minmax
1286,30,1769018381,minmax
1287,30,1769018381,minmax
1288,30,1769018381,minmax
1289,30,1769018381,minmax
1290,30,1769018381,minmax
1291,30,1769018381,minmax
1292,30,1769018381,minmax
1293,30,1769018381,minmax
1294,30,1769018381,minmax
1295,30,1769018381,minmax
1296,30,1769018381,minmax
1297,30,1769018381,minmax
1298,30,1769018381,minmax
1299,30,1769018381,minmax
1300,30,1769018381,minmax
1301,30,1769018381,minmax
1302,30,1769018381,minmax
1303,30,1769018381,minmax
1304,30,1769018381,minmax
1305,30,1769018381,minmax
1306,30,1769018381,minmax
1307,30,1769018381,minmax
1308,30,1769018381,minmax
1309,30,1769018381,minmax
1310,30,1769018381,minmax
1311,30,1769018381,minmax
1312,30,1769018381,minmax
1313,30,1769018381,minmax
1314,30,1769018381,minmax
1315,30,1769018381,minmax
1316,30,1769018381,minmax
1317,30,1769018381,minmax
1318,30,1769018381,minmax
1319,30,1769018381,minmax
1320,30,1769018381,minmax
1321,30,1769018381,minmax
1322,30,1769018381,minmax
1323,30,1769018381,minmax
1324,30,1769018381,minmax
1325,30,1769018381,minmax
1326,30,1769018381,minmax
1327,30,1769018381,minmax
1328,30,1769018381,minmax
1329,30,1769018381,minmax
1330,30,1769018381,minmax
1331,30,1769018381,minmax
1332,30,1769018381,minmax
1333,30,1769018381,minmax
1334,30,1769018381,minmax
1335,30,1769018381,minmax
1336,30,1769018381,minmax
1337,30,1769018381,minmax
1338,30,1769018381,minmax
1339,30,1769018381,minmax
1340,30,1769018381,minmax
1341,30,1769018381,minmax
1342,30,1769018381,minmax
1343,30,1769018381,minmax
1344,30,1769018381,minmax
1345,30,1769018381,minmax
1346,30,1769018381,minmax
1347,30,1769018381,minmax
1348,30,1769018381,minmax
1349,30,1769018381,minmax
1350,30,1769018381,minmax
1351,30,1769018381,minmax
1352,30,1769018381,minmax
1353,30,1769018381,minmax
1354,30,1769018381,minmax
1355,30,1769018381,minmax
1356,30,1769018381,minmax
1357,30,1769018381,minmax
1358,30,1769018381,minmax
1359,30,1769018381,minmax
1360,30,1769018381,minmax
1361,30,1769018381,minmax
1362,30,1769018381,minmax
1363,30,1769018381,minmax
1364,30,1769018381,minmax
1365,30,1769018381,minmax
1366,30,1769018381,minmax
1367,30,1769018381,minmax
1368,30,1769018381,minmax
1369,30,1769018381,minmax
1370,30,1769018381,minmax
1371,30,1769018381,minmax
1372,30,1769018381,minmax
1373,30,1769018381,minmax
1374,30,1769018381,minmax
1375,30,1769018381,minmax
1376,30,1769018381,minmax
1377,30,1769018381,minmax
1378,30,1769018381,minmax
1379,30,1769018381,minmax
1380,30,1769018381,minmax
1381,30,1769018381,minmax
1382,30,1769018381,minmax
1383,30,1769018381,minmax
1384,30,1769018381,minmax
1385,30,1769018381,minmax
1386,30,1769018381,minmax
1387,30,1769018381,minmax
1388,30,1769018381,minmax
1389,30,1769018381,minmax
1390,30,1769018381,minmax
1391,30,1769018381,minmax
1392,30,1769018381,minmax
1393,30,1769018381,minmax
1394,30,1769018381,minmax
1395,30,1769018381,minmax
1396,30,1769018381,minmax
1397,30,1769018381,minmax
1398,30,1769018381,minmax
1399,30,1769018381,minmax
1400,30,1769018381,minmax
1401,30,1769018381,minmax
1402,30,1769018381,minmax
1403,30,1769018381,minmax
1404,30,1769018381,minmax
1405,30,1769018381,minmax
1406,30,1769018381,minmax
1407,30,1769018381,minmax
1408,30,1769018381,minmax
1409,30,1769018381,minmax
1410,30,1769018381,minmax
1411,30,1769018381,minmax
1412,30,1769018381,minmax
1413,30,1769018381,minmax
1414,30,1769018381,minmax
1415,30,1769018381,minmax
1416,30,1769018381,minmax
1417,30,1769018381,minmax
1418,30,1769018381,minmax
1419,30,1769018381,minmax
1420,30,1769018381,minmax
1421,30,1769018381,minmax
1422,30,1769018381,minmax
1423,30,1769018381,minmax
1424,30,1769018381,minmax
1425,30,1769018381,minmax
1426,30,1769018381,minmax
1427,30,1769018381,minmax
1428,30,1769018381,minmax
1429,30,1769018381,minmax
1430,30,1769018381,minmax
1431,30,1769018381,minmax
1432,30,1769018381,minmax
1433,30,1769018381,minmax
1434,30,1769018381,minmax
1435,30,1769018381,minmax
1436,30,1769018381,minmax
1437,30,1769018381,minmax
1438,30,1769018381,minmax
1439,30,1769018381,minmax
1440,30,1769018381,minmax
1441,30,1769018381,minmax
1442,30,1769018381,minmax
1443,30,1769018381,minmax
1444,30,1769018381,minmax
1445,30,1769018381,minmax
1446,30,1769018381,minmax
1447,30,1769018381,minmax
1448,30,1769018381,minmax
1449,30,1769018381,minmax
1450,30,1769018381,minmax
1451,30,1769018381,minmax
1452,30,1769018381,minmax
1453,30,1769018381,minmax
1454,30,1769018381,minmax
1455,30,1769018381,minmax
1456,30,1769018381,minmax
1457,30,1769018381,minmax
1458,30,1769018381,minmax
1459,30,1769018381,minmax
1460,30,1769018381,minmax
1461,30,1769018381,minmax
1462,30,1769018381,minmax
1463,30,1769018381,minmax
1464,30,1769018381,minmax
1465,30,1769018381,minmax
1466,30,1769018381,minmax
1467,30,1769018381,minmax
1468,30,1769018381,minmax
1469,30,1769018381,minmax
1470,30,1769018381,minmax
1471,30,1769018381,minmax
1472,30,1769018381,minmax
1473,30,1769018381,minmax
1474,30,1769018381,minmax
1475,30,1769018381,minmax
1476,30,1769018381,minmax
1477,30,1769018381,minmax
1478,30,1769018381,minmax
1479,30,1769018381,minmax
1480,30,1769018381,minmax
1481,30,1769018381,minmax
1482,30,1769018381,minmax
1483,30,1769018381,minmax
1484,30,1769018381,minmax
1485,30,1769018381,minmax
1486,30,1769018381,minmax
1487,30,1769018381,minmax
1488,30,1769018381,minmax
1489,30,1769018381,minmax
1490,30,1769018381,minmax
1491,30,1769018381,minmax
1492,30,1769018381,minmax
1493,30,1769018381,minmax
1494,30,1769018381,minmax
1495,30,1769018381,minmax
1496,30,1769018381,minmax
1497,30,1769018381,minmax
1498,30,1769018381,minmax
1499,30,1769018381,minmax
1500,30,1769018381,minmax
1501,30,1769018381,minmax
1502,30,1769018381,minmax
1503,30,1769018381,minmax
1504,30,1769018381,minmax
1505,30,1769018381,minmax
1506,30,1769018381,minmax
1507,30,1769018381,minmax
1508,30,1769018381,minmax
1509,30,1769018381,minmax
1510,30,1769018381,minmax
1511,30,1769018381,minmax
1512,30,1769018381,minmax
1513,30,1769018381,minmax
1514,30,1769018381,minmax
1515,30,1769018381,minmax
1516,30,1769018381,minmax
1517,30,1769018381,minmax
1518,30,1769018381,minmax
1519,30,1769018381,minmax
1520,30,1769018381,minmax
1521,30,1769018381,minmax
1522,30,1769018381,minmax
1523,30,1769018381,minmax
1524,30,1769018381,minmax
1525,30,1769018381,minmax
1526,30,1769018381,minmax
1527,30,1769018381,minmax
1528,30,1769018381,minmax
1529,30,1769018381,minmax
1530,30,1769018381,minmax
1531,30,1769018381,minmax
1532,30,1769018381,minmax
1533,30,1769018381,minmax
1534,30,1769018381,minmax
1535,30,1769018381,minmax
1536,30,1769018381,minmax
1537,30,1769018381,minmax
1538,30,1769018381,minmax
1539,30,1769018381,minmax
1540,30,1769018381,minmax
1541,30,1769018381,minmax
1542,30,1769018381,minmax
1543,30,1769018381,minmax
1544,30,1769018381,minmax
1545,30,1769018381,minmax
1546,30,1769018381,minmax
1547,30,1769018381,minmax
1548,30,1769018381,minmax
1549,30,1769018381,minmax
1550,30,1769018381,minmax
1551,30,1769018381,minmax
1552,30,1769018381,minmax
1553,30,1769018381,minmax
1554,30,1769018381,minmax
1555,30,1769018381,minmax
1556,30,1769018381,minmax
1557,30,1769018381,minmax
1558,30,1769018381,minmax
1559,30,1769018381,minmax
1560,30,1769018381,minmax
1561,30,1769018381,minmax
1562,30,1769018381,minmax
1563,30,1769018381,minmax
1564,30,1769018381,minmax
1565,30,1769018381,minmax
1566,30,1769018381,minmax
1567,30,1769018381,minmax
1568,30,1769018381,minmax
1569,30,1769018381,minmax
1570,30,1769018381,minmax
1571,30,1769018381,minmax
1572,30,1769018381,minmax
1573,30,1769018381,minmax
1574,30,1769018381,minmax
1575,30,1769018381,minmax
1576,30,1769018381,minmax
1577,30,1769018381,minmax
1578,30,1769018381,minmax
1579,30,1769018381,minmax
1580,30,1769018381,minmax
1581,30,1769018381,minmax
1582,30,1769018381,minmax
1583,30,1769018381,minmax
1584,30,1769018381,minmax
1585,30,1769018381,minmax
1586,30,1769018381,minmax
1587,30,1769018381,minmax
1588,30,1769018381,minmax
1589,30,1769018381,minmax
1590,30,1769018381,minmax
1591,30,1769018381,minmax
1592,30,1769018381,minmax
1593,30,1769018381,minmax
1594,30,1769018381,minmax
1595,30,1769018381,minmax
1596,30,1769018381,minmax
1597,30,1769018381,minmax
1598,30,1769018381,minmax
1599,30,1769018381,minmax
1600,30,1769018381,minmax
1601,30,1769018381,minmax
1602,30,1769018381,minmax
1603,30,1769018381,minmax
1604,30,1769018381,minmax
1605,30,1769018381,minmax
1606,30,1769018381,minmax
1607,30,1769018381,minmax
1608,30,1769018381,minmax
1609,30,1769018381,minmax
1610,30,1769018381,minmax
1611,30,1769018381,minmax
1612,30,1769018381,minmax
1613,30,1769018381,minmax
1614,30,1769018381,minmax
1615,30,1769018381,minmax
1616,30,1769018381,minmax
1617,30,1769018381,minmax
1618,30,1769018381,minmax
1619,30,1769018381,minmax
1620,30,1769018381,minmax
1621,30,1769018381,minmax
1622,30,1769018381,minmax
1623,30,1769018381,minmax
1624,30,1769018381,minmax
1625,30,1769018381,minmax
1626,30,1769018381,minmax
1627,30,1769018381,minmax
1628,30,1769018381,minmax
1629,30,1769018381,minmax
1630,30,1769018381,minmax
1631,30,1769018381,minmax
1632,30,1769018381,minmax
1633,30,1769018381,minmax
1634,30,1769018381,minmax
1635,30,1769018381,minmax
1636,30,1769018381,minmax
1637,30,1769018381,minmax
1638,30,1769018381,minmax
1639,30,1769018381,minmax
1640,30,1769018381,minmax
1641,30,1769018381,minmax
1642,30,1769018381,minmax
1643,30,1769018381,minmax
1644,30,1769018381,minmax
1645,30,1769018381,minmax
1646,30,1769018381,minmax
1647,30,1769018381,minmax
1648,30,1769018381,minmax
1649,30,1769018381,minmax
1650,30,1769018381,minmax
1651,30,1769018381,minmax
1652,30,1769018381,minmax
1653,30,1769018381,minmax
1654,30,1769018381,minmax
1655,30,1769018381,minmax
1656,30,1769018381,minmax
1657,30,1769018381,minmax
1658,30,1769018381,minmax
1659,30,1769018381,minmax
1660,30,1769018381,minmax
1661,30,1769018381,minmax
1662,30,1769018381,minmax
1663,30,1769018381,minmax
1664,30,1769018381,minmax
1665,30,1769018381,minmax
1666,30,1769018381,minmax
1667,30,1769018381,minmax
1668,30,1769018381,minmax
1669,30,1769018381,minmax
1670,30,1769018381,minmax
1671,30,1769018381,minmax
1672,30,1769018381,minmax
1673,30,1769018381,minmax
1674,30,1769018381,minmax
1675,30,1769018381,minmax
1676,30,1769018381,minmax
1677,30,1769018381,minmax
1678,30,1769018381,minmax
1679,30,1769018381,minmax
1680,30,1769018381,minmax
1681,30,1769018381,minmax
1682,30,1769018381,minmax
1683,30,1769018381,minmax
1684,30,1769018381,minmax
1685,30,1769018381,minmax
1686,30,1769018381,minmax
1687,30,1769018381,minmax
1688,30,1769018381,minmax
1689,30,1769018381,minmax
1690,30,1769018381,minmax
1691,30,1769018381,minmax
1692,30,1769018381,minmax
1693,30,1769018381,minmax
1694,30,1769018381,minmax
1695,30,1769018381,minmax
1696,30,1769018381,minmax
1697,30,1769018381,minmax
1698,30,1769018381,minmax
1699,30,1769018381,minmax
1700,30,1769018381,minmax
1701,30,1769018381,minmax
1702,30,1769018381,minmax
1703,30,1769018381,minmax
1704,30,1769018381,minmax
1705,30,1769018381,minmax
1706,30,1769018381,minmax
1707,30,1769018381,minmax
1708,30,1769018381,minmax
1709,30,1769018381,minmax
1710,30,1769018381,minmax
1711,30,1769018381,minmax
1712,30,1769018381,minmax
1713,30,1769018381,minmax
1714,30,1769018381,minmax
1715,30,1769018381,minmax
1716,30,1769018381,minmax
1717,30,1769018381,minmax
1718,30,1769018381,minmax
1719,30,1769018381,minmax
1720,30,1769018381,minmax
1721,30,1769018381,minmax
1722,30,1769018381,minmax
1723,30,1769018381,minmax
1724,30,1769018381,minmax
1725,30,1769018381,minmax
1726,30,1769018381,minmax
1727,30,1769018381,minmax
1728,30,1769018381,minmax
1729,30,1769018381,minmax
1730,30,1769018381,minmax
1731,30,1769018381,minmax
1732,30,1769018381,minmax
1733,30,1769018381,minmax
1734,30,1769018381,minmax
1735,30,1769018381,minmax
1736,30,1769018381,minmax
1737,30,1769018381,minmax
1738,30,1769018381,minmax
1739,30,1769018381,minmax
1740,30,1769018381,minmax
1741,30,1769018381,minmax
1742,30,1769018381,minmax
1743,30,1769018381,minmax
1744,30,1769018381,minmax
1745,30,1769018381,minmax
1746,30,1769018381,minmax
1747,30,1769018381,minmax
1748,30,1769018381,minmax
1749,30,1769018381,minmax
1750,30,1769018381,minmax
1751,30,1769018381,minmax
1752,30,1769018381,minmax
1753,30,1769018381,minmax
1754,30,1769018381,minmax
1755,30,1769018381,minmax
1756,30,1769018381,minmax
1757,30,1769018381,minmax
1758,30,1769018381,minmax
1759,30,1769018381,minmax
1760,30,1769018381,minmax
1761,30,1769018381,minmax
1762,30,1769018381,minmax
1763,30,1769018381,minmax
1764,30,1769018381,minmax
1765,30,1769018381,minmax
1766,30,1769018381,minmax
1767,30,1769018381,minmax
1768,30,1769018381,minmax
1769,30,1769018381,minmax
1770,30,1769018381,minmax
1771,30,1769018381,minmax
1772,30,1769018381,minmax
1773,30,1769018381,minmax
1774,30,1769018381,minmax
1775,30,1769018381,minmax
1776,30,1769018381,minmax
1777,30,1769018381,minmax
1778,30,1769018381,minmax
1779,30,1769018381,minmax
1780,30,1769018381,minmax
1781,30,1769018381,minmax
1782,30,1769018381,minmax
1783,30,1769018381,minmax
1784,30,1769018381,minmax
1785,30,1769018381,minmax
1786,30,1769018381,minmax
1787,30,1769018381,minmax
1788,30,1769018381,minmax
1789,30,1769018381,minmax
1790,30,1769018381,minmax
1791,30,1769018381,minmax
1792,30,1769018381,minmax
1793,30,1769018381,minmax
1794,30,1769018381,minmax
1795,30,1769018381,minmax
1796,30,1769018381,minmax
1797,30,1769018381,minmax
1798,30,1769018381,minmax
1799,30,1769018381,minmax
1800,30,1769018381,minmax
1801,30,1769018381,minmax
1802,30,1769018381,minmax
1803,30,1769018381,minmax
1804,30,1769018381,minmax
1805,30,1769018381,minmax
1806,30,1769018381,minmax
1807,30,1769018381,minmax
1808,30,1769018381,minmax
1809,30,1769018381,minmax
1810,30,1769018381,minmax
1811,30,1769018381,minmax
1812,30,1769018381,minmax
1813,30,1769018381,minmax
1814,30,1769018381,minmax
1815,30,1769018381,minmax
1816,30,1769018381,minmax
1817,30,1769018381,minmax
1818,30,1769018381,minmax
1819,30,1769018381,minmax
1820,30,1769018381,minmax
1821,30,1769018381,minmax
1822,30,1769018381,minmax
1823,30,1769018381,minmax
1824,30,1769018381,minmax
1825,30,1769018381,minmax
1826,30,1769018381,minmax
1827,30,1769018381,minmax
1828,30,1769018381,minmax
1829,30,1769018381,minmax
1830,30,1769018381,minmax
1831,30,1769018381,minmax
1832,30,1769018381,minmax
1833,30,1769018381,minmax
1834,30,1769018381,minmax
1835,30,1769018381,minmax
1836,30,1769018381,minmax
1837,30,1769018381,minmax
1838,30,1769018381,minmax
1839,30,1769018381,minmax
1840,30,1769018381,minmax
1841,30,1769018381,minmax
1842,30,1769018381,minmax
1843,30,1769018381,minmax
1844,30,1769018381,minmax
1845,30,1769018381,minmax
1846,30,1769018381,minmax
1847,30,1769018381,minmax
1848,30,1769018381,minmax
1849,30,1769018381,minmax
1850,30,1769018381,minmax
1851,30,1769018381,minmax
1852,30,1769018381,minmax
1853,30,1769018381,minmax
1854,30,1769018381,minmax
1855,30,1769018381,minmax
1856,30,1769018381,minmax
1857,30,1769018381,minmax
1858,30,1769018381,minmax
1859,30,1769018381,minmax
1860,30,1769018381,minmax
1861,30,1769018381,minmax
1862,30,1769018381,minmax
1863,30,1769018381,minmax
1864,30,1769018381,minmax
1865,30,1769018381,minmax
1866,30,1769018381,minmax
1867,30,1769018381,minmax
1868,30,1769018381,minmax
1869,30,1769018381,minmax
1870,30,1769018381,minmax
1871,30,1769018381,minmax
1872,30,1769018381,minmax
1873,30,1769018381,minmax
1874,30,1769018381,minmax
1875,30,1769018381,minmax
1876,30,1769018381,minmax
1877,30,1769018381,minmax
1878,30,1769018381,minmax
1879,30,1769018381,minmax
1880,30,1769018381,minmax
1881,30,1769018381,minmax
1882,30,1769018381,minmax
1883,30,1769018381,minmax
1884,30,1769018381,minmax
1885,30,1769018381,minmax
1886,30,1769018381,minmax
1887,30,1769018381,minmax
1888,30,1769018381,minmax
1889,30,1769018381,minmax
1890,30,1769018381,minmax
1891,30,1769018381,minmax
1892,30,1769018381,minmax
1893,30,1769018381,minmax
1894,30,1769018381,minmax
1895,30,1769018381,minmax
1896,30,1769018381,minmax
1897,30,1769018381,minmax
1898,30,1769018381,minmax
1899,30,1769018381,minmax
1900,30,1769018381,minmax
1901,30,1769018381,minmax
1902,30,1769018381,minmax
1903,30,1769018381,minmax
1904,30,1769018381,minmax
1905,30,1769018381,minmax
1906,30,1769018381,minmax
1907,30,1769018381,minmax
1908,30,1769018381,minmax
1909,30,1769018381,minmax
1910,30,1769018381,minmax
1911,30,1769018381,minmax
1912,30,1769018381,minmax
1913,30,1769018381,minmax
1914,30,1769018381,minmax
1915,30,1769018381,minmax
1916,30,1769018381,minmax
1917,30,1769018381,minmax
1918,30,1769018381,minmax
1919,30,1769018381,minmax
1920,30,1769018381,minmax
1921,30,1769018381,minmax
1922,30,1769018381,minmax
1923,30,1769018381,minmax
1924,30,1769018381,minmax
1925,30,1769018381,minmax
1926,30,1769018381,minmax
1927,30,1769018381,minmax
1928,30,1769018381,minmax
1929,30,1769018381,minmax
1930,30,1769018381,minmax
1931,30,1769018381,minmax
1932,30,1769018381,minmax
1933,30,1769018381,minmax
1934,30,1769018381,minmax
1935,30,1769018381,minmax
1936,30,1769018381,minmax
1937,30,1769018381,minmax
1938,30,1769018381,minmax
1939,30,1769018381,minmax
1940,30,1769018381,minmax
1941,30,1769018381,minmax
1942,30,1769018381,minmax
1943,30,1769018381,minmax
1944,30,1769018381,minmax
1945,30,1769018381,minmax
1946,30,1769018381,minmax
1947,30,1769018381,minmax
1948,30,1769018381,minmax
1949,30,1769018381,minmax
1950,30,1769018381,minmax
1951,30,1769018381,minmax
1952,30,1769018381,minmax
1953,30,1769018381,minmax
1954,30,1769018381,minmax
1955,30,1769018381,minmax
1956,30,1769018381,minmax
1957,30,1769018381,minmax
1958,30,1769018381,minmax
1959,30,1769018381,minmax
1960,30,1769018381,minmax
1961,30,1769018381,minmax
1962,30,1769018381,minmax
1963,30,1769018381,minmax
1964,30,1769018381,minmax
1965,30,1769018381,minmax
1966,30,1769018381,minmax
1967,30,1769018381,minmax
1968,30,1769018381,minmax
1969,30,1769018381,minmax
1970,30,1769018381,minmax
1971,30,1769018381,minmax
1972,30,1769018381,minmax
1973,30,1769018381,minmax
1974,30,1769018381,minmax
1975,30,1769018381,minmax
1976,30,1769018381,minmax
1977,30,1769018381,minmax
1978,30,1769018381,minmax
1979,30,1769018381,minmax
1980,30,1769018381,minmax
1981,30,1769018381,minmax
1982,30,1769018381,minmax
1983,30,1769018381,minmax
1984,30,1769018381,minmax
1985,30,1769018381,minmax
1986,30,1769018381,minmax
1987,30,1769018381,minmax
1988,30,1769018381,minmax
1989,30,1769018381,minmax
1990,30,1769018381,minmax
1991,30,1769018381,minmax
1992,30,1769018381,minmax
1993,30,1769018381,minmax
1994,30,1769018381,minmax
1995,30,1769018381,minmax
1996,30,1769018381,minmax
1997,30,1769018381,minmax
1998,30,1769018381,minmax
1999,30,1769018381,minmax
2000,30,1769018381,minmax
2001,30,1769018381,minmax
1,30,1769018370,minmax
2,0,1769018370,minmax
3,30,1769018370,minmax
4,30,1769018370,minmax
5,0,1769018370,minmax
6,30,1769018370,minmax
7,0,1769018370,minmax
8,0,1769018370,minmax
9,30,1769018370,minmax
10,30,1769018370,minmax
11,30,1769018370,minmax
12,30,1769018370,minmax
13,0,1769018370,minmax
14,30,1769018370,minmax
15,30,1769018370,minmax
16,30,1769018370,minmax
17,30,1769018370,minmax
18,30,1769018370,minmax
19,30,1769018370,minmax
20,0,1769018370,minmax
21,30,1769018370,minmax
22,30,1769018370,minmax
23,0,1769018370,minmax
24,0,1769018370,minmax
25,30,1769018370,minmax
26,30,1769018370,minmax
27,30,1769018370,minmax
28,0,1769018370,minmax
29,30,1769018370,minmax
30,30,1769018370,minmax
31,30,1769018370,minmax
32,30,1769018370,minmax
33,30,1769018370,minmax
34,0,1769018370,minmax
35,30,1769018370,minmax
36,30,1769018370,minmax
37,30,1769018370,minmax
38,30,1769018370,minmax
39,30,1769018370,minmax
40,30,1769018370,minmax
41,30,1769018370,minmax
42,30,1769018370,minmax
43,0,1769018370,minmax
44,30,1769018370,minmax
45,30,1769018370,minmax
46,30,1769018370,minmax
47,30,1769018370,minmax
48,30,1769018370,minmax
49,30,1769018370,minmax
50,30,1769018370,minmax
51,30,1769018370,minmax
52,0,1769018370,minmax
53,30,1769018370,minmax
54,30,1769018370,minmax
55,30,1769018370,minmax
56,30,1769018370,minmax
57,30,1769018370,minmax
58,30,1769018370,minmax
59,30,1769018370,minmax
60,30,1769018370,minmax
61,30,1769018370,minmax
62,30,1769018370,minmax
63,30,1769018370,minmax
64,30,1769018370,minmax
65,30,1769018370,minmax
66,0,1769018370,minmax
67,30,1769018370,minmax
68,30,1769018370,minmax
69,30,1769018370,minmax
70,30,1769018370,minmax
71,0,1769018370,minmax
72,30,1769018370,minmax
73,30,1769018370,minmax
74,30,1769018370,minmax
75,30,1769018370,minmax
76,30,1769018370,minmax
77,30,1769018370,minmax
78,30,1769018370,minmax
79,30,1769018370,minmax
80,30,1769018370,minmax
81,30,1769018370,minmax
82,30,1769018370,minmax
83,30,1769018370,minmax
84,30,1769018370,minmax
85,30,1769018370,minmax
86,30,1769018370,minmax
87,30,1769018370,minmax
88,0,1769018370,minmax
89,30,1769018370,minmax
90,30,1769018370,minmax
91,30,1769018370,minmax
92,0,1769018370,minmax
93,0,1769018370,minmax
94,30,1769018370,minmax
95,30,1769018370,minmax
96,30,1769018370,minmax
97,30,1769018370,minmax
98,30,1769018370,minmax
99,30,1769018370,minmax
100,30,1769018370,minmax
101,30,1769018370,minmax
102,30,1769018370,minmax
103,0,1769018370,minmax
104,30,1769018370,minmax
105,30,1769018370,minmax
106,30,1769018370,minmax
107,30,1769018370,minmax
108,30,1769018370,minmax
109,0,1769018370,minmax
110,30,1769018370,minmax
111,30,1769018370,minmax
112,30,1769018370,minmax
113,30,1769018370,minmax
114,30,1769018370,minmax
115,30,1769018370,minmax
116,30,1769018370,minmax
117,30,1769018370,minmax
118,30,1769018370,minmax
119,30,1769018370,minmax
120,30,1769018370,minmax
121,30,1769018370,minmax
122,30,1769018370,minmax
123,30,1769018370,minmax
124,30,1769018370,minmax
125,30,1769018370,minmax
126,30,1769018370,minmax
127,30,1769018370,minmax
128,30,1769018370,minmax
129,30,1769018370,minmax
130,30,1769018370,minmax
131,30,1769018370,minmax
132,30,1769018370,minmax
133,30,1769018370,minmax
134,30,1769018370,minmax
135,30,1769018370,minmax
136,30,1769018370,minmax
137,30,1769018370,minmax
138,30,1769018370,minmax
139,30,1769018370,minmax
140,30,1769018370,minmax
141,30,1769018370,minmax
142,30,1769018370,minmax
143,30,1769018370,minmax
144,30,1769018370,minmax
145,30,1769018370,minmax
146,30,1769018370,minmax
147,30,1769018370,minmax
148,30,1769018370,minmax
149,30,1769018370,minmax
150,30,1769018370,minmax
151,30,1769018370,minmax
152,30,1769018370,minmax
153,30,1769018370,minmax
154,30,1769018370,minmax
155,30,1769018370,minmax
156,30,1769018370,minmax
157,30,1769018370,minmax
158,30,1769018370,minmax
159,30,1769018370,minmax
160,30,1769018370,minmax
161,30,1769018370,minmax
162,30,1769018370,minmax
163,30,1769018370,minmax
164,30,1769018370,minmax
165,30,1769018370,minmax
166,30,1769018370,minmax
167,30,1769018370,minmax
168,30,1769018370,minmax
169,30,1769018370,minmax
170,30,1769018370,minmax
171,30,1769018370,minmax
172,30,1769018370,minmax
173,30,1769018370,minmax
174,30,1769018370,minmax
175,30,1769018370,minmax
176,30,1769018370,minmax
177,30,1769018370,minmax
178,30,1769018370,minmax
179,30,1769018370,minmax
180,30,1769018370,minmax
181,30,1769018370,minmax
182,30,1769018370,minmax
183,30,1769018370,minmax
184,30,1769018370,minmax
185,30,1769018370,minmax
186,0,1769018370,minmax
187,30,1769018370,minmax
188,30,1769018370,minmax
189,30,1769018370,minmax
190,30,1769018370,minmax
191,30,1769018370,minmax
192,30,1769018370,minmax
193,30,1769018370,minmax
194,30,1769018370,minmax
195,30,1769018370,minmax
196,30,1769018370,minmax
197,30,1769018370,minmax
198,30,1769018370,minmax
199,30,1769018370,minmax
200,30,1769018370,minmax
201,30,1769018370,minmax
202,30,1769018370,minmax
203,30,1769018370,minmax
204,30,1769018370,minmax
205,30,1769018370,minmax
206,30,1769018370,minmax
207,30,1769018370,minmax
208,30,1769018370,minmax
209,30,1769018370,minmax
210,30,1769018370,minmax
211,30,1769018370,minmax
212,30,1769018370,minmax
213,30,1769018370,minmax
214,30,1769018370,minmax
215,0,1769018370,minmax
216,30,1769018370,minmax
217,30,1769018370,minmax
218,0,1769018370,minmax
219,30,1769018370,minmax
220,30,1769018370,minmax
221,30,1769018370,minmax
222,30,1769018370,minmax
223,30,1769018370,minmax
224,30,1769018370,minmax
225,30,1769018370,minmax
226,30,1769018370,minmax
227,30,1769018370,minmax
228,30,1769018370,minmax
229,30,1769018370,minmax
230,30,1769018370,minmax
231,30,1769018370,minmax
232,30,1769018370,minmax
233,30,1769018370,minmax
234,30,1769018370,minmax
235,30,1769018370,minmax
236,30,1769018370,minmax
237,30,1769018370,minmax
238,30,1769018370,minmax
239,30,1769018370,minmax
240,30,1769018370,minmax
241,30,1769018370,minmax
242,30,1769018370,minmax
243,30,1769018370,minmax
244,30,1769018370,minmax
245,30,1769018370,minmax
246,30,1769018370,minmax
247,30,1769018370,minmax
248,30,1769018370,minmax
249,30,1769018370,minmax
250,30,1769018370,minmax
251,30,1769018370,minmax
252,30,1769018370,minmax
253,30,1769018370,minmax
254,30,1769018370,minmax
255,30,1769018370,minmax
256,30,1769018370,minmax
257,30,1769018370,minmax
258,30,1769018370,minmax
259,30,1769018370,minmax
260,30,1769018370,minmax
261,30,1769018370,minmax
262,30,1769018370,minmax
263,30,1769018370,minmax
264,30,1769018370,minmax
265,30,1769018370,minmax
266,30,1769018370,minmax
267,30,1769018370,minmax
268,30,1769018370,minmax
269,30,1769018370,minmax
270,30,1769018370,minmax
271,30,1769018370,minmax
272,30,1769018370,minmax
273,30,1769018370,minmax
274,30,1769018370,minmax
275,30,1769018370,minmax
276,30,1769018370,minmax
277,30,1769018370,minmax
278,30,1769018370,minmax
279,30,1769018370,minmax
280,30,1769018370,minmax
281,30,1769018370,minmax
282,30,1769018370,minmax
283,30,1769018370,minmax
284,30,1769018370,minmax
285,30,1769018370,minmax
286,30,1769018370,minmax
287,30,1769018370,minmax
288,30,1769018370,minmax
289,30,1769018370,minmax
290,30,1769018370,minmax
291,30,1769018370,minmax
292,30,1769018370,minmax
293,30,1769018370,minmax
294,30,1769018370,minmax
295,30,1769018370,minmax
296,30,1769018370,minmax
297,30,1769018370,minmax
298,30,1769018370,minmax
299,30,1769018370,minmax
300,30,1769018370,minmax
301,30,1769018370,minmax
302,30,1769018370,minmax
303,30,1769018370,minmax
304,30,1769018370,minmax
305,30,1769018370,minmax
306,30,1769018370,minmax
307,30,1769018370,minmax
308,30,1769018370,minmax
309,30,1769018370,minmax
310,30,1769018370,minmax
311,30,1769018370,minmax
312,30,1769018370,minmax
313,30,1769018370,minmax
314,30,1769018370,minmax
315,30,1769018370,minmax
316,30,1769018370,minmax
317,30,1769018370,minmax
318,30,1769018370,minmax
319,30,1769018370,minmax
320,30,1769018370,minmax
321,30,1769018370,minmax
322,30,1769018370,minmax
323,30,1769018370,minmax
324,30,1769018370,minmax
325,30,1769018370,minmax
326,30,1769018370,minmax
327,30,1769018370,minmax
328,30,1769018370,minmax
329,30,1769018370,minmax
330,30,1769018370,minmax
331,30,1769018370,minmax
332,30,1769018370,minmax
333,30,1769018370,minmax
334,30,1769018370,minmax
335,30,1769018370,minmax
336,30,1769018370,minmax
337,30,1769018370,minmax
338,30,1769018370,minmax
339,30,1769018370,minmax
340,30,1769018370,minmax
341,30,1769018370,minmax
342,30,1769018370,minmax
343,30,1769018370,minmax
344,30,1769018370,minmax
345,30,1769018370,minmax
346,30,1769018370,minmax
347,30,1769018370,minmax
348,30,1769018370,minmax
349,30,1769018370,minmax
350,30,1769018370,minmax
351,30,1769018370,minmax
352,30,1769018370,minmax
353,30,1769018370,minmax
354,30,1769018370,minmax
355,30,1769018370,minmax
356,30,1769018370,minmax
357,30,1769018370,minmax
358,30,1769018370,minmax
359,30,1769018370,minmax
360,30,1769018370,minmax
361,30,1769018370,minmax
362,30,1769018370,minmax
363,30,1769018370,minmax
364,30,1769018370,minmax
365,30,1769018370,minmax
366,30,1769018370,minmax
367,30,1769018370,minmax
368,30,1769018370,minmax
369,30,1769018370,minmax
370,30,1769018370,minmax
371,30,1769018370,minmax
372,30,1769018370,minmax
373,30,1769018370,minmax
374,30,1769018370,minmax
375,30,1769018370,minmax
376,30,1769018370,minmax
377,30,1769018370,minmax
378,30,1769018370,minmax
379,30,1769018370,minmax
380,30,1769018370,minmax
381,30,1769018370,minmax
382,30,1769018370,minmax
383,30,1769018370,minmax
384,30,1769018370,minmax
385,30,1769018370,minmax
386,30,1769018370,minmax
387,30,1769018370,minmax
388,30,1769018370,minmax
389,30,1769018370,minmax
390,30,1769018370,minmax
391,30,1769018370,minmax
392,30,1769018370,minmax
393,30,1769018370,minmax
394,30,1769018370,minmax
395,30,1769018370,minmax
396,30,1769018370,minmax
397,30,1769018370,minmax
398,30,1769018370,minmax
399,30,1769018370,minmax
400,30,1769018370,minmax
401,30,1769018370,minmax
402,30,1769018370,minmax
403,30,1769018370,minmax
404,30,1769018370,minmax
405,30,1769018370,minmax
406,30,1769018370,minmax
407,30,1769018370,minmax
408,30,1769018370,minmax
409,30,1769018370,minmax
410,30,1769018370,minmax
411,30,1769018370,minmax
412,30,1769018370,minmax
413,30,1769018370,minmax
414,30,1769018370,minmax
415,30,1769018370,minmax
416,30,1769018370,minmax
417,30,1769018370,minmax
418,30,1769018370,minmax
419,30,1769018370,minmax
420,30,1769018370,minmax
421,30,1769018370,minmax
422,30,1769018370,minmax
423,30,1769018370,minmax
424,30,1769018370,minmax
425,30,1769018370,minmax
426,30,1769018370,minmax
427,30,1769018370,minmax
428,30,1769018370,minmax
429,30,1769018370,minmax
430,30,1769018370,minmax
431,30,1769018370,minmax
432,30,1769018370,minmax
433,30,1769018370,minmax
434,30,1769018370,minmax
435,30,1769018370,minmax
436,30,1769018370,minmax
437,30,1769018370,minmax
438,30,1769018370,minmax
439,0,1769018370,minmax
440,30,1769018370,minmax
441,30,1769018370,minmax
442,30,1769018370,minmax
443,30,1769018370,minmax
444,30,1769018370,minmax
445,30,1769018370,minmax
446,30,1769018370,minmax
447,30,1769018370,minmax
448,30,1769018370,minmax
449,30,1769018370,minmax
450,30,1769018370,minmax
451,30,1769018370,minmax
452,30,1769018370,minmax
453,30,1769018370,minmax
454,30,1769018370,minmax
455,30,1769018370,minmax
456,30,1769018370,minmax
457,30,1769018370,minmax
458,30,1769018370,minmax
459,30,1769018370,minmax
460,0,1769018370,minmax
461,30,1769018370,minmax
462,30,1769018370,minmax
463,30,1769018370,minmax
464,30,1769018370,minmax
465,30,1769018370,minmax
466,30,1769018370,minmax
467,30,1769018370,minmax
468,30,1769018370,minmax
469,30,1769018370,minmax
470,30,1769018370,minmax
471,30,1769018370,minmax
472,30,1769018370,minmax
473,30,1769018370,minmax
474,30,1769018370,minmax
475,30,1769018370,minmax
476,30,1769018370,minmax
477,30,1769018370,minmax
478,30,1769018370,minmax
479,30,1769018370,minmax
480,30,1769018370,minmax
481,30,1769018370,minmax
482,30,1769018370,minmax
483,30,1769018370,minmax
484,30,1769018370,minmax
485,30,1769018370,minmax
486,30,1769018370,minmax
487,30,1769018370,minmax
488,30,1769018370,minmax
489,30,1769018370,minmax
490,30,1769018370,minmax
491,30,1769018370,minmax
492,30,1769018370,minmax
493,30,1769018370,minmax
494,30,1769018370,minmax
495,30,1769018370,minmax
496,30,1769018370,minmax
497,30,1769018370,minmax
498,30,1769018370,minmax
499,30,1769018370,minmax
500,30,1769018370,minmax
501,30,1769018370,minmax
502,30,1769018370,minmax
503,30,1769018370,minmax
504,30,1769018370,minmax
505,0,1769018370,minmax
506,30,1769018370,minmax
507,30,1769018370,minmax
508,30,1769018370,minmax
509,30,1769018370,minmax
510,30,1769018370,minmax
511,30,1769018370,minmax
512,30,1769018370,minmax
513,30,1769018370,minmax
514,30,1769018370,minmax
515,30,1769018370,minmax
516,30,1769018370,minmax
517,30,1769018370,minmax
518,30,1769018370,minmax
519,30,1769018370,minmax
520,30,1769018370,minmax
521,30,1769018370,minmax
522,30,1769018370,minmax
523,30,1769018370,minmax
524,30,1769018370,minmax
525,30,1769018370,minmax
526,30,1769018370,minmax
527,30,1769018370,minmax
528,30,1769018370,minmax
529,30,1769018370,minmax
530,30,1769018370,minmax
531,30,1769018370,minmax
532,30,1769018370,minmax
533,30,1769018370,minmax
534,30,1769018370,minmax
535,30,1769018370,minmax
536,30,1769018370,minmax
537,30,1769018370,minmax
538,30,1769018370,minmax
539,30,1769018370,minmax
540,30,1769018370,minmax
541,30,1769018370,minmax
542,30,1769018370,minmax
543,30,1769018370,minmax
544,30,1769018370,minmax
545,30,1769018370,minmax
546,30,1769018370,minmax
547,30,1769018370,minmax
548,30,1769018370,minmax
549,30,1769018370,minmax
550,30,1769018370,minmax
551,30,1769018370,minmax
552,30,1769018370,minmax
553,30,1769018370,minmax
554,30,1769018370,minmax
555,30,1769018370,minmax
556,30,1769018370,minmax
557,30,1769018370,minmax
558,30,1769018370,minmax
559,30,1769018370,minmax
560,30,1769018370,minmax
561,30,1769018370,minmax
562,30,1769018370,minmax
563,30,1769018370,minmax
564,30,1769018370,minmax
565,30,1769018370,minmax
566,30,1769018370,minmax
567,30,1769018370,minmax
568,30,1769018370,minmax
569,30,1769018370,minmax
570,30,1769018370,minmax
571,30,1769018370,minmax
572,30,1769018370,minmax
573,30,1769018370,minmax
574,30,1769018370,minmax
575,30,1769018370,minmax
576,30,1769018370,minmax
577,30,1769018370,minmax
578,30,1769018370,minmax
579,30,1769018370,minmax
580,30,1769018370,minmax
581,30,1769018370,minmax
582,30,1769018370,minmax
583,30,1769018370,minmax
584,30,1769018370,minmax
585,30,1769018370,minmax
586,30,1769018370,minmax
587,30,1769018370,minmax
588,30,1769018370,minmax
589,30,1769018370,minmax
590,30,1769018370,minmax
591,30,1769018370,minmax
592,30,1769018370,minmax
593,30,1769018370,minmax
594,30,1769018370,minmax
595,30,1769018370,minmax
596,30,1769018370,minmax
597,30,1769018370,minmax
598,30,1769018370,minmax
599,30,1769018370,minmax
600,30,1769018370,minmax
601,30,1769018370,minmax
602,30,1769018370,minmax
603,30,1769018370,minmax
604,30,1769018370,minmax
605,30,1769018370,minmax
606,30,1769018370,minmax
607,30,1769018370,minmax
608,30,1769018370,minmax
609,30,1769018370,minmax
610,30,1769018370,minmax
611,30,1769018370,minmax
612,30,1769018370,minmax
613,30,1769018370,minmax
614,30,1769018370,minmax
615,30,1769018370,minmax
616,30,1769018370,minmax
617,30,1769018370,minmax
618,30,1769018370,minmax
619,30,1769018370,minmax
620,30,1769018370,minmax
621,30,1769018370,minmax
622,30,1769018370,minmax
623,30,1769018370,minmax
624,30,1769018370,minmax
625,30,1769018370,minmax
626,30,1769018370,minmax
627,30,1769018370,minmax
628,30,1769018370,minmax
629,30,1769018370,minmax
630,30,1769018370,minmax
631,30,1769018370,minmax
632,30,1769018370,minmax
633,30,1769018370,minmax
634,30,1769018370,minmax
635,30,1769018370,minmax
636,30,1769018370,minmax
637,30,1769018370,minmax
638,30,1769018370,minmax
639,30,1769018370,minmax
640,30,1769018370,minmax
641,30,1769018370,minmax
642,30,1769018370,minmax
643,30,1769018370,minmax
644,30,1769018370,minmax
645,30,1769018370,minmax
646,30,1769018370,minmax
647,30,1769018370,minmax
648,30,1769018370,minmax
649,30,1769018370,minmax
650,30,1769018370,minmax
651,30,1769018370,minmax
652,30,1769018370,minmax
653,30,1769018370,minmax
654,30,1769018370,minmax
655,30,1769018370,minmax
656,30,1769018370,minmax
657,30,1769018370,minmax
658,30,1769018370,minmax
659,30,1769018370,minmax
660,30,1769018370,minmax
661,30,1769018370,minmax
662,30,1769018370,minmax
663,30,1769018370,minmax
664,30,1769018370,minmax
665,30,1769018370,minmax
666,30,1769018370,minmax
667,30,1769018370,minmax
668,30,1769018370,minmax
669,30,1769018370,minmax
670,30,1769018370,minmax
671,30,1769018370,minmax
672,30,1769018370,minmax
673,30,1769018370,minmax
674,30,1769018370,minmax
675,30,1769018370,minmax
676,30,1769018370,minmax
677,30,1769018370,minmax
678,30,1769018370,minmax
679,30,1769018370,minmax
680,30,1769018370,minmax
681,30,1769018370,minmax
682,30,1769018370,minmax
683,30,1769018370,minmax
684,30,1769018370,minmax
685,30,1769018370,minmax
686,30,1769018370,minmax
687,30,1769018370,minmax
688,30,1769018370,minmax
689,30,1769018370,minmax
690,30,1769018370,minmax
691,30,1769018370,minmax
692,30,1769018370,minmax
693,30,1769018370,minmax
694,30,1769018370,minmax
695,30,1769018370,minmax
696,30,1769018370,minmax
697,30,1769018370,minmax
698,30,1769018370,minmax
699,30,1769018370,minmax
700,30,1769018370,minmax
701,30,1769018370,minmax
702,30,1769018370,minmax
703,30,1769018370,minmax
704,30,1769018370,minmax
705,30,1769018370,minmax
706,30,1769018370,minmax
707,30,1769018370,minmax
708,30,1769018370,minmax
709,30,1769018370,minmax
710,30,1769018370,minmax
711,30,1769018370,minmax
712,30,1769018370,minmax
713,30,1769018370,minmax
714,30,1769018370,minmax
715,30,1769018370,minmax
716,30,1769018370,minmax
717,30,1769018370,minmax
718,30,1769018370,minmax
719,30,1769018370,minmax
720,30,1769018370,minmax
721,30,1769018370,minmax
722,30,1769018370,minmax
723,30,1769018370,minmax
724,30,1769018370,minmax
725,30,1769018370,minmax
726,30,1769018370,minmax
727,30,1769018370,minmax
728,30,1769018370,minmax
729,30,1769018370,minmax
730,30,1769018370,minmax
731,30,1769018370,minmax
732,30,1769018370,minmax
733,30,1769018370,minmax
734,30,1769018370,minmax
735,30,1769018370,minmax
736,30,1769018370,minmax
737,30,1769018370,minmax
738,30,1769018370,minmax
739,30,1769018370,minmax
740,30,1769018370,minmax
741,30,1769018370,minmax
742,30,1769018370,minmax
743,30,1769018370,minmax
744,30,1769018370,minmax
745,30,1769018370,minmax
746,30,1769018370,minmax
747,30,1769018370,minmax
748,30,1769018370,minmax
749,30,1769018370,minmax
750,30,1769018370,minmax
751,30,1769018370,minmax
752,30,1769018370,minmax
753,30,1769018370,minmax
754,30,1769018370,minmax
755,30,1769018370,minmax
756,30,1769018370,minmax
757,30,1769018370,minmax
758,30,1769018370,minmax
759,30,1769018370,minmax
760,30,1769018370,minmax
761,30,1769018370,minmax
762,30,1769018370,minmax
763,30,1769018370,minmax
764,30,1769018370,minmax
765,30,1769018370,minmax
766,30,1769018370,minmax
767,30,1769018370,minmax
768,30,1769018370,minmax
769,30,1769018370,minmax
770,30,1769018370,minmax
771,30,1769018370,minmax
772,30,1769018370,minmax
773,30,1769018370,minmax
774,30,1769018370,minmax
775,30,1769018370,minmax
776,30,1769018370,minmax
777,30,1769018370,minmax
778,30,1769018370,minmax
779,30,1769018370,minmax
780,30,1769018370,minmax
781,30,1769018370,minmax
782,30,1769018370,minmax
783,30,1769018370,minmax
784,30,1769018370,minmax
785,30,1769018370,minmax
786,30,1769018370,minmax
787,30,1769018370,minmax
788,30,1769018370,minmax
789,30,1769018370,minmax
790,30,1769018370,minmax
791,30,1769018370,minmax
792,30,1769018370,minmax
793,30,1769018370,minmax
794,30,1769018370,minmax
795,30,1769018370,minmax
796,30,1769018370,minmax
797,30,1769018370,minmax
798,30,1769018370,minmax
799,30,1769018370,minmax
800,30,1769018370,minmax
801,30,1769018370,minmax
802,30,1769018370,minmax
803,30,1769018370,minmax
804,30,1769018370,minmax
805,30,1769018370,minmax
806,30,1769018370,minmax
807,30,1769018370,minmax
808,30,1769018370,minmax
809,30,1769018370,minmax
810,30,1769018370,minmax
811,30,1769018370,minmax
812,30,1769018370,minmax
813,30,1769018370,minmax
814,30,1769018370,minmax
815,30,1769018370,minmax
816,30,1769018370,minmax
817,30,1769018370,minmax
818,30,1769018370,minmax
819,30,1769018370,minmax
820,30,1769018370,minmax
821,30,1769018370,minmax
822,30,1769018370,minmax
823,30,1769018370,minmax
824,30,1769018370,minmax
825,30,1769018370,minmax
826,30,1769018370,minmax
827,30,1769018370,minmax
828,30,1769018370,minmax
829,30,1769018370,minmax
830,30,1769018370,minmax
831,30,1769018370,minmax
832,30,1769018370,minmax
833,30,1769018370,minmax
834,30,1769018370,minmax
835,30,1769018370,minmax
836,30,1769018370,minmax
837,30,1769018370,minmax
838,30,1769018370,minmax
839,30,1769018370,minmax
840,30,1769018370,minmax
841,30,1769018370,minmax
842,30,1769018370,minmax
843,30,1769018370,minmax
844,30,1769018370,minmax
845,30,1769018370,minmax
846,30,1769018370,minmax
847,30,1769018370,minmax
848,30,1769018370,minmax
849,30,1769018370,minmax
850,30,1769018370,minmax
851,30,1769018370,minmax
852,30,1769018370,minmax
853,30,1769018370,minmax
854,30,1769018370,minmax
855,30,1769018370,minmax
856,30,1769018370,minmax
857,30,1769018370,minmax
858,30,1769018370,minmax
859,30,1769018370,minmax
860,30,1769018370,minmax
861,30,1769018370,minmax
862,30,1769018370,minmax
863,30,1769018370,minmax
864,30,1769018370,minmax
865,30,1769018370,minmax
866,30,1769018370,minmax
867,30,1769018370,minmax
868,30,1769018370,minmax
869,30,1769018370,minmax
870,30,1769018370,minmax
871,30,1769018370,minmax
872,30,1769018370,minmax
873,30,1769018370,minmax
874,30,1769018370,minmax
875,30,1769018370,minmax
876,30,1769018370,minmax
877,30,1769018370,minmax
878,30,1769018370,minmax
879,30,1769018370,minmax
880,30,1769018370,minmax
881,30,1769018370,minmax
882,30,1769018370,minmax
883,30,1769018370,minmax
884,30,1769018370,minmax
885,30,1769018370,minmax
886,30,1769018370,minmax
887,30,1769018370,minmax
888,30,1769018370,minmax
889,30,1769018370,minmax
890,30,1769018370,minmax
891,30,1769018370,minmax
892,30,1769018370,minmax
893,30,1769018370,minmax
894,30,1769018370,minmax
895,30,1769018370,minmax
896,30,1769018370,minmax
897,30,1769018370,minmax
898,30,1769018370,minmax
899,30,1769018370,minmax
900,30,1769018370,minmax
901,30,1769018370,minmax
902,30,1769018370,minmax
903,30,1769018370,minmax
904,30,1769018370,minmax
905,30,1769018370,minmax
906,30,1769018370,minmax
907,30,1769018370,minmax
908,30,1769018370,minmax
909,30,1769018370,minmax
910,30,1769018370,minmax
911,30,1769018370,minmax
912,30,1769018370,minmax
913,30,1769018370,minmax
914,30,1769018370,minmax
915,30,1769018370,minmax
916,30,1769018370,minmax
917,30,1769018370,minmax
918,30,1769018370,minmax
919,30,1769018370,minmax
920,30,1769018370,minmax
921,30,1769018370,minmax
922,30,1769018370,minmax
923,30,1769018370,minmax
924,30,1769018370,minmax
925,30,1769018370,minmax
926,30,1769018370,minmax
927,30,1769018370,minmax
928,30,1769018370,minmax
929,30,1769018370,minmax
930,30,1769018370,minmax
931,30,1769018370,minmax
932,30,1769018370,minmax
933,30,1769018370,minmax
934,30,1769018370,minmax
935,30,1769018370,minmax
936,30,1769018370,minmax
937,30,1769018370,minmax
938,30,1769018370,minmax
939,30,1769018370,minmax
940,30,1769018370,minmax
941,30,1769018370,minmax
942,30,1769018370,minmax
943,30,1769018370,minmax
944,30,1769018370,minmax
945,30,1769018370,minmax
946,30,1769018370,minmax
947,30,1769018370,minmax
948,30,1769018370,minmax
949,30,1769018370,minmax
950,30,1769018370,minmax
951,30,1769018370,minmax
952,30,1769018370,minmax
953,30,1769018370,minmax
954,30,1769018370,minmax
955,30,1769018370,minmax
956,30,1769018370,minmax
957,30,1769018370,minmax
958,30,1769018370,minmax
959,30,1769018370,minmax
960,30,1769018370,minmax
961,30,1769018370,minmax
962,30,1769018370,minmax
963,30,1769018370,minmax
964,30,1769018370,minmax
965,30,1769018370,minmax
966,30,1769018370,minmax
967,30,1769018370,minmax
968,30,1769018370,minmax
969,30,1769018370,minmax
970,30,1769018370,minmax
971,30,1769018370,minmax
972,30,1769018370,minmax
973,30,1769018370,minmax
974,30,1769018370,minmax
975,30,1769018370,minmax
976,30,1769018370,minmax
977,30,1769018370,minmax
978,30,1769018370,minmax
979,30,1769018370,minmax
980,30,1769018370,minmax
981,30,1769018370,minmax
982,30,1769018370,minmax
983,30,1769018370,minmax
984,30,1769018370,minmax
985,30,1769018370,minmax
986,30,1769018370,minmax
987,30,1769018370,minmax
988,30,1769018370,minmax
989,30,1769018370,minmax
990,30,1769018370,minmax
991,30,1769018370,minmax
992,30,1769018370,minmax
993,30,1769018370,minmax
994,30,1769018370,minmax
995,30,1769018370,minmax
996,30,1769018370,minmax
997,30,1769018370,minmax
998,30,1769018370,minmax
999,30,1769018370,minmax
1000,30,1769018370,minmax
1001,30,1769018370,minmax
1002,30,1769018370,minmax
1003,30,1769018370,minmax
1004,30,1769018370,minmax
1005,30,1769018370,minmax
1006,30,1769018370,minmax
1007,30,1769018370,minmax
1008,30,1769018370,minmax
1009,30,1769018370,minmax
1010,30,1769018370,minmax
1011,30,1769018370,minmax
1012,30,1769018370,minmax
1013,30,1769018370,minmax
1014,30,1769018370,minmax
1015,30,1769018370,minmax
1016,30,1769018370,minmax
1017,30,1769018370,minmax
1018,30,1769018370,minmax
1019,30,1769018370,minmax
1020,30,1769018370,minmax
1021,30,1769018370,minmax
1022,30,1769018370,minmax
1023,30,1769018370,minmax
1024,30,1769018370,minmax
1025,30,1769018370,minmax
1026,30,1769018370,minmax
1027,30,1769018370,minmax
1028,30,1769018370,minmax
1029,30,1769018370,minmax
1030,30,1769018370,minmax
1031,30,1769018370,minmax
1032,30,1769018370,minmax
1033,30,1769018370,minmax
1034,30,1769018370,minmax
1035,30,1769018370,minmax
1036,30,1769018370,minmax
1037,30,1769018370,minmax
1038,30,1769018370,minmax
1039,30,1769018370,minmax
1040,30,1769018370,minmax
1041,30,1769018370,minmax
1042,30,1769018370,minmax
1043,30,1769018370,minmax
1044,30,1769018370,minmax
1045,30,1769018370,minmax
1046,30,1769018370,minmax
1047,30,1769018370,minmax
1048,30,1769018370,minmax
1049,30,1769018370,minmax
1050,30,1769018370,minmax
1051,30,1769018370,minmax
1052,30,1769018370,minmax
1053,30,1769018370,minmax
1054,30,1769018370,minmax
1055,30,1769018370,minmax
1056,30,1769018370,minmax
1057,30,1769018370,minmax
1058,30,1769018370,minmax
1059,30,1769018370,minmax
1060,30,1769018370,minmax
1061,30,1769018370,minmax
1062,30,1769018370,minmax
1063,30,1769018370,minmax
1064,30,1769018370,minmax
1065,30,1769018370,minmax
1066,30,1769018370,minmax
1067,30,1769018370,minmax
1068,30,1769018370,minmax
1069,30,1769018370,minmax
1070,30,1769018370,minmax
1071,30,1769018370,minmax
1072,30,1769018370,minmax
1073,30,1769018370,minmax
1074,30,1769018370,minmax
1075,30,1769018370,minmax
1076,30,1769018370,minmax
1077,30,1769018370,minmax
1078,30,1769018370,minmax
1079,30,1769018370,minmax
1080,30,1769018370,minmax
1081,30,1769018370,minmax
1082,30,1769018370,minmax
1083,30,1769018370,minmax
1084,30,1769018370,minmax
1085,30,1769018370,minmax
1086,30,1769018370,minmax
1087,30,1769018370,minmax
1088,30,1769018370,minmax
1089,30,1769018370,minmax
1090,30,1769018370,minmax
1091,30,1769018370,minmax
1092,30,1769018370,minmax
1093,30,1769018370,minmax
1094,30,1769018370,minmax
1095,30,1769018370,minmax
1096,30,1769018370,minmax
1097,30,1769018370,minmax
1098,30,1769018370,minmax
1099,30,1769018370,minmax
1100,30,1769018370,minmax
1101,30,1769018370,minmax
1102,30,1769018370,minmax
1103,30,1769018370,minmax
1104,30,1769018370,minmax
1105,30,1769018370,minmax
1106,30,1769018370,minmax
1107,30,1769018370,minmax
1108,30,1769018370,minmax
1109,30,1769018370,minmax
1110,30,1769018370,minmax
1111,30,1769018370,minmax
1112,30,1769018370,minmax
1113,30,1769018370,minmax
1114,30,1769018370,minmax
1115,30,1769018370,minmax
1116,30,1769018370,minmax
1117,30,1769018370,minmax
1118,30,1769018370,minmax
1119,30,1769018370,minmax
1120,30,1769018370,minmax
1121,30,1769018370,minmax
1122,30,1769018370,minmax
1123,30,1769018370,minmax
1124,30,1769018370,minmax
1125,30,1769018370,minmax
1126,30,1769018370,minmax
1127,30,1769018370,minmax
1128,30,1769018370,minmax
1129,30,1769018370,minmax
1130,30,1769018370,minmax
1131,30,1769018370,minmax
1132,30,1769018370,minmax
1133,30,1769018370,minmax
1134,30,1769018370,minmax
1135,30,1769018370,minmax
1136,30,1769018370,minmax
1137,30,1769018370,minmax
1138,30,1769018370,minmax
1139,30,1769018370,minmax
1140,30,1769018370,minmax
1141,30,1769018370,minmax
1142,30,1769018370,minmax
1143,30,1769018370,minmax
1144,30,1769018370,minmax
1145,30,1769018370,minmax
1146,30,1769018370,minmax
1147,30,1769018370,minmax
1148,30,1769018370,minmax
1149,30,1769018370,minmax
1150,30,1769018370,minmax
1151,30,1769018370,minmax
1152,30,1769018370,minmax
1153,30,1769018370,minmax
1154,30,1769018370,minmax
1155,30,1769018370,minmax
1156,30,1769018370,minmax
1157,30,1769018370,minmax
1158,30,1769018370,minmax
1159,30,1769018370,minmax
1160,30,1769018370,minmax
1161,30,1769018370,minmax
1162,30,1769018370,minmax
1163,30,1769018370,minmax
1164,30,1769018370,minmax
1165,30,1769018370,minmax
1166,30,1769018370,minmax
1167,30,1769018370,minmax
1168,30,1769018370,minmax
1169,30,1769018370,minmax
1170,30,1769018370,minmax
1171,30,1769018370,minmax
1172,30,1769018370,minmax
1173,30,1769018370,minmax
1174,30,1769018370,minmax
1175,30,1769018370,minmax
1176,30,1769018370,minmax
1177,30,1769018370,minmax
1178,30,1769018370,minmax
1179,30,1769018370,minmax
1180,30,1769018370,minmax
1181,30,1769018370,minmax
1182,30,1769018370,minmax
1183,30,1769018370,minmax
1184,30,1769018370,minmax
1185,30,1769018370,minmax
1186,30,1769018370,minmax
1187,30,1769018370,minmax
1188,30,1769018370,minmax
1189,30,1769018370,minmax
1190,30,1769018370,minmax
1191,30,1769018370,minmax
1192,30,1769018370,minmax
1193,30,1769018370,minmax
1194,30,1769018370,minmax
1195,30,1769018370,minmax
1196,30,1769018370,minmax
1197,30,1769018370,minmax
1198,30,1769018370,minmax
1199,30,1769018370,minmax
1200,30,1769018370,minmax
1201,30,1769018370,minmax
1202,30,1769018370,minmax
1203,30,1769018370,minmax
1204,30,1769018370,minmax
1205,30,1769018370,minmax
1206,30,1769018370,minmax
1207,30,1769018370,minmax
1208,30,1769018370,minmax
1209,30,1769018370,minmax
1210,30,1769018370,minmax
1211,30,1769018370,minmax
1212,30,1769018370,minmax
1213,30,1769018370,minmax
1214,30,1769018370,minmax
1215,30,1769018370,minmax
1216,30,1769018370,minmax
1217,30,1769018370,minmax
1218,30,1769018370,minmax
1219,30,1769018370,minmax
1220,30,1769018370,minmax
1221,30,1769018370,minmax
1222,30,1769018370,minmax
1223,30,1769018370,minmax
1224,30,1769018370,minmax
1225,30,1769018370,minmax
1226,30,1769018370,minmax
1227,30,1769018370,minmax
1228,30,1769018370,minmax
1229,30,1769018370,minmax
1230,30,1769018370,minmax
1231,30,1769018370,minmax
1232,30,1769018370,minmax
1233,30,1769018370,minmax
1234,30,1769018370,minmax
1235,30,1769018370,minmax
1236,30,1769018370,minmax
1237,30,1769018370,minmax
1238,30,1769018370,minmax
1239,30,1769018370,minmax
1240,30,1769018370,minmax
1241,30,1769018370,minmax
1242,30,1769018370,minmax
1243,30,1769018370,minmax
1244,30,1769018370,minmax
1245,30,1769018370,minmax
1246,30,1769018370,minmax
1247,30,1769018370,minmax
1248,30,1769018370,minmax
1249,30,1769018370,minmax
1250,30,1769018370,minmax
1251,30,1769018370,minmax
1252,30,1769018370,minmax
1253,30,1769018370,minmax
1254,30,1769018370,minmax
1255,30,1769018370,minmax
1256,30,1769018370,minmax
1257,30,1769018370,minmax
1258,30,1769018370,minmax
1259,30,1769018370,minmax
1260,30,1769018370,minmax
1261,30,1769018370,minmax
1262,30,1769018370,minmax
1263,30,1769018370,minmax
1264,30,1769018370,minmax
1265,30,1769018370,minmax
1266,30,1769018370,minmax
1267,30,1769018370,minmax
1268,30,1769018370,minmax
1269,30,1769018370,minmax
1270,30,1769018370,minmax
1271,30,1769018370,minmax
1272,30,1769018370,minmax
1273,30,1769018370,minmax
1274,30,1769018370,minmax
1275,30,1769018370,minmax
1276,30,1769018370,minmax
1277,30,1769018370,minmax
1278,30,1769018370,minmax
1279,30,1769018370,minmax
1280,30,1769018370,minmax
1281,30,1769018370,minmax
1282,30,1769018370,minmax
1283,30,1769018370,minmax
1284,30,1769018370,minmax
1285,30,1769018370,minmax
1286,30,1769018370,minmax
1287,30,1769018370,minmax
1288,30,1769018370,minmax
1289,30,1769018370,minmax
1290,30,1769018370,minmax
1291,30,1769018370,minmax
1292,30,1769018370,minmax
1293,30,1769018370,minmax
1294,30,1769018370,minmax
1295,30,1769018370,minmax
1296,30,1769018370,minmax
1297,30,1769018370,minmax
1298,30,1769018370,minmax
1299,30,1769018370,minmax
1300,30,1769018370,minmax
1301,30,1769018370,minmax
1302,30,1769018370,minmax
1303,30,1769018370,minmax
1304,30,1769018370,minmax
1305,30,1769018370,minmax
1306,30,1769018370,minmax
1307,30,1769018370,minmax
1308,30,1769018370,minmax
1309,30,1769018370,minmax
1310,30,1769018370,minmax
1311,30,1769018370,minmax
1312,30,1769018370,minmax
1313,30,1769018370,minmax
1314,30,1769018370,minmax
1315,30,1769018370,minmax
1316,30,1769018370,minmax
1317,30,1769018370,minmax
1318,30,1769018370,minmax
1319,30,1769018370,minmax
1320,30,1769018370,minmax
1321,30,1769018370,minmax
1322,30,1769018370,minmax
1323,30,1769018370,minmax
1324,30,1769018370,minmax
1325,30,1769018370,minmax
1326,30,1769018370,minmax
1327,30,1769018370,minmax
1328,30,1769018370,minmax
1329,30,1769018370,minmax
1330,30,1769018370,minmax
1331,30,1769018370,minmax
1332,30,1769018370,minmax
1333,30,1769018370,minmax
1334,30,1769018370,minmax
1335,30,1769018370,minmax
1336,30,1769018370,minmax
1337,30,1769018370,minmax
1338,30,1769018370,minmax
1339,30,1769018370,minmax
1340,30,1769018370,minmax
1341,30,1769018370,minmax
1342,30,1769018370,minmax
1343,30,1769018370,minmax
1344,30,1769018370,minmax
1345,30,1769018370,minmax
1346,30,1769018370,minmax
1347,30,1769018370,minmax
1348,30,1769018370,minmax
1349,30,1769018370,minmax
1350,30,1769018370,minmax
1351,30,1769018370,minmax
1352,30,1769018370,minmax
1353,30,1769018370,minmax
1354,30,1769018370,minmax
1355,30,1769018370,minmax
1356,30,1769018370,minmax
1357,30,1769018370,minmax
1358,30,1769018370,minmax
1359,30,1769018370,minmax
1360,30,1769018370,minmax
1361,30,1769018370,minmax
1362,30,1769018370,minmax
1363,30,1769018370,minmax
1364,30,1769018370,minmax
1365,30,1769018370,minmax
1366,30,1769018370,minmax
1367,30,1769018370,minmax
1368,30,1769018370,minmax
1369,30,1769018370,minmax
1370,30,1769018370,minmax
1371,30,1769018370,minmax
1372,30,1769018370,minmax
1373,30,1769018370,minmax
1374,30,1769018370,minmax
1375,30,1769018370,minmax
1376,30,1769018370,minmax
1377,30,1769018370,minmax
1378,30,1769018370,minmax
1379,30,1769018370,minmax
1380,30,1769018370,minmax
1381,30,1769018370,minmax
1382,30,1769018370,minmax
1383,30,1769018370,minmax
1384,30,1769018370,minmax
1385,30,1769018370,minmax
1386,30,1769018370,minmax
1387,30,1769018370,minmax
1388,30,1769018370,minmax
1389,30,1769018370,minmax
1390,30,1769018370,minmax
1391,30,1769018370,minmax
1392,30,1769018370,minmax
1393,30,1769018370,minmax
1394,30,1769018370,minmax
1395,30,1769018370,minmax
1396,30,1769018370,minmax
1397,30,1769018370,minmax
1398,30,1769018370,minmax
1399,30,1769018370,minmax
1400,30,1769018370,minmax
1401,30,1769018370,minmax
1402,30,1769018370,minmax
1403,30,1769018370,minmax
1404,30,1769018370,minmax
1405,30,1769018370,minmax
1406,30,1769018370,minmax
1407,30,1769018370,minmax
1408,30,1769018370,minmax
1409,30,1769018370,minmax
1410,30,1769018370,minmax
1411,30,1769018370,minmax
1412,30,1769018370,minmax
1413,30,1769018370,minmax
1414,30,1769018370,minmax
1415,30,1769018370,minmax
1416,30,1769018370,minmax
1417,30,1769018370,minmax
1418,30,1769018370,minmax
1419,30,1769018370,minmax
1420,30,1769018370,minmax
1421,30,1769018370,minmax
1422,30,1769018370,minmax
1423,30,1769018370,minmax
1424,30,1769018370,minmax
1425,30,1769018370,minmax
1426,30,1769018370,minmax
1427,30,1769018370,minmax
1428,30,1769018370,minmax
1429,30,1769018370,minmax
1430,30,1769018370,minmax
1431,30,1769018370,minmax
1432,30,1769018370,minmax
1433,30,1769018370,minmax
1434,30,1769018370,minmax
1435,30,1769018370,minmax
1436,30,1769018370,minmax
1437,30,1769018370,minmax
1438,30,1769018370,minmax
1439,30,1769018370,minmax
1440,30,1769018370,minmax
1441,30,1769018370,minmax
1442,30,1769018370,minmax
1443,30,1769018370,minmax
1444,30,1769018370,minmax
1445,30,1769018370,minmax
1446,30,1769018370,minmax
1447,30,1769018370,minmax
1448,30,1769018370,minmax
1449,30,1769018370,minmax
1450,30,1769018370,minmax
1451,30,1769018370,minmax
1452,30,1769018370,minmax
1453,30,1769018370,minmax
1454,30,1769018370,minmax
1455,30,1769018370,minmax
1456,30,1769018370,minmax
1457,30,1769018370,minmax
1458,30,1769018370,minmax
1459,30,1769018370,minmax
1460,30,1769018370,minmax
1461,30,1769018370,minmax
1462,30,1769018370,minmax
1463,30,1769018370,minmax
1464,30,1769018370,minmax
1465,30,1769018370,minmax
1466,30,1769018370,minmax
1467,30,1769018370,minmax
1468,30,1769018370,minmax
1469,30,1769018370,minmax
1470,30,1769018370,minmax
1471,30,1769018370,minmax
1472,30,1769018370,minmax
1473,30,1769018370,minmax
1474,30,1769018370,minmax
1475,30,1769018370,minmax
1476,30,1769018370,minmax
1477,30,1769018370,minmax
1478,30,1769018370,minmax
1479,30,1769018370,minmax
1480,30,1769018370,minmax
1481,30,1769018370,minmax
1482,30,1769018370,minmax
1483,30,1769018370,minmax
1484,30,1769018370,minmax
1485,30,1769018370,minmax
1486,30,1769018370,minmax
1487,30,1769018370,minmax
1488,30,1769018370,minmax
1489,30,1769018370,minmax
1490,30,1769018370,minmax
1491,30,1769018370,minmax
1492,30,1769018370,minmax
1493,30,1769018370,minmax
1494,30,1769018370,minmax
1495,30,1769018370,minmax
1496,30,1769018370,minmax
1497,30,1769018370,minmax
1498,30,1769018370,minmax
1499,30,1769018370,minmax
1500,30,1769018370,minmax
1501,30,1769018370,minmax
1502,30,1769018370,minmax
1503,30,1769018370,minmax
1504,30,1769018370,minmax
1505,30,1769018370,minmax
1506,30,1769018370,minmax
1507,30,1769018370,minmax
1508,30,1769018370,minmax
1509,30,1769018370,minmax
1510,30,1769018370,minmax
1511,30,1769018370,minmax
1512,30,1769018370,minmax
1513,30,1769018370,minmax
1514,30,1769018370,minmax
1515,30,1769018370,minmax
1516,30,1769018370,minmax
1517,30,1769018370,minmax
1518,30,1769018370,minmax
1519,30,1769018370,minmax
1520,30,1769018370,minmax
1521,30,1769018370,minmax
1522,30,1769018370,minmax
1523,30,1769018370,minmax
1524,30,1769018370,minmax
1525,30,1769018370,minmax
1526,30,1769018370,minmax
1527,30,1769018370,minmax
1528,30,1769018370,minmax
1529,30,1769018370,minmax
1530,30,1769018370,minmax
1531,30,1769018370,minmax
1532,30,1769018370,minmax
1533,30,1769018370,minmax
1534,30,1769018370,minmax
1535,30,1769018370,minmax
1536,30,1769018370,minmax
1537,30,1769018370,minmax
1538,30,1769018370,minmax
1539,30,1769018370,minmax
1540,30,1769018370,minmax
1541,30,1769018370,minmax
1542,30,1769018370,minmax
1543,30,1769018370,minmax
1544,30,1769018370,minmax
1545,30,1769018370,minmax
1546,30,1769018370,minmax
1547,30,1769018370,minmax
1548,30,1769018370,minmax
1549,30,1769018370,minmax
1550,30,1769018370,minmax
1551,30,1769018370,minmax
1552,30,1769018370,minmax
1553,30,1769018370,minmax
1554,30,1769018370,minmax
1555,30,1769018370,minmax
1556,30,1769018370,minmax
1557,30,1769018370,minmax
1558,30,1769018370,minmax
1559,30,1769018370,minmax
1560,30,1769018370,minmax
1561,30,1769018370,minmax
1562,30,1769018370,minmax
1563,30,1769018370,minmax
1564,30,1769018370,minmax
1565,30,1769018370,minmax
1566,30,1769018370,minmax
1567,30,1769018370,minmax
1568,30,1769018370,minmax
1569,30,1769018370,minmax
1570,30,1769018370,minmax
1571,30,1769018370,minmax
1572,30,1769018370,minmax
1573,30,1769018370,minmax
1574,30,1769018370,minmax
1575,30,1769018370,minmax
1576,30,1769018370,minmax
1577,30,1769018370,minmax
1578,30,1769018370,minmax
1579,30,1769018370,minmax
1580,30,1769018370,minmax
1581,30,1769018370,minmax
1582,30,1769018370,minmax
1583,30,1769018370,minmax
1584,30,1769018370,minmax
1585,30,1769018370,minmax
1586,30,1769018370,minmax
1587,30,1769018370,minmax
1588,30,1769018370,minmax
1589,30,1769018370,minmax
1590,30,1769018370,minmax
1591,30,1769018370,minmax
1592,30,1769018370,minmax
1593,30,1769018370,minmax
1594,30,1769018370,minmax
1595,30,1769018370,minmax
1596,30,1769018370,minmax
1597,30,1769018370,minmax
1598,30,1769018370,minmax
1599,30,1769018370,minmax
1600,30,1769018370,minmax
1601,30,1769018370,minmax
1602,30,1769018370,minmax
1603,30,1769018370,minmax
1604,30,1769018370,minmax
1605,30,1769018370,minmax
1606,30,1769018370,minmax
1607,30,1769018370,minmax
1608,30,1769018370,minmax
1609,30,1769018370,minmax
1610,30,1769018370,minmax
1611,30,1769018370,minmax
1612,30,1769018370,minmax
1613,30,1769018370,minmax
1614,30,1769018370,minmax
1615,30,1769018370,minmax
1616,30,1769018370,minmax
1617,30,1769018370,minmax
1618,30,1769018370,minmax
1619,30,1769018370,minmax
1620,30,1769018370,minmax
1621,30,1769018370,minmax
1622,30,1769018370,minmax
1623,30,1769018370,minmax
1624,30,1769018370,minmax
1625,30,1769018370,minmax
1626,30,1769018370,minmax
1627,30,1769018370,minmax
1628,30,1769018370,minmax
1629,30,1769018370,minmax
1630,30,1769018370,minmax
1631,30,1769018370,minmax
1632,30,1769018370,minmax
1633,30,1769018370,minmax
1634,30,1769018370,minmax
1635,30,1769018370,minmax
1636,30,1769018370,minmax
1637,30,1769018370,minmax
1638,30,1769018370,minmax
1639,30,1769018370,minmax
1640,30,1769018370,minmax
1641,30,1769018370,minmax
1642,30,1769018370,minmax
1643,30,1769018370,minmax
1644,30,1769018370,minmax
1645,30,1769018370,minmax
1646,30,1769018370,minmax
1647,30,1769018370,minmax
1648,30,1769018370,minmax
1649,30,1769018370,minmax
1650,30,1769018370,minmax
1651,30,1769018370,minmax
1652,30,1769018370,minmax
1653,30,1769018370,minmax
1654,30,1769018370,minmax
1655,30,1769018370,minmax
1656,30,1769018370,minmax
1657,30,1769018370,minmax
1658,30,1769018370,minmax
1659,30,1769018370,minmax
1660,30,1769018370,minmax
1661,30,1769018370,minmax
1662,30,1769018370,minmax
1663,30,1769018370,minmax
1664,30,1769018370,minmax
1665,30,1769018370,minmax
1666,30,1769018370,minmax
1667,30,1769018370,minmax
1668,30,1769018370,minmax
1669,30,1769018370,minmax
1670,30,1769018370,minmax
1671,30,1769018370,minmax
1672,30,1769018370,minmax
1673,30,1769018370,minmax
1674,30,1769018370,minmax
1675,30,1769018370,minmax
1676,30,1769018370,minmax
1677,30,1769018370,minmax
1678,30,1769018370,minmax
1679,30,1769018370,minmax
1680,30,1769018370,minmax
1681,30,1769018370,minmax
1682,30,1769018370,minmax
1683,30,1769018370,minmax
1684,30,1769018370,minmax
1685,30,1769018370,minmax
1686,30,1769018370,minmax
1687,30,1769018370,minmax
1688,30,1769018370,minmax
1689,30,1769018370,minmax
1690,30,1769018370,minmax
1691,30,1769018370,minmax
1692,30,1769018370,minmax
1693,30,1769018370,minmax
1694,30,1769018370,minmax
1695,30,1769018370,minmax
1696,30,1769018370,minmax
1697,30,1769018370,minmax
1698,30,1769018370,minmax
1699,30,1769018370,minmax
1700,30,1769018370,minmax
1701,30,1769018370,minmax
1702,30,1769018370,minmax
1703,30,1769018370,minmax
1704,30,1769018370,minmax
1705,30,1769018370,minmax
1706,30,1769018370,minmax
1707,30,1769018370,minmax
1708,30,1769018370,minmax
1709,30,1769018370,minmax
1710,30,1769018370,minmax
1711,30,1769018370,minmax
1712,30,1769018370,minmax
1713,30,1769018370,minmax
1714,30,1769018370,minmax
1715,30,1769018370,minmax
1716,30,1769018370,minmax
1717,30,1769018370,minmax
1718,30,1769018370,minmax
1719,30,1769018370,minmax
1720,30,1769018370,minmax
1721,30,1769018370,minmax
1722,30,1769018370,minmax
1723,30,1769018370,minmax
1724,30,1769018370,minmax
1725,30,1769018370,minmax
1726,30,1769018370,minmax
1727,30,1769018370,minmax
1728,30,1769018370,minmax
1729,30,1769018370,minmax
1730,30,1769018370,minmax
1731,30,1769018370,minmax
1732,30,1769018370,minmax
1733,30,1769018370,minmax
1734,30,1769018370,minmax
1735,30,1769018370,minmax
1736,30,1769018370,minmax
1737,30,1769018370,minmax
1738,30,1769018370,minmax
1739,30,1769018370,minmax
1740,30,1769018370,minmax
1741,30,1769018370,minmax
1742,30,1769018370,minmax
1743,30,1769018370,minmax
1744,30,1769018370,minmax
1745,30,1769018370,minmax
1746,30,1769018370,minmax
1747,30,1769018370,minmax
1748,30,1769018370,minmax
1749,30,1769018370,minmax
1750,30,1769018370,minmax
1751,30,1769018370,minmax
1752,30,1769018370,minmax
1753,30,1769018370,minmax
1754,30,1769018370,minmax
1755,30,1769018370,minmax
1756,30,1769018370,minmax
1757,30,1769018370,minmax
1758,30,1769018370,minmax
1759,30,1769018370,minmax
1760,30,1769018370,minmax
1761,30,1769018370,minmax
1762,30,1769018370,minmax
1763,30,1769018370,minmax
1764,30,1769018370,minmax
1765,30,1769018370,minmax
1766,30,1769018370,minmax
1767,30,1769018370,minmax
1768,30,1769018370,minmax
1769,30,1769018370,minmax
1770,30,1769018370,minmax
1771,30,1769018370,minmax
1772,30,1769018370,minmax
1773,30,1769018370,minmax
1774,30,1769018370,minmax
1775,30,1769018370,minmax
1776,30,1769018370,minmax
1777,30,1769018370,minmax
1778,30,1769018370,minmax
1779,30,1769018370,minmax
1780,30,1769018370,minmax
1781,30,1769018370,minmax
1782,30,1769018370,minmax
1783,30,1769018370,minmax
1784,30,1769018370,minmax
1785,30,1769018370,minmax
1786,30,1769018370,minmax
1787,30,1769018370,minmax
1788,30,1769018370,minmax
1789,30,1769018370,minmax
1790,30,1769018370,minmax
1791,30,1769018370,minmax
1792,30,1769018370,minmax
1793,30,1769018370,minmax
1794,30,1769018370,minmax
1795,30,1769018370,minmax
1796,30,1769018370,minmax
1797,30,1769018370,minmax
1798,30,1769018370,minmax
1799,30,1769018370,minmax
1800,30,1769018370,minmax
1801,30,1769018370,minmax
1802,30,1769018370,minmax
1803,30,1769018370,minmax
1804,30,1769018370,minmax
1805,30,1769018370,minmax
1806,30,1769018370,minmax
1807,30,1769018370,minmax
1808,30,1769018370,minmax
1809,30,1769018370,minmax
1810,30,1769018370,minmax
1811,30,1769018370,minmax
1812,30,1769018370,minmax
1813,30,1769018370,minmax
1814,30,1769018370,minmax
1815,30,1769018370,minmax
1816,30,1769018370,minmax
1817,30,1769018370,minmax
1818,30,1769018370,minmax
1819,30,1769018370,minmax
1820,30,1769018370,minmax
1821,30,1769018370,minmax
1822,30,1769018370,minmax
1823,30,1769018370,minmax
1824,30,1769018370,minmax
1825,30,1769018370,minmax
1826,30,1769018370,minmax
1827,30,1769018370,minmax
1828,30,1769018370,minmax
1829,30,1769018370,minmax
1830,30,1769018370,minmax
1831,30,1769018370,minmax
1832,30,1769018370,minmax
1833,30,1769018370,minmax
1834,30,1769018370,minmax
1835,30,1769018370,minmax
1836,30,1769018370,minmax
1837,30,1769018370,minmax
1838,30,1769018370,minmax
1839,30,1769018370,minmax
1840,30,1769018370,minmax
1841,30,1769018370,minmax
1842,30,1769018370,minmax
1843,30,1769018370,minmax
1844,30,1769018370,minmax
1845,30,1769018370,minmax
1846,30,1769018370,minmax
1847,30,1769018370,minmax
1848,30,1769018370,minmax
1849,30,1769018370,minmax
1850,30,1769018370,minmax
1851,30,1769018370,minmax
1852,30,1769018370,minmax
1853,30,1769018370,minmax
1854,30,1769018370,minmax
1855,30,1769018370,minmax
1856,30,1769018370,minmax
1857,30,1769018370,minmax
1858,30,1769018370,minmax
1859,30,1769018370,minmax
1860,30,1769018370,minmax
1861,30,1769018370,minmax
1862,30,1769018370,minmax
1863,30,1769018370,minmax
1864,30,1769018370,minmax
1865,30,1769018370,minmax
1866,30,1769018370,minmax
1867,30,1769018370,minmax
1868,30,1769018370,minmax
1869,30,1769018370,minmax
1870,30,1769018370,minmax
1871,30,1769018370,minmax
1872,30,1769018370,minmax
1873,30,1769018370,minmax
1874,30,1769018370,minmax
1875,30,1769018370,minmax
1876,30,1769018370,minmax
1877,30,1769018370,minmax
1878,30,1769018370,minmax
1879,30,1769018370,minmax
1880,30,1769018370,minmax
1881,30,1769018370,minmax
1882,30,1769018370,minmax
1883,30,1769018370,minmax
1884,30,1769018370,minmax
1885,30,1769018370,minmax
1886,30,1769018370,minmax
1887,30,1769018370,minmax
1888,30,1769018370,minmax
1889,30,1769018370,minmax
1890,30,1769018370,minmax
1891,30,1769018370,minmax
1892,30,1769018370,minmax
1893,30,1769018370,minmax
1894,30,1769018370,minmax
1895,30,1769018370,minmax
1896,30,1769018370,minmax
1897,30,1769018370,minmax
1898,30,1769018370,minmax
1899,30,1769018370,minmax
1900,30,1769018370,minmax
1901,30,1769018370,minmax
1902,30,1769018370,minmax
1903,30,1769018370,minmax
1904,30,1769018370,minmax
1905,30,1769018370,minmax
1906,30,1769018370,minmax
1907,30,1769018370,minmax
1908,30,1769018370,minmax
1909,30,1769018370,minmax
1910,30,1769018370,minmax
1911,30,1769018370,minmax
1912,30,1769018370,minmax
1913,30,1769018370,minmax
1914,30,1769018370,minmax
1915,30,1769018370,minmax
1916,30,1769018370,minmax
1917,30,1769018370,minmax
1918,30,1769018370,minmax
1919,30,1769018370,minmax
1920,30,1769018370,minmax
1921,30,1769018370,minmax
1922,30,1769018370,minmax
1923,30,1769018370,minmax
1924,30,1769018370,minmax
1925,30,1769018370,minmax
1926,30,1769018370,minmax
1927,30,1769018370,minmax
1928,30,1769018370,minmax
1929,30,1769018370,minmax
1930,30,1769018370,minmax
1931,30,1769018370,minmax
1932,30,1769018370,minmax
1933,30,1769018370,minmax
1934,30,1769018370,minmax
1935,30,1769018370,minmax
1936,30,1769018370,minmax
1937,30,1769018370,minmax
1938,30,1769018370,minmax
1939,30,1769018370,minmax
1940,30,1769018370,minmax
1941,30,1769018370,minmax
1942,30,1769018370,minmax
1943,30,1769018370,minmax
1944,30,1769018370,minmax
1945,30,1769018370,minmax
1946,30,1769018370,minmax
1947,30,1769018370,minmax
1948,30,1769018370,minmax
1949,30,1769018370,minmax
1950,30,1769018370,minmax
1951,30,1769018370,minmax
1952,30,1769018370,minmax
1953,30,1769018370,minmax
1954,30,1769018370,minmax
1955,30,1769018370,minmax
1956,30,1769018370,minmax
1957,30,1769018370,minmax
1958,30,1769018370,minmax
1959,30,1769018370,minmax
1960,30,1769018370,minmax
1961,30,1769018370,minmax
1962,30,1769018370,minmax
1963,30,1769018370,minmax
1964,30,1769018370,minmax
1965,30,1769018370,minmax
1966,30,1769018370,minmax
1967,30,1769018370,minmax
1968,30,1769018370,minmax
1969,30,1769018370,minmax
1970,30,1769018370,minmax
1971,30,1769018370,minmax
1972,30,1769018370,minmax
1973,30,1769018370,minmax
1974,30,1769018370,minmax
1975,30,1769018370,minmax
1976,30,1769018370,minmax
1977,30,1769018370,minmax
1978,30,1769018370,minmax
1979,30,1769018370,minmax
1980,30,1769018370,minmax
1981,30,1769018370,minmax
1982,30,1769018370,minmax
1983,30,1769018370,minmax
1984,30,1769018370,minmax
1985,30,1769018370,minmax
1986,30,1769018370,minmax
1987,30,1769018370,minmax
1988,30,1769018370,minmax
1989,30,1769018370,minmax
1990,30,1769018370,minmax
1991,30,1769018370,minmax
1992,30,1769018370,minmax
1993,30,1769018370,minmax
1994,30,1769018370,minmax
1995,30,1769018370,minmax
1996,30,1769018370,minmax
1997,30,1769018370,minmax
1998,30,1769018370,minmax
1999,30,1769018370,minmax
2000,30,1769018370,minmax
2001,30,1769018370,minmax
1,0,1769018360,minmax
2,30,1769018360,minmax
3,0,1769018360,minmax
4,0,1769018360,minmax
5,0,1769018360,minmax
6,0,1769018360,minmax
7,30,1769018360,minmax
8,30,1769018360,minmax
9,30,1769018360,minmax
10,30,1769018360,minmax
11,30,1769018360,minmax
12,0,1769018360,minmax
13,0,1769018360,minmax
14,30,1769018360,minmax
15,0,1769018360,minmax
16,30,1769018360,minmax
17,30,1769018360,minmax
18,30,1769018360,minmax
19,30,1769018360,minmax
20,30,1769018360,minmax
21,30,1769018360,minmax
22,30,1769018360,minmax
23,30,1769018360,minmax
24,30,1769018360,minmax
25,30,1769018360,minmax
26,30,1769018360,minmax
27,30,1769018360,minmax
28,30,1769018360,minmax
29,30,1769018360,minmax
30,0,1769018360,minmax
31,30,1769018360,minmax
32,30,1769018360,minmax
33,0,1769018360,minmax
34,0,1769018360,minmax
35,30,1769018360,minmax
36,30,1769018360,minmax
37,30,1769018360,minmax
38,30,1769018360,minmax
39,30,1769018360,minmax
40,30,1769018360,minmax
41,30,1769018360,minmax
42,30,1769018360,minmax
43,30,1769018360,minmax
44,30,1769018360,minmax
45,30,1769018360,minmax
46,30,1769018360,minmax
47,0,1769018360,minmax
48,30,1769018360,minmax
49,30,1769018360,minmax
50,30,1769018360,minmax
51,30,1769018360,minmax
52,30,1769018360,minmax
53,30,1769018360,minmax
54,30,1769018360,minmax
55,30,1769018360,minmax
56,30,1769018360,minmax
57,30,1769018360,minmax
58,30,1769018360,minmax
59,30,1769018360,minmax
60,30,1769018360,minmax
61,30,1769018360,minmax
62,30,1769018360,minmax
63,0,1769018360,minmax
64,30,1769018360,minmax
65,30,1769018360,minmax
66,30,1769018360,minmax
67,30,1769018360,minmax
68,30,1769018360,minmax
69,30,1769018360,minmax
70,30,1769018360,minmax
71,30,1769018360,minmax
72,30,1769018360,minmax
73,30,1769018360,minmax
74,30,1769018360,minmax
75,30,1769018360,minmax
76,30,1769018360,minmax
77,0,1769018360,minmax
78,30,1769018360,minmax
79,30,1769018360,minmax
80,30,1769018360,minmax
81,30,1769018360,minmax
82,30,1769018360,minmax
83,0,1769018360,minmax
84,30,1769018360,minmax
85,30,1769018360,minmax
86,30,1769018360,minmax
87,30,1769018360,minmax
88,30,1769018360,minmax
89,30,1769018360,minmax
90,30,1769018360,minmax
91,30,1769018360,minmax
92,30,1769018360,minmax
93,30,1769018360,minmax
94,30,1769018360,minmax
95,30,1769018360,minmax
96,30,1769018360,minmax
97,0,1769018360,minmax
98,30,1769018360,minmax
99,0,1769018360,minmax
100,30,1769018360,minmax
101,30,1769018360,minmax
102,30,1769018360,minmax
103,0,1769018360,minmax
104,30,1769018360,minmax
105,30,1769018360,minmax
106,30,1769018360,minmax
107,30,1769018360,minmax
108,30,1769018360,minmax
109,0,1769018360,minmax
110,30,1769018360,minmax
111,30,1769018360,minmax
112,30,1769018360,minmax
113,30,1769018360,minmax
114,0,1769018360,minmax
115,0,1769018360,minmax
116,30,1769018360,minmax
117,30,1769018360,minmax
118,30,1769018360,minmax
119,30,1769018360,minmax
120,0,1769018360,minmax
121,0,1769018360,minmax
122,30,1769018360,minmax
123,30,1769018360,minmax
124,30,1769018360,minmax
125,30,1769018360,minmax
126,30,1769018360,minmax
127,30,1769018360,minmax
128,30,1769018360,minmax
129,30,1769018360,minmax
130,30,1769018360,minmax
131,30,1769018360,minmax
132,30,1769018360,minmax
133,30,1769018360,minmax
134,30,1769018360,minmax
135,30,1769018360,minmax
136,30,1769018360,minmax
137,30,1769018360,minmax
138,30,1769018360,minmax
139,30,1769018360,minmax
140,30,1769018360,minmax
141,0,1769018360,minmax
142,30,1769018360,minmax
143,30,1769018360,minmax
144,30,1769018360,minmax
145,30,1769018360,minmax
146,30,1769018360,minmax
147,30,1769018360,minmax
148,30,1769018360,minmax
149,0,1769018360,minmax
150,30,1769018360,minmax
151,30,1769018360,minmax
152,30,1769018360,minmax
153,30,1769018360,minmax
154,30,1769018360,minmax
155,30,1769018360,minmax
156,30,1769018360,minmax
157,30,1769018360,minmax
158,30,1769018360,minmax
159,30,1769018360,minmax
160,30,1769018360,minmax
161,0,1769018360,minmax
162,30,1769018360,minmax
163,30,1769018360,minmax
164,30,1769018360,minmax
165,30,1769018360,minmax
166,30,1769018360,minmax
167,30,1769018360,minmax
168,30,1769018360,minmax
169,30,1769018360,minmax
170,30,1769018360,minmax
171,30,1769018360,minmax
172,0,1769018360,minmax
173,30,1769018360,minmax
174,30,1769018360,minmax
175,30,1769018360,minmax
176,30,1769018360,minmax
177,30,1769018360,minmax
178,30,1769018360,minmax
179,30,1769018360,minmax
180,30,1769018360,minmax
181,30,1769018360,minmax
182,30,1769018360,minmax
183,30,1769018360,minmax
184,30,1769018360,minmax
185,30,1769018360,minmax
186,30,1769018360,minmax
187,30,1769018360,minmax
188,30,1769018360,minmax
189,30,1769018360,minmax
190,30,1769018360,minmax
191,30,1769018360,minmax
192,30,1769018360,minmax
193,30,1769018360,minmax
194,30,1769018360,minmax
195,30,1769018360,minmax
196,30,1769018360,minmax
197,30,1769018360,minmax
198,30,1769018360,minmax
199,30,1769018360,minmax
200,30,1769018360,minmax
201,30,1769018360,minmax
202,30,1769018360,minmax
203,30,1769018360,minmax
204,30,1769018360,minmax
205,30,1769018360,minmax
206,30,1769018360,minmax
207,0,1769018360,minmax
208,30,1769018360,minmax
209,30,1769018360,minmax
210,30,1769018360,minmax
211,30,1769018360,minmax
212,30,1769018360,minmax
213,30,1769018360,minmax
214,30,1769018360,minmax
215,30,1769018360,minmax
216,30,1769018360,minmax
217,30,1769018360,minmax
218,30,1769018360,minmax
219,30,1769018360,minmax
220,30,1769018360,minmax
221,30,1769018360,minmax
222,30,1769018360,minmax
223,30,1769018360,minmax
224,30,1769018360,minmax
225,30,1769018360,minmax
226,30,1769018360,minmax
227,30,1769018360,minmax
228,30,1769018360,minmax
229,30,1769018360,minmax
230,30,1769018360,minmax
231,30,1769018360,minmax
232,30,1769018360,minmax
233,30,1769018360,minmax
234,30,1769018360,minmax
235,30,1769018360,minmax
236,30,1769018360,minmax
237,0,1769018360,minmax
238,30,1769018360,minmax
239,30,1769018360,minmax
240,30,1769018360,minmax
241,30,1769018360,minmax
242,30,1769018360,minmax
243,30,1769018360,minmax
244,30,1769018360,minmax
245,30,1769018360,minmax
246,30,1769018360,minmax
247,30,1769018360,minmax
248,30,1769018360,minmax
249,30,1769018360,minmax
250,30,1769018360,minmax
251,30,1769018360,minmax
252,30,1769018360,minmax
253,30,1769018360,minmax
254,30,1769018360,minmax
255,30,1769018360,minmax
256,30,1769018360,minmax
257,30,1769018360,minmax
258,30,1769018360,minmax
259,0,1769018360,minmax
260,30,1769018360,minmax
261,30,1769018360,minmax
262,30,1769018360,minmax
263,30,1769018360,minmax
264,30,1769018360,minmax
265,30,1769018360,minmax
266,30,1769018360,minmax
267,30,1769018360,minmax
268,30,1769018360,minmax
269,30,1769018360,minmax
270,30,1769018360,minmax
271,30,1769018360,minmax
272,30,1769018360,minmax
273,0,1769018360,minmax
274,30,1769018360,minmax
275,30,1769018360,minmax
276,0,1769018360,minmax
277,30,1769018360,minmax
278,30,1769018360,minmax
279,30,1769018360,minmax
280,30,1769018360,minmax
281,30,1769018360,minmax
282,30,1769018360,minmax
283,30,1769018360,minmax
284,30,1769018360,minmax
285,30,1769018360,minmax
286,30,1769018360,minmax
287,30,1769018360,minmax
288,30,1769018360,minmax
289,0,1769018360,minmax
290,30,1769018360,minmax
291,30,1769018360,minmax
292,30,1769018360,minmax
293,30,1769018360,minmax
294,30,1769018360,minmax
295,30,1769018360,minmax
296,30,1769018360,minmax
297,30,1769018360,minmax
298,30,1769018360,minmax
299,30,1769018360,minmax
300,30,1769018360,minmax
301,30,1769018360,minmax
302,30,1769018360,minmax
303,30,1769018360,minmax
304,0,1769018360,minmax
305,30,1769018360,minmax
306,30,1769018360,minmax
307,30,1769018360,minmax
308,30,1769018360,minmax
309,30,1769018360,minmax
310,30,1769018360,minmax
311,30,1769018360,minmax
312,30,1769018360,minmax
313,0,1769018360,minmax
314,30,1769018360,minmax
315,30,1769018360,minmax
316,30,1769018360,minmax
317,30,1769018360,minmax
318,30,1769018360,minmax
319,30,1769018360,minmax
320,30,1769018360,minmax
321,30,1769018360,minmax
322,30,1769018360,minmax
323,30,1769018360,minmax
324,30,1769018360,minmax
325,30,1769018360,minmax
326,30,1769018360,minmax
327,30,1769018360,minmax
328,30,1769018360,minmax
329,30,1769018360,minmax
330,30,1769018360,minmax
331,30,1769018360,minmax
332,30,1769018360,minmax
333,30,1769018360,minmax
334,30,1769018360,minmax
335,30,1769018360,minmax
336,30,1769018360,minmax
337,30,1769018360,minmax
338,30,1769018360,minmax
339,30,1769018360,minmax
340,30,1769018360,minmax
341,30,1769018360,minmax
342,30,1769018360,minmax
343,30,1769018360,minmax
344,30,1769018360,minmax
345,30,1769018360,minmax
346,30,1769018360,minmax
347,30,1769018360,minmax
348,30,1769018360,minmax
349,30,1769018360,minmax
350,30,1769018360,minmax
351,30,1769018360,minmax
352,30,1769018360,minmax
353,30,1769018360,minmax
354,30,1769018360,minmax
355,30,1769018360,minmax
356,30,1769018360,minmax
357,30,1769018360,minmax
358,30,1769018360,minmax
359,30,1769018360,minmax
360,30,1769018360,minmax
361,30,1769018360,minmax
362,30,1769018360,minmax
363,30,1769018360,minmax
364,30,1769018360,minmax
365,30,1769018360,minmax
366,30,1769018360,minmax
367,30,1769018360,minmax
368,30,1769018360,minmax
369,30,1769018360,minmax
370,30,1769018360,minmax
371,30,1769018360,minmax
372,30,1769018360,minmax
373,30,1769018360,minmax
374,30,1769018360,minmax
375,30,1769018360,minmax
376,30,1769018360,minmax
377,30,1769018360,minmax
378,30,1769018360,minmax
379,30,1769018360,minmax
380,30,1769018360,minmax
381,30,1769018360,minmax
382,30,1769018360,minmax
383,30,1769018360,minmax
384,30,1769018360,minmax
385,30,1769018360,minmax
386,30,1769018360,minmax
387,30,1769018360,minmax
388,30,1769018360,minmax
389,30,1769018360,minmax
390,30,1769018360,minmax
391,30,1769018360,minmax
392,30,1769018360,minmax
393,30,1769018360,minmax
394,30,1769018360,minmax
395,30,1769018360,minmax
396,30,1769018360,minmax
397,30,1769018360,minmax
398,30,1769018360,minmax
399,30,1769018360,minmax
400,30,1769018360,minmax
401,30,1769018360,minmax
402,30,1769018360,minmax
403,30,1769018360,minmax
404,30,1769018360,minmax
405,30,1769018360,minmax
406,30,1769018360,minmax
407,30,1769018360,minmax
408,30,1769018360,minmax
409,30,1769018360,minmax
410,30,1769018360,minmax
411,30,1769018360,minmax
412,30,1769018360,minmax
413,30,1769018360,minmax
414,30,1769018360,minmax
415,30,1769018360,minmax
416,30,1769018360,minmax
417,30,1769018360,minmax
418,30,1769018360,minmax
419,30,1769018360,minmax
420,30,1769018360,minmax
421,30,1769018360,minmax
422,30,1769018360,minmax
423,30,1769018360,minmax
424,30,1769018360,minmax
425,30,1769018360,minmax
426,30,1769018360,minmax
427,30,1769018360,minmax
428,30,1769018360,minmax
429,30,1769018360,minmax
430,30,1769018360,minmax
431,30,1769018360,minmax
432,30,1769018360,minmax
433,30,1769018360,minmax
434,30,1769018360,minmax
435,30,1769018360,minmax
436,30,1769018360,minmax
437,30,1769018360,minmax
438,30,1769018360,minmax
439,30,1769018360,minmax
440,30,1769018360,minmax
441,30,1769018360,minmax
442,30,1769018360,minmax
443,30,1769018360,minmax
444,30,1769018360,minmax
445,30,1769018360,minmax
446,30,1769018360,minmax
447,30,1769018360,minmax
448,30,1769018360,minmax
449,30,1769018360,minmax
450,30,1769018360,minmax
451,30,1769018360,minmax
452,30,1769018360,minmax
453,30,1769018360,minmax
454,30,1769018360,minmax
455,30,1769018360,minmax
456,30,1769018360,minmax
457,30,1769018360,minmax
458,30,1769018360,minmax
459,30,1769018360,minmax
460,30,1769018360,minmax
461,30,1769018360,minmax
462,30,1769018360,minmax
463,30,1769018360,minmax
464,30,1769018360,minmax
465,30,1769018360,minmax
466,30,1769018360,minmax
467,30,1769018360,minmax
468,30,1769018360,minmax
469,30,1769018360,minmax
470,30,1769018360,minmax
471,30,1769018360,minmax
472,30,1769018360,minmax
473,30,1769018360,minmax
474,30,1769018360,minmax
475,30,1769018360,minmax
476,0,1769018360,minmax
477,30,1769018360,minmax
478,30,1769018360,minmax
479,30,1769018360,minmax
480,30,1769018360,minmax
481,30,1769018360,minmax
482,30,1769018360,minmax
483,30,1769018360,minmax
484,0,1769018360,minmax
485,30,1769018360,minmax
486,30,1769018360,minmax
487,30,1769018360,minmax
488,30,1769018360,minmax
489,30,1769018360,minmax
490,30,1769018360,minmax
491,30,1769018360,minmax
492,30,1769018360,minmax
493,30,1769018360,minmax
494,30,1769018360,minmax
495,30,1769018360,minmax
496,30,1769018360,minmax
497,30,1769018360,minmax
498,30,1769018360,minmax
499,30,1769018360,minmax
500,30,1769018360,minmax
501,0,1769018360,minmax
502,30,1769018360,minmax
503,30,1769018360,minmax
504,30,1769018360,minmax
505,30,1769018360,minmax
506,30,1769018360,minmax
507,30,1769018360,minmax
508,30,1769018360,minmax
509,30,1769018360,minmax
510,30,1769018360,minmax
511,0,1769018360,minmax
512,0,1769018360,minmax
513,30,1769018360,minmax
514,30,1769018360,minmax
515,30,1769018360,minmax
516,30,1769018360,minmax
517,30,1769018360,minmax
518,30,1769018360,minmax
519,30,1769018360,minmax
520,30,1769018360,minmax
521,30,1769018360,minmax
522,30,1769018360,minmax
523,30,1769018360,minmax
524,30,1769018360,minmax
525,30,1769018360,minmax
526,30,1769018360,minmax
527,30,1769018360,minmax
528,30,1769018360,minmax
529,30,1769018360,minmax
530,30,1769018360,minmax
531,30,1769018360,minmax
532,30,1769018360,minmax
533,30,1769018360,minmax
534,30,1769018360,minmax
535,30,1769018360,minmax
536,30,1769018360,minmax
537,30,1769018360,minmax
538,30,1769018360,minmax
539,30,1769018360,minmax
540,30,1769018360,minmax
541,30,1769018360,minmax
542,30,1769018360,minmax
543,30,1769018360,minmax
544,30,1769018360,minmax
545,30,1769018360,minmax
546,30,1769018360,minmax
547,30,1769018360,minmax
548,30,1769018360,minmax
549,30,1769018360,minmax
550,30,1769018360,minmax
551,30,1769018360,minmax
552,30,1769018360,minmax
553,30,1769018360,minmax
554,30,1769018360,minmax
555,30,1769018360,minmax
556,30,1769018360,minmax
557,30,1769018360,minmax
558,30,1769018360,minmax
559,30,1769018360,minmax
560,30,1769018360,minmax
561,30,1769018360,minmax
562,30,1769018360,minmax
563,30,1769018360,minmax
564,30,1769018360,minmax
565,30,1769018360,minmax
566,30,1769018360,minmax
567,30,1769018360,minmax
568,30,1769018360,minmax
569,30,1769018360,minmax
570,30,1769018360,minmax
571,30,1769018360,minmax
572,30,1769018360,minmax
573,30,1769018360,minmax
574,30,1769018360,minmax
575,30,1769018360,minmax
576,30,1769018360,minmax
577,30,1769018360,minmax
578,30,1769018360,minmax
579,30,1769018360,minmax
580,30,1769018360,minmax
581,30,1769018360,minmax
582,30,1769018360,minmax
583,30,1769018360,minmax
584,30,1769018360,minmax
585,30,1769018360,minmax
586,30,1769018360,minmax
587,30,1769018360,minmax
588,30,1769018360,minmax
589,30,1769018360,minmax
590,30,1769018360,minmax
591,30,1769018360,minmax
592,30,1769018360,minmax
593,30,1769018360,minmax
594,30,1769018360,minmax
595,30,1769018360,minmax
596,30,1769018360,minmax
597,30,1769018360,minmax
598,30,1769018360,minmax
599,30,1769018360,minmax
600,30,1769018360,minmax
601,30,1769018360,minmax
602,30,1769018360,minmax
603,30,1769018360,minmax
604,30,1769018360,minmax
605,30,1769018360,minmax
606,30,1769018360,minmax
607,30,1769018360,minmax
608,30,1769018360,minmax
609,30,1769018360,minmax
610,30,1769018360,minmax
611,30,1769018360,minmax
612,30,1769018360,minmax
613,30,1769018360,minmax
614,30,1769018360,minmax
615,30,1769018360,minmax
616,30,1769018360,minmax
617,30,1769018360,minmax
618,30,1769018360,minmax
619,30,1769018360,minmax
620,30,1769018360,minmax
621,30,1769018360,minmax
622,30,1769018360,minmax
623,30,1769018360,minmax
624,30,1769018360,minmax
625,30,1769018360,minmax
626,30,1769018360,minmax
627,30,1769018360,minmax
628,30,1769018360,minmax
629,30,1769018360,minmax
630,30,1769018360,minmax
631,30,1769018360,minmax
632,30,1769018360,minmax
633,30,1769018360,minmax
634,30,1769018360,minmax
635,30,1769018360,minmax
636,30,1769018360,minmax
637,30,1769018360,minmax
638,30,1769018360,minmax
639,30,1769018360,minmax
640,30,1769018360,minmax
641,30,1769018360,minmax
642,30,1769018360,minmax
643,30,1769018360,minmax
644,30,1769018360,minmax
645,30,1769018360,minmax
646,30,1769018360,minmax
647,30,1769018360,minmax
648,30,1769018360,minmax
649,30,1769018360,minmax
650,30,1769018360,minmax
651,30,1769018360,minmax
652,30,1769018360,minmax
653,30,1769018360,minmax
654,30,1769018360,minmax
655,30,1769018360,minmax
656,30,1769018360,minmax
657,30,1769018360,minmax
658,30,1769018360,minmax
659,30,1769018360,minmax
660,30,1769018360,minmax
661,30,1769018360,minmax
662,30,1769018360,minmax
663,30,1769018360,minmax
664,30,1769018360,minmax
665,30,1769018360,minmax
666,30,1769018360,minmax
667,30,1769018360,minmax
668,30,1769018360,minmax
669,30,1769018360,minmax
670,30,1769018360,minmax
671,30,1769018360,minmax
672,30,1769018360,minmax
673,30,1769018360,minmax
674,30,1769018360,minmax
675,30,1769018360,minmax
676,30,1769018360,minmax
677,30,1769018360,minmax
678,30,1769018360,minmax
679,30,1769018360,minmax
680,30,1769018360,minmax
681,30,1769018360,minmax
682,30,1769018360,minmax
683,30,1769018360,minmax
684,30,1769018360,minmax
685,30,1769018360,minmax
686,30,1769018360,minmax
687,30,1769018360,minmax
688,30,1769018360,minmax
689,30,1769018360,minmax
690,30,1769018360,minmax
691,30,1769018360,minmax
692,30,1769018360,minmax
693,30,1769018360,minmax
694,30,1769018360,minmax
695,30,1769018360,minmax
696,30,1769018360,minmax
697,30,1769018360,minmax
698,30,1769018360,minmax
699,30,1769018360,minmax
700,30,1769018360,minmax
701,30,1769018360,minmax
702,30,1769018360,minmax
703,30,1769018360,minmax
704,30,1769018360,minmax
705,30,1769018360,minmax
706,30,1769018360,minmax
707,30,1769018360,minmax
708,30,1769018360,minmax
709,30,1769018360,minmax
710,30,1769018360,minmax
711,30,1769018360,minmax
712,30,1769018360,minmax
713,30,1769018360,minmax
714,30,1769018360,minmax
715,30,1769018360,minmax
716,30,1769018360,minmax
717,30,1769018360,minmax
718,30,1769018360,minmax
719,30,1769018360,minmax
720,30,1769018360,minmax
721,30,1769018360,minmax
722,0,1769018360,minmax
723,30,1769018360,minmax
724,30,1769018360,minmax
725,30,1769018360,minmax
726,30,1769018360,minmax
727,30,1769018360,minmax
728,30,1769018360,minmax
729,30,1769018360,minmax
730,30,1769018360,minmax
731,30,1769018360,minmax
732,30,1769018360,minmax
733,30,1769018360,minmax
734,30,1769018360,minmax
735,30,1769018360,minmax
736,30,1769018360,minmax
737,30,1769018360,minmax
738,30,1769018360,minmax
739,30,1769018360,minmax
740,30,1769018360,minmax
741,30,1769018360,minmax
742,30,1769018360,minmax
743,30,1769018360,minmax
744,30,1769018360,minmax
745,30,1769018360,minmax
746,30,1769018360,minmax
747,30,1769018360,minmax
748,30,1769018360,minmax
749,30,1769018360,minmax
750,30,1769018360,minmax
751,30,1769018360,minmax
752,30,1769018360,minmax
753,30,1769018360,minmax
754,30,1769018360,minmax
755,30,1769018360,minmax
756,30,1769018360,minmax
757,30,1769018360,minmax
758,30,1769018360,minmax
759,30,1769018360,minmax
760,30,1769018360,minmax
761,30,1769018360,minmax
762,30,1769018360,minmax
763,30,1769018360,minmax
764,30,1769018360,minmax
765,30,1769018360,minmax
766,30,1769018360,minmax
767,30,1769018360,minmax
768,30,1769018360,minmax
769,30,1769018360,minmax
770,30,1769018360,minmax
771,30,1769018360,minmax
772,30,1769018360,minmax
773,30,1769018360,minmax
774,30,1769018360,minmax
775,30,1769018360,minmax
776,30,1769018360,minmax
777,30,1769018360,minmax
778,30,1769018360,minmax
779,30,1769018360,minmax
780,30,1769018360,minmax
781,30,1769018360,minmax
782,30,1769018360,minmax
783,30,1769018360,minmax
784,30,1769018360,minmax
785,30,1769018360,minmax
786,30,1769018360,minmax
787,30,1769018360,minmax
788,30,1769018360,minmax
789,30,1769018360,minmax
790,30,1769018360,minmax
791,30,1769018360,minmax
792,30,1769018360,minmax
793,30,1769018360,minmax
794,30,1769018360,minmax
795,30,1769018360,minmax
796,30,1769018360,minmax
797,30,1769018360,minmax
798,30,1769018360,minmax
799,30,1769018360,minmax
800,30,1769018360,minmax
801,30,1769018360,minmax
802,30,1769018360,minmax
803,30,1769018360,minmax
804,30,1769018360,minmax
805,30,1769018360,minmax
806,0,1769018360,minmax
807,30,1769018360,minmax
808,30,1769018360,minmax
809,30,1769018360,minmax
810,30,1769018360,minmax
811,30,1769018360,minmax
812,30,1769018360,minmax
813,30,1769018360,minmax
814,30,1769018360,minmax
815,30,1769018360,minmax
816,30,1769018360,minmax
817,30,1769018360,minmax
818,30,1769018360,minmax
819,30,1769018360,minmax
820,30,1769018360,minmax
821,30,1769018360,minmax
822,30,1769018360,minmax
823,30,1769018360,minmax
824,30,1769018360,minmax
825,30,1769018360,minmax
826,30,1769018360,minmax
827,30,1769018360,minmax
828,30,1769018360,minmax
829,30,1769018360,minmax
830,30,1769018360,minmax
831,30,1769018360,minmax
832,30,1769018360,minmax
833,30,1769018360,minmax
834,30,1769018360,minmax
835,30,1769018360,minmax
836,30,1769018360,minmax
837,30,1769018360,minmax
838,30,1769018360,minmax
839,30,1769018360,minmax
840,30,1769018360,minmax
841,30,1769018360,minmax
842,30,1769018360,minmax
843,30,1769018360,minmax
844,30,1769018360,minmax
845,30,1769018360,minmax
846,30,1769018360,minmax
847,30,1769018360,minmax
848,30,1769018360,minmax
849,30,1769018360,minmax
850,30,1769018360,minmax
851,30,1769018360,minmax
852,30,1769018360,minmax
853,30,1769018360,minmax
854,30,1769018360,minmax
855,30,1769018360,minmax
856,30,1769018360,minmax
857,30,1769018360,minmax
858,30,1769018360,minmax
859,30,1769018360,minmax
860,30,1769018360,minmax
861,30,1769018360,minmax
862,30,1769018360,minmax
863,30,1769018360,minmax
864,30,1769018360,minmax
865,30,1769018360,minmax
866,30,1769018360,minmax
867,30,1769018360,minmax
868,30,1769018360,minmax
869,30,1769018360,minmax
870,30,1769018360,minmax
871,30,1769018360,minmax
872,30,1769018360,minmax
873,30,1769018360,minmax
874,30,1769018360,minmax
875,30,1769018360,minmax
876,30,1769018360,minmax
877,30,1769018360,minmax
878,30,1769018360,minmax
879,30,1769018360,minmax
880,30,1769018360,minmax
881,30,1769018360,minmax
882,30,1769018360,minmax
883,30,1769018360,minmax
884,30,1769018360,minmax
885,30,1769018360,minmax
886,30,1769018360,minmax
887,30,1769018360,minmax
888,30,1769018360,minmax
889,30,1769018360,minmax
890,30,1769018360,minmax
891,30,1769018360,minmax
892,30,1769018360,minmax
893,30,1769018360,minmax
894,30,1769018360,minmax
895,30,1769018360,minmax
896,30,1769018360,minmax
897,30,1769018360,minmax
898,30,1769018360,minmax
899,30,1769018360,minmax
900,30,1769018360,minmax
901,30,1769018360,minmax
902,30,1769018360,minmax
903,30,1769018360,minmax
904,30,1769018360,minmax
905,30,1769018360,minmax
906,30,1769018360,minmax
907,30,1769018360,minmax
908,30,1769018360,minmax
909,30,1769018360,minmax
910,30,1769018360,minmax
911,30,1769018360,minmax
912,30,1769018360,minmax
913,30,1769018360,minmax
914,30,1769018360,minmax
915,30,1769018360,minmax
916,30,1769018360,minmax
917,30,1769018360,minmax
918,30,1769018360,minmax
919,30,1769018360,minmax
920,30,1769018360,minmax
921,30,1769018360,minmax
922,30,1769018360,minmax
923,30,1769018360,minmax
924,30,1769018360,minmax
925,30,1769018360,minmax
926,30,1769018360,minmax
927,30,1769018360,minmax
928,30,1769018360,minmax
929,30,1769018360,minmax
930,30,1769018360,minmax
931,30,1769018360,minmax
932,30,1769018360,minmax
933,30,1769018360,minmax
934,30,1769018360,minmax
935,30,1769018360,minmax
936,30,1769018360,minmax
937,30,1769018360,minmax
938,30,1769018360,minmax
939,30,1769018360,minmax
940,30,1769018360,minmax
941,30,1769018360,minmax
942,30,1769018360,minmax
943,30,1769018360,minmax
944,30,1769018360,minmax
945,30,1769018360,minmax
946,30,1769018360,minmax
947,30,1769018360,minmax
948,30,1769018360,minmax
949,30,1769018360,minmax
950,30,1769018360,minmax
951,30,1769018360,minmax
952,30,1769018360,minmax
953,30,1769018360,minmax
954,30,1769018360,minmax
955,30,1769018360,minmax
956,30,1769018360,minmax
957,30,1769018360,minmax
958,30,1769018360,minmax
959,30,1769018360,minmax
960,30,1769018360,minmax
961,30,1769018360,minmax
962,30,1769018360,minmax
963,30,1769018360,minmax
964,30,1769018360,minmax
965,30,1769018360,minmax
966,30,1769018360,minmax
967,30,1769018360,minmax
968,30,1769018360,minmax
969,30,1769018360,minmax
970,30,1769018360,minmax
971,30,1769018360,minmax
972,30,1769018360,minmax
973,30,1769018360,minmax
974,30,1769018360,minmax
975,30,1769018360,minmax
976,30,1769018360,minmax
977,30,1769018360,minmax
978,30,1769018360,minmax
979,30,1769018360,minmax
980,30,1769018360,minmax
981,30,1769018360,minmax
982,30,1769018360,minmax
983,30,1769018360,minmax
984,30,1769018360,minmax
985,30,1769018360,minmax
986,30,1769018360,minmax
987,30,1769018360,minmax
988,30,1769018360,minmax
989,30,1769018360,minmax
990,30,1769018360,minmax
991,30,1769018360,minmax
992,30,1769018360,minmax
993,30,1769018360,minmax
994,30,1769018360,minmax
995,30,1769018360,minmax
996,30,1769018360,minmax
997,30,1769018360,minmax
998,30,1769018360,minmax
999,30,1769018360,minmax
1000,30,1769018360,minmax
1001,30,1769018360,minmax
1002,30,1769018360,minmax
1003,30,1769018360,minmax
1004,30,1769018360,minmax
1005,30,1769018360,minmax
1006,30,1769018360,minmax
1007,30,1769018360,minmax
1008,30,1769018360,minmax
1009,30,1769018360,minmax
1010,30,1769018360,minmax
1011,30,1769018360,minmax
1012,30,1769018360,minmax
1013,30,1769018360,minmax
1014,30,1769018360,minmax
1015,30,1769018360,minmax
1016,30,1769018360,minmax
1017,30,1769018360,minmax
1018,30,1769018360,minmax
1019,30,1769018360,minmax
1020,30,1769018360,minmax
1021,30,1769018360,minmax
1022,30,1769018360,minmax
1023,30,1769018360,minmax
1024,30,1769018360,minmax
1025,30,1769018360,minmax
1026,30,1769018360,minmax
1027,30,1769018360,minmax
1028,30,1769018360,minmax
1029,30,1769018360,minmax
1030,30,1769018360,minmax
1031,30,1769018360,minmax
1032,30,1769018360,minmax
1033,30,1769018360,minmax
1034,30,1769018360,minmax
1035,30,1769018360,minmax
1036,30,1769018360,minmax
1037,30,1769018360,minmax
1038,30,1769018360,minmax
1039,30,1769018360,minmax
1040,30,1769018360,minmax
1041,30,1769018360,minmax
1042,30,1769018360,minmax
1043,30,1769018360,minmax
1044,30,1769018360,minmax
1045,30,1769018360,minmax
1046,30,1769018360,minmax
1047,30,1769018360,minmax
1048,30,1769018360,minmax
1049,30,1769018360,minmax
1050,30,1769018360,minmax
1051,30,1769018360,minmax
1052,30,1769018360,minmax
1053,30,1769018360,minmax
1054,30,1769018360,minmax
1055,30,1769018360,minmax
1056,30,1769018360,minmax
1057,30,1769018360,minmax
1058,30,1769018360,minmax
1059,30,1769018360,minmax
1060,30,1769018360,minmax
1061,30,1769018360,minmax
1062,30,1769018360,minmax
1063,30,1769018360,minmax
1064,30,1769018360,minmax
1065,30,1769018360,minmax
1066,30,1769018360,minmax
1067,30,1769018360,minmax
1068,30,1769018360,minmax
1069,30,1769018360,minmax
1070,30,1769018360,minmax
1071,30,1769018360,minmax
1072,30,1769018360,minmax
1073,30,1769018360,minmax
1074,30,1769018360,minmax
1075,30,1769018360,minmax
1076,30,1769018360,minmax
1077,30,1769018360,minmax
1078,30,1769018360,minmax
1079,30,1769018360,minmax
1080,30,1769018360,minmax
1081,30,1769018360,minmax
1082,30,1769018360,minmax
1083,30,1769018360,minmax
1084,30,1769018360,minmax
1085,30,1769018360,minmax
1086,30,1769018360,minmax
1087,30,1769018360,minmax
1088,30,1769018360,minmax
1089,30,1769018360,minmax
1090,30,1769018360,minmax
1091,30,1769018360,minmax
1092,30,1769018360,minmax
1093,30,1769018360,minmax
1094,30,1769018360,minmax
1095,30,1769018360,minmax
1096,30,1769018360,minmax
1097,30,1769018360,minmax
1098,30,1769018360,minmax
1099,30,1769018360,minmax
1100,30,1769018360,minmax
1101,30,1769018360,minmax
1102,30,1769018360,minmax
1103,30,1769018360,minmax
1104,30,1769018360,minmax
1105,30,1769018360,minmax
1106,30,1769018360,minmax
1107,30,1769018360,minmax
1108,30,1769018360,minmax
1109,30,1769018360,minmax
1110,30,1769018360,minmax
1111,30,1769018360,minmax
1112,30,1769018360,minmax
1113,30,1769018360,minmax
1114,30,1769018360,minmax
1115,30,1769018360,minmax
1116,30,1769018360,minmax
1117,30,1769018360,minmax
1118,30,1769018360,minmax
1119,30,1769018360,minmax
1120,30,1769018360,minmax
1121,30,1769018360,minmax
1122,30,1769018360,minmax
1123,30,1769018360,minmax
1124,30,1769018360,minmax
1125,30,1769018360,minmax
1126,30,1769018360,minmax
1127,30,1769018360,minmax
1128,30,1769018360,minmax
1129,30,1769018360,minmax
1130,30,1769018360,minmax
1131,30,1769018360,minmax
1132,30,1769018360,minmax
1133,30,1769018360,minmax
1134,30,1769018360,minmax
1135,30,1769018360,minmax
1136,30,1769018360,minmax
1137,30,1769018360,minmax
1138,30,1769018360,minmax
1139,30,1769018360,minmax
1140,30,1769018360,minmax
1141,30,1769018360,minmax
1142,30,1769018360,minmax
1143,30,1769018360,minmax
1144,30,1769018360,minmax
1145,30,1769018360,minmax
1146,30,1769018360,minmax
1147,30,1769018360,minmax
1148,30,1769018360,minmax
1149,30,1769018360,minmax
1150,30,1769018360,minmax
1151,30,1769018360,minmax
1152,30,1769018360,minmax
1153,30,1769018360,minmax
1154,30,1769018360,minmax
1155,30,1769018360,minmax
1156,30,1769018360,minmax
1157,30,1769018360,minmax
1158,30,1769018360,minmax
1159,30,1769018360,minmax
1160,30,1769018360,minmax
1161,30,1769018360,minmax
1162,30,1769018360,minmax
1163,30,1769018360,minmax
1164,30,1769018360,minmax
1165,30,1769018360,minmax
1166,30,1769018360,minmax
1167,30,1769018360,minmax
1168,30,1769018360,minmax
1169,30,1769018360,minmax
1170,30,1769018360,minmax
1171,30,1769018360,minmax
1172,30,1769018360,minmax
1173,30,1769018360,minmax
1174,30,1769018360,minmax
1175,30,1769018360,minmax
1176,30,1769018360,minmax
1177,30,1769018360,minmax
1178,30,1769018360,minmax
1179,30,1769018360,minmax
1180,30,1769018360,minmax
1181,30,1769018360,minmax
1182,30,1769018360,minmax
1183,30,1769018360,minmax
1184,30,1769018360,minmax
1185,30,1769018360,minmax
1186,30,1769018360,minmax
1187,30,1769018360,minmax
1188,30,1769018360,minmax
1189,30,1769018360,minmax
1190,30,1769018360,minmax
1191,30,1769018360,minmax
1192,30,1769018360,minmax
1193,30,1769018360,minmax
1194,30,1769018360,minmax
1195,30,1769018360,minmax
1196,30,1769018360,minmax
1197,30,1769018360,minmax
1198,30,1769018360,minmax
1199,30,1769018360,minmax
1200,30,1769018360,minmax
1201,30,1769018360,minmax
1202,30,1769018360,minmax
1203,30,1769018360,minmax
1204,30,1769018360,minmax
1205,30,1769018360,minmax
1206,30,1769018360,minmax
1207,30,1769018360,minmax
1208,30,1769018360,minmax
1209,30,1769018360,minmax
1210,30,1769018360,minmax
1211,30,1769018360,minmax
1212,30,1769018360,minmax
1213,30,1769018360,minmax
1214,30,1769018360,minmax
1215,30,1769018360,minmax
1216,30,1769018360,minmax
1217,30,1769018360,minmax
1218,30,1769018360,minmax
1219,30,1769018360,minmax
1220,30,1769018360,minmax
1221,30,1769018360,minmax
1222,30,1769018360,minmax
1223,30,1769018360,minmax
1224,30,1769018360,minmax
1225,30,1769018360,minmax
1226,30,1769018360,minmax
1227,30,1769018360,minmax
1228,30,1769018360,minmax
1229,30,1769018360,minmax
1230,30,1769018360,minmax
1231,30,1769018360,minmax
1232,30,1769018360,minmax
1233,30,1769018360,minmax
1234,30,1769018360,minmax
1235,30,1769018360,minmax
1236,30,1769018360,minmax
1237,30,1769018360,minmax
1238,30,1769018360,minmax
1239,30,1769018360,minmax
1240,30,1769018360,minmax
1241,30,1769018360,minmax
1242,30,1769018360,minmax
1243,30,1769018360,minmax
1244,30,1769018360,minmax
1245,30,1769018360,minmax
1246,30,1769018360,minmax
1247,30,1769018360,minmax
1248,30,1769018360,minmax
1249,30,1769018360,minmax
1250,30,1769018360,minmax
1251,30,1769018360,minmax
1252,30,1769018360,minmax
1253,30,1769018360,minmax
1254,30,1769018360,minmax
1255,30,1769018360,minmax
1256,30,1769018360,minmax
1257,30,1769018360,minmax
1258,30,1769018360,minmax
1259,30,1769018360,minmax
1260,30,1769018360,minmax
1261,30,1769018360,minmax
1262,30,1769018360,minmax
1263,30,1769018360,minmax
1264,30,1769018360,minmax
1265,30,1769018360,minmax
1266,30,1769018360,minmax
1267,30,1769018360,minmax
1268,30,1769018360,minmax
1269,30,1769018360,minmax
1270,30,1769018360,minmax
1271,30,1769018360,minmax
1272,30,1769018360,minmax
1273,30,1769018360,minmax
1274,30,1769018360,minmax
1275,30,1769018360,minmax
1276,30,1769018360,minmax
1277,30,1769018360,minmax
1278,30,1769018360,minmax
1279,30,1769018360,minmax
1280,30,1769018360,minmax
1281,30,1769018360,minmax
1282,30,1769018360,minmax
1283,30,1769018360,minmax
1284,30,1769018360,minmax
1285,30,1769018360,minmax
1286,30,1769018360,minmax
1287,30,1769018360,minmax
1288,30,1769018360,minmax
1289,30,1769018360,minmax
1290,30,1769018360,minmax
1291,30,1769018360,minmax
1292,30,1769018360,minmax
1293,30,1769018360,minmax
1294,30,1769018360,minmax
1295,30,1769018360,minmax
1296,30,1769018360,minmax
1297,30,1769018360,minmax
1298,30,1769018360,minmax
1299,30,1769018360,minmax
1300,30,1769018360,minmax
1301,30,1769018360,minmax
1302,30,1769018360,minmax
1303,30,1769018360,minmax
1304,30,1769018360,minmax
1305,30,1769018360,minmax
1306,30,1769018360,minmax
1307,30,1769018360,minmax
1308,30,1769018360,minmax
1309,30,1769018360,minmax
1310,30,1769018360,minmax
1311,30,1769018360,minmax
1312,30,1769018360,minmax
1313,30,1769018360,minmax
1314,30,1769018360,minmax
1315,30,1769018360,minmax
1316,30,1769018360,minmax
1317,30,1769018360,minmax
1318,30,1769018360,minmax
1319,30,1769018360,minmax
1320,30,1769018360,minmax
1321,30,1769018360,minmax
1322,30,1769018360,minmax
1323,30,1769018360,minmax
1324,30,1769018360,minmax
1325,30,1769018360,minmax
1326,30,1769018360,minmax
1327,30,1769018360,minmax
1328,30,1769018360,minmax
1329,30,1769018360,minmax
1330,30,1769018360,minmax
1331,30,1769018360,minmax
1332,30,1769018360,minmax
1333,30,1769018360,minmax
1334,30,1769018360,minmax
1335,30,1769018360,minmax
1336,30,1769018360,minmax
1337,30,1769018360,minmax
1338,30,1769018360,minmax
1339,30,1769018360,minmax
1340,30,1769018360,minmax
1341,30,1769018360,minmax
1342,30,1769018360,minmax
1343,30,1769018360,minmax
1344,30,1769018360,minmax
1345,30,1769018360,minmax
1346,30,1769018360,minmax
1347,30,1769018360,minmax
1348,30,1769018360,minmax
1349,30,1769018360,minmax
1350,30,1769018360,minmax
1351,30,1769018360,minmax
1352,30,1769018360,minmax
1353,30,1769018360,minmax
1354,30,1769018360,minmax
1355,30,1769018360,minmax
1356,30,1769018360,minmax
1357,30,1769018360,minmax
1358,30,1769018360,minmax
1359,30,1769018360,minmax
1360,30,1769018360,minmax
1361,30,1769018360,minmax
1362,30,1769018360,minmax
1363,30,1769018360,minmax
1364,30,1769018360,minmax
1365,30,1769018360,minmax
1366,30,1769018360,minmax
1367,30,1769018360,minmax
1368,30,1769018360,minmax
1369,30,1769018360,minmax
1370,30,1769018360,minmax
1371,30,1769018360,minmax
1372,30,1769018360,minmax
1373,30,1769018360,minmax
1374,30,1769018360,minmax
1375,30,1769018360,minmax
1376,30,1769018360,minmax
1377,30,1769018360,minmax
1378,30,1769018360,minmax
1379,30,1769018360,minmax
1380,30,1769018360,minmax
1381,30,1769018360,minmax
1382,30,1769018360,minmax
1383,30,1769018360,minmax
1384,30,1769018360,minmax
1385,30,1769018360,minmax
1386,30,1769018360,minmax
1387,30,1769018360,minmax
1388,30,1769018360,minmax
1389,30,1769018360,minmax
1390,30,1769018360,minmax
1391,30,1769018360,minmax
1392,30,1769018360,minmax
1393,30,1769018360,minmax
1394,30,1769018360,minmax
1395,30,1769018360,minmax
1396,30,1769018360,minmax
1397,30,1769018360,minmax
1398,30,1769018360,minmax
1399,30,1769018360,minmax
1400,30,1769018360,minmax
1401,30,1769018360,minmax
1402,30,1769018360,minmax
1403,30,1769018360,minmax
1404,30,1769018360,minmax
1405,30,1769018360,minmax
1406,30,1769018360,minmax
1407,30,1769018360,minmax
1408,30,1769018360,minmax
1409,30,1769018360,minmax
1410,30,1769018360,minmax
1411,30,1769018360,minmax
1412,30,1769018360,minmax
1413,30,1769018360,minmax
1414,30,1769018360,minmax
1415,30,1769018360,minmax
1416,30,1769018360,minmax
1417,30,1769018360,minmax
1418,30,1769018360,minmax
1419,30,1769018360,minmax
1420,30,1769018360,minmax
1421,30,1769018360,minmax
1422,30,1769018360,minmax
1423,30,1769018360,minmax
1424,30,1769018360,minmax
1425,30,1769018360,minmax
1426,30,1769018360,minmax
1427,30,1769018360,minmax
1428,30,1769018360,minmax
1429,30,1769018360,minmax
1430,30,1769018360,minmax
1431,30,1769018360,minmax
1432,30,1769018360,minmax
1433,30,1769018360,minmax
1434,30,1769018360,minmax
1435,30,1769018360,minmax
1436,30,1769018360,minmax
1437,30,1769018360,minmax
1438,30,1769018360,minmax
1439,30,1769018360,minmax
1440,30,1769018360,minmax
1441,30,1769018360,minmax
1442,30,1769018360,minmax
1443,30,1769018360,minmax
1444,30,1769018360,minmax
1445,30,1769018360,minmax
1446,30,1769018360,minmax
1447,30,1769018360,minmax
1448,30,1769018360,minmax
1449,30,1769018360,minmax
1450,30,1769018360,minmax
1451,30,1769018360,minmax
1452,30,1769018360,minmax
1453,30,1769018360,minmax
1454,30,1769018360,minmax
1455,30,1769018360,minmax
1456,30,1769018360,minmax
1457,30,1769018360,minmax
1458,30,1769018360,minmax
1459,30,1769018360,minmax
1460,30,1769018360,minmax
1461,30,1769018360,minmax
1462,30,1769018360,minmax
1463,30,1769018360,minmax
1464,30,1769018360,minmax
1465,30,1769018360,minmax
1466,30,1769018360,minmax
1467,30,1769018360,minmax
1468,30,1769018360,minmax
1469,30,1769018360,minmax
1470,30,1769018360,minmax
1471,30,1769018360,minmax
1472,30,1769018360,minmax
1473,30,1769018360,minmax
1474,30,1769018360,minmax
1475,30,1769018360,minmax
1476,30,1769018360,minmax
1477,30,1769018360,minmax
1478,30,1769018360,minmax
1479,30,1769018360,minmax
1480,30,1769018360,minmax
1481,30,1769018360,minmax
1482,30,1769018360,minmax
1483,30,1769018360,minmax
1484,30,1769018360,minmax
1485,30,1769018360,minmax
1486,30,1769018360,minmax
1487,30,1769018360,minmax
1488,30,1769018360,minmax
1489,30,1769018360,minmax
1490,30,1769018360,minmax
1491,30,1769018360,minmax
1492,30,1769018360,minmax
1493,30,1769018360,minmax
1494,30,1769018360,minmax
1495,30,1769018360,minmax
1496,30,1769018360,minmax
1497,30,1769018360,minmax
1498,30,1769018360,minmax
1499,30,1769018360,minmax
1500,30,1769018360,minmax
1501,30,1769018360,minmax
1502,30,1769018360,minmax
1503,30,1769018360,minmax
1504,30,1769018360,minmax
1505,30,1769018360,minmax
1506,30,1769018360,minmax
1507,30,1769018360,minmax
1508,30,1769018360,minmax
1509,30,1769018360,minmax
1510,30,1769018360,minmax
1511,30,1769018360,minmax
1512,30,1769018360,minmax
1513,30,1769018360,minmax
1514,30,1769018360,minmax
1515,30,1769018360,minmax
1516,30,1769018360,minmax
1517,30,1769018360,minmax
1518,30,1769018360,minmax
1519,30,1769018360,minmax
1520,30,1769018360,minmax
1521,30,1769018360,minmax
1522,30,1769018360,minmax
1523,30,1769018360,minmax
1524,30,1769018360,minmax
1525,30,1769018360,minmax
1526,30,1769018360,minmax
1527,30,1769018360,minmax
1528,30,1769018360,minmax
1529,30,1769018360,minmax
1530,30,1769018360,minmax
1531,30,1769018360,minmax
1532,30,1769018360,minmax
1533,30,1769018360,minmax
1534,30,1769018360,minmax
1535,30,1769018360,minmax
1536,30,1769018360,minmax
1537,30,1769018360,minmax
1538,30,1769018360,minmax
1539,30,1769018360,minmax
1540,30,1769018360,minmax
1541,30,1769018360,minmax
1542,30,1769018360,minmax
1543,30,1769018360,minmax
1544,30,1769018360,minmax
1545,30,1769018360,minmax
1546,30,1769018360,minmax
1547,30,1769018360,minmax
1548,30,1769018360,minmax
1549,30,1769018360,minmax
1550,30,1769018360,minmax
1551,30,1769018360,minmax
1552,30,1769018360,minmax
1553,30,1769018360,minmax
1554,30,1769018360,minmax
1555,30,1769018360,minmax
1556,30,1769018360,minmax
1557,30,1769018360,minmax
1558,30,1769018360,minmax
1559,30,1769018360,minmax
1560,30,1769018360,minmax
1561,30,1769018360,minmax
1562,30,1769018360,minmax
1563,30,1769018360,minmax
1564,30,1769018360,minmax
1565,30,1769018360,minmax
1566,30,1769018360,minmax
1567,30,1769018360,minmax
1568,30,1769018360,minmax
1569,30,1769018360,minmax
1570,30,1769018360,minmax
1571,30,1769018360,minmax
1572,30,1769018360,minmax
1573,30,1769018360,minmax
1574,30,1769018360,minmax
1575,30,1769018360,minmax
1576,30,1769018360,minmax
1577,30,1769018360,minmax
1578,30,1769018360,minmax
1579,30,1769018360,minmax
1580,30,1769018360,minmax
1581,30,1769018360,minmax
1582,30,1769018360,minmax
1583,30,1769018360,minmax
1584,30,1769018360,minmax
1585,30,1769018360,minmax
1586,30,1769018360,minmax
1587,30,1769018360,minmax
1588,30,1769018360,minmax
1589,30,1769018360,minmax
1590,30,1769018360,minmax
1591,30,1769018360,minmax
1592,30,1769018360,minmax
1593,30,1769018360,minmax
1594,30,1769018360,minmax
1595,30,1769018360,minmax
1596,30,1769018360,minmax
1597,30,1769018360,minmax
1598,30,1769018360,minmax
1599,30,1769018360,minmax
1600,30,1769018360,minmax
1601,30,1769018360,minmax
1602,30,1769018360,minmax
1603,30,1769018360,minmax
1604,30,1769018360,minmax
1605,30,1769018360,minmax
1606,30,1769018360,minmax
1607,30,1769018360,minmax
1608,30,1769018360,minmax
1609,30,1769018360,minmax
1610,30,1769018360,minmax
1611,30,1769018360,minmax
1612,30,1769018360,minmax
1613,30,1769018360,minmax
1614,30,1769018360,minmax
1615,30,1769018360,minmax
1616,30,1769018360,minmax
1617,30,1769018360,minmax
1618,30,1769018360,minmax
1619,30,1769018360,minmax
1620,30,1769018360,minmax
1621,30,1769018360,minmax
1622,30,1769018360,minmax
1623,30,1769018360,minmax
1624,30,1769018360,minmax
1625,30,1769018360,minmax
1626,30,1769018360,minmax
1627,30,1769018360,minmax
1628,30,1769018360,minmax
1629,30,1769018360,minmax
1630,30,1769018360,minmax
1631,30,1769018360,minmax
1632,30,1769018360,minmax
1633,30,1769018360,minmax
1634,30,1769018360,minmax
1635,30,1769018360,minmax
1636,30,1769018360,minmax
1637,30,1769018360,minmax
1638,30,1769018360,minmax
1639,30,1769018360,minmax
1640,30,1769018360,minmax
1641,30,1769018360,minmax
1642,30,1769018360,minmax
1643,30,1769018360,minmax
1644,30,1769018360,minmax
1645,30,1769018360,minmax
1646,30,1769018360,minmax
1647,30,1769018360,minmax
1648,30,1769018360,minmax
1649,30,1769018360,minmax
1650,30,1769018360,minmax
1651,30,1769018360,minmax
1652,30,1769018360,minmax
1653,30,1769018360,minmax
1654,30,1769018360,minmax
1655,30,1769018360,minmax
1656,30,1769018360,minmax
1657,30,1769018360,minmax
1658,30,1769018360,minmax
1659,30,1769018360,minmax
1660,30,1769018360,minmax
1661,30,1769018360,minmax
1662,30,1769018360,minmax
1663,30,1769018360,minmax
1664,30,1769018360,minmax
1665,30,1769018360,minmax
1666,30,1769018360,minmax
1667,30,1769018360,minmax
1668,30,1769018360,minmax
1669,30,1769018360,minmax
1670,30,1769018360,minmax
1671,30,1769018360,minmax
1672,30,1769018360,minmax
1673,30,1769018360,minmax
1674,30,1769018360,minmax
1675,30,1769018360,minmax
1676,30,1769018360,minmax
1677,30,1769018360,minmax
1678,30,1769018360,minmax
1679,30,1769018360,minmax
1680,30,1769018360,minmax
1681,30,1769018360,minmax
1682,30,1769018360,minmax
1683,30,1769018360,minmax
1684,30,1769018360,minmax
1685,30,1769018360,minmax
1686,30,1769018360,minmax
1687,30,1769018360,minmax
1688,30,1769018360,minmax
1689,30,1769018360,minmax
1690,30,1769018360,minmax
1691,30,1769018360,minmax
1692,30,1769018360,minmax
1693,30,1769018360,minmax
1694,30,1769018360,minmax
1695,30,1769018360,minmax
1696,30,1769018360,minmax
1697,30,1769018360,minmax
1698,30,1769018360,minmax
1699,30,1769018360,minmax
1700,30,1769018360,minmax
1701,30,1769018360,minmax
1702,30,1769018360,minmax
1703,30,1769018360,minmax
1704,30,1769018360,minmax
1705,30,1769018360,minmax
1706,30,1769018360,minmax
1707,30,1769018360,minmax
1708,30,1769018360,minmax
1709,30,1769018360,minmax
1710,30,1769018360,minmax
1711,30,1769018360,minmax
1712,30,1769018360,minmax
1713,30,1769018360,minmax
1714,30,1769018360,minmax
1715,30,1769018360,minmax
1716,30,1769018360,minmax
1717,30,1769018360,minmax
1718,30,1769018360,minmax
1719,30,1769018360,minmax
1720,30,1769018360,minmax
1721,30,1769018360,minmax
1722,30,1769018360,minmax
1723,30,1769018360,minmax
1724,30,1769018360,minmax
1725,30,1769018360,minmax
1726,30,1769018360,minmax
1727,30,1769018360,minmax
1728,30,1769018360,minmax
1729,30,1769018360,minmax
1730,30,1769018360,minmax
1731,30,1769018360,minmax
1732,30,1769018360,minmax
1733,30,1769018360,minmax
1734,30,1769018360,minmax
1735,30,1769018360,minmax
1736,30,1769018360,minmax
1737,30,1769018360,minmax
1738,30,1769018360,minmax
1739,30,1769018360,minmax
1740,30,1769018360,minmax
1741,30,1769018360,minmax
1742,30,1769018360,minmax
1743,30,1769018360,minmax
1744,30,1769018360,minmax
1745,30,1769018360,minmax
1746,30,1769018360,minmax
1747,30,1769018360,minmax
1748,30,1769018360,minmax
1749,30,1769018360,minmax
1750,30,1769018360,minmax
1751,30,1769018360,minmax
1752,30,1769018360,minmax
1753,30,1769018360,minmax
1754,30,1769018360,minmax
1755,30,1769018360,minmax
1756,30,1769018360,minmax
1757,30,1769018360,minmax
1758,30,1769018360,minmax
1759,30,1769018360,minmax
1760,30,1769018360,minmax
1761,30,1769018360,minmax
1762,30,1769018360,minmax
1763,30,1769018360,minmax
1764,30,1769018360,minmax
1765,30,1769018360,minmax
1766,30,1769018360,minmax
1767,30,1769018360,minmax
1768,30,1769018360,minmax
1769,30,1769018360,minmax
1770,30,1769018360,minmax
1771,30,1769018360,minmax
1772,30,1769018360,minmax
1773,30,1769018360,minmax
1774,30,1769018360,minmax
1775,30,1769018360,minmax
1776,30,1769018360,minmax
1777,30,1769018360,minmax
1778,30,1769018360,minmax
1779,30,1769018360,minmax
1780,30,1769018360,minmax
1781,30,1769018360,minmax
1782,30,1769018360,minmax
1783,30,1769018360,minmax
1784,30,1769018360,minmax
1785,30,1769018360,minmax
1786,30,1769018360,minmax
1787,30,1769018360,minmax
1788,30,1769018360,minmax
1789,30,1769018360,minmax
1790,30,1769018360,minmax
1791,30,1769018360,minmax
1792,30,1769018360,minmax
1793,30,1769018360,minmax
1794,30,1769018360,minmax
1795,30,1769018360,minmax
1796,30,1769018360,minmax
1797,30,1769018360,minmax
1798,30,1769018360,minmax
1799,30,1769018360,minmax
1800,30,1769018360,minmax
1801,30,1769018360,minmax
1802,30,1769018360,minmax
1803,30,1769018360,minmax
1804,30,1769018360,minmax
1805,30,1769018360,minmax
1806,30,1769018360,minmax
1807,30,1769018360,minmax
1808,30,1769018360,minmax
1809,30,1769018360,minmax
1810,30,1769018360,minmax
1811,30,1769018360,minmax
1812,30,1769018360,minmax
1813,30,1769018360,minmax
1814,30,1769018360,minmax
1815,30,1769018360,minmax
1816,30,1769018360,minmax
1817,30,1769018360,minmax
1818,30,1769018360,minmax
1819,30,1769018360,minmax
1820,30,1769018360,minmax
1821,30,1769018360,minmax
1822,30,1769018360,minmax
1823,30,1769018360,minmax
1824,30,1769018360,minmax
1825,30,1769018360,minmax
1826,30,1769018360,minmax
1827,30,1769018360,minmax
1828,30,1769018360,minmax
1829,30,1769018360,minmax
1830,30,1769018360,minmax
1831,30,1769018360,minmax
1832,30,1769018360,minmax
1833,30,1769018360,minmax
1834,30,1769018360,minmax
1835,30,1769018360,minmax
1836,30,1769018360,minmax
1837,30,1769018360,minmax
1838,30,1769018360,minmax
1839,30,1769018360,minmax
1840,30,1769018360,minmax
1841,30,1769018360,minmax
1842,30,1769018360,minmax
1843,30,1769018360,minmax
1844,30,1769018360,minmax
1845,30,1769018360,minmax
1846,30,1769018360,minmax
1847,30,1769018360,minmax
1848,30,1769018360,minmax
1849,30,1769018360,minmax
1850,30,1769018360,minmax
1851,30,1769018360,minmax
1852,30,1769018360,minmax
1853,30,1769018360,minmax
1854,30,1769018360,minmax
1855,30,1769018360,minmax
1856,30,1769018360,minmax
1857,30,1769018360,minmax
1858,30,1769018360,minmax
1859,30,1769018360,minmax
1860,30,1769018360,minmax
1861,30,1769018360,minmax
1862,30,1769018360,minmax
1863,30,1769018360,minmax
1864,30,1769018360,minmax
1865,30,1769018360,minmax
1866,30,1769018360,minmax
1867,30,1769018360,minmax
1868,30,1769018360,minmax
1869,30,1769018360,minmax
1870,30,1769018360,minmax
1871,30,1769018360,minmax
1872,30,1769018360,minmax
1873,30,1769018360,minmax
1874,30,1769018360,minmax
1875,30,1769018360,minmax
1876,30,1769018360,minmax
1877,30,1769018360,minmax
1878,30,1769018360,minmax
1879,30,1769018360,minmax
1880,30,1769018360,minmax
1881,30,1769018360,minmax
1882,30,1769018360,minmax
1883,30,1769018360,minmax
1884,30,1769018360,minmax
1885,30,1769018360,minmax
1886,30,1769018360,minmax
1887,30,1769018360,minmax
1888,30,1769018360,minmax
1889,30,1769018360,minmax
1890,30,1769018360,minmax
1891,30,1769018360,minmax
1892,30,1769018360,minmax
1893,30,1769018360,minmax
1894,30,1769018360,minmax
1895,30,1769018360,minmax
1896,30,1769018360,minmax
1897,30,1769018360,minmax
1898,30,1769018360,minmax
1899,30,1769018360,minmax
1900,30,1769018360,minmax
1901,30,1769018360,minmax
1902,30,1769018360,minmax
1903,30,1769018360,minmax
1904,30,1769018360,minmax
1905,30,1769018360,minmax
1906,30,1769018360,minmax
1907,30,1769018360,minmax
1908,30,1769018360,minmax
1909,30,1769018360,minmax
1910,30,1769018360,minmax
1911,30,1769018360,minmax
1912,30,1769018360,minmax
1913,30,1769018360,minmax
1914,30,1769018360,minmax
1915,30,1769018360,minmax
1916,30,1769018360,minmax
1917,30,1769018360,minmax
1918,30,1769018360,minmax
1919,30,1769018360,minmax
1920,30,1769018360,minmax
1921,30,1769018360,minmax
1922,30,1769018360,minmax
1923,30,1769018360,minmax
1924,30,1769018360,minmax
1925,30,1769018360,minmax
1926,30,1769018360,minmax
1927,30,1769018360,minmax
1928,30,1769018360,minmax
1929,30,1769018360,minmax
1930,30,1769018360,minmax
1931,30,1769018360,minmax
1932,30,1769018360,minmax
1933,30,1769018360,minmax
1934,30,1769018360,minmax
1935,30,1769018360,minmax
1936,30,1769018360,minmax
1937,30,1769018360,minmax
1938,30,1769018360,minmax
1939,30,1769018360,minmax
1940,30,1769018360,minmax
1941,30,1769018360,minmax
1942,30,1769018360,minmax
1943,30,1769018360,minmax
1944,30,1769018360,minmax
1945,30,1769018360,minmax
1946,30,1769018360,minmax
1947,30,1769018360,minmax
1948,30,1769018360,minmax
1949,30,1769018360,minmax
1950,30,1769018360,minmax
1951,30,1769018360,minmax
1952,30,1769018360,minmax
1953,30,1769018360,minmax
1954,30,1769018360,minmax
1955,30,1769018360,minmax
1956,30,1769018360,minmax
1957,30,1769018360,minmax
1958,30,1769018360,minmax
1959,30,1769018360,minmax
1960,30,1769018360,minmax
1961,30,1769018360,minmax
1962,30,1769018360,minmax
1963,30,1769018360,minmax
1964,30,1769018360,minmax
1965,30,1769018360,minmax
1966,30,1769018360,minmax
1967,30,1769018360,minmax
1968,30,1769018360,minmax
1969,30,1769018360,minmax
1970,30,1769018360,minmax
1971,30,1769018360,minmax
1972,30,1769018360,minmax
1973,30,1769018360,minmax
1974,30,1769018360,minmax
1975,30,1769018360,minmax
1976,30,1769018360,minmax
1977,30,1769018360,minmax
1978,30,1769018360,minmax
1979,30,1769018360,minmax
1980,30,1769018360,minmax
1981,30,1769018360,minmax
1982,30,1769018360,minmax
1983,30,1769018360,minmax
1984,30,1769018360,minmax
1985,30,1769018360,minmax
1986,30,1769018360,minmax
1987,30,1769018360,minmax
1988,30,1769018360,minmax
1989,30,1769018360,minmax
1990,30,1769018360,minmax
1991,30,1769018360,minmax
1992,30,1769018360,minmax
1993,30,1769018360,minmax
1994,30,1769018360,minmax
1995,30,1769018360,minmax
1996,30,1769018360,minmax
1997,30,1769018360,minmax
1998,30,1769018360,minmax
1999,30,1769018360,minmax
2000,30,1769018360,minmax
2001,30,1769018360,minmax
1,0,1769018348,minmax
2,0,1769018348,minmax
3,0,1769018348,minmax
4,30,1769018348,minmax
5,0,1769018348,minmax
6,30,1769018348,minmax
7,30,1769018348,minmax
8,30,1769018348,minmax
9,30,1769018348,minmax
10,30,1769018348,minmax
11,0,1769018348,minmax
12,0,1769018348,minmax
13,30,1769018348,minmax
14,30,1769018348,minmax
15,30,1769018348,minmax
16,30,1769018348,minmax
17,30,1769018348,minmax
18,30,1769018348,minmax
19,30,1769018348,minmax
20,30,1769018348,minmax
21,30,1769018348,minmax
22,30,1769018348,minmax
23,30,1769018348,minmax
24,0,1769018348,minmax
25,0,1769018348,minmax
26,30,1769018348,minmax
27,30,1769018348,minmax
28,30,1769018348,minmax
29,30,1769018348,minmax
30,0,1769018348,minmax
31,30,1769018348,minmax
32,0,1769018348,minmax
33,30,1769018348,minmax
34,30,1769018348,minmax
35,30,1769018348,minmax
36,30,1769018348,minmax
37,30,1769018348,minmax
38,30,1769018348,minmax
39,0,1769018348,minmax
40,30,1769018348,minmax
41,30,1769018348,minmax
42,30,1769018348,minmax
43,30,1769018348,minmax
44,30,1769018348,minmax
45,30,1769018348,minmax
46,0,1769018348,minmax
47,30,1769018348,minmax
48,30,1769018348,minmax
49,30,1769018348,minmax
50,30,1769018348,minmax
51,30,1769018348,minmax
52,30,1769018348,minmax
53,30,1769018348,minmax
54,30,1769018348,minmax
55,30,1769018348,minmax
56,30,1769018348,minmax
57,30,1769018348,minmax
58,30,1769018348,minmax
59,30,1769018348,minmax
60,30,1769018348,minmax
61,30,1769018348,minmax
62,30,1769018348,minmax
63,30,1769018348,minmax
64,30,1769018348,minmax
65,30,1769018348,minmax
66,30,1769018348,minmax
67,30,1769018348,minmax
68,30,1769018348,minmax
69,30,1769018348,minmax
70,30,1769018348,minmax
71,30,1769018348,minmax
72,30,1769018348,minmax
73,30,1769018348,minmax
74,30,1769018348,minmax
75,30,1769018348,minmax
76,30,1769018348,minmax
77,30,1769018348,minmax
78,30,1769018348,minmax
79,30,1769018348,minmax
80,30,1769018348,minmax
81,0,1769018348,minmax
82,30,1769018348,minmax
83,30,1769018348,minmax
84,30,1769018348,minmax
85,30,1769018348,minmax
86,30,1769018348,minmax
87,30,1769018348,minmax
88,30,1769018348,minmax
89,30,1769018348,minmax
90,30,1769018348,minmax
91,30,1769018348,minmax
92,0,1769018348,minmax
93,30,1769018348,minmax
94,30,1769018348,minmax
95,30,1769018348,minmax
96,30,1769018348,minmax
97,30,1769018348,minmax
98,30,1769018348,minmax
99,30,1769018348,minmax
100,30,1769018348,minmax
101,30,1769018348,minmax
102,30,1769018348,minmax
103,30,1769018348,minmax
104,30,1769018348,minmax
105,30,1769018348,minmax
106,30,1769018348,minmax
107,30,1769018348,minmax
108,30,1769018348,minmax
109,30,1769018348,minmax
110,30,1769018348,minmax
111,30,1769018348,minmax
112,30,1769018348,minmax
113,30,1769018348,minmax
114,0,1769018348,minmax
115,30,1769018348,minmax
116,30,1769018348,minmax
117,30,1769018348,minmax
118,30,1769018348,minmax
119,0,1769018348,minmax
120,30,1769018348,minmax
121,30,1769018348,minmax
122,30,1769018348,minmax
123,30,1769018348,minmax
124,30,1769018348,minmax
125,30,1769018348,minmax
126,30,1769018348,minmax
127,30,1769018348,minmax
128,30,1769018348,minmax
129,30,1769018348,minmax
130,30,1769018348,minmax
131,30,1769018348,minmax
132,30,1769018348,minmax
133,30,1769018348,minmax
134,30,1769018348,minmax
135,30,1769018348,minmax
136,30,1769018348,minmax
137,30,1769018348,minmax
138,30,1769018348,minmax
139,0,1769018348,minmax
140,30,1769018348,minmax
141,30,1769018348,minmax
142,30,1769018348,minmax
143,0,1769018348,minmax
144,30,1769018348,minmax
145,30,1769018348,minmax
146,30,1769018348,minmax
147,30,1769018348,minmax
148,0,1769018348,minmax
149,30,1769018348,minmax
150,30,1769018348,minmax
151,30,1769018348,minmax
152,30,1769018348,minmax
153,0,1769018348,minmax
154,30,1769018348,minmax
155,30,1769018348,minmax
156,30,1769018348,minmax
157,30,1769018348,minmax
158,30,1769018348,minmax
159,30,1769018348,minmax
160,30,1769018348,minmax
161,30,1769018348,minmax
162,30,1769018348,minmax
163,30,1769018348,minmax
164,30,1769018348,minmax
165,30,1769018348,minmax
166,30,1769018348,minmax
167,30,1769018348,minmax
168,30,1769018348,minmax
169,30,1769018348,minmax
170,30,1769018348,minmax
171,30,1769018348,minmax
172,30,1769018348,minmax
173,30,1769018348,minmax
174,30,1769018348,minmax
175,30,1769018348,minmax
176,30,1769018348,minmax
177,30,1769018348,minmax
178,30,1769018348,minmax
179,30,1769018348,minmax
180,30,1769018348,minmax
181,0,1769018348,minmax
182,30,1769018348,minmax
183,30,1769018348,minmax
184,30,1769018348,minmax
185,30,1769018348,minmax
186,30,1769018348,minmax
187,30,1769018348,minmax
188,30,1769018348,minmax
189,30,1769018348,minmax
190,30,1769018348,minmax
191,30,1769018348,minmax
192,30,1769018348,minmax
193,30,1769018348,minmax
194,30,1769018348,minmax
195,30,1769018348,minmax
196,30,1769018348,minmax
197,30,1769018348,minmax
198,30,1769018348,minmax
199,30,1769018348,minmax
200,30,1769018348,minmax
201,30,1769018348,minmax
202,30,1769018348,minmax
203,30,1769018348,minmax
204,0,1769018348,minmax
205,30,1769018348,minmax
206,30,1769018348,minmax
207,30,1769018348,minmax
208,30,1769018348,minmax
209,30,1769018348,minmax
210,30,1769018348,minmax
211,30,1769018348,minmax
212,30,1769018348,minmax
213,30,1769018348,minmax
214,30,1769018348,minmax
215,30,1769018348,minmax
216,0,1769018348,minmax
217,30,1769018348,minmax
218,30,1769018348,minmax
219,30,1769018348,minmax
220,30,1769018348,minmax
221,30,1769018348,minmax
222,0,1769018348,minmax
223,30,1769018348,minmax
224,30,1769018348,minmax
225,30,1769018348,minmax
226,0,1769018348,minmax
227,30,1769018348,minmax
228,30,1769018348,minmax
229,30,1769018348,minmax
230,30,1769018348,minmax
231,0,1769018348,minmax
232,30,1769018348,minmax
233,30,1769018348,minmax
234,30,1769018348,minmax
235,30,1769018348,minmax
236,30,1769018348,minmax
237,30,1769018348,minmax
238,30,1769018348,minmax
239,30,1769018348,minmax
240,30,1769018348,minmax
241,30,1769018348,minmax
242,30,1769018348,minmax
243,30,1769018348,minmax
244,30,1769018348,minmax
245,30,1769018348,minmax
246,30,1769018348,minmax
247,30,1769018348,minmax
248,30,1769018348,minmax
249,30,1769018348,minmax
250,0,1769018348,minmax
251,0,1769018348,minmax
252,0,1769018348,minmax
253,30,1769018348,minmax
254,30,1769018348,minmax
255,30,1769018348,minmax
256,30,1769018348,minmax
257,30,1769018348,minmax
258,30,1769018348,minmax
259,30,1769018348,minmax
260,30,1769018348,minmax
261,30,1769018348,minmax
262,30,1769018348,minmax
263,30,1769018348,minmax
264,30,1769018348,minmax
265,30,1769018348,minmax
266,30,1769018348,minmax
267,30,1769018348,minmax
268,30,1769018348,minmax
269,30,1769018348,minmax
270,30,1769018348,minmax
271,30,1769018348,minmax
272,30,1769018348,minmax
273,30,1769018348,minmax
274,30,1769018348,minmax
275,30,1769018348,minmax
276,30,1769018348,minmax
277,30,1769018348,minmax
278,30,1769018348,minmax
279,30,1769018348,minmax
280,30,1769018348,minmax
281,30,1769018348,minmax
282,30,1769018348,minmax
283,30,1769018348,minmax
284,30,1769018348,minmax
285,30,1769018348,minmax
286,30,1769018348,minmax
287,30,1769018348,minmax
288,30,1769018348,minmax
289,30,1769018348,minmax
290,30,1769018348,minmax
291,30,1769018348,minmax
292,30,1769018348,minmax
293,30,1769018348,minmax
294,30,1769018348,minmax
295,30,1769018348,minmax
296,30,1769018348,minmax
297,30,1769018348,minmax
298,30,1769018348,minmax
299,30,1769018348,minmax
300,30,1769018348,minmax
301,30,1769018348,minmax
302,30,1769018348,minmax
303,30,1769018348,minmax
304,30,1769018348,minmax
305,30,1769018348,minmax
306,30,1769018348,minmax
307,30,1769018348,minmax
308,30,1769018348,minmax
309,30,1769018348,minmax
310,30,1769018348,minmax
311,30,1769018348,minmax
312,30,1769018348,minmax
313,30,1769018348,minmax
314,30,1769018348,minmax
315,30,1769018348,minmax
316,30,1769018348,minmax
317,30,1769018348,minmax
318,30,1769018348,minmax
319,30,1769018348,minmax
320,30,1769018348,minmax
321,30,1769018348,minmax
322,30,1769018348,minmax
323,30,1769018348,minmax
324,30,1769018348,minmax
325,30,1769018348,minmax
326,30,1769018348,minmax
327,30,1769018348,minmax
328,0,1769018348,minmax
329,30,1769018348,minmax
330,30,1769018348,minmax
331,30,1769018348,minmax
332,30,1769018348,minmax
333,30,1769018348,minmax
334,30,1769018348,minmax
335,30,1769018348,minmax
336,30,1769018348,minmax
337,30,1769018348,minmax
338,30,1769018348,minmax
339,30,1769018348,minmax
340,30,1769018348,minmax
341,30,1769018348,minmax
342,30,1769018348,minmax
343,30,1769018348,minmax
344,30,1769018348,minmax
345,30,1769018348,minmax
346,30,1769018348,minmax
347,30,1769018348,minmax
348,30,1769018348,minmax
349,30,1769018348,minmax
350,30,1769018348,minmax
351,30,1769018348,minmax
352,30,1769018348,minmax
353,30,1769018348,minmax
354,30,1769018348,minmax
355,30,1769018348,minmax
356,30,1769018348,minmax
357,30,1769018348,minmax
358,30,1769018348,minmax
359,30,1769018348,minmax
360,30,1769018348,minmax
361,30,1769018348,minmax
362,30,1769018348,minmax
363,30,1769018348,minmax
364,30,1769018348,minmax
365,30,1769018348,minmax
366,30,1769018348,minmax
367,30,1769018348,minmax
368,30,1769018348,minmax
369,30,1769018348,minmax
370,30,1769018348,minmax
371,30,1769018348,minmax
372,30,1769018348,minmax
373,30,1769018348,minmax
374,30,1769018348,minmax
375,30,1769018348,minmax
376,30,1769018348,minmax
377,30,1769018348,minmax
378,30,1769018348,minmax
379,30,1769018348,minmax
380,30,1769018348,minmax
381,30,1769018348,minmax
382,30,1769018348,minmax
383,30,1769018348,minmax
384,30,1769018348,minmax
385,30,1769018348,minmax
386,30,1769018348,minmax
387,30,1769018348,minmax
388,30,1769018348,minmax
389,30,1769018348,minmax
390,30,1769018348,minmax
391,30,1769018348,minmax
392,0,1769018348,minmax
393,30,1769018348,minmax
394,30,1769018348,minmax
395,30,1769018348,minmax
396,30,1769018348,minmax
397,30,1769018348,minmax
398,30,1769018348,minmax
399,30,1769018348,minmax
400,30,1769018348,minmax
401,30,1769018348,minmax
402,30,1769018348,minmax
403,30,1769018348,minmax
404,30,1769018348,minmax
405,30,1769018348,minmax
406,30,1769018348,minmax
407,30,1769018348,minmax
408,30,1769018348,minmax
409,30,1769018348,minmax
410,30,1769018348,minmax
411,30,1769018348,minmax
412,30,1769018348,minmax
413,30,1769018348,minmax
414,0,1769018348,minmax
415,30,1769018348,minmax
416,30,1769018348,minmax
417,30,1769018348,minmax
418,30,1769018348,minmax
419,30,1769018348,minmax
420,30,1769018348,minmax
421,30,1769018348,minmax
422,30,1769018348,minmax
423,30,1769018348,minmax
424,30,1769018348,minmax
425,30,1769018348,minmax
426,30,1769018348,minmax
427,30,1769018348,minmax
428,30,1769018348,minmax
429,30,1769018348,minmax
430,30,1769018348,minmax
431,30,1769018348,minmax
432,30,1769018348,minmax
433,30,1769018348,minmax
434,30,1769018348,minmax
435,30,1769018348,minmax
436,30,1769018348,minmax
437,30,1769018348,minmax
438,30,1769018348,minmax
439,30,1769018348,minmax
440,30,1769018348,minmax
441,30,1769018348,minmax
442,30,1769018348,minmax
443,30,1769018348,minmax
444,30,1769018348,minmax
445,30,1769018348,minmax
446,30,1769018348,minmax
447,30,1769018348,minmax
448,30,1769018348,minmax
449,30,1769018348,minmax
450,30,1769018348,minmax
451,30,1769018348,minmax
452,30,1769018348,minmax
453,30,1769018348,minmax
454,30,1769018348,minmax
455,0,1769018348,minmax
456,30,1769018348,minmax
457,30,1769018348,minmax
458,30,1769018348,minmax
459,30,1769018348,minmax
460,30,1769018348,minmax
461,30,1769018348,minmax
462,30,1769018348,minmax
463,30,1769018348,minmax
464,30,1769018348,minmax
465,30,1769018348,minmax
466,30,1769018348,minmax
467,30,1769018348,minmax
468,30,1769018348,minmax
469,30,1769018348,minmax
470,30,1769018348,minmax
471,30,1769018348,minmax
472,30,1769018348,minmax
473,30,1769018348,minmax
474,30,1769018348,minmax
475,30,1769018348,minmax
476,30,1769018348,minmax
477,30,1769018348,minmax
478,30,1769018348,minmax
479,30,1769018348,minmax
480,30,1769018348,minmax
481,30,1769018348,minmax
482,30,1769018348,minmax
483,30,1769018348,minmax
484,30,1769018348,minmax
485,30,1769018348,minmax
486,30,1769018348,minmax
487,30,1769018348,minmax
488,30,1769018348,minmax
489,30,1769018348,minmax
490,30,1769018348,minmax
491,30,1769018348,minmax
492,30,1769018348,minmax
493,30,1769018348,minmax
494,30,1769018348,minmax
495,30,1769018348,minmax
496,30,1769018348,minmax
497,30,1769018348,minmax
498,30,1769018348,minmax
499,30,1769018348,minmax
500,30,1769018348,minmax
501,30,1769018348,minmax
502,30,1769018348,minmax
503,30,1769018348,minmax
504,30,1769018348,minmax
505,30,1769018348,minmax
506,30,1769018348,minmax
507,30,1769018348,minmax
508,30,1769018348,minmax
509,30,1769018348,minmax
510,30,1769018348,minmax
511,30,1769018348,minmax
512,30,1769018348,minmax
513,30,1769018348,minmax
514,30,1769018348,minmax
515,30,1769018348,minmax
516,30,1769018348,minmax
517,30,1769018348,minmax
518,30,1769018348,minmax
519,30,1769018348,minmax
520,30,1769018348,minmax
521,30,1769018348,minmax
522,30,1769018348,minmax
523,30,1769018348,minmax
524,30,1769018348,minmax
525,30,1769018348,minmax
526,30,1769018348,minmax
527,30,1769018348,minmax
528,30,1769018348,minmax
529,30,1769018348,minmax
530,30,1769018348,minmax
531,30,1769018348,minmax
532,30,1769018348,minmax
533,30,1769018348,minmax
534,30,1769018348,minmax
535,30,1769018348,minmax
536,30,1769018348,minmax
537,30,1769018348,minmax
538,30,1769018348,minmax
539,30,1769018348,minmax
540,30,1769018348,minmax
541,30,1769018348,minmax
542,30,1769018348,minmax
543,30,1769018348,minmax
544,30,1769018348,minmax
545,30,1769018348,minmax
546,30,1769018348,minmax
547,30,1769018348,minmax
548,30,1769018348,minmax
549,30,1769018348,minmax
550,30,1769018348,minmax
551,30,1769018348,minmax
552,30,1769018348,minmax
553,30,1769018348,minmax
554,30,1769018348,minmax
555,30,1769018348,minmax
556,0,1769018348,minmax
557,30,1769018348,minmax
558,30,1769018348,minmax
559,30,1769018348,minmax
560,30,1769018348,minmax
561,30,1769018348,minmax
562,30,1769018348,minmax
563,30,1769018348,minmax
564,30,1769018348,minmax
565,30,1769018348,minmax
566,30,1769018348,minmax
567,30,1769018348,minmax
568,30,1769018348,minmax
569,30,1769018348,minmax
570,30,1769018348,minmax
571,30,1769018348,minmax
572,30,1769018348,minmax
573,30,1769018348,minmax
574,30,1769018348,minmax
575,30,1769018348,minmax
576,30,1769018348,minmax
577,30,1769018348,minmax
578,30,1769018348,minmax
579,30,1769018348,minmax
580,30,1769018348,minmax
581,30,1769018348,minmax
582,30,1769018348,minmax
583,30,1769018348,minmax
584,30,1769018348,minmax
585,30,1769018348,minmax
586,30,1769018348,minmax
587,30,1769018348,minmax
588,30,1769018348,minmax
589,30,1769018348,minmax
590,30,1769018348,minmax
591,30,1769018348,minmax
592,30,1769018348,minmax
593,30,1769018348,minmax
594,30,1769018348,minmax
595,30,1769018348,minmax
596,30,1769018348,minmax
597,30,1769018348,minmax
598,30,1769018348,minmax
599,30,1769018348,minmax
600,30,1769018348,minmax
601,30,1769018348,minmax
602,30,1769018348,minmax
603,30,1769018348,minmax
604,30,1769018348,minmax
605,30,1769018348,minmax
606,30,1769018348,minmax
607,30,1769018348,minmax
608,30,1769018348,minmax
609,30,1769018348,minmax
610,30,1769018348,minmax
611,30,1769018348,minmax
612,30,1769018348,minmax
613,30,1769018348,minmax
614,30,1769018348,minmax
615,30,1769018348,minmax
616,30,1769018348,minmax
617,30,1769018348,minmax
618,30,1769018348,minmax
619,30,1769018348,minmax
620,30,1769018348,minmax
621,30,1769018348,minmax
622,30,1769018348,minmax
623,30,1769018348,minmax
624,30,1769018348,minmax
625,30,1769018348,minmax
626,30,1769018348,minmax
627,30,1769018348,minmax
628,30,1769018348,minmax
629,30,1769018348,minmax
630,30,1769018348,minmax
631,30,1769018348,minmax
632,30,1769018348,minmax
633,30,1769018348,minmax
634,30,1769018348,minmax
635,30,1769018348,minmax
636,30,1769018348,minmax
637,30,1769018348,minmax
638,30,1769018348,minmax
639,30,1769018348,minmax
640,30,1769018348,minmax
641,30,1769018348,minmax
642,30,1769018348,minmax
643,30,1769018348,minmax
644,30,1769018348,minmax
645,30,1769018348,minmax
646,30,1769018348,minmax
647,30,1769018348,minmax
648,30,1769018348,minmax
649,30,1769018348,minmax
650,30,1769018348,minmax
651,30,1769018348,minmax
652,30,1769018348,minmax
653,30,1769018348,minmax
654,30,1769018348,minmax
655,30,1769018348,minmax
656,30,1769018348,minmax
657,30,1769018348,minmax
658,30,1769018348,minmax
659,30,1769018348,minmax
660,30,1769018348,minmax
661,30,1769018348,minmax
662,30,1769018348,minmax
663,30,1769018348,minmax
664,30,1769018348,minmax
665,30,1769018348,minmax
666,30,1769018348,minmax
667,30,1769018348,minmax
668,30,1769018348,minmax
669,30,1769018348,minmax
670,30,1769018348,minmax
671,30,1769018348,minmax
672,30,1769018348,minmax
673,30,1769018348,minmax
674,30,1769018348,minmax
675,30,1769018348,minmax
676,30,1769018348,minmax
677,30,1769018348,minmax
678,30,1769018348,minmax
679,30,1769018348,minmax
680,30,1769018348,minmax
681,30,1769018348,minmax
682,30,1769018348,minmax
683,30,1769018348,minmax
684,30,1769018348,minmax
685,30,1769018348,minmax
686,30,1769018348,minmax
687,30,1769018348,minmax
688,30,1769018348,minmax
689,30,1769018348,minmax
690,30,1769018348,minmax
691,30,1769018348,minmax
692,30,1769018348,minmax
693,30,1769018348,minmax
694,30,1769018348,minmax
695,30,1769018348,minmax
696,30,1769018348,minmax
697,30,1769018348,minmax
698,30,1769018348,minmax
699,30,1769018348,minmax
700,30,1769018348,minmax
701,30,1769018348,minmax
702,30,1769018348,minmax
703,30,1769018348,minmax
704,30,1769018348,minmax
705,30,1769018348,minmax
706,30,1769018348,minmax
707,30,1769018348,minmax
708,30,1769018348,minmax
709,30,1769018348,minmax
710,30,1769018348,minmax
711,30,1769018348,minmax
712,30,1769018348,minmax
713,30,1769018348,minmax
714,30,1769018348,minmax
715,30,1769018348,minmax
716,30,1769018348,minmax
717,30,1769018348,minmax
718,30,1769018348,minmax
719,30,1769018348,minmax
720,30,1769018348,minmax
721,30,1769018348,minmax
722,30,1769018348,minmax
723,30,1769018348,minmax
724,30,1769018348,minmax
725,30,1769018348,minmax
726,30,1769018348,minmax
727,30,1769018348,minmax
728,30,1769018348,minmax
729,30,1769018348,minmax
730,30,1769018348,minmax
731,30,1769018348,minmax
732,30,1769018348,minmax
733,30,1769018348,minmax
734,30,1769018348,minmax
735,30,1769018348,minmax
736,30,1769018348,minmax
737,30,1769018348,minmax
738,30,1769018348,minmax
739,30,1769018348,minmax
740,30,1769018348,minmax
741,30,1769018348,minmax
742,30,1769018348,minmax
743,30,1769018348,minmax
744,30,1769018348,minmax
745,30,1769018348,minmax
746,30,1769018348,minmax
747,30,1769018348,minmax
748,30,1769018348,minmax
749,30,1769018348,minmax
750,30,1769018348,minmax
751,30,1769018348,minmax
752,30,1769018348,minmax
753,30,1769018348,minmax
754,30,1769018348,minmax
755,30,1769018348,minmax
756,30,1769018348,minmax
757,30,1769018348,minmax
758,30,1769018348,minmax
759,30,1769018348,minmax
760,30,1769018348,minmax
761,30,1769018348,minmax
762,30,1769018348,minmax
763,30,1769018348,minmax
764,30,1769018348,minmax
765,30,1769018348,minmax
766,30,1769018348,minmax
767,30,1769018348,minmax
768,30,1769018348,minmax
769,30,1769018348,minmax
770,30,1769018348,minmax
771,30,1769018348,minmax
772,30,1769018348,minmax
773,30,1769018348,minmax
774,30,1769018348,minmax
775,30,1769018348,minmax
776,30,1769018348,minmax
777,30,1769018348,minmax
778,30,1769018348,minmax
779,30,1769018348,minmax
780,30,1769018348,minmax
781,30,1769018348,minmax
782,30,1769018348,minmax
783,30,1769018348,minmax
784,30,1769018348,minmax
785,30,1769018348,minmax
786,30,1769018348,minmax
787,30,1769018348,minmax
788,30,1769018348,minmax
789,30,1769018348,minmax
790,30,1769018348,minmax
791,30,1769018348,minmax
792,30,1769018348,minmax
793,30,1769018348,minmax
794,30,1769018348,minmax
795,30,1769018348,minmax
796,30,1769018348,minmax
797,30,1769018348,minmax
798,30,1769018348,minmax
799,30,1769018348,minmax
800,30,1769018348,minmax
801,30,1769018348,minmax
802,30,1769018348,minmax
803,30,1769018348,minmax
804,30,1769018348,minmax
805,30,1769018348,minmax
806,30,1769018348,minmax
807,30,1769018348,minmax
808,30,1769018348,minmax
809,30,1769018348,minmax
810,30,1769018348,minmax
811,30,1769018348,minmax
812,30,1769018348,minmax
813,30,1769018348,minmax
814,30,1769018348,minmax
815,30,1769018348,minmax
816,30,1769018348,minmax
817,30,1769018348,minmax
818,30,1769018348,minmax
819,30,1769018348,minmax
820,30,1769018348,minmax
821,30,1769018348,minmax
822,30,1769018348,minmax
823,30,1769018348,minmax
824,30,1769018348,minmax
825,30,1769018348,minmax
826,30,1769018348,minmax
827,30,1769018348,minmax
828,30,1769018348,minmax
829,30,1769018348,minmax
830,30,1769018348,minmax
831,30,1769018348,minmax
832,30,1769018348,minmax
833,30,1769018348,minmax
834,30,1769018348,minmax
835,30,1769018348,minmax
836,30,1769018348,minmax
837,30,1769018348,minmax
838,30,1769018348,minmax
839,30,1769018348,minmax
840,30,1769018348,minmax
841,30,1769018348,minmax
842,30,1769018348,minmax
843,30,1769018348,minmax
844,30,1769018348,minmax
845,30,1769018348,minmax
846,30,1769018348,minmax
847,30,1769018348,minmax
848,30,1769018348,minmax
849,30,1769018348,minmax
850,30,1769018348,minmax
851,30,1769018348,minmax
852,30,1769018348,minmax
853,30,1769018348,minmax
854,30,1769018348,minmax
855,30,1769018348,minmax
856,30,1769018348,minmax
857,30,1769018348,minmax
858,30,1769018348,minmax
859,30,1769018348,minmax
860,30,1769018348,minmax
861,30,1769018348,minmax
862,30,1769018348,minmax
863,30,1769018348,minmax
864,30,1769018348,minmax
865,30,1769018348,minmax
866,30,1769018348,minmax
867,30,1769018348,minmax
868,30,1769018348,minmax
869,30,1769018348,minmax
870,30,1769018348,minmax
871,30,1769018348,minmax
872,30,1769018348,minmax
873,30,1769018348,minmax
874,30,1769018348,minmax
875,30,1769018348,minmax
876,30,1769018348,minmax
877,30,1769018348,minmax
878,30,1769018348,minmax
879,30,1769018348,minmax
880,30,1769018348,minmax
881,30,1769018348,minmax
882,30,1769018348,minmax
883,30,1769018348,minmax
884,30,1769018348,minmax
885,30,1769018348,minmax
886,30,1769018348,minmax
887,30,1769018348,minmax
888,30,1769018348,minmax
889,30,1769018348,minmax
890,30,1769018348,minmax
891,30,1769018348,minmax
892,30,1769018348,minmax
893,30,1769018348,minmax
894,30,1769018348,minmax
895,30,1769018348,minmax
896,30,1769018348,minmax
897,30,1769018348,minmax
898,30,1769018348,minmax
899,30,1769018348,minmax
900,30,1769018348,minmax
901,30,1769018348,minmax
902,30,1769018348,minmax
903,30,1769018348,minmax
904,30,1769018348,minmax
905,30,1769018348,minmax
906,30,1769018348,minmax
907,30,1769018348,minmax
908,30,1769018348,minmax
909,30,1769018348,minmax
910,30,1769018348,minmax
911,30,1769018348,minmax
912,30,1769018348,minmax
913,30,1769018348,minmax
914,30,1769018348,minmax
915,30,1769018348,minmax
916,30,1769018348,minmax
917,30,1769018348,minmax
918,30,1769018348,minmax
919,30,1769018348,minmax
920,30,1769018348,minmax
921,30,1769018348,minmax
922,30,1769018348,minmax
923,30,1769018348,minmax
924,30,1769018348,minmax
925,30,1769018348,minmax
926,30,1769018348,minmax
927,30,1769018348,minmax
928,30,1769018348,minmax
929,30,1769018348,minmax
930,30,1769018348,minmax
931,30,1769018348,minmax
932,30,1769018348,minmax
933,30,1769018348,minmax
934,30,1769018348,minmax
935,30,1769018348,minmax
936,30,1769018348,minmax
937,30,1769018348,minmax
938,30,1769018348,minmax
939,30,1769018348,minmax
940,30,1769018348,minmax
941,30,1769018348,minmax
942,30,1769018348,minmax
943,30,1769018348,minmax
944,30,1769018348,minmax
945,30,1769018348,minmax
946,30,1769018348,minmax
947,30,1769018348,minmax
948,30,1769018348,minmax
949,30,1769018348,minmax
950,30,1769018348,minmax
951,30,1769018348,minmax
952,30,1769018348,minmax
953,30,1769018348,minmax
954,30,1769018348,minmax
955,30,1769018348,minmax
956,30,1769018348,minmax
957,30,1769018348,minmax
958,30,1769018348,minmax
959,30,1769018348,minmax
960,30,1769018348,minmax
961,30,1769018348,minmax
962,30,1769018348,minmax
963,30,1769018348,minmax
964,30,1769018348,minmax
965,30,1769018348,minmax
966,30,1769018348,minmax
967,30,1769018348,minmax
968,30,1769018348,minmax
969,30,1769018348,minmax
970,30,1769018348,minmax
971,30,1769018348,minmax
972,30,1769018348,minmax
973,30,1769018348,minmax
974,30,1769018348,minmax
975,30,1769018348,minmax
976,30,1769018348,minmax
977,30,1769018348,minmax
978,30,1769018348,minmax
979,30,1769018348,minmax
980,30,1769018348,minmax
981,30,1769018348,minmax
982,30,1769018348,minmax
983,30,1769018348,minmax
984,30,1769018348,minmax
985,30,1769018348,minmax
986,30,1769018348,minmax
987,30,1769018348,minmax
988,30,1769018348,minmax
989,30,1769018348,minmax
990,30,1769018348,minmax
991,30,1769018348,minmax
992,30,1769018348,minmax
993,30,1769018348,minmax
994,30,1769018348,minmax
995,30,1769018348,minmax
996,30,1769018348,minmax
997,30,1769018348,minmax
998,30,1769018348,minmax
999,30,1769018348,minmax
1000,30,1769018348,minmax
1001,30,1769018348,minmax
1002,30,1769018348,minmax
1003,30,1769018348,minmax
1004,30,1769018348,minmax
1005,30,1769018348,minmax
1006,30,1769018348,minmax
1007,30,1769018348,minmax
1008,30,1769018348,minmax
1009,30,1769018348,minmax
1010,30,1769018348,minmax
1011,30,1769018348,minmax
1012,30,1769018348,minmax
1013,30,1769018348,minmax
1014,30,1769018348,minmax
1015,30,1769018348,minmax
1016,30,1769018348,minmax
1017,30,1769018348,minmax
1018,30,1769018348,minmax
1019,30,1769018348,minmax
1020,30,1769018348,minmax
1021,30,1769018348,minmax
1022,30,1769018348,minmax
1023,30,1769018348,minmax
1024,30,1769018348,minmax
1025,30,1769018348,minmax
1026,30,1769018348,minmax
1027,30,1769018348,minmax
1028,30,1769018348,minmax
1029,30,1769018348,minmax
1030,30,1769018348,minmax
1031,30,1769018348,minmax
1032,30,1769018348,minmax
1033,30,1769018348,minmax
1034,30,1769018348,minmax
1035,30,1769018348,minmax
1036,30,1769018348,minmax
1037,30,1769018348,minmax
1038,30,1769018348,minmax
1039,30,1769018348,minmax
1040,30,1769018348,minmax
1041,30,1769018348,minmax
1042,30,1769018348,minmax
1043,30,1769018348,minmax
1044,30,1769018348,minmax
1045,30,1769018348,minmax
1046,30,1769018348,minmax
1047,30,1769018348,minmax
1048,30,1769018348,minmax
1049,30,1769018348,minmax
1050,30,1769018348,minmax
1051,30,1769018348,minmax
1052,30,1769018348,minmax
1053,30,1769018348,minmax
1054,30,1769018348,minmax
1055,30,1769018348,minmax
1056,30,1769018348,minmax
1057,30,1769018348,minmax
1058,30,1769018348,minmax
1059,30,1769018348,minmax
1060,30,1769018348,minmax
1061,30,1769018348,minmax
1062,30,1769018348,minmax
1063,30,1769018348,minmax
1064,30,1769018348,minmax
1065,30,1769018348,minmax
1066,30,1769018348,minmax
1067,30,1769018348,minmax
1068,30,1769018348,minmax
1069,30,1769018348,minmax
1070,30,1769018348,minmax
1071,30,1769018348,minmax
1072,30,1769018348,minmax
1073,30,1769018348,minmax
1074,30,1769018348,minmax
1075,30,1769018348,minmax
1076,30,1769018348,minmax
1077,30,1769018348,minmax
1078,30,1769018348,minmax
1079,30,1769018348,minmax
1080,30,1769018348,minmax
1081,30,1769018348,minmax
1082,30,1769018348,minmax
1083,30,1769018348,minmax
1084,30,1769018348,minmax
1085,30,1769018348,minmax
1086,30,1769018348,minmax
1087,30,1769018348,minmax
1088,30,1769018348,minmax
1089,30,1769018348,minmax
1090,30,1769018348,minmax
1091,30,1769018348,minmax
1092,30,1769018348,minmax
1093,30,1769018348,minmax
1094,30,1769018348,minmax
1095,30,1769018348,minmax
1096,30,1769018348,minmax
1097,30,1769018348,minmax
1098,30,1769018348,minmax
1099,30,1769018348,minmax
1100,30,1769018348,minmax
1101,30,1769018348,minmax
1102,30,1769018348,minmax
1103,30,1769018348,minmax
1104,30,1769018348,minmax
1105,30,1769018348,minmax
1106,30,1769018348,minmax
1107,30,1769018348,minmax
1108,30,1769018348,minmax
1109,30,1769018348,minmax
1110,30,1769018348,minmax
1111,30,1769018348,minmax
1112,30,1769018348,minmax
1113,30,1769018348,minmax
1114,30,1769018348,minmax
1115,30,1769018348,minmax
1116,30,1769018348,minmax
1117,30,1769018348,minmax
1118,30,1769018348,minmax
1119,30,1769018348,minmax
1120,30,1769018348,minmax
1121,30,1769018348,minmax
1122,30,1769018348,minmax
1123,30,1769018348,minmax
1124,30,1769018348,minmax
1125,30,1769018348,minmax
1126,30,1769018348,minmax
1127,30,1769018348,minmax
1128,30,1769018348,minmax
1129,30,1769018348,minmax
1130,30,1769018348,minmax
1131,30,1769018348,minmax
1132,30,1769018348,minmax
1133,30,1769018348,minmax
1134,30,1769018348,minmax
1135,30,1769018348,minmax
1136,30,1769018348,minmax
1137,30,1769018348,minmax
1138,30,1769018348,minmax
1139,30,1769018348,minmax
1140,30,1769018348,minmax
1141,30,1769018348,minmax
1142,30,1769018348,minmax
1143,30,1769018348,minmax
1144,30,1769018348,minmax
1145,30,1769018348,minmax
1146,30,1769018348,minmax
1147,30,1769018348,minmax
1148,30,1769018348,minmax
1149,30,1769018348,minmax
1150,30,1769018348,minmax
1151,30,1769018348,minmax
1152,30,1769018348,minmax
1153,30,1769018348,minmax
1154,30,1769018348,minmax
1155,30,1769018348,minmax
1156,30,1769018348,minmax
1157,30,1769018348,minmax
1158,30,1769018348,minmax
1159,30,1769018348,minmax
1160,30,1769018348,minmax
1161,30,1769018348,minmax
1162,30,1769018348,minmax
1163,30,1769018348,minmax
1164,30,1769018348,minmax
1165,30,1769018348,minmax
1166,30,1769018348,minmax
1167,30,1769018348,minmax
1168,30,1769018348,minmax
1169,30,1769018348,minmax
1170,30,1769018348,minmax
1171,30,1769018348,minmax
1172,30,1769018348,minmax
1173,30,1769018348,minmax
1174,30,1769018348,minmax
1175,30,1769018348,minmax
1176,30,1769018348,minmax
1177,30,1769018348,minmax
1178,30,1769018348,minmax
1179,30,1769018348,minmax
1180,30,1769018348,minmax
1181,30,1769018348,minmax
1182,30,1769018348,minmax
1183,30,1769018348,minmax
1184,30,1769018348,minmax
1185,30,1769018348,minmax
1186,30,1769018348,minmax
1187,30,1769018348,minmax
1188,30,1769018348,minmax
1189,30,1769018348,minmax
1190,30,1769018348,minmax
1191,30,1769018348,minmax
1192,30,1769018348,minmax
1193,30,1769018348,minmax
1194,30,1769018348,minmax
1195,30,1769018348,minmax
1196,30,1769018348,minmax
1197,30,1769018348,minmax
1198,30,1769018348,minmax
1199,30,1769018348,minmax
1200,30,1769018348,minmax
1201,30,1769018348,minmax
1202,30,1769018348,minmax
1203,30,1769018348,minmax
1204,30,1769018348,minmax
1205,30,1769018348,minmax
1206,30,1769018348,minmax
1207,30,1769018348,minmax
1208,30,1769018348,minmax
1209,30,1769018348,minmax
1210,30,1769018348,minmax
1211,30,1769018348,minmax
1212,30,1769018348,minmax
1213,30,1769018348,minmax
1214,30,1769018348,minmax
1215,30,1769018348,minmax
1216,30,1769018348,minmax
1217,30,1769018348,minmax
1218,30,1769018348,minmax
1219,30,1769018348,minmax
1220,30,1769018348,minmax
1221,30,1769018348,minmax
1222,30,1769018348,minmax
1223,30,1769018348,minmax
1224,30,1769018348,minmax
1225,30,1769018348,minmax
1226,30,1769018348,minmax
1227,30,1769018348,minmax
1228,30,1769018348,minmax
1229,30,1769018348,minmax
1230,30,1769018348,minmax
1231,30,1769018348,minmax
1232,30,1769018348,minmax
1233,30,1769018348,minmax
1234,30,1769018348,minmax
1235,30,1769018348,minmax
1236,30,1769018348,minmax
1237,30,1769018348,minmax
1238,30,1769018348,minmax
1239,30,1769018348,minmax
1240,30,1769018348,minmax
1241,30,1769018348,minmax
1242,30,1769018348,minmax
1243,30,1769018348,minmax
1244,30,1769018348,minmax
1245,30,1769018348,minmax
1246,30,1769018348,minmax
1247,30,1769018348,minmax
1248,30,1769018348,minmax
1249,30,1769018348,minmax
1250,30,1769018348,minmax
1251,30,1769018348,minmax
1252,30,1769018348,minmax
1253,30,1769018348,minmax
1254,30,1769018348,minmax
1255,30,1769018348,minmax
1256,30,1769018348,minmax
1257,30,1769018348,minmax
1258,30,1769018348,minmax
1259,30,1769018348,minmax
1260,30,1769018348,minmax
1261,30,1769018348,minmax
1262,30,1769018348,minmax
1263,30,1769018348,minmax
1264,30,1769018348,minmax
1265,30,1769018348,minmax
1266,30,1769018348,minmax
1267,30,1769018348,minmax
1268,30,1769018348,minmax
1269,30,1769018348,minmax
1270,30,1769018348,minmax
1271,30,1769018348,minmax
1272,30,1769018348,minmax
1273,30,1769018348,minmax
1274,30,1769018348,minmax
1275,30,1769018348,minmax
1276,30,1769018348,minmax
1277,30,1769018348,minmax
1278,30,1769018348,minmax
1279,30,1769018348,minmax
1280,30,1769018348,minmax
1281,30,1769018348,minmax
1282,30,1769018348,minmax
1283,30,1769018348,minmax
1284,30,1769018348,minmax
1285,30,1769018348,minmax
1286,30,1769018348,minmax
1287,30,1769018348,minmax
1288,30,1769018348,minmax
1289,30,1769018348,minmax
1290,30,1769018348,minmax
1291,30,1769018348,minmax
1292,30,1769018348,minmax
1293,30,1769018348,minmax
1294,30,1769018348,minmax
1295,30,1769018348,minmax
1296,30,1769018348,minmax
1297,30,1769018348,minmax
1298,30,1769018348,minmax
1299,30,1769018348,minmax
1300,30,1769018348,minmax
1301,30,1769018348,minmax
1302,30,1769018348,minmax
1303,30,1769018348,minmax
1304,30,1769018348,minmax
1305,30,1769018348,minmax
1306,30,1769018348,minmax
1307,30,1769018348,minmax
1308,30,1769018348,minmax
1309,30,1769018348,minmax
1310,30,1769018348,minmax
1311,30,1769018348,minmax
1312,30,1769018348,minmax
1313,30,1769018348,minmax
1314,30,1769018348,minmax
1315,30,1769018348,minmax
1316,30,1769018348,minmax
1317,30,1769018348,minmax
1318,30,1769018348,minmax
1319,30,1769018348,minmax
1320,30,1769018348,minmax
1321,30,1769018348,minmax
1322,30,1769018348,minmax
1323,30,1769018348,minmax
1324,30,1769018348,minmax
1325,30,1769018348,minmax
1326,30,1769018348,minmax
1327,30,1769018348,minmax
1328,30,1769018348,minmax
1329,30,1769018348,minmax
1330,30,1769018348,minmax
1331,30,1769018348,minmax
1332,30,1769018348,minmax
1333,30,1769018348,minmax
1334,30,1769018348,minmax
1335,30,1769018348,minmax
1336,30,1769018348,minmax
1337,30,1769018348,minmax
1338,30,1769018348,minmax
1339,30,1769018348,minmax
1340,30,1769018348,minmax
1341,30,1769018348,minmax
1342,30,1769018348,minmax
1343,30,1769018348,minmax
1344,30,1769018348,minmax
1345,30,1769018348,minmax
1346,30,1769018348,minmax
1347,30,1769018348,minmax
1348,30,1769018348,minmax
1349,30,1769018348,minmax
1350,30,1769018348,minmax
1351,30,1769018348,minmax
1352,30,1769018348,minmax
1353,30,1769018348,minmax
1354,30,1769018348,minmax
1355,30,1769018348,minmax
1356,30,1769018348,minmax
1357,30,1769018348,minmax
1358,30,1769018348,minmax
1359,30,1769018348,minmax
1360,30,1769018348,minmax
1361,30,1769018348,minmax
1362,30,1769018348,minmax
1363,30,1769018348,minmax
1364,30,1769018348,minmax
1365,30,1769018348,minmax
1366,30,1769018348,minmax
1367,30,1769018348,minmax
1368,30,1769018348,minmax
1369,30,1769018348,minmax
1370,30,1769018348,minmax
1371,30,1769018348,minmax
1372,30,1769018348,minmax
1373,30,1769018348,minmax
1374,30,1769018348,minmax
1375,30,1769018348,minmax
1376,30,1769018348,minmax
1377,30,1769018348,minmax
1378,30,1769018348,minmax
1379,30,1769018348,minmax
1380,30,1769018348,minmax
1381,30,1769018348,minmax
1382,30,1769018348,minmax
1383,30,1769018348,minmax
1384,30,1769018348,minmax
1385,30,1769018348,minmax
1386,30,1769018348,minmax
1387,30,1769018348,minmax
1388,30,1769018348,minmax
1389,30,1769018348,minmax
1390,30,1769018348,minmax
1391,30,1769018348,minmax
1392,30,1769018348,minmax
1393,30,1769018348,minmax
1394,30,1769018348,minmax
1395,30,1769018348,minmax
1396,30,1769018348,minmax
1397,30,1769018348,minmax
1398,30,1769018348,minmax
1399,30,1769018348,minmax
1400,30,1769018348,minmax
1401,30,1769018348,minmax
1402,30,1769018348,minmax
1403,30,1769018348,minmax
1404,30,1769018348,minmax
1405,30,1769018348,minmax
1406,30,1769018348,minmax
1407,30,1769018348,minmax
1408,30,1769018348,minmax
1409,30,1769018348,minmax
1410,30,1769018348,minmax
1411,30,1769018348,minmax
1412,30,1769018348,minmax
1413,30,1769018348,minmax
1414,30,1769018348,minmax
1415,30,1769018348,minmax
1416,30,1769018348,minmax
1417,30,1769018348,minmax
1418,30,1769018348,minmax
1419,30,1769018348,minmax
1420,30,1769018348,minmax
1421,30,1769018348,minmax
1422,30,1769018348,minmax
1423,30,1769018348,minmax
1424,30,1769018348,minmax
1425,30,1769018348,minmax
1426,30,1769018348,minmax
1427,30,1769018348,minmax
1428,30,1769018348,minmax
1429,30,1769018348,minmax
1430,30,1769018348,minmax
1431,30,1769018348,minmax
1432,30,1769018348,minmax
1433,30,1769018348,minmax
1434,30,1769018348,minmax
1435,30,1769018348,minmax
1436,30,1769018348,minmax
1437,30,1769018348,minmax
1438,30,1769018348,minmax
1439,30,1769018348,minmax
1440,30,1769018348,minmax
1441,30,1769018348,minmax
1442,30,1769018348,minmax
1443,30,1769018348,minmax
1444,30,1769018348,minmax
1445,30,1769018348,minmax
1446,30,1769018348,minmax
1447,30,1769018348,minmax
1448,30,1769018348,minmax
1449,30,1769018348,minmax
1450,30,1769018348,minmax
1451,30,1769018348,minmax
1452,30,1769018348,minmax
1453,30,1769018348,minmax
1454,30,1769018348,minmax
1455,30,1769018348,minmax
1456,30,1769018348,minmax
1457,30,1769018348,minmax
1458,30,1769018348,minmax
1459,30,1769018348,minmax
1460,30,1769018348,minmax
1461,30,1769018348,minmax
1462,30,1769018348,minmax
1463,30,1769018348,minmax
1464,30,1769018348,minmax
1465,30,1769018348,minmax
1466,30,1769018348,minmax
1467,30,1769018348,minmax
1468,30,1769018348,minmax
1469,30,1769018348,minmax
1470,30,1769018348,minmax
1471,30,1769018348,minmax
1472,30,1769018348,minmax
1473,30,1769018348,minmax
1474,30,1769018348,minmax
1475,30,1769018348,minmax
1476,30,1769018348,minmax
1477,30,1769018348,minmax
1478,30,1769018348,minmax
1479,30,1769018348,minmax
1480,30,1769018348,minmax
1481,30,1769018348,minmax
1482,30,1769018348,minmax
1483,30,1769018348,minmax
1484,30,1769018348,minmax
1485,30,1769018348,minmax
1486,30,1769018348,minmax
1487,30,1769018348,minmax
1488,30,1769018348,minmax
1489,30,1769018348,minmax
1490,30,1769018348,minmax
1491,30,1769018348,minmax
1492,30,1769018348,minmax
1493,30,1769018348,minmax
1494,30,1769018348,minmax
1495,30,1769018348,minmax
1496,30,1769018348,minmax
1497,30,1769018348,minmax
1498,30,1769018348,minmax
1499,30,1769018348,minmax
1500,30,1769018348,minmax
1501,30,1769018348,minmax
1502,30,1769018348,minmax
1503,30,1769018348,minmax
1504,30,1769018348,minmax
1505,30,1769018348,minmax
1506,30,1769018348,minmax
1507,30,1769018348,minmax
1508,30,1769018348,minmax
1509,30,1769018348,minmax
1510,30,1769018348,minmax
1511,30,1769018348,minmax
1512,30,1769018348,minmax
1513,30,1769018348,minmax
1514,30,1769018348,minmax
1515,30,1769018348,minmax
1516,30,1769018348,minmax
1517,30,1769018348,minmax
1518,30,1769018348,minmax
1519,30,1769018348,minmax
1520,30,1769018348,minmax
1521,30,1769018348,minmax
1522,30,1769018348,minmax
1523,30,1769018348,minmax
1524,30,1769018348,minmax
1525,30,1769018348,minmax
1526,30,1769018348,minmax
1527,30,1769018348,minmax
1528,30,1769018348,minmax
1529,30,1769018348,minmax
1530,30,1769018348,minmax
1531,30,1769018348,minmax
1532,30,1769018348,minmax
1533,30,1769018348,minmax
1534,30,1769018348,minmax
1535,30,1769018348,minmax
1536,30,1769018348,minmax
1537,30,1769018348,minmax
1538,30,1769018348,minmax
1539,30,1769018348,minmax
1540,30,1769018348,minmax
1541,30,1769018348,minmax
1542,30,1769018348,minmax
1543,30,1769018348,minmax
1544,30,1769018348,minmax
1545,30,1769018348,minmax
1546,30,1769018348,minmax
1547,30,1769018348,minmax
1548,30,1769018348,minmax
1549,30,1769018348,minmax
1550,30,1769018348,minmax
1551,30,1769018348,minmax
1552,30,1769018348,minmax
1553,30,1769018348,minmax
1554,30,1769018348,minmax
1555,30,1769018348,minmax
1556,30,1769018348,minmax
1557,30,1769018348,minmax
1558,30,1769018348,minmax
1559,30,1769018348,minmax
1560,30,1769018348,minmax
1561,30,1769018348,minmax
1562,30,1769018348,minmax
1563,30,1769018348,minmax
1564,30,1769018348,minmax
1565,30,1769018348,minmax
1566,30,1769018348,minmax
1567,30,1769018348,minmax
1568,30,1769018348,minmax
1569,30,1769018348,minmax
1570,30,1769018348,minmax
1571,30,1769018348,minmax
1572,30,1769018348,minmax
1573,30,1769018348,minmax
1574,30,1769018348,minmax
1575,30,1769018348,minmax
1576,30,1769018348,minmax
1577,30,1769018348,minmax
1578,30,1769018348,minmax
1579,30,1769018348,minmax
1580,30,1769018348,minmax
1581,30,1769018348,minmax
1582,30,1769018348,minmax
1583,30,1769018348,minmax
1584,30,1769018348,minmax
1585,30,1769018348,minmax
1586,30,1769018348,minmax
1587,30,1769018348,minmax
1588,30,1769018348,minmax
1589,30,1769018348,minmax
1590,30,1769018348,minmax
1591,30,1769018348,minmax
1592,30,1769018348,minmax
1593,30,1769018348,minmax
1594,30,1769018348,minmax
1595,30,1769018348,minmax
1596,30,1769018348,minmax
1597,30,1769018348,minmax
1598,30,1769018348,minmax
1599,30,1769018348,minmax
1600,30,1769018348,minmax
1601,30,1769018348,minmax
1602,30,1769018348,minmax
1603,30,1769018348,minmax
1604,30,1769018348,minmax
1605,30,1769018348,minmax
1606,30,1769018348,minmax
1607,30,1769018348,minmax
1608,30,1769018348,minmax
1609,30,1769018348,minmax
1610,30,1769018348,minmax
1611,30,1769018348,minmax
1612,30,1769018348,minmax
1613,30,1769018348,minmax
1614,30,1769018348,minmax
1615,30,1769018348,minmax
1616,30,1769018348,minmax
1617,30,1769018348,minmax
1618,30,1769018348,minmax
1619,30,1769018348,minmax
1620,30,1769018348,minmax
1621,30,1769018348,minmax
1622,30,1769018348,minmax
1623,30,1769018348,minmax
1624,30,1769018348,minmax
1625,30,1769018348,minmax
1626,30,1769018348,minmax
1627,30,1769018348,minmax
1628,30,1769018348,minmax
1629,30,1769018348,minmax
1630,30,1769018348,minmax
1631,30,1769018348,minmax
1632,30,1769018348,minmax
1633,30,1769018348,minmax
1634,30,1769018348,minmax
1635,30,1769018348,minmax
1636,30,1769018348,minmax
1637,30,1769018348,minmax
1638,30,1769018348,minmax
1639,30,1769018348,minmax
1640,30,1769018348,minmax
1641,30,1769018348,minmax
1642,30,1769018348,minmax
1643,30,1769018348,minmax
1644,30,1769018348,minmax
1645,30,1769018348,minmax
1646,30,1769018348,minmax
1647,30,1769018348,minmax
1648,30,1769018348,minmax
1649,30,1769018348,minmax
1650,30,1769018348,minmax
1651,30,1769018348,minmax
1652,30,1769018348,minmax
1653,30,1769018348,minmax
1654,30,1769018348,minmax
1655,30,1769018348,minmax
1656,30,1769018348,minmax
1657,30,1769018348,minmax
1658,30,1769018348,minmax
1659,30,1769018348,minmax
1660,30,1769018348,minmax
1661,30,1769018348,minmax
1662,30,1769018348,minmax
1663,30,1769018348,minmax
1664,30,1769018348,minmax
1665,30,1769018348,minmax
1666,30,1769018348,minmax
1667,30,1769018348,minmax
1668,30,1769018348,minmax
1669,30,1769018348,minmax
1670,30,1769018348,minmax
1671,30,1769018348,minmax
1672,30,1769018348,minmax
1673,30,1769018348,minmax
1674,30,1769018348,minmax
1675,30,1769018348,minmax
1676,30,1769018348,minmax
1677,30,1769018348,minmax
1678,30,1769018348,minmax
1679,30,1769018348,minmax
1680,30,1769018348,minmax
1681,30,1769018348,minmax
1682,30,1769018348,minmax
1683,30,1769018348,minmax
1684,30,1769018348,minmax
1685,30,1769018348,minmax
1686,30,1769018348,minmax
1687,30,1769018348,minmax
1688,30,1769018348,minmax
1689,30,1769018348,minmax
1690,30,1769018348,minmax
1691,30,1769018348,minmax
1692,30,1769018348,minmax
1693,30,1769018348,minmax
1694,30,1769018348,minmax
1695,30,1769018348,minmax
1696,30,1769018348,minmax
1697,30,1769018348,minmax
1698,30,1769018348,minmax
1699,30,1769018348,minmax
1700,30,1769018348,minmax
1701,30,1769018348,minmax
1702,30,1769018348,minmax
1703,30,1769018348,minmax
1704,30,1769018348,minmax
1705,30,1769018348,minmax
1706,30,1769018348,minmax
1707,30,1769018348,minmax
1708,30,1769018348,minmax
1709,30,1769018348,minmax
1710,30,1769018348,minmax
1711,30,1769018348,minmax
1712,30,1769018348,minmax
1713,30,1769018348,minmax
1714,30,1769018348,minmax
1715,30,1769018348,minmax
1716,30,1769018348,minmax
1717,30,1769018348,minmax
1718,30,1769018348,minmax
1719,30,1769018348,minmax
1720,30,1769018348,minmax
1721,30,1769018348,minmax
1722,30,1769018348,minmax
1723,30,1769018348,minmax
1724,30,1769018348,minmax
1725,30,1769018348,minmax
1726,30,1769018348,minmax
1727,30,1769018348,minmax
1728,30,1769018348,minmax
1729,30,1769018348,minmax
1730,30,1769018348,minmax
1731,30,1769018348,minmax
1732,30,1769018348,minmax
1733,30,1769018348,minmax
1734,30,1769018348,minmax
1735,30,1769018348,minmax
1736,30,1769018348,minmax
1737,30,1769018348,minmax
1738,30,1769018348,minmax
1739,30,1769018348,minmax
1740,30,1769018348,minmax
1741,30,1769018348,minmax
1742,30,1769018348,minmax
1743,30,1769018348,minmax
1744,30,1769018348,minmax
1745,30,1769018348,minmax
1746,30,1769018348,minmax
1747,30,1769018348,minmax
1748,30,1769018348,minmax
1749,30,1769018348,minmax
1750,30,1769018348,minmax
1751,30,1769018348,minmax
1752,30,1769018348,minmax
1753,30,1769018348,minmax
1754,30,1769018348,minmax
1755,30,1769018348,minmax
1756,30,1769018348,minmax
1757,30,1769018348,minmax
1758,30,1769018348,minmax
1759,30,1769018348,minmax
1760,30,1769018348,minmax
1761,30,1769018348,minmax
1762,30,1769018348,minmax
1763,30,1769018348,minmax
1764,30,1769018348,minmax
1765,30,1769018348,minmax
1766,30,1769018348,minmax
1767,30,1769018348,minmax
1768,30,1769018348,minmax
1769,30,1769018348,minmax
1770,30,1769018348,minmax
1771,30,1769018348,minmax
1772,30,1769018348,minmax
1773,30,1769018348,minmax
1774,30,1769018348,minmax
1775,30,1769018348,minmax
1776,30,1769018348,minmax
1777,30,1769018348,minmax
1778,30,1769018348,minmax
1779,30,1769018348,minmax
1780,30,1769018348,minmax
1781,30,1769018348,minmax
1782,30,1769018348,minmax
1783,30,1769018348,minmax
1784,30,1769018348,minmax
1785,30,1769018348,minmax
1786,30,1769018348,minmax
1787,30,1769018348,minmax
1788,30,1769018348,minmax
1789,30,1769018348,minmax
1790,30,1769018348,minmax
1791,30,1769018348,minmax
1792,30,1769018348,minmax
1793,30,1769018348,minmax
1794,30,1769018348,minmax
1795,30,1769018348,minmax
1796,30,1769018348,minmax
1797,30,1769018348,minmax
1798,30,1769018348,minmax
1799,30,1769018348,minmax
1800,30,1769018348,minmax
1801,30,1769018348,minmax
1802,30,1769018348,minmax
1803,30,1769018348,minmax
1804,30,1769018348,minmax
1805,30,1769018348,minmax
1806,30,1769018348,minmax
1807,30,1769018348,minmax
1808,30,1769018348,minmax
1809,30,1769018348,minmax
1810,30,1769018348,minmax
1811,30,1769018348,minmax
1812,30,1769018348,minmax
1813,30,1769018348,minmax
1814,30,1769018348,minmax
1815,30,1769018348,minmax
1816,30,1769018348,minmax
1817,30,1769018348,minmax
1818,30,1769018348,minmax
1819,30,1769018348,minmax
1820,30,1769018348,minmax
1821,30,1769018348,minmax
1822,30,1769018348,minmax
1823,30,1769018348,minmax
1824,30,1769018348,minmax
1825,30,1769018348,minmax
1826,30,1769018348,minmax
1827,30,1769018348,minmax
1828,30,1769018348,minmax
1829,30,1769018348,minmax
1830,30,1769018348,minmax
1831,30,1769018348,minmax
1832,30,1769018348,minmax
1833,30,1769018348,minmax
1834,30,1769018348,minmax
1835,30,1769018348,minmax
1836,30,1769018348,minmax
1837,30,1769018348,minmax
1838,30,1769018348,minmax
1839,30,1769018348,minmax
1840,30,1769018348,minmax
1841,30,1769018348,minmax
1842,30,1769018348,minmax
1843,30,1769018348,minmax
1844,30,1769018348,minmax
1845,30,1769018348,minmax
1846,30,1769018348,minmax
1847,30,1769018348,minmax
1848,30,1769018348,minmax
1849,30,1769018348,minmax
1850,30,1769018348,minmax
1851,30,1769018348,minmax
1852,30,1769018348,minmax
1853,30,1769018348,minmax
1854,30,1769018348,minmax
1855,30,1769018348,minmax
1856,30,1769018348,minmax
1857,30,1769018348,minmax
1858,30,1769018348,minmax
1859,30,1769018348,minmax
1860,30,1769018348,minmax
1861,30,1769018348,minmax
1862,30,1769018348,minmax
1863,30,1769018348,minmax
1864,30,1769018348,minmax
1865,30,1769018348,minmax
1866,30,1769018348,minmax
1867,30,1769018348,minmax
1868,30,1769018348,minmax
1869,30,1769018348,minmax
1870,30,1769018348,minmax
1871,30,1769018348,minmax
1872,30,1769018348,minmax
1873,30,1769018348,minmax
1874,30,1769018348,minmax
1875,30,1769018348,minmax
1876,30,1769018348,minmax
1877,30,1769018348,minmax
1878,30,1769018348,minmax
1879,30,1769018348,minmax
1880,30,1769018348,minmax
1881,30,1769018348,minmax
1882,30,1769018348,minmax
1883,30,1769018348,minmax
1884,30,1769018348,minmax
1885,30,1769018348,minmax
1886,30,1769018348,minmax
1887,30,1769018348,minmax
1888,30,1769018348,minmax
1889,30,1769018348,minmax
1890,30,1769018348,minmax
1891,30,1769018348,minmax
1892,30,1769018348,minmax
1893,30,1769018348,minmax
1894,30,1769018348,minmax
1895,30,1769018348,minmax
1896,30,1769018348,minmax
1897,30,1769018348,minmax
1898,30,1769018348,minmax
1899,30,1769018348,minmax
1900,30,1769018348,minmax
1901,30,1769018348,minmax
1902,30,1769018348,minmax
1903,30,1769018348,minmax
1904,30,1769018348,minmax
1905,30,1769018348,minmax
1906,30,1769018348,minmax
1907,30,1769018348,minmax
1908,30,1769018348,minmax
1909,30,1769018348,minmax
1910,30,1769018348,minmax
1911,30,1769018348,minmax
1912,30,1769018348,minmax
1913,30,1769018348,minmax
1914,30,1769018348,minmax
1915,30,1769018348,minmax
1916,30,1769018348,minmax
1917,30,1769018348,minmax
1918,30,1769018348,minmax
1919,30,1769018348,minmax
1920,30,1769018348,minmax
1921,30,1769018348,minmax
1922,30,1769018348,minmax
1923,30,1769018348,minmax
1924,30,1769018348,minmax
1925,30,1769018348,minmax
1926,30,1769018348,minmax
1927,30,1769018348,minmax
1928,30,1769018348,minmax
1929,30,1769018348,minmax
1930,30,1769018348,minmax
1931,30,1769018348,minmax
1932,30,1769018348,minmax
1933,30,1769018348,minmax
1934,30,1769018348,minmax
1935,30,1769018348,minmax
1936,30,1769018348,minmax
1937,30,1769018348,minmax
1938,30,1769018348,minmax
1939,30,1769018348,minmax
1940,30,1769018348,minmax
1941,30,1769018348,minmax
1942,30,1769018348,minmax
1943,30,1769018348,minmax
1944,30,1769018348,minmax
1945,30,1769018348,minmax
1946,30,1769018348,minmax
1947,30,1769018348,minmax
1948,30,1769018348,minmax
1949,30,1769018348,minmax
1950,30,1769018348,minmax
1951,30,1769018348,minmax
1952,30,1769018348,minmax
1953,30,1769018348,minmax
1954,30,1769018348,minmax
1955,30,1769018348,minmax
1956,30,1769018348,minmax
1957,30,1769018348,minmax
1958,30,1769018348,minmax
1959,30,1769018348,minmax
1960,30,1769018348,minmax
1961,30,1769018348,minmax
1962,30,1769018348,minmax
1963,30,1769018348,minmax
1964,30,1769018348,minmax
1965,30,1769018348,minmax
1966,30,1769018348,minmax
1967,30,1769018348,minmax
1968,30,1769018348,minmax
1969,30,1769018348,minmax
1970,30,1769018348,minmax
1971,30,1769018348,minmax
1972,30,1769018348,minmax
1973,30,1769018348,minmax
1974,30,1769018348,minmax
1975,30,1769018348,minmax
1976,30,1769018348,minmax
1977,30,1769018348,minmax
1978,30,1769018348,minmax
1979,30,1769018348,minmax
1980,30,1769018348,minmax
1981,30,1769018348,minmax
1982,30,1769018348,minmax
1983,30,1769018348,minmax
1984,30,1769018348,minmax
1985,30,1769018348,minmax
1986,30,1769018348,minmax
1987,30,1769018348,minmax
1988,30,1769018348,minmax
1989,30,1769018348,minmax
1990,30,1769018348,minmax
1991,30,1769018348,minmax
1992,30,1769018348,minmax
1993,30,1769018348,minmax
1994,30,1769018348,minmax
1995,30,1769018348,minmax
1996,30,1769018348,minmax
1997,30,1769018348,minmax
1998,30,1769018348,minmax
1999,30,1769018348,minmax
2000,30,1769018348,minmax
2001,30,1769018348,minmax
1,0,1769018323,minmax
2,0,1769018323,minmax
3,0,1769018323,minmax
4,0,1769018323,minmax
5,30,1769018323,minmax
6,0,1769018323,minmax
7,0,1769018323,minmax
8,0,1769018323,minmax
9,30,1769018323,minmax
10,30,1769018323,minmax
11,30,1769018323,minmax
12,30,1769018323,minmax
13,30,1769018323,minmax
14,30,1769018323,minmax
15,30,1769018323,minmax
16,0,1769018323,minmax
17,0,1769018323,minmax
18,30,1769018323,minmax
19,30,1769018323,minmax
20,30,1769018323,minmax
21,30,1769018323,minmax
22,30,1769018323,minmax
23,30,1769018323,minmax
24,30,1769018323,minmax
25,0,1769018323,minmax
26,30,1769018323,minmax
27,0,1769018323,minmax
28,30,1769018323,minmax
29,30,1769018323,minmax
30,30,1769018323,minmax
31,30,1769018323,minmax
32,30,1769018323,minmax
33,30,1769018323,minmax
34,30,1769018323,minmax
35,30,1769018323,minmax
36,30,1769018323,minmax
37,30,1769018323,minmax
38,30,1769018323,minmax
39,30,1769018323,minmax
40,30,1769018323,minmax
41,30,1769018323,minmax
42,30,1769018323,minmax
43,0,1769018323,minmax
44,30,1769018323,minmax
45,30,1769018323,minmax
46,30,1769018323,minmax
47,30,1769018323,minmax
48,30,1769018323,minmax
49,30,1769018323,minmax
50,30,1769018323,minmax
51,30,1769018323,minmax
52,30,1769018323,minmax
53,30,1769018323,minmax
54,30,1769018323,minmax
55,30,1769018323,minmax
56,30,1769018323,minmax
57,30,1769018323,minmax
58,30,1769018323,minmax
59,30,1769018323,minmax
60,30,1769018323,minmax
61,30,1769018323,minmax
62,30,1769018323,minmax
63,30,1769018323,minmax
64,30,1769018323,minmax
65,30,1769018323,minmax
66,30,1769018323,minmax
67,30,1769018323,minmax
68,30,1769018323,minmax
69,30,1769018323,minmax
70,30,1769018323,minmax
71,30,1769018323,minmax
72,30,1769018323,minmax
73,30,1769018323,minmax
74,30,1769018323,minmax
75,30,1769018323,minmax
76,30,1769018323,minmax
77,30,1769018323,minmax
78,30,1769018323,minmax
79,30,1769018323,minmax
80,30,1769018323,minmax
81,30,1769018323,minmax
82,30,1769018323,minmax
83,30,1769018323,minmax
84,30,1769018323,minmax
85,30,1769018323,minmax
86,30,1769018323,minmax
87,30,1769018323,minmax
88,30,1769018323,minmax
89,30,1769018323,minmax
90,30,1769018323,minmax
91,30,1769018323,minmax
92,30,1769018323,minmax
93,30,1769018323,minmax
94,30,1769018323,minmax
95,30,1769018323,minmax
96,30,1769018323,minmax
97,30,1769018323,minmax
98,30,1769018323,minmax
99,30,1769018323,minmax
100,30,1769018323,minmax
101,30,1769018323,minmax
102,30,1769018323,minmax
103,30,1769018323,minmax
104,30,1769018323,minmax
105,30,1769018323,minmax
106,30,1769018323,minmax
107,30,1769018323,minmax
108,30,1769018323,minmax
109,30,1769018323,minmax
110,30,1769018323,minmax
111,30,1769018323,minmax
112,30,1769018323,minmax
113,30,1769018323,minmax
114,30,1769018323,minmax
115,30,1769018323,minmax
116,30,1769018323,minmax
117,30,1769018323,minmax
118,30,1769018323,minmax
119,30,1769018323,minmax
120,30,1769018323,minmax
121,30,1769018323,minmax
122,30,1769018323,minmax
123,0,1769018323,minmax
124,30,1769018323,minmax
125,30,1769018323,minmax
126,30,1769018323,minmax
127,30,1769018323,minmax
128,30,1769018323,minmax
129,30,1769018323,minmax
130,30,1769018323,minmax
131,30,1769018323,minmax
132,30,1769018323,minmax
133,30,1769018323,minmax
134,30,1769018323,minmax
135,30,1769018323,minmax
136,30,1769018323,minmax
137,30,1769018323,minmax
138,30,1769018323,minmax
139,30,1769018323,minmax
140,30,1769018323,minmax
141,30,1769018323,minmax
142,30,1769018323,minmax
143,30,1769018323,minmax
144,30,1769018323,minmax
145,30,1769018323,minmax
146,30,1769018323,minmax
147,30,1769018323,minmax
148,30,1769018323,minmax
149,30,1769018323,minmax
150,30,1769018323,minmax
151,30,1769018323,minmax
152,30,1769018323,minmax
153,30,1769018323,minmax
154,30,1769018323,minmax
155,30,1769018323,minmax
156,30,1769018323,minmax
157,30,1769018323,minmax
158,30,1769018323,minmax
159,30,1769018323,minmax
160,30,1769018323,minmax
161,30,1769018323,minmax
162,30,1769018323,minmax
163,30,1769018323,minmax
164,30,1769018323,minmax
165,30,1769018323,minmax
166,30,1769018323,minmax
167,30,1769018323,minmax
168,30,1769018323,minmax
169,30,1769018323,minmax
170,30,1769018323,minmax
171,30,1769018323,minmax
172,30,1769018323,minmax
173,30,1769018323,minmax
174,30,1769018323,minmax
175,30,1769018323,minmax
176,30,1769018323,minmax
177,30,1769018323,minmax
178,30,1769018323,minmax
179,30,1769018323,minmax
180,30,1769018323,minmax
181,30,1769018323,minmax
182,30,1769018323,minmax
183,30,1769018323,minmax
184,30,1769018323,minmax
185,30,1769018323,minmax
186,30,1769018323,minmax
187,30,1769018323,minmax
188,30,1769018323,minmax
189,30,1769018323,minmax
190,30,1769018323,minmax
191,30,1769018323,minmax
192,30,1769018323,minmax
193,30,1769018323,minmax
194,30,1769018323,minmax
195,30,1769018323,minmax
196,30,1769018323,minmax
197,0,1769018323,minmax
198,30,1769018323,minmax
199,30,1769018323,minmax
200,30,1769018323,minmax
201,30,1769018323,minmax
202,30,1769018323,minmax
203,0,1769018323,minmax
204,30,1769018323,minmax
205,30,1769018323,minmax
206,30,1769018323,minmax
207,30,1769018323,minmax
208,30,1769018323,minmax
209,30,1769018323,minmax
210,30,1769018323,minmax
211,30,1769018323,minmax
212,30,1769018323,minmax
213,30,1769018323,minmax
214,30,1769018323,minmax
215,30,1769018323,minmax
216,30,1769018323,minmax
217,30,1769018323,minmax
218,30,1769018323,minmax
219,30,1769018323,minmax
220,30,1769018323,minmax
221,30,1769018323,minmax
222,30,1769018323,minmax
223,30,1769018323,minmax
224,30,1769018323,minmax
225,30,1769018323,minmax
226,30,1769018323,minmax
227,30,1769018323,minmax
228,30,1769018323,minmax
229,30,1769018323,minmax
230,30,1769018323,minmax
231,30,1769018323,minmax
232,30,1769018323,minmax
233,30,1769018323,minmax
234,30,1769018323,minmax
235,30,1769018323,minmax
236,30,1769018323,minmax
237,30,1769018323,minmax
238,30,1769018323,minmax
239,30,1769018323,minmax
240,30,1769018323,minmax
241,30,1769018323,minmax
242,30,1769018323,minmax
243,30,1769018323,minmax
244,30,1769018323,minmax
245,30,1769018323,minmax
246,30,1769018323,minmax
247,30,1769018323,minmax
248,30,1769018323,minmax
249,30,1769018323,minmax
250,30,1769018323,minmax
251,30,1769018323,minmax
252,30,1769018323,minmax
253,30,1769018323,minmax
254,30,1769018323,minmax
255,30,1769018323,minmax
256,30,1769018323,minmax
257,30,1769018323,minmax
258,30,1769018323,minmax
259,30,1769018323,minmax
260,30,1769018323,minmax
261,30,1769018323,minmax
262,30,1769018323,minmax
263,30,1769018323,minmax
264,30,1769018323,minmax
265,30,1769018323,minmax
266,30,1769018323,minmax
267,30,1769018323,minmax
268,30,1769018323,minmax
269,30,1769018323,minmax
270,30,1769018323,minmax
271,30,1769018323,minmax
272,30,1769018323,minmax
273,30,1769018323,minmax
274,30,1769018323,minmax
275,30,1769018323,minmax
276,30,1769018323,minmax
277,30,1769018323,minmax
278,30,1769018323,minmax
279,30,1769018323,minmax
280,30,1769018323,minmax
281,30,1769018323,minmax
282,30,1769018323,minmax
283,30,1769018323,minmax
284,30,1769018323,minmax
285,30,1769018323,minmax
286,30,1769018323,minmax
287,30,1769018323,minmax
288,30,1769018323,minmax
289,30,1769018323,minmax
290,30,1769018323,minmax
291,30,1769018323,minmax
292,30,1769018323,minmax
293,30,1769018323,minmax
294,30,1769018323,minmax
295,30,1769018323,minmax
296,30,1769018323,minmax
297,30,1769018323,minmax
298,30,1769018323,minmax
299,30,1769018323,minmax
300,30,1769018323,minmax
301,30,1769018323,minmax
302,30,1769018323,minmax
303,30,1769018323,minmax
304,30,1769018323,minmax
305,30,1769018323,minmax
306,30,1769018323,minmax
307,30,1769018323,minmax
308,30,1769018323,minmax
309,30,1769018323,minmax
310,30,1769018323,minmax
311,30,1769018323,minmax
312,30,1769018323,minmax
313,30,1769018323,minmax
314,30,1769018323,minmax
315,30,1769018323,minmax
316,30,1769018323,minmax
317,30,1769018323,minmax
318,30,1769018323,minmax
319,30,1769018323,minmax
320,30,1769018323,minmax
321,30,1769018323,minmax
322,30,1769018323,minmax
323,30,1769018323,minmax
324,30,1769018323,minmax
325,30,1769018323,minmax
326,30,1769018323,minmax
327,30,1769018323,minmax
328,30,1769018323,minmax
329,30,1769018323,minmax
330,30,1769018323,minmax
331,30,1769018323,minmax
332,30,1769018323,minmax
333,30,1769018323,minmax
334,30,1769018323,minmax
335,30,1769018323,minmax
336,30,1769018323,minmax
337,30,1769018323,minmax
338,30,1769018323,minmax
339,30,1769018323,minmax
340,30,1769018323,minmax
341,30,1769018323,minmax
342,30,1769018323,minmax
343,30,1769018323,minmax
344,30,1769018323,minmax
345,30,1769018323,minmax
346,30,1769018323,minmax
347,30,1769018323,minmax
348,30,1769018323,minmax
349,30,1769018323,minmax
350,30,1769018323,minmax
351,30,1769018323,minmax
352,30,1769018323,minmax
353,30,1769018323,minmax
354,30,1769018323,minmax
355,30,1769018323,minmax
356,30,1769018323,minmax
357,30,1769018323,minmax
358,30,1769018323,minmax
359,30,1769018323,minmax
360,30,1769018323,minmax
361,30,1769018323,minmax
362,30,1769018323,minmax
363,30,1769018323,minmax
364,30,1769018323,minmax
365,30,1769018323,minmax
366,30,1769018323,minmax
367,30,1769018323,minmax
368,30,1769018323,minmax
369,30,1769018323,minmax
370,30,1769018323,minmax
371,30,1769018323,minmax
372,30,1769018323,minmax
373,30,1769018323,minmax
374,30,1769018323,minmax
375,30,1769018323,minmax
376,30,1769018323,minmax
377,30,1769018323,minmax
378,30,1769018323,minmax
379,30,1769018323,minmax
380,30,1769018323,minmax
381,30,1769018323,minmax
382,30,1769018323,minmax
383,30,1769018323,minmax
384,30,1769018323,minmax
385,30,1769018323,minmax
386,30,1769018323,minmax
387,30,1769018323,minmax
388,30,1769018323,minmax
389,30,1769018323,minmax
390,30,1769018323,minmax
391,30,1769018323,minmax
392,30,1769018323,minmax
393,30,1769018323,minmax
394,30,1769018323,minmax
395,30,1769018323,minmax
396,30,1769018323,minmax
397,30,1769018323,minmax
398,30,1769018323,minmax
399,30,1769018323,minmax
400,30,1769018323,minmax
401,30,1769018323,minmax
402,30,1769018323,minmax
403,30,1769018323,minmax
404,30,1769018323,minmax
405,30,1769018323,minmax
406,30,1769018323,minmax
407,30,1769018323,minmax
408,30,1769018323,minmax
409,30,1769018323,minmax
410,30,1769018323,minmax
411,30,1769018323,minmax
412,30,1769018323,minmax
413,30,1769018323,minmax
414,30,1769018323,minmax
415,30,1769018323,minmax
416,30,1769018323,minmax
417,30,1769018323,minmax
418,30,1769018323,minmax
419,30,1769018323,minmax
420,30,1769018323,minmax
421,30,1769018323,minmax
422,30,1769018323,minmax
423,30,1769018323,minmax
424,30,1769018323,minmax
425,30,1769018323,minmax
426,30,1769018323,minmax
427,30,1769018323,minmax
428,30,1769018323,minmax
429,30,1769018323,minmax
430,30,1769018323,minmax
431,30,1769018323,minmax
432,30,1769018323,minmax
433,30,1769018323,minmax
434,30,1769018323,minmax
435,30,1769018323,minmax
436,30,1769018323,minmax
437,30,1769018323,minmax
438,30,1769018323,minmax
439,30,1769018323,minmax
440,30,1769018323,minmax
441,30,1769018323,minmax
442,30,1769018323,minmax
443,30,1769018323,minmax
444,30,1769018323,minmax
445,30,1769018323,minmax
446,30,1769018323,minmax
447,30,1769018323,minmax
448,30,1769018323,minmax
449,30,1769018323,minmax
450,30,1769018323,minmax
451,30,1769018323,minmax
452,30,1769018323,minmax
453,30,1769018323,minmax
454,30,1769018323,minmax
455,30,1769018323,minmax
456,30,1769018323,minmax
457,30,1769018323,minmax
458,30,1769018323,minmax
459,30,1769018323,minmax
460,30,1769018323,minmax
461,30,1769018323,minmax
462,30,1769018323,minmax
463,30,1769018323,minmax
464,30,1769018323,minmax
465,30,1769018323,minmax
466,30,1769018323,minmax
467,30,1769018323,minmax
468,30,1769018323,minmax
469,30,1769018323,minmax
470,30,1769018323,minmax
471,30,1769018323,minmax
472,30,1769018323,minmax
473,30,1769018323,minmax
474,30,1769018323,minmax
475,30,1769018323,minmax
476,30,1769018323,minmax
477,30,1769018323,minmax
478,30,1769018323,minmax
479,30,1769018323,minmax
480,30,1769018323,minmax
481,30,1769018323,minmax
482,30,1769018323,minmax
483,30,1769018323,minmax
484,30,1769018323,minmax
485,30,1769018323,minmax
486,30,1769018323,minmax
487,30,1769018323,minmax
488,30,1769018323,minmax
489,30,1769018323,minmax
490,30,1769018323,minmax
491,30,1769018323,minmax
492,30,1769018323,minmax
493,30,1769018323,minmax
494,30,1769018323,minmax
495,30,1769018323,minmax
496,30,1769018323,minmax
497,30,1769018323,minmax
498,30,1769018323,minmax
499,30,1769018323,minmax
500,30,1769018323,minmax
501,30,1769018323,minmax
502,30,1769018323,minmax
503,30,1769018323,minmax
504,30,1769018323,minmax
505,30,1769018323,minmax
506,30,1769018323,minmax
507,30,1769018323,minmax
508,30,1769018323,minmax
509,30,1769018323,minmax
510,30,1769018323,minmax
511,30,1769018323,minmax
512,30,1769018323,minmax
513,30,1769018323,minmax
514,30,1769018323,minmax
515,30,1769018323,minmax
516,30,1769018323,minmax
517,30,1769018323,minmax
518,30,1769018323,minmax
519,30,1769018323,minmax
520,30,1769018323,minmax
521,30,1769018323,minmax
522,30,1769018323,minmax
523,30,1769018323,minmax
524,30,1769018323,minmax
525,30,1769018323,minmax
526,30,1769018323,minmax
527,30,1769018323,minmax
528,30,1769018323,minmax
529,30,1769018323,minmax
530,30,1769018323,minmax
531,30,1769018323,minmax
532,30,1769018323,minmax
533,30,1769018323,minmax
534,30,1769018323,minmax
535,30,1769018323,minmax
536,30,1769018323,minmax
537,30,1769018323,minmax
538,30,1769018323,minmax
539,30,1769018323,minmax
540,30,1769018323,minmax
541,30,1769018323,minmax
542,30,1769018323,minmax
543,30,1769018323,minmax
544,30,1769018323,minmax
545,30,1769018323,minmax
546,30,1769018323,minmax
547,30,1769018323,minmax
548,30,1769018323,minmax
549,30,1769018323,minmax
550,30,1769018323,minmax
551,30,1769018323,minmax
552,30,1769018323,minmax
553,30,1769018323,minmax
554,30,1769018323,minmax
555,30,1769018323,minmax
556,30,1769018323,minmax
557,30,1769018323,minmax
558,30,1769018323,minmax
559,30,1769018323,minmax
560,30,1769018323,minmax
561,30,1769018323,minmax
562,30,1769018323,minmax
563,30,1769018323,minmax
564,30,1769018323,minmax
565,30,1769018323,minmax
566,30,1769018323,minmax
567,30,1769018323,minmax
568,30,1769018323,minmax
569,30,1769018323,minmax
570,30,1769018323,minmax
571,30,1769018323,minmax
572,30,1769018323,minmax
573,30,1769018323,minmax
574,30,1769018323,minmax
575,30,1769018323,minmax
576,30,1769018323,minmax
577,30,1769018323,minmax
578,30,1769018323,minmax
579,30,1769018323,minmax
580,30,1769018323,minmax
581,30,1769018323,minmax
582,30,1769018323,minmax
583,30,1769018323,minmax
584,30,1769018323,minmax
585,30,1769018323,minmax
586,30,1769018323,minmax
587,30,1769018323,minmax
588,30,1769018323,minmax
589,30,1769018323,minmax
590,30,1769018323,minmax
591,30,1769018323,minmax
592,30,1769018323,minmax
593,30,1769018323,minmax
594,30,1769018323,minmax
595,30,1769018323,minmax
596,30,1769018323,minmax
597,30,1769018323,minmax
598,30,1769018323,minmax
599,30,1769018323,minmax
600,30,1769018323,minmax
601,30,1769018323,minmax
602,30,1769018323,minmax
603,30,1769018323,minmax
604,30,1769018323,minmax
605,30,1769018323,minmax
606,30,1769018323,minmax
607,30,1769018323,minmax
608,30,1769018323,minmax
609,30,1769018323,minmax
610,30,1769018323,minmax
611,30,1769018323,minmax
612,30,1769018323,minmax
613,30,1769018323,minmax
614,30,1769018323,minmax
615,30,1769018323,minmax
616,30,1769018323,minmax
617,30,1769018323,minmax
618,30,1769018323,minmax
619,30,1769018323,minmax
620,30,1769018323,minmax
621,30,1769018323,minmax
622,30,1769018323,minmax
623,30,1769018323,minmax
624,30,1769018323,minmax
625,30,1769018323,minmax
626,30,1769018323,minmax
627,30,1769018323,minmax
628,30,1769018323,minmax
629,30,1769018323,minmax
630,30,1769018323,minmax
631,30,1769018323,minmax
632,30,1769018323,minmax
633,30,1769018323,minmax
634,30,1769018323,minmax
635,30,1769018323,minmax
636,30,1769018323,minmax
637,30,1769018323,minmax
638,30,1769018323,minmax
639,30,1769018323,minmax
640,30,1769018323,minmax
641,30,1769018323,minmax
642,30,1769018323,minmax
643,30,1769018323,minmax
644,30,1769018323,minmax
645,30,1769018323,minmax
646,30,1769018323,minmax
647,30,1769018323,minmax
648,30,1769018323,minmax
649,30,1769018323,minmax
650,30,1769018323,minmax
651,30,1769018323,minmax
652,30,1769018323,minmax
653,30,1769018323,minmax
654,30,1769018323,minmax
655,30,1769018323,minmax
656,30,1769018323,minmax
657,30,1769018323,minmax
658,30,1769018323,minmax
659,30,1769018323,minmax
660,30,1769018323,minmax
661,30,1769018323,minmax
662,30,1769018323,minmax
663,30,1769018323,minmax
664,30,1769018323,minmax
665,30,1769018323,minmax
666,30,1769018323,minmax
667,30,1769018323,minmax
668,30,1769018323,minmax
669,30,1769018323,minmax
670,30,1769018323,minmax
671,30,1769018323,minmax
672,30,1769018323,minmax
673,30,1769018323,minmax
674,30,1769018323,minmax
675,30,1769018323,minmax
676,30,1769018323,minmax
677,30,1769018323,minmax
678,30,1769018323,minmax
679,30,1769018323,minmax
680,30,1769018323,minmax
681,30,1769018323,minmax
682,30,1769018323,minmax
683,30,1769018323,minmax
684,30,1769018323,minmax
685,30,1769018323,minmax
686,30,1769018323,minmax
687,30,1769018323,minmax
688,30,1769018323,minmax
689,30,1769018323,minmax
690,30,1769018323,minmax
691,30,1769018323,minmax
692,30,1769018323,minmax
693,30,1769018323,minmax
694,30,1769018323,minmax
695,30,1769018323,minmax
696,30,1769018323,minmax
697,30,1769018323,minmax
698,30,1769018323,minmax
699,30,1769018323,minmax
700,30,1769018323,minmax
701,30,1769018323,minmax
702,30,1769018323,minmax
703,30,1769018323,minmax
704,30,1769018323,minmax
705,30,1769018323,minmax
706,30,1769018323,minmax
707,30,1769018323,minmax
708,30,1769018323,minmax
709,30,1769018323,minmax
710,30,1769018323,minmax
711,30,1769018323,minmax
712,30,1769018323,minmax
713,30,1769018323,minmax
714,30,1769018323,minmax
715,30,1769018323,minmax
716,30,1769018323,minmax
717,30,1769018323,minmax
718,30,1769018323,minmax
719,30,1769018323,minmax
720,30,1769018323,minmax
721,30,1769018323,minmax
722,30,1769018323,minmax
723,30,1769018323,minmax
724,30,1769018323,minmax
725,30,1769018323,minmax
726,30,1769018323,minmax
727,30,1769018323,minmax
728,30,1769018323,minmax
729,30,1769018323,minmax
730,30,1769018323,minmax
731,30,1769018323,minmax
732,30,1769018323,minmax
733,30,1769018323,minmax
734,30,1769018323,minmax
735,30,1769018323,minmax
736,30,1769018323,minmax
737,30,1769018323,minmax
738,30,1769018323,minmax
739,30,1769018323,minmax
740,30,1769018323,minmax
741,30,1769018323,minmax
742,30,1769018323,minmax
743,30,1769018323,minmax
744,30,1769018323,minmax
745,30,1769018323,minmax
746,30,1769018323,minmax
747,30,1769018323,minmax
748,30,1769018323,minmax
749,30,1769018323,minmax
750,30,1769018323,minmax
751,30,1769018323,minmax
752,30,1769018323,minmax
753,30,1769018323,minmax
754,30,1769018323,minmax
755,30,1769018323,minmax
756,30,1769018323,minmax
757,30,1769018323,minmax
758,30,1769018323,minmax
759,30,1769018323,minmax
760,30,1769018323,minmax
761,30,1769018323,minmax
762,30,1769018323,minmax
763,30,1769018323,minmax
764,30,1769018323,minmax
765,30,1769018323,minmax
766,30,1769018323,minmax
767,30,1769018323,minmax
768,30,1769018323,minmax
769,30,1769018323,minmax
770,30,1769018323,minmax
771,30,1769018323,minmax
772,30,1769018323,minmax
773,30,1769018323,minmax
774,30,1769018323,minmax
775,30,1769018323,minmax
776,30,1769018323,minmax
777,30,1769018323,minmax
778,30,1769018323,minmax
779,30,1769018323,minmax
780,30,1769018323,minmax
781,30,1769018323,minmax
782,30,1769018323,minmax
783,30,1769018323,minmax
784,30,1769018323,minmax
785,30,1769018323,minmax
786,30,1769018323,minmax
787,30,1769018323,minmax
788,30,1769018323,minmax
789,30,1769018323,minmax
790,30,1769018323,minmax
791,30,1769018323,minmax
792,30,1769018323,minmax
793,30,1769018323,minmax
794,30,1769018323,minmax
795,30,1769018323,minmax
796,30,1769018323,minmax
797,30,1769018323,minmax
798,30,1769018323,minmax
799,30,1769018323,minmax
800,30,1769018323,minmax
801,30,1769018323,minmax
802,30,1769018323,minmax
803,30,1769018323,minmax
804,30,1769018323,minmax
805,30,1769018323,minmax
806,30,1769018323,minmax
807,30,1769018323,minmax
808,30,1769018323,minmax
809,30,1769018323,minmax
810,30,1769018323,minmax
811,30,1769018323,minmax
812,30,1769018323,minmax
813,30,1769018323,minmax
814,30,1769018323,minmax
815,30,1769018323,minmax
816,30,1769018323,minmax
817,30,1769018323,minmax
818,30,1769018323,minmax
819,30,1769018323,minmax
820,30,1769018323,minmax
821,30,1769018323,minmax
822,30,1769018323,minmax
823,30,1769018323,minmax
824,30,1769018323,minmax
825,30,1769018323,minmax
826,30,1769018323,minmax
827,30,1769018323,minmax
828,30,1769018323,minmax
829,30,1769018323,minmax
830,30,1769018323,minmax
831,30,1769018323,minmax
832,30,1769018323,minmax
833,30,1769018323,minmax
834,30,1769018323,minmax
835,30,1769018323,minmax
836,30,1769018323,minmax
837,30,1769018323,minmax
838,30,1769018323,minmax
839,30,1769018323,minmax
840,30,1769018323,minmax
841,30,1769018323,minmax
842,30,1769018323,minmax
843,30,1769018323,minmax
844,30,1769018323,minmax
845,30,1769018323,minmax
846,30,1769018323,minmax
847,30,1769018323,minmax
848,30,1769018323,minmax
849,30,1769018323,minmax
850,30,1769018323,minmax
851,30,1769018323,minmax
852,30,1769018323,minmax
853,30,1769018323,minmax
854,30,1769018323,minmax
855,30,1769018323,minmax
856,30,1769018323,minmax
857,30,1769018323,minmax
858,30,1769018323,minmax
859,30,1769018323,minmax
860,30,1769018323,minmax
861,30,1769018323,minmax
862,30,1769018323,minmax
863,30,1769018323,minmax
864,30,1769018323,minmax
865,30,1769018323,minmax
866,30,1769018323,minmax
867,30,1769018323,minmax
868,30,1769018323,minmax
869,30,1769018323,minmax
870,30,1769018323,minmax
871,30,1769018323,minmax
872,30,1769018323,minmax
873,30,1769018323,minmax
874,30,1769018323,minmax
875,30,1769018323,minmax
876,30,1769018323,minmax
877,30,1769018323,minmax
878,30,1769018323,minmax
879,30,1769018323,minmax
880,30,1769018323,minmax
881,30,1769018323,minmax
882,30,1769018323,minmax
883,30,1769018323,minmax
884,30,1769018323,minmax
885,30,1769018323,minmax
886,30,1769018323,minmax
887,30,1769018323,minmax
888,30,1769018323,minmax
889,30,1769018323,minmax
890,30,1769018323,minmax
891,30,1769018323,minmax
892,30,1769018323,minmax
893,30,1769018323,minmax
894,30,1769018323,minmax
895,30,1769018323,minmax
896,30,1769018323,minmax
897,30,1769018323,minmax
898,30,1769018323,minmax
899,30,1769018323,minmax
900,30,1769018323,minmax
901,30,1769018323,minmax
902,30,1769018323,minmax
903,30,1769018323,minmax
904,30,1769018323,minmax
905,30,1769018323,minmax
906,30,1769018323,minmax
907,30,1769018323,minmax
908,30,1769018323,minmax
909,30,1769018323,minmax
910,30,1769018323,minmax
911,30,1769018323,minmax
912,30,1769018323,minmax
913,30,1769018323,minmax
914,30,1769018323,minmax
915,30,1769018323,minmax
916,30,1769018323,minmax
917,30,1769018323,minmax
918,30,1769018323,minmax
919,30,1769018323,minmax
920,30,1769018323,minmax
921,30,1769018323,minmax
922,30,1769018323,minmax
923,30,1769018323,minmax
924,30,1769018323,minmax
925,30,1769018323,minmax
926,30,1769018323,minmax
927,30,1769018323,minmax
928,30,1769018323,minmax
929,30,1769018323,minmax
930,30,1769018323,minmax
931,30,1769018323,minmax
932,30,1769018323,minmax
933,30,1769018323,minmax
934,30,1769018323,minmax
935,30,1769018323,minmax
936,30,1769018323,minmax
937,30,1769018323,minmax
938,30,1769018323,minmax
939,30,1769018323,minmax
940,30,1769018323,minmax
941,30,1769018323,minmax
942,30,1769018323,minmax
943,30,1769018323,minmax
944,30,1769018323,minmax
945,30,1769018323,minmax
946,30,1769018323,minmax
947,30,1769018323,minmax
948,30,1769018323,minmax
949,30,1769018323,minmax
950,30,1769018323,minmax
951,30,1769018323,minmax
952,30,1769018323,minmax
953,30,1769018323,minmax
954,30,1769018323,minmax
955,30,1769018323,minmax
956,30,1769018323,minmax
957,30,1769018323,minmax
958,30,1769018323,minmax
959,30,1769018323,minmax
960,30,1769018323,minmax
961,30,1769018323,minmax
962,30,1769018323,minmax
963,30,1769018323,minmax
964,30,1769018323,minmax
965,30,1769018323,minmax
966,30,1769018323,minmax
967,30,1769018323,minmax
968,30,1769018323,minmax
969,30,1769018323,minmax
970,30,1769018323,minmax
971,30,1769018323,minmax
972,30,1769018323,minmax
973,30,1769018323,minmax
974,30,1769018323,minmax
975,30,1769018323,minmax
976,30,1769018323,minmax
977,30,1769018323,minmax
978,30,1769018323,minmax
979,30,1769018323,minmax
980,30,1769018323,minmax
981,30,1769018323,minmax
982,30,1769018323,minmax
983,30,1769018323,minmax
984,30,1769018323,minmax
985,30,1769018323,minmax
986,30,1769018323,minmax
987,30,1769018323,minmax
988,30,1769018323,minmax
989,30,1769018323,minmax
990,30,1769018323,minmax
991,30,1769018323,minmax
992,30,1769018323,minmax
993,30,1769018323,minmax
994,30,1769018323,minmax
995,30,1769018323,minmax
996,30,1769018323,minmax
997,30,1769018323,minmax
998,30,1769018323,minmax
999,30,1769018323,minmax
1000,30,1769018323,minmax
1001,30,1769018323,minmax
1002,30,1769018323,minmax
1003,30,1769018323,minmax
1004,30,1769018323,minmax
1005,30,1769018323,minmax
1006,30,1769018323,minmax
1007,30,1769018323,minmax
1008,30,1769018323,minmax
1009,30,1769018323,minmax
1010,30,1769018323,minmax
1011,30,1769018323,minmax
1012,30,1769018323,minmax
1013,30,1769018323,minmax
1014,30,1769018323,minmax
1015,30,1769018323,minmax
1016,30,1769018323,minmax
1017,30,1769018323,minmax
1018,30,1769018323,minmax
1019,30,1769018323,minmax
1020,30,1769018323,minmax
1021,30,1769018323,minmax
1022,30,1769018323,minmax
1023,30,1769018323,minmax
1024,30,1769018323,minmax
1025,30,1769018323,minmax
1026,30,1769018323,minmax
1027,30,1769018323,minmax
1028,30,1769018323,minmax
1029,30,1769018323,minmax
1030,30,1769018323,minmax
1031,30,1769018323,minmax
1032,30,1769018323,minmax
1033,30,1769018323,minmax
1034,30,1769018323,minmax
1035,30,1769018323,minmax
1036,30,1769018323,minmax
1037,30,1769018323,minmax
1038,30,1769018323,minmax
1039,30,1769018323,minmax
1040,30,1769018323,minmax
1041,30,1769018323,minmax
1042,30,1769018323,minmax
1043,30,1769018323,minmax
1044,30,1769018323,minmax
1045,30,1769018323,minmax
1046,30,1769018323,minmax
1047,30,1769018323,minmax
1048,30,1769018323,minmax
1049,30,1769018323,minmax
1050,30,1769018323,minmax
1051,30,1769018323,minmax
1052,30,1769018323,minmax
1053,30,1769018323,minmax
1054,30,1769018323,minmax
1055,30,1769018323,minmax
1056,30,1769018323,minmax
1057,30,1769018323,minmax
1058,30,1769018323,minmax
1059,30,1769018323,minmax
1060,30,1769018323,minmax
1061,30,1769018323,minmax
1062,30,1769018323,minmax
1063,30,1769018323,minmax
1064,30,1769018323,minmax
1065,30,1769018323,minmax
1066,30,1769018323,minmax
1067,30,1769018323,minmax
1068,30,1769018323,minmax
1069,30,1769018323,minmax
1070,30,1769018323,minmax
1071,30,1769018323,minmax
1072,30,1769018323,minmax
1073,30,1769018323,minmax
1074,30,1769018323,minmax
1075,30,1769018323,minmax
1076,30,1769018323,minmax
1077,30,1769018323,minmax
1078,30,1769018323,minmax
1079,30,1769018323,minmax
1080,30,1769018323,minmax
1081,30,1769018323,minmax
1082,30,1769018323,minmax
1083,30,1769018323,minmax
1084,30,1769018323,minmax
1085,30,1769018323,minmax
1086,30,1769018323,minmax
1087,30,1769018323,minmax
1088,30,1769018323,minmax
1089,30,1769018323,minmax
1090,30,1769018323,minmax
1091,30,1769018323,minmax
1092,30,1769018323,minmax
1093,30,1769018323,minmax
1094,30,1769018323,minmax
1095,30,1769018323,minmax
1096,30,1769018323,minmax
1097,30,1769018323,minmax
1098,30,1769018323,minmax
1099,30,1769018323,minmax
1100,30,1769018323,minmax
1101,30,1769018323,minmax
1102,30,1769018323,minmax
1103,30,1769018323,minmax
1104,30,1769018323,minmax
1105,30,1769018323,minmax
1106,30,1769018323,minmax
1107,30,1769018323,minmax
1108,30,1769018323,minmax
1109,30,1769018323,minmax
1110,30,1769018323,minmax
1111,30,1769018323,minmax
1112,30,1769018323,minmax
1113,30,1769018323,minmax
1114,30,1769018323,minmax
1115,30,1769018323,minmax
1116,30,1769018323,minmax
1117,30,1769018323,minmax
1118,30,1769018323,minmax
1119,30,1769018323,minmax
1120,30,1769018323,minmax
1121,30,1769018323,minmax
1122,30,1769018323,minmax
1123,30,1769018323,minmax
1124,30,1769018323,minmax
1125,30,1769018323,minmax
1126,30,1769018323,minmax
1127,30,1769018323,minmax
1128,30,1769018323,minmax
1129,30,1769018323,minmax
1130,30,1769018323,minmax
1131,30,1769018323,minmax
1132,30,1769018323,minmax
1133,30,1769018323,minmax
1134,30,1769018323,minmax
1135,30,1769018323,minmax
1136,30,1769018323,minmax
1137,30,1769018323,minmax
1138,30,1769018323,minmax
1139,30,1769018323,minmax
1140,30,1769018323,minmax
1141,30,1769018323,minmax
1142,30,1769018323,minmax
1143,30,1769018323,minmax
1144,30,1769018323,minmax
1145,30,1769018323,minmax
1146,30,1769018323,minmax
1147,30,1769018323,minmax
1148,30,1769018323,minmax
1149,30,1769018323,minmax
1150,30,1769018323,minmax
1151,30,1769018323,minmax
1152,30,1769018323,minmax
1153,30,1769018323,minmax
1154,30,1769018323,minmax
1155,30,1769018323,minmax
1156,30,1769018323,minmax
1157,30,1769018323,minmax
1158,30,1769018323,minmax
1159,30,1769018323,minmax
1160,30,1769018323,minmax
1161,30,1769018323,minmax
1162,30,1769018323,minmax
1163,30,1769018323,minmax
1164,30,1769018323,minmax
1165,30,1769018323,minmax
1166,30,1769018323,minmax
1167,30,1769018323,minmax
1168,30,1769018323,minmax
1169,30,1769018323,minmax
1170,30,1769018323,minmax
1171,30,1769018323,minmax
1172,30,1769018323,minmax
1173,30,1769018323,minmax
1174,30,1769018323,minmax
1175,30,1769018323,minmax
1176,30,1769018323,minmax
1177,30,1769018323,minmax
1178,30,1769018323,minmax
1179,30,1769018323,minmax
1180,30,1769018323,minmax
1181,30,1769018323,minmax
1182,30,1769018323,minmax
1183,30,1769018323,minmax
1184,30,1769018323,minmax
1185,30,1769018323,minmax
1186,30,1769018323,minmax
1187,30,1769018323,minmax
1188,30,1769018323,minmax
1189,30,1769018323,minmax
1190,30,1769018323,minmax
1191,30,1769018323,minmax
1192,30,1769018323,minmax
1193,30,1769018323,minmax
1194,30,1769018323,minmax
1195,30,1769018323,minmax
1196,30,1769018323,minmax
1197,30,1769018323,minmax
1198,30,1769018323,minmax
1199,30,1769018323,minmax
1200,30,1769018323,minmax
1201,30,1769018323,minmax
1202,30,1769018323,minmax
1203,30,1769018323,minmax
1204,30,1769018323,minmax
1205,30,1769018323,minmax
1206,30,1769018323,minmax
1207,30,1769018323,minmax
1208,30,1769018323,minmax
1209,30,1769018323,minmax
1210,30,1769018323,minmax
1211,30,1769018323,minmax
1212,30,1769018323,minmax
1213,30,1769018323,minmax
1214,30,1769018323,minmax
1215,30,1769018323,minmax
1216,30,1769018323,minmax
1217,30,1769018323,minmax
1218,30,1769018323,minmax
1219,30,1769018323,minmax
1220,30,1769018323,minmax
1221,30,1769018323,minmax
1222,30,1769018323,minmax
1223,30,1769018323,minmax
1224,30,1769018323,minmax
1225,30,1769018323,minmax
1226,30,1769018323,minmax
1227,30,1769018323,minmax
1228,30,1769018323,minmax
1229,30,1769018323,minmax
1230,30,1769018323,minmax
1231,30,1769018323,minmax
1232,30,1769018323,minmax
1233,30,1769018323,minmax
1234,30,1769018323,minmax
1235,30,1769018323,minmax
1236,30,1769018323,minmax
1237,30,1769018323,minmax
1238,30,1769018323,minmax
1239,30,1769018323,minmax
1240,30,1769018323,minmax
1241,30,1769018323,minmax
1242,30,1769018323,minmax
1243,30,1769018323,minmax
1244,30,1769018323,minmax
1245,30,1769018323,minmax
1246,30,1769018323,minmax
1247,30,1769018323,minmax
1248,30,1769018323,minmax
1249,30,1769018323,minmax
1250,30,1769018323,minmax
1251,30,1769018323,minmax
1252,30,1769018323,minmax
1253,30,1769018323,minmax
1254,30,1769018323,minmax
1255,30,1769018323,minmax
1256,30,1769018323,minmax
1257,30,1769018323,minmax
1258,30,1769018323,minmax
1259,30,1769018323,minmax
1260,30,1769018323,minmax
1261,30,1769018323,minmax
1262,30,1769018323,minmax
1263,30,1769018323,minmax
1264,30,1769018323,minmax
1265,30,1769018323,minmax
1266,30,1769018323,minmax
1267,30,1769018323,minmax
1268,30,1769018323,minmax
1269,30,1769018323,minmax
1270,30,1769018323,minmax
1271,30,1769018323,minmax
1272,30,1769018323,minmax
1273,30,1769018323,minmax
1274,30,1769018323,minmax
1275,30,1769018323,minmax
1276,30,1769018323,minmax
1277,30,1769018323,minmax
1278,30,1769018323,minmax
1279,30,1769018323,minmax
1280,30,1769018323,minmax
1281,30,1769018323,minmax
1282,30,1769018323,minmax
1283,30,1769018323,minmax
1284,30,1769018323,minmax
1285,30,1769018323,minmax
1286,30,1769018323,minmax
1287,30,1769018323,minmax
1288,30,1769018323,minmax
1289,30,1769018323,minmax
1290,30,1769018323,minmax
1291,30,1769018323,minmax
1292,30,1769018323,minmax
1293,30,1769018323,minmax
1294,30,1769018323,minmax
1295,30,1769018323,minmax
1296,30,1769018323,minmax
1297,30,1769018323,minmax
1298,30,1769018323,minmax
1299,30,1769018323,minmax
1300,30,1769018323,minmax
1301,30,1769018323,minmax
1302,30,1769018323,minmax
1303,30,1769018323,minmax
1304,30,1769018323,minmax
1305,30,1769018323,minmax
1306,30,1769018323,minmax
1307,30,1769018323,minmax
1308,30,1769018323,minmax
1309,30,1769018323,minmax
1310,30,1769018323,minmax
1311,30,1769018323,minmax
1312,30,1769018323,minmax
1313,30,1769018323,minmax
1314,30,1769018323,minmax
1315,30,1769018323,minmax
1316,30,1769018323,minmax
1317,30,1769018323,minmax
1318,30,1769018323,minmax
1319,30,1769018323,minmax
1320,30,1769018323,minmax
1321,30,1769018323,minmax
1322,30,1769018323,minmax
1323,30,1769018323,minmax
1324,30,1769018323,minmax
1325,30,1769018323,minmax
1326,30,1769018323,minmax
1327,30,1769018323,minmax
1328,30,1769018323,minmax
1329,30,1769018323,minmax
1330,30,1769018323,minmax
1331,30,1769018323,minmax
1332,30,1769018323,minmax
1333,30,1769018323,minmax
1334,30,1769018323,minmax
1335,30,1769018323,minmax
1336,30,1769018323,minmax
1337,30,1769018323,minmax
1338,30,1769018323,minmax
1339,30,1769018323,minmax
1340,30,1769018323,minmax
1341,30,1769018323,minmax
1342,30,1769018323,minmax
1343,30,1769018323,minmax
1344,30,1769018323,minmax
1345,30,1769018323,minmax
1346,30,1769018323,minmax
1347,30,1769018323,minmax
1348,30,1769018323,minmax
1349,30,1769018323,minmax
1350,30,1769018323,minmax
1351,30,1769018323,minmax
1352,30,1769018323,minmax
1353,30,1769018323,minmax
1354,30,1769018323,minmax
1355,30,1769018323,minmax
1356,30,1769018323,minmax
1357,30,1769018323,minmax
1358,30,1769018323,minmax
1359,30,1769018323,minmax
1360,30,1769018323,minmax
1361,30,1769018323,minmax
1362,30,1769018323,minmax
1363,30,1769018323,minmax
1364,30,1769018323,minmax
1365,30,1769018323,minmax
1366,30,1769018323,minmax
1367,30,1769018323,minmax
1368,30,1769018323,minmax
1369,30,1769018323,minmax
1370,30,1769018323,minmax
1371,30,1769018323,minmax
1372,30,1769018323,minmax
1373,30,1769018323,minmax
1374,30,1769018323,minmax
1375,30,1769018323,minmax
1376,30,1769018323,minmax
1377,30,1769018323,minmax
1378,30,1769018323,minmax
1379,30,1769018323,minmax
1380,30,1769018323,minmax
1381,30,1769018323,minmax
1382,30,1769018323,minmax
1383,30,1769018323,minmax
1384,30,1769018323,minmax
1385,30,1769018323,minmax
1386,30,1769018323,minmax
1387,30,1769018323,minmax
1388,30,1769018323,minmax
1389,30,1769018323,minmax
1390,30,1769018323,minmax
1391,30,1769018323,minmax
1392,30,1769018323,minmax
1393,30,1769018323,minmax
1394,30,1769018323,minmax
1395,30,1769018323,minmax
1396,30,1769018323,minmax
1397,30,1769018323,minmax
1398,30,1769018323,minmax
1399,30,1769018323,minmax
1400,30,1769018323,minmax
1401,30,1769018323,minmax
1402,30,1769018323,minmax
1403,30,1769018323,minmax
1404,30,1769018323,minmax
1405,30,1769018323,minmax
1406,30,1769018323,minmax
1407,30,1769018323,minmax
1408,30,1769018323,minmax
1409,30,1769018323,minmax
1410,30,1769018323,minmax
1411,30,1769018323,minmax
1412,30,1769018323,minmax
1413,30,1769018323,minmax
1414,30,1769018323,minmax
1415,30,1769018323,minmax
1416,30,1769018323,minmax
1417,30,1769018323,minmax
1418,30,1769018323,minmax
1419,30,1769018323,minmax
1420,30,1769018323,minmax
1421,30,1769018323,minmax
1422,30,1769018323,minmax
1423,30,1769018323,minmax
1424,30,1769018323,minmax
1425,30,1769018323,minmax
1426,30,1769018323,minmax
1427,30,1769018323,minmax
1428,30,1769018323,minmax
1429,30,1769018323,minmax
1430,30,1769018323,minmax
1431,30,1769018323,minmax
1432,30,1769018323,minmax
1433,30,1769018323,minmax
1434,30,1769018323,minmax
1435,30,1769018323,minmax
1436,30,1769018323,minmax
1437,30,1769018323,minmax
1438,30,1769018323,minmax
1439,30,1769018323,minmax
1440,30,1769018323,minmax
1441,30,1769018323,minmax
1442,30,1769018323,minmax
1443,30,1769018323,minmax
1444,30,1769018323,minmax
1445,30,1769018323,minmax
1446,30,1769018323,minmax
1447,30,1769018323,minmax
1448,30,1769018323,minmax
1449,30,1769018323,minmax
1450,30,1769018323,minmax
1451,30,1769018323,minmax
1452,30,1769018323,minmax
1453,30,1769018323,minmax
1454,30,1769018323,minmax
1455,30,1769018323,minmax
1456,30,1769018323,minmax
1457,30,1769018323,minmax
1458,30,1769018323,minmax
1459,30,1769018323,minmax
1460,30,1769018323,minmax
1461,30,1769018323,minmax
1462,30,1769018323,minmax
1463,30,1769018323,minmax
1464,30,1769018323,minmax
1465,30,1769018323,minmax
1466,30,1769018323,minmax
1467,30,1769018323,minmax
1468,30,1769018323,minmax
1469,30,1769018323,minmax
1470,30,1769018323,minmax
1471,30,1769018323,minmax
1472,30,1769018323,minmax
1473,30,1769018323,minmax
1474,30,1769018323,minmax
1475,30,1769018323,minmax
1476,30,1769018323,minmax
1477,30,1769018323,minmax
1478,30,1769018323,minmax
1479,30,1769018323,minmax
1480,30,1769018323,minmax
1481,30,1769018323,minmax
1482,30,1769018323,minmax
1483,30,1769018323,minmax
1484,30,1769018323,minmax
1485,30,1769018323,minmax
1486,30,1769018323,minmax
1487,30,1769018323,minmax
1488,30,1769018323,minmax
1489,30,1769018323,minmax
1490,30,1769018323,minmax
1491,30,1769018323,minmax
1492,30,1769018323,minmax
1493,30,1769018323,minmax
1494,30,1769018323,minmax
1495,30,1769018323,minmax
1496,30,1769018323,minmax
1497,30,1769018323,minmax
1498,30,1769018323,minmax
1499,30,1769018323,minmax
1500,30,1769018323,minmax
1501,30,1769018323,minmax
1502,30,1769018323,minmax
1503,30,1769018323,minmax
1504,30,1769018323,minmax
1505,30,1769018323,minmax
1506,30,1769018323,minmax
1507,30,1769018323,minmax
1508,30,1769018323,minmax
1509,30,1769018323,minmax
1510,30,1769018323,minmax
1511,30,1769018323,minmax
1512,30,1769018323,minmax
1513,30,1769018323,minmax
1514,30,1769018323,minmax
1515,30,1769018323,minmax
1516,30,1769018323,minmax
1517,30,1769018323,minmax
1518,30,1769018323,minmax
1519,30,1769018323,minmax
1520,30,1769018323,minmax
1521,30,1769018323,minmax
1522,30,1769018323,minmax
1523,30,1769018323,minmax
1524,30,1769018323,minmax
1525,30,1769018323,minmax
1526,30,1769018323,minmax
1527,30,1769018323,minmax
1528,30,1769018323,minmax
1529,30,1769018323,minmax
1530,30,1769018323,minmax
1531,30,1769018323,minmax
1532,30,1769018323,minmax
1533,30,1769018323,minmax
1534,30,1769018323,minmax
1535,30,1769018323,minmax
1536,30,1769018323,minmax
1537,30,1769018323,minmax
1538,30,1769018323,minmax
1539,30,1769018323,minmax
1540,30,1769018323,minmax
1541,30,1769018323,minmax
1542,30,1769018323,minmax
1543,30,1769018323,minmax
1544,30,1769018323,minmax
1545,30,1769018323,minmax
1546,30,1769018323,minmax
1547,30,1769018323,minmax
1548,30,1769018323,minmax
1549,30,1769018323,minmax
1550,30,1769018323,minmax
1551,30,1769018323,minmax
1552,30,1769018323,minmax
1553,30,1769018323,minmax
1554,30,1769018323,minmax
1555,30,1769018323,minmax
1556,30,1769018323,minmax
1557,30,1769018323,minmax
1558,30,1769018323,minmax
1559,30,1769018323,minmax
1560,30,1769018323,minmax
1561,30,1769018323,minmax
1562,30,1769018323,minmax
1563,30,1769018323,minmax
1564,30,1769018323,minmax
1565,30,1769018323,minmax
1566,30,1769018323,minmax
1567,30,1769018323,minmax
1568,30,1769018323,minmax
1569,30,1769018323,minmax
1570,30,1769018323,minmax
1571,30,1769018323,minmax
1572,30,1769018323,minmax
1573,30,1769018323,minmax
1574,30,1769018323,minmax
1575,30,1769018323,minmax
1576,30,1769018323,minmax
1577,30,1769018323,minmax
1578,30,1769018323,minmax
1579,30,1769018323,minmax
1580,30,1769018323,minmax
1581,30,1769018323,minmax
1582,30,1769018323,minmax
1583,30,1769018323,minmax
1584,30,1769018323,minmax
1585,30,1769018323,minmax
1586,30,1769018323,minmax
1587,30,1769018323,minmax
1588,30,1769018323,minmax
1589,30,1769018323,minmax
1590,30,1769018323,minmax
1591,30,1769018323,minmax
1592,30,1769018323,minmax
1593,30,1769018323,minmax
1594,30,1769018323,minmax
1595,30,1769018323,minmax
1596,30,1769018323,minmax
1597,30,1769018323,minmax
1598,30,1769018323,minmax
1599,30,1769018323,minmax
1600,30,1769018323,minmax
1601,30,1769018323,minmax
1602,30,1769018323,minmax
1603,30,1769018323,minmax
1604,30,1769018323,minmax
1605,30,1769018323,minmax
1606,30,1769018323,minmax
1607,30,1769018323,minmax
1608,30,1769018323,minmax
1609,30,1769018323,minmax
1610,30,1769018323,minmax
1611,30,1769018323,minmax
1612,30,1769018323,minmax
1613,30,1769018323,minmax
1614,30,1769018323,minmax
1615,30,1769018323,minmax
1616,30,1769018323,minmax
1617,30,1769018323,minmax
1618,30,1769018323,minmax
1619,30,1769018323,minmax
1620,30,1769018323,minmax
1621,30,1769018323,minmax
1622,30,1769018323,minmax
1623,30,1769018323,minmax
1624,30,1769018323,minmax
1625,30,1769018323,minmax
1626,30,1769018323,minmax
1627,30,1769018323,minmax
1628,30,1769018323,minmax
1629,30,1769018323,minmax
1630,30,1769018323,minmax
1631,30,1769018323,minmax
1632,30,1769018323,minmax
1633,30,1769018323,minmax
1634,30,1769018323,minmax
1635,30,1769018323,minmax
1636,30,1769018323,minmax
1637,30,1769018323,minmax
1638,30,1769018323,minmax
1639,30,1769018323,minmax
1640,30,1769018323,minmax
1641,30,1769018323,minmax
1642,30,1769018323,minmax
1643,30,1769018323,minmax
1644,30,1769018323,minmax
1645,30,1769018323,minmax
1646,30,1769018323,minmax
1647,30,1769018323,minmax
1648,30,1769018323,minmax
1649,30,1769018323,minmax
1650,30,1769018323,minmax
1651,30,1769018323,minmax
1652,30,1769018323,minmax
1653,30,1769018323,minmax
1654,30,1769018323,minmax
1655,30,1769018323,minmax
1656,30,1769018323,minmax
1657,30,1769018323,minmax
1658,30,1769018323,minmax
1659,30,1769018323,minmax
1660,30,1769018323,minmax
1661,30,1769018323,minmax
1662,30,1769018323,minmax
1663,30,1769018323,minmax
1664,30,1769018323,minmax
1665,30,1769018323,minmax
1666,30,1769018323,minmax
1667,30,1769018323,minmax
1668,30,1769018323,minmax
1669,30,1769018323,minmax
1670,30,1769018323,minmax
1671,30,1769018323,minmax
1672,30,1769018323,minmax
1673,30,1769018323,minmax
1674,30,1769018323,minmax
1675,30,1769018323,minmax
1676,30,1769018323,minmax
1677,30,1769018323,minmax
1678,30,1769018323,minmax
1679,30,1769018323,minmax
1680,30,1769018323,minmax
1681,30,1769018323,minmax
1682,30,1769018323,minmax
1683,30,1769018323,minmax
1684,30,1769018323,minmax
1685,30,1769018323,minmax
1686,30,1769018323,minmax
1687,30,1769018323,minmax
1688,30,1769018323,minmax
1689,30,1769018323,minmax
1690,30,1769018323,minmax
1691,30,1769018323,minmax
1692,30,1769018323,minmax
1693,30,1769018323,minmax
1694,30,1769018323,minmax
1695,30,1769018323,minmax
1696,30,1769018323,minmax
1697,30,1769018323,minmax
1698,30,1769018323,minmax
1699,30,1769018323,minmax
1700,30,1769018323,minmax
1701,30,1769018323,minmax
1702,30,1769018323,minmax
1703,30,1769018323,minmax
1704,30,1769018323,minmax
1705,30,1769018323,minmax
1706,30,1769018323,minmax
1707,30,1769018323,minmax
1708,30,1769018323,minmax
1709,30,1769018323,minmax
1710,30,1769018323,minmax
1711,30,1769018323,minmax
1712,30,1769018323,minmax
1713,30,1769018323,minmax
1714,30,1769018323,minmax
1715,30,1769018323,minmax
1716,30,1769018323,minmax
1717,30,1769018323,minmax
1718,30,1769018323,minmax
1719,30,1769018323,minmax
1720,30,1769018323,minmax
1721,30,1769018323,minmax
1722,30,1769018323,minmax
1723,30,1769018323,minmax
1724,30,1769018323,minmax
1725,30,1769018323,minmax
1726,30,1769018323,minmax
1727,30,1769018323,minmax
1728,30,1769018323,minmax
1729,30,1769018323,minmax
1730,30,1769018323,minmax
1731,30,1769018323,minmax
1732,30,1769018323,minmax
1733,30,1769018323,minmax
1734,30,1769018323,minmax
1735,30,1769018323,minmax
1736,30,1769018323,minmax
1737,30,1769018323,minmax
1738,30,1769018323,minmax
1739,30,1769018323,minmax
1740,30,1769018323,minmax
1741,30,1769018323,minmax
1742,30,1769018323,minmax
1743,30,1769018323,minmax
1744,30,1769018323,minmax
1745,30,1769018323,minmax
1746,30,1769018323,minmax
1747,30,1769018323,minmax
1748,30,1769018323,minmax
1749,30,1769018323,minmax
1750,30,1769018323,minmax
1751,30,1769018323,minmax
1752,30,1769018323,minmax
1753,30,1769018323,minmax
1754,30,1769018323,minmax
1755,30,1769018323,minmax
1756,30,1769018323,minmax
1757,30,1769018323,minmax
1758,30,1769018323,minmax
1759,30,1769018323,minmax
1760,30,1769018323,minmax
1761,30,1769018323,minmax
1762,30,1769018323,minmax
1763,30,1769018323,minmax
1764,30,1769018323,minmax
1765,30,1769018323,minmax
1766,30,1769018323,minmax
1767,30,1769018323,minmax
1768,30,1769018323,minmax
1769,30,1769018323,minmax
1770,30,1769018323,minmax
1771,30,1769018323,minmax
1772,30,1769018323,minmax
1773,30,1769018323,minmax
1774,30,1769018323,minmax
1775,30,1769018323,minmax
1776,30,1769018323,minmax
1777,30,1769018323,minmax
1778,30,1769018323,minmax
1779,30,1769018323,minmax
1780,30,1769018323,minmax
1781,30,1769018323,minmax
1782,30,1769018323,minmax
1783,30,1769018323,minmax
1784,30,1769018323,minmax
1785,30,1769018323,minmax
1786,30,1769018323,minmax
1787,30,1769018323,minmax
1788,30,1769018323,minmax
1789,30,1769018323,minmax
1790,30,1769018323,minmax
1791,30,1769018323,minmax
1792,30,1769018323,minmax
1793,30,1769018323,minmax
1794,30,1769018323,minmax
1795,30,1769018323,minmax
1796,30,1769018323,minmax
1797,30,1769018323,minmax
1798,30,1769018323,minmax
1799,30,1769018323,minmax
1800,30,1769018323,minmax
1801,30,1769018323,minmax
1802,30,1769018323,minmax
1803,30,1769018323,minmax
1804,30,1769018323,minmax
1805,30,1769018323,minmax
1806,30,1769018323,minmax
1807,30,1769018323,minmax
1808,30,1769018323,minmax
1809,30,1769018323,minmax
1810,30,1769018323,minmax
1811,30,1769018323,minmax
1812,30,1769018323,minmax
1813,30,1769018323,minmax
1814,30,1769018323,minmax
1815,30,1769018323,minmax
1816,30,1769018323,minmax
1817,30,1769018323,minmax
1818,30,1769018323,minmax
1819,30,1769018323,minmax
1820,30,1769018323,minmax
1821,30,1769018323,minmax
1822,30,1769018323,minmax
1823,30,1769018323,minmax
1824,30,1769018323,minmax
1825,30,1769018323,minmax
1826,30,1769018323,minmax
1827,30,1769018323,minmax
1828,30,1769018323,minmax
1829,30,1769018323,minmax
1830,30,1769018323,minmax
1831,30,1769018323,minmax
1832,30,1769018323,minmax
1833,30,1769018323,minmax
1834,30,1769018323,minmax
1835,30,1769018323,minmax
1836,30,1769018323,minmax
1837,30,1769018323,minmax
1838,30,1769018323,minmax
1839,30,1769018323,minmax
1840,30,1769018323,minmax
1841,30,1769018323,minmax
1842,30,1769018323,minmax
1843,30,1769018323,minmax
1844,30,1769018323,minmax
1845,30,1769018323,minmax
1846,30,1769018323,minmax
1847,30,1769018323,minmax
1848,30,1769018323,minmax
1849,30,1769018323,minmax
1850,30,1769018323,minmax
1851,30,1769018323,minmax
1852,30,1769018323,minmax
1853,30,1769018323,minmax
1854,30,1769018323,minmax
1855,30,1769018323,minmax
1856,30,1769018323,minmax
1857,30,1769018323,minmax
1858,30,1769018323,minmax
1859,30,1769018323,minmax
1860,30,1769018323,minmax
1861,30,1769018323,minmax
1862,30,1769018323,minmax
1863,30,1769018323,minmax
1864,30,1769018323,minmax
1865,30,1769018323,minmax
1866,30,1769018323,minmax
1867,30,1769018323,minmax
1868,30,1769018323,minmax
1869,30,1769018323,minmax
1870,30,1769018323,minmax
1871,30,1769018323,minmax
1872,30,1769018323,minmax
1873,30,1769018323,minmax
1874,30,1769018323,minmax
1875,30,1769018323,minmax
1876,30,1769018323,minmax
1877,30,1769018323,minmax
1878,30,1769018323,minmax
1879,30,1769018323,minmax
1880,30,1769018323,minmax
1881,30,1769018323,minmax
1882,30,1769018323,minmax
1883,30,1769018323,minmax
1884,30,1769018323,minmax
1885,30,1769018323,minmax
1886,30,1769018323,minmax
1887,30,1769018323,minmax
1888,30,1769018323,minmax
1889,30,1769018323,minmax
1890,30,1769018323,minmax
1891,30,1769018323,minmax
1892,30,1769018323,minmax
1893,30,1769018323,minmax
1894,30,1769018323,minmax
1895,30,1769018323,minmax
1896,30,1769018323,minmax
1897,30,1769018323,minmax
1898,30,1769018323,minmax
1899,30,1769018323,minmax
1900,30,1769018323,minmax
1901,30,1769018323,minmax
1902,30,1769018323,minmax
1903,30,1769018323,minmax
1904,30,1769018323,minmax
1905,30,1769018323,minmax
1906,30,1769018323,minmax
1907,30,1769018323,minmax
1908,30,1769018323,minmax
1909,30,1769018323,minmax
1910,30,1769018323,minmax
1911,30,1769018323,minmax
1912,30,1769018323,minmax
1913,30,1769018323,minmax
1914,30,1769018323,minmax
1915,30,1769018323,minmax
1916,30,1769018323,minmax
1917,30,1769018323,minmax
1918,30,1769018323,minmax
1919,30,1769018323,minmax
1920,30,1769018323,minmax
1921,30,1769018323,minmax
1922,30,1769018323,minmax
1923,30,1769018323,minmax
1924,30,1769018323,minmax
1925,30,1769018323,minmax
1926,30,1769018323,minmax
1927,30,1769018323,minmax
1928,30,1769018323,minmax
1929,30,1769018323,minmax
1930,30,1769018323,minmax
1931,30,1769018323,minmax
1932,30,1769018323,minmax
1933,30,1769018323,minmax
1934,30,1769018323,minmax
1935,30,1769018323,minmax
1936,30,1769018323,minmax
1937,30,1769018323,minmax
1938,30,1769018323,minmax
1939,30,1769018323,minmax
1940,30,1769018323,minmax
1941,30,1769018323,minmax
1942,30,1769018323,minmax
1943,30,1769018323,minmax
1944,30,1769018323,minmax
1945,30,1769018323,minmax
1946,30,1769018323,minmax
1947,30,1769018323,minmax
1948,30,1769018323,minmax
1949,30,1769018323,minmax
1950,30,1769018323,minmax
1951,30,1769018323,minmax
1952,30,1769018323,minmax
1953,30,1769018323,minmax
1954,30,1769018323,minmax
1955,30,1769018323,minmax
1956,30,1769018323,minmax
1957,30,1769018323,minmax
1958,30,1769018323,minmax
1959,30,1769018323,minmax
1960,30,1769018323,minmax
1961,30,1769018323,minmax
1962,30,1769018323,minmax
1963,30,1769018323,minmax
1964,30,1769018323,minmax
1965,30,1769018323,minmax
1966,30,1769018323,minmax
1967,30,1769018323,minmax
1968,30,1769018323,minmax
1969,30,1769018323,minmax
1970,30,1769018323,minmax
1971,30,1769018323,minmax
1972,30,1769018323,minmax
1973,30,1769018323,minmax
1974,30,1769018323,minmax
1975,30,1769018323,minmax
1976,30,1769018323,minmax
1977,30,1769018323,minmax
1978,30,1769018323,minmax
1979,30,1769018323,minmax
1980,30,1769018323,minmax
1981,30,1769018323,minmax
1982,30,1769018323,minmax
1983,30,1769018323,minmax
1984,30,1769018323,minmax
1985,30,1769018323,minmax
1986,30,1769018323,minmax
1987,30,1769018323,minmax
1988,30,1769018323,minmax
1989,30,1769018323,minmax
1990,30,1769018323,minmax
1991,30,1769018323,minmax
1992,30,1769018323,minmax
1993,30,1769018323,minmax
1994,30,1769018323,minmax
1995,30,1769018323,minmax
1996,30,1769018323,minmax
1997,30,1769018323,minmax
1998,30,1769018323,minmax
1999,30,1769018323,minmax
2000,30,1769018323,minmax
2001,30,1769018323,minmax
1,30,1769018312,minmax
2,30,1769018312,minmax
3,30,1769018312,minmax
4,30,1769018312,minmax
5,30,1769018312,minmax
6,30,1769018312,minmax
7,30,1769018312,minmax
8,30,1769018312,minmax
9,30,1769018312,minmax
10,30,1769018312,minmax
11,30,1769018312,minmax
12,30,1769018312,minmax
13,30,1769018312,minmax
14,30,1769018312,minmax
15,30,1769018312,minmax
16,30,1769018312,minmax
17,30,1769018312,minmax
18,30,1769018312,minmax
19,30,1769018312,minmax
20,30,1769018312,minmax
21,0,1769018312,minmax
22,30,1769018312,minmax
23,30,1769018312,minmax
24,30,1769018312,minmax
25,30,1769018312,minmax
26,30,1769018312,minmax
27,30,1769018312,minmax
28,30,1769018312,minmax
29,0,1769018312,minmax
30,30,1769018312,minmax
31,30,1769018312,minmax
32,30,1769018312,minmax
33,30,1769018312,minmax
34,30,1769018312,minmax
35,30,1769018312,minmax
36,30,1769018312,minmax
37,0,1769018312,minmax
38,30,1769018312,minmax
39,30,1769018312,minmax
40,30,1769018312,minmax
41,30,1769018312,minmax
42,30,1769018312,minmax
43,30,1769018312,minmax
44,30,1769018312,minmax
45,30,1769018312,minmax
46,30,1769018312,minmax
47,30,1769018312,minmax
48,30,1769018312,minmax
49,30,1769018312,minmax
50,30,1769018312,minmax
51,0,1769018312,minmax
52,0,1769018312,minmax
53,30,1769018312,minmax
54,30,1769018312,minmax
55,30,1769018312,minmax
56,30,1769018312,minmax
57,30,1769018312,minmax
58,30,1769018312,minmax
59,30,1769018312,minmax
60,30,1769018312,minmax
61,30,1769018312,minmax
62,30,1769018312,minmax
63,30,1769018312,minmax
64,30,1769018312,minmax
65,30,1769018312,minmax
66,30,1769018312,minmax
67,30,1769018312,minmax
68,30,1769018312,minmax
69,30,1769018312,minmax
70,30,1769018312,minmax
71,30,1769018312,minmax
72,30,1769018312,minmax
73,30,1769018312,minmax
74,30,1769018312,minmax
75,30,1769018312,minmax
76,30,1769018312,minmax
77,30,1769018312,minmax
78,30,1769018312,minmax
79,30,1769018312,minmax
80,30,1769018312,minmax
81,30,1769018312,minmax
82,30,1769018312,minmax
83,30,1769018312,minmax
84,30,1769018312,minmax
85,30,1769018312,minmax
86,30,1769018312,minmax
87,30,1769018312,minmax
88,30,1769018312,minmax
89,30,1769018312,minmax
90,30,1769018312,minmax
91,30,1769018312,minmax
92,30,1769018312,minmax
93,30,1769018312,minmax
94,30,1769018312,minmax
95,0,1769018312,minmax
96,30,1769018312,minmax
97,30,1769018312,minmax
98,30,1769018312,minmax
99,30,1769018312,minmax
100,30,1769018312,minmax
101,30,1769018312,minmax
102,30,1769018312,minmax
103,30,1769018312,minmax
104,30,1769018312,minmax
105,30,1769018312,minmax
106,30,1769018312,minmax
107,30,1769018312,minmax
108,30,1769018312,minmax
109,30,1769018312,minmax
110,30,1769018312,minmax
111,30,1769018312,minmax
112,30,1769018312,minmax
113,30,1769018312,minmax
114,30,1769018312,minmax
115,30,1769018312,minmax
116,30,1769018312,minmax
117,30,1769018312,minmax
118,30,1769018312,minmax
119,30,1769018312,minmax
120,30,1769018312,minmax
121,30,1769018312,minmax
122,30,1769018312,minmax
123,30,1769018312,minmax
124,30,1769018312,minmax
125,30,1769018312,minmax
126,30,1769018312,minmax
127,30,1769018312,minmax
128,0,1769018312,minmax
129,30,1769018312,minmax
130,30,1769018312,minmax
131,30,1769018312,minmax
132,30,1769018312,minmax
133,30,1769018312,minmax
134,30,1769018312,minmax
135,30,1769018312,minmax
136,30,1769018312,minmax
137,30,1769018312,minmax
138,30,1769018312,minmax
139,30,1769018312,minmax
140,30,1769018312,minmax
141,30,1769018312,minmax
142,30,1769018312,minmax
143,30,1769018312,minmax
144,30,1769018312,minmax
145,30,1769018312,minmax
146,30,1769018312,minmax
147,30,1769018312,minmax
148,0,1769018312,minmax
149,30,1769018312,minmax
150,30,1769018312,minmax
151,30,1769018312,minmax
152,30,1769018312,minmax
153,30,1769018312,minmax
154,30,1769018312,minmax
155,30,1769018312,minmax
156,30,1769018312,minmax
157,30,1769018312,minmax
158,30,1769018312,minmax
159,30,1769018312,minmax
160,30,1769018312,minmax
161,30,1769018312,minmax
162,30,1769018312,minmax
163,30,1769018312,minmax
164,30,1769018312,minmax
165,30,1769018312,minmax
166,30,1769018312,minmax
167,30,1769018312,minmax
168,30,1769018312,minmax
169,30,1769018312,minmax
170,30,1769018312,minmax
171,30,1769018312,minmax
172,30,1769018312,minmax
173,30,1769018312,minmax
174,30,1769018312,minmax
175,30,1769018312,minmax
176,30,1769018312,minmax
177,30,1769018312,minmax
178,30,1769018312,minmax
179,30,1769018312,minmax
180,30,1769018312,minmax
181,30,1769018312,minmax
182,30,1769018312,minmax
183,30,1769018312,minmax
184,30,1769018312,minmax
185,30,1769018312,minmax
186,30,1769018312,minmax
187,30,1769018312,minmax
188,30,1769018312,minmax
189,30,1769018312,minmax
190,30,1769018312,minmax
191,30,1769018312,minmax
192,30,1769018312,minmax
193,30,1769018312,minmax
194,30,1769018312,minmax
195,30,1769018312,minmax
196,30,1769018312,minmax
197,30,1769018312,minmax
198,30,1769018312,minmax
199,30,1769018312,minmax
200,30,1769018312,minmax
201,30,1769018312,minmax
202,30,1769018312,minmax
203,30,1769018312,minmax
204,30,1769018312,minmax
205,30,1769018312,minmax
206,30,1769018312,minmax
207,30,1769018312,minmax
208,30,1769018312,minmax
209,30,1769018312,minmax
210,30,1769018312,minmax
211,30,1769018312,minmax
212,30,1769018312,minmax
213,30,1769018312,minmax
214,30,1769018312,minmax
215,30,1769018312,minmax
216,30,1769018312,minmax
217,30,1769018312,minmax
218,30,1769018312,minmax
219,30,1769018312,minmax
220,30,1769018312,minmax
221,30,1769018312,minmax
222,30,1769018312,minmax
223,30,1769018312,minmax
224,30,1769018312,minmax
225,30,1769018312,minmax
226,30,1769018312,minmax
227,30,1769018312,minmax
228,30,1769018312,minmax
229,30,1769018312,minmax
230,30,1769018312,minmax
231,30,1769018312,minmax
232,30,1769018312,minmax
233,30,1769018312,minmax
234,30,1769018312,minmax
235,30,1769018312,minmax
236,30,1769018312,minmax
237,30,1769018312,minmax
238,30,1769018312,minmax
239,30,1769018312,minmax
240,30,1769018312,minmax
241,30,1769018312,minmax
242,30,1769018312,minmax
243,30,1769018312,minmax
244,30,1769018312,minmax
245,30,1769018312,minmax
246,30,1769018312,minmax
247,30,1769018312,minmax
248,30,1769018312,minmax
249,30,1769018312,minmax
250,30,1769018312,minmax
251,30,1769018312,minmax
252,30,1769018312,minmax
253,30,1769018312,minmax
254,30,1769018312,minmax
255,30,1769018312,minmax
256,30,1769018312,minmax
257,30,1769018312,minmax
258,30,1769018312,minmax
259,30,1769018312,minmax
260,30,1769018312,minmax
261,30,1769018312,minmax
262,30,1769018312,minmax
263,30,1769018312,minmax
264,30,1769018312,minmax
265,30,1769018312,minmax
266,30,1769018312,minmax
267,30,1769018312,minmax
268,30,1769018312,minmax
269,30,1769018312,minmax
270,30,1769018312,minmax
271,30,1769018312,minmax
272,30,1769018312,minmax
273,30,1769018312,minmax
274,30,1769018312,minmax
275,30,1769018312,minmax
276,30,1769018312,minmax
277,30,1769018312,minmax
278,30,1769018312,minmax
279,30,1769018312,minmax
280,30,1769018312,minmax
281,30,1769018312,minmax
282,30,1769018312,minmax
283,30,1769018312,minmax
284,30,1769018312,minmax
285,30,1769018312,minmax
286,30,1769018312,minmax
287,30,1769018312,minmax
288,30,1769018312,minmax
289,30,1769018312,minmax
290,30,1769018312,minmax
291,30,1769018312,minmax
292,30,1769018312,minmax
293,30,1769018312,minmax
294,30,1769018312,minmax
295,30,1769018312,minmax
296,30,1769018312,minmax
297,30,1769018312,minmax
298,30,1769018312,minmax
299,30,1769018312,minmax
300,30,1769018312,minmax
301,30,1769018312,minmax
302,30,1769018312,minmax
303,30,1769018312,minmax
304,30,1769018312,minmax
305,30,1769018312,minmax
306,30,1769018312,minmax
307,30,1769018312,minmax
308,30,1769018312,minmax
309,30,1769018312,minmax
310,30,1769018312,minmax
311,30,1769018312,minmax
312,30,1769018312,minmax
313,30,1769018312,minmax
314,30,1769018312,minmax
315,30,1769018312,minmax
316,30,1769018312,minmax
317,30,1769018312,minmax
318,30,1769018312,minmax
319,30,1769018312,minmax
320,30,1769018312,minmax
321,30,1769018312,minmax
322,30,1769018312,minmax
323,0,1769018312,minmax
324,30,1769018312,minmax
325,30,1769018312,minmax
326,30,1769018312,minmax
327,30,1769018312,minmax
328,30,1769018312,minmax
329,30,1769018312,minmax
330,30,1769018312,minmax
331,30,1769018312,minmax
332,30,1769018312,minmax
333,30,1769018312,minmax
334,30,1769018312,minmax
335,30,1769018312,minmax
336,30,1769018312,minmax
337,30,1769018312,minmax
338,30,1769018312,minmax
339,30,1769018312,minmax
340,30,1769018312,minmax
341,30,1769018312,minmax
342,30,1769018312,minmax
343,30,1769018312,minmax
344,30,1769018312,minmax
345,30,1769018312,minmax
346,30,1769018312,minmax
347,30,1769018312,minmax
348,30,1769018312,minmax
349,30,1769018312,minmax
350,30,1769018312,minmax
351,30,1769018312,minmax
352,30,1769018312,minmax
353,30,1769018312,minmax
354,30,1769018312,minmax
355,30,1769018312,minmax
356,30,1769018312,minmax
357,30,1769018312,minmax
358,30,1769018312,minmax
359,30,1769018312,minmax
360,30,1769018312,minmax
361,30,1769018312,minmax
362,30,1769018312,minmax
363,30,1769018312,minmax
364,30,1769018312,minmax
365,30,1769018312,minmax
366,30,1769018312,minmax
367,30,1769018312,minmax
368,30,1769018312,minmax
369,30,1769018312,minmax
370,30,1769018312,minmax
371,30,1769018312,minmax
372,30,1769018312,minmax
373,30,1769018312,minmax
374,30,1769018312,minmax
375,30,1769018312,minmax
376,30,1769018312,minmax
377,30,1769018312,minmax
378,30,1769018312,minmax
379,30,1769018312,minmax
380,30,1769018312,minmax
381,30,1769018312,minmax
382,30,1769018312,minmax
383,30,1769018312,minmax
384,30,1769018312,minmax
385,30,1769018312,minmax
386,30,1769018312,minmax
387,30,1769018312,minmax
388,30,1769018312,minmax
389,30,1769018312,minmax
390,30,1769018312,minmax
391,30,1769018312,minmax
392,30,1769018312,minmax
393,30,1769018312,minmax
394,30,1769018312,minmax
395,30,1769018312,minmax
396,30,1769018312,minmax
397,30,1769018312,minmax
398,30,1769018312,minmax
399,30,1769018312,minmax
400,30,1769018312,minmax
401,30,1769018312,minmax
402,30,1769018312,minmax
403,30,1769018312,minmax
404,30,1769018312,minmax
405,30,1769018312,minmax
406,30,1769018312,minmax
407,30,1769018312,minmax
408,30,1769018312,minmax
409,30,1769018312,minmax
410,30,1769018312,minmax
411,30,1769018312,minmax
412,30,1769018312,minmax
413,30,1769018312,minmax
414,30,1769018312,minmax
415,30,1769018312,minmax
416,30,1769018312,minmax
417,30,1769018312,minmax
418,30,1769018312,minmax
419,30,1769018312,minmax
420,30,1769018312,minmax
421,30,1769018312,minmax
422,30,1769018312,minmax
423,30,1769018312,minmax
424,30,1769018312,minmax
425,30,1769018312,minmax
426,30,1769018312,minmax
427,30,1769018312,minmax
428,30,1769018312,minmax
429,30,1769018312,minmax
430,30,1769018312,minmax
431,30,1769018312,minmax
432,30,1769018312,minmax
433,30,1769018312,minmax
434,30,1769018312,minmax
435,30,1769018312,minmax
436,30,1769018312,minmax
437,30,1769018312,minmax
438,30,1769018312,minmax
439,30,1769018312,minmax
440,30,1769018312,minmax
441,30,1769018312,minmax
442,30,1769018312,minmax
443,30,1769018312,minmax
444,30,1769018312,minmax
445,30,1769018312,minmax
446,30,1769018312,minmax
447,30,1769018312,minmax
448,30,1769018312,minmax
449,30,1769018312,minmax
450,30,1769018312,minmax
451,30,1769018312,minmax
452,30,1769018312,minmax
453,30,1769018312,minmax
454,30,1769018312,minmax
455,30,1769018312,minmax
456,30,1769018312,minmax
457,30,1769018312,minmax
458,30,1769018312,minmax
459,30,1769018312,minmax
460,30,1769018312,minmax
461,30,1769018312,minmax
462,30,1769018312,minmax
463,30,1769018312,minmax
464,30,1769018312,minmax
465,30,1769018312,minmax
466,30,1769018312,minmax
467,30,1769018312,minmax
468,30,1769018312,minmax
469,30,1769018312,minmax
470,30,1769018312,minmax
471,30,1769018312,minmax
472,30,1769018312,minmax
473,30,1769018312,minmax
474,30,1769018312,minmax
475,30,1769018312,minmax
476,30,1769018312,minmax
477,30,1769018312,minmax
478,30,1769018312,minmax
479,30,1769018312,minmax
480,30,1769018312,minmax
481,30,1769018312,minmax
482,30,1769018312,minmax
483,30,1769018312,minmax
484,30,1769018312,minmax
485,30,1769018312,minmax
486,30,1769018312,minmax
487,30,1769018312,minmax
488,30,1769018312,minmax
489,30,1769018312,minmax
490,30,1769018312,minmax
491,30,1769018312,minmax
492,30,1769018312,minmax
493,30,1769018312,minmax
494,30,1769018312,minmax
495,30,1769018312,minmax
496,30,1769018312,minmax
497,30,1769018312,minmax
498,30,1769018312,minmax
499,30,1769018312,minmax
500,30,1769018312,minmax
501,30,1769018312,minmax
502,30,1769018312,minmax
503,30,1769018312,minmax
504,30,1769018312,minmax
505,30,1769018312,minmax
506,30,1769018312,minmax
507,30,1769018312,minmax
508,30,1769018312,minmax
509,30,1769018312,minmax
510,30,1769018312,minmax
511,30,1769018312,minmax
512,30,1769018312,minmax
513,30,1769018312,minmax
514,30,1769018312,minmax
515,30,1769018312,minmax
516,30,1769018312,minmax
517,30,1769018312,minmax
518,30,1769018312,minmax
519,30,1769018312,minmax
520,30,1769018312,minmax
521,30,1769018312,minmax
522,30,1769018312,minmax
523,30,1769018312,minmax
524,30,1769018312,minmax
525,30,1769018312,minmax
526,30,1769018312,minmax
527,30,1769018312,minmax
528,30,1769018312,minmax
529,30,1769018312,minmax
530,30,1769018312,minmax
531,30,1769018312,minmax
532,30,1769018312,minmax
533,30,1769018312,minmax
534,30,1769018312,minmax
535,30,1769018312,minmax
536,0,1769018312,minmax
537,30,1769018312,minmax
538,30,1769018312,minmax
539,30,1769018312,minmax
540,30,1769018312,minmax
541,30,1769018312,minmax
542,30,1769018312,minmax
543,30,1769018312,minmax
544,30,1769018312,minmax
545,30,1769018312,minmax
546,30,1769018312,minmax
547,30,1769018312,minmax
548,30,1769018312,minmax
549,30,1769018312,minmax
550,30,1769018312,minmax
551,30,1769018312,minmax
552,30,1769018312,minmax
553,30,1769018312,minmax
554,30,1769018312,minmax
555,30,1769018312,minmax
556,30,1769018312,minmax
557,30,1769018312,minmax
558,30,1769018312,minmax
559,30,1769018312,minmax
560,30,1769018312,minmax
561,30,1769018312,minmax
562,30,1769018312,minmax
563,30,1769018312,minmax
564,30,1769018312,minmax
565,30,1769018312,minmax
566,30,1769018312,minmax
567,30,1769018312,minmax
568,30,1769018312,minmax
569,30,1769018312,minmax
570,30,1769018312,minmax
571,30,1769018312,minmax
572,30,1769018312,minmax
573,30,1769018312,minmax
574,30,1769018312,minmax
575,30,1769018312,minmax
576,30,1769018312,minmax
577,30,1769018312,minmax
578,30,1769018312,minmax
579,30,1769018312,minmax
580,30,1769018312,minmax
581,30,1769018312,minmax
582,30,1769018312,minmax
583,30,1769018312,minmax
584,30,1769018312,minmax
585,30,1769018312,minmax
586,30,1769018312,minmax
587,30,1769018312,minmax
588,30,1769018312,minmax
589,30,1769018312,minmax
590,30,1769018312,minmax
591,30,1769018312,minmax
592,30,1769018312,minmax
593,30,1769018312,minmax
594,30,1769018312,minmax
595,30,1769018312,minmax
596,30,1769018312,minmax
597,30,1769018312,minmax
598,30,1769018312,minmax
599,30,1769018312,minmax
600,30,1769018312,minmax
601,30,1769018312,minmax
602,30,1769018312,minmax
603,30,1769018312,minmax
604,30,1769018312,minmax
605,30,1769018312,minmax
606,30,1769018312,minmax
607,30,1769018312,minmax
608,30,1769018312,minmax
609,30,1769018312,minmax
610,30,1769018312,minmax
611,30,1769018312,minmax
612,30,1769018312,minmax
613,30,1769018312,minmax
614,30,1769018312,minmax
615,30,1769018312,minmax
616,30,1769018312,minmax
617,30,1769018312,minmax
618,30,1769018312,minmax
619,30,1769018312,minmax
620,30,1769018312,minmax
621,30,1769018312,minmax
622,30,1769018312,minmax
623,30,1769018312,minmax
624,30,1769018312,minmax
625,30,1769018312,minmax
626,30,1769018312,minmax
627,30,1769018312,minmax
628,30,1769018312,minmax
629,30,1769018312,minmax
630,30,1769018312,minmax
631,30,1769018312,minmax
632,30,1769018312,minmax
633,30,1769018312,minmax
634,30,1769018312,minmax
635,30,1769018312,minmax
636,30,1769018312,minmax
637,30,1769018312,minmax
638,30,1769018312,minmax
639,30,1769018312,minmax
640,30,1769018312,minmax
641,30,1769018312,minmax
642,30,1769018312,minmax
643,30,1769018312,minmax
644,30,1769018312,minmax
645,30,1769018312,minmax
646,30,1769018312,minmax
647,30,1769018312,minmax
648,30,1769018312,minmax
649,30,1769018312,minmax
650,30,1769018312,minmax
651,30,1769018312,minmax
652,30,1769018312,minmax
653,30,1769018312,minmax
654,30,1769018312,minmax
655,30,1769018312,minmax
656,30,1769018312,minmax
657,30,1769018312,minmax
658,30,1769018312,minmax
659,30,1769018312,minmax
660,30,1769018312,minmax
661,30,1769018312,minmax
662,30,1769018312,minmax
663,30,1769018312,minmax
664,30,1769018312,minmax
665,30,1769018312,minmax
666,30,1769018312,minmax
667,30,1769018312,minmax
668,30,1769018312,minmax
669,30,1769018312,minmax
670,30,1769018312,minmax
671,30,1769018312,minmax
672,30,1769018312,minmax
673,30,1769018312,minmax
674,30,1769018312,minmax
675,30,1769018312,minmax
676,30,1769018312,minmax
677,30,1769018312,minmax
678,30,1769018312,minmax
679,30,1769018312,minmax
680,30,1769018312,minmax
681,30,1769018312,minmax
682,30,1769018312,minmax
683,30,1769018312,minmax
684,30,1769018312,minmax
685,30,1769018312,minmax
686,30,1769018312,minmax
687,30,1769018312,minmax
688,30,1769018312,minmax
689,30,1769018312,minmax
690,30,1769018312,minmax
691,30,1769018312,minmax
692,30,1769018312,minmax
693,30,1769018312,minmax
694,30,1769018312,minmax
695,30,1769018312,minmax
696,30,1769018312,minmax
697,30,1769018312,minmax
698,30,1769018312,minmax
699,30,1769018312,minmax
700,30,1769018312,minmax
701,30,1769018312,minmax
702,30,1769018312,minmax
703,30,1769018312,minmax
704,30,1769018312,minmax
705,30,1769018312,minmax
706,30,1769018312,minmax
707,30,1769018312,minmax
708,30,1769018312,minmax
709,30,1769018312,minmax
710,30,1769018312,minmax
711,30,1769018312,minmax
712,30,1769018312,minmax
713,30,1769018312,minmax
714,30,1769018312,minmax
715,30,1769018312,minmax
716,30,1769018312,minmax
717,30,1769018312,minmax
718,30,1769018312,minmax
719,30,1769018312,minmax
720,30,1769018312,minmax
721,30,1769018312,minmax
722,30,1769018312,minmax
723,30,1769018312,minmax
724,30,1769018312,minmax
725,30,1769018312,minmax
726,30,1769018312,minmax
727,30,1769018312,minmax
728,30,1769018312,minmax
729,30,1769018312,minmax
730,30,1769018312,minmax
731,30,1769018312,minmax
732,30,1769018312,minmax
733,30,1769018312,minmax
734,30,1769018312,minmax
735,30,1769018312,minmax
736,30,1769018312,minmax
737,30,1769018312,minmax
738,30,1769018312,minmax
739,30,1769018312,minmax
740,30,1769018312,minmax
741,30,1769018312,minmax
742,30,1769018312,minmax
743,30,1769018312,minmax
744,30,1769018312,minmax
745,30,1769018312,minmax
746,30,1769018312,minmax
747,30,1769018312,minmax
748,30,1769018312,minmax
749,30,1769018312,minmax
750,30,1769018312,minmax
751,30,1769018312,minmax
752,30,1769018312,minmax
753,30,1769018312,minmax
754,30,1769018312,minmax
755,30,1769018312,minmax
756,30,1769018312,minmax
757,30,1769018312,minmax
758,30,1769018312,minmax
759,30,1769018312,minmax
760,30,1769018312,minmax
761,30,1769018312,minmax
762,30,1769018312,minmax
763,30,1769018312,minmax
764,30,1769018312,minmax
765,30,1769018312,minmax
766,30,1769018312,minmax
767,30,1769018312,minmax
768,30,1769018312,minmax
769,30,1769018312,minmax
770,30,1769018312,minmax
771,30,1769018312,minmax
772,30,1769018312,minmax
773,30,1769018312,minmax
774,30,1769018312,minmax
775,30,1769018312,minmax
776,30,1769018312,minmax
777,30,1769018312,minmax
778,30,1769018312,minmax
779,30,1769018312,minmax
780,30,1769018312,minmax
781,30,1769018312,minmax
782,30,1769018312,minmax
783,30,1769018312,minmax
784,30,1769018312,minmax
785,30,1769018312,minmax
786,30,1769018312,minmax
787,30,1769018312,minmax
788,30,1769018312,minmax
789,30,1769018312,minmax
790,30,1769018312,minmax
791,30,1769018312,minmax
792,30,1769018312,minmax
793,30,1769018312,minmax
794,30,1769018312,minmax
795,30,1769018312,minmax
796,30,1769018312,minmax
797,30,1769018312,minmax
798,30,1769018312,minmax
799,30,1769018312,minmax
800,30,1769018312,minmax
801,30,1769018312,minmax
802,30,1769018312,minmax
803,30,1769018312,minmax
804,30,1769018312,minmax
805,30,1769018312,minmax
806,30,1769018312,minmax
807,30,1769018312,minmax
808,30,1769018312,minmax
809,30,1769018312,minmax
810,30,1769018312,minmax
811,30,1769018312,minmax
812,30,1769018312,minmax
813,30,1769018312,minmax
814,30,1769018312,minmax
815,30,1769018312,minmax
816,30,1769018312,minmax
817,30,1769018312,minmax
818,30,1769018312,minmax
819,30,1769018312,minmax
820,30,1769018312,minmax
821,30,1769018312,minmax
822,30,1769018312,minmax
823,30,1769018312,minmax
824,30,1769018312,minmax
825,30,1769018312,minmax
826,30,1769018312,minmax
827,30,1769018312,minmax
828,30,1769018312,minmax
829,30,1769018312,minmax
830,30,1769018312,minmax
831,30,1769018312,minmax
832,30,1769018312,minmax
833,30,1769018312,minmax
834,30,1769018312,minmax
835,30,1769018312,minmax
836,30,1769018312,minmax
837,30,1769018312,minmax
838,30,1769018312,minmax
839,30,1769018312,minmax
840,30,1769018312,minmax
841,30,1769018312,minmax
842,30,1769018312,minmax
843,30,1769018312,minmax
844,30,1769018312,minmax
845,30,1769018312,minmax
846,30,1769018312,minmax
847,30,1769018312,minmax
848,30,1769018312,minmax
849,30,1769018312,minmax
850,30,1769018312,minmax
851,30,1769018312,minmax
852,30,1769018312,minmax
853,30,1769018312,minmax
854,30,1769018312,minmax
855,30,1769018312,minmax
856,30,1769018312,minmax
857,30,1769018312,minmax
858,30,1769018312,minmax
859,30,1769018312,minmax
860,30,1769018312,minmax
861,30,1769018312,minmax
862,30,1769018312,minmax
863,30,1769018312,minmax
864,30,1769018312,minmax
865,30,1769018312,minmax
866,30,1769018312,minmax
867,30,1769018312,minmax
868,30,1769018312,minmax
869,30,1769018312,minmax
870,30,1769018312,minmax
871,30,1769018312,minmax
872,30,1769018312,minmax
873,30,1769018312,minmax
874,30,1769018312,minmax
875,30,1769018312,minmax
876,30,1769018312,minmax
877,30,1769018312,minmax
878,30,1769018312,minmax
879,30,1769018312,minmax
880,30,1769018312,minmax
881,30,1769018312,minmax
882,30,1769018312,minmax
883,30,1769018312,minmax
884,30,1769018312,minmax
885,30,1769018312,minmax
886,30,1769018312,minmax
887,30,1769018312,minmax
888,30,1769018312,minmax
889,30,1769018312,minmax
890,30,1769018312,minmax
891,30,1769018312,minmax
892,30,1769018312,minmax
893,30,1769018312,minmax
894,30,1769018312,minmax
895,30,1769018312,minmax
896,30,1769018312,minmax
897,30,1769018312,minmax
898,30,1769018312,minmax
899,30,1769018312,minmax
900,30,1769018312,minmax
901,30,1769018312,minmax
902,30,1769018312,minmax
903,30,1769018312,minmax
904,30,1769018312,minmax
905,30,1769018312,minmax
906,30,1769018312,minmax
907,30,1769018312,minmax
908,30,1769018312,minmax
909,30,1769018312,minmax
910,30,1769018312,minmax
911,30,1769018312,minmax
912,30,1769018312,minmax
913,30,1769018312,minmax
914,30,1769018312,minmax
915,30,1769018312,minmax
916,30,1769018312,minmax
917,30,1769018312,minmax
918,30,1769018312,minmax
919,30,1769018312,minmax
920,30,1769018312,minmax
921,30,1769018312,minmax
922,30,1769018312,minmax
923,30,1769018312,minmax
924,30,1769018312,minmax
925,30,1769018312,minmax
926,30,1769018312,minmax
927,30,1769018312,minmax
928,30,1769018312,minmax
929,30,1769018312,minmax
930,30,1769018312,minmax
931,30,1769018312,minmax
932,30,1769018312,minmax
933,30,1769018312,minmax
934,30,1769018312,minmax
935,30,1769018312,minmax
936,30,1769018312,minmax
937,30,1769018312,minmax
938,30,1769018312,minmax
939,30,1769018312,minmax
940,30,1769018312,minmax
941,30,1769018312,minmax
942,30,1769018312,minmax
943,30,1769018312,minmax
944,30,1769018312,minmax
945,30,1769018312,minmax
946,30,1769018312,minmax
947,30,1769018312,minmax
948,30,1769018312,minmax
949,30,1769018312,minmax
950,30,1769018312,minmax
951,30,1769018312,minmax
952,30,1769018312,minmax
953,30,1769018312,minmax
954,30,1769018312,minmax
955,30,1769018312,minmax
956,30,1769018312,minmax
957,30,1769018312,minmax
958,30,1769018312,minmax
959,30,1769018312,minmax
960,30,1769018312,minmax
961,30,1769018312,minmax
962,30,1769018312,minmax
963,30,1769018312,minmax
964,30,1769018312,minmax
965,30,1769018312,minmax
966,30,1769018312,minmax
967,30,1769018312,minmax
968,30,1769018312,minmax
969,30,1769018312,minmax
970,30,1769018312,minmax
971,30,1769018312,minmax
972,30,1769018312,minmax
973,30,1769018312,minmax
974,30,1769018312,minmax
975,30,1769018312,minmax
976,30,1769018312,minmax
977,30,1769018312,minmax
978,30,1769018312,minmax
979,30,1769018312,minmax
980,30,1769018312,minmax
981,30,1769018312,minmax
982,30,1769018312,minmax
983,30,1769018312,minmax
984,30,1769018312,minmax
985,30,1769018312,minmax
986,30,1769018312,minmax
987,30,1769018312,minmax
988,30,1769018312,minmax
989,30,1769018312,minmax
990,30,1769018312,minmax
991,30,1769018312,minmax
992,30,1769018312,minmax
993,30,1769018312,minmax
994,30,1769018312,minmax
995,30,1769018312,minmax
996,30,1769018312,minmax
997,30,1769018312,minmax
998,30,1769018312,minmax
999,30,1769018312,minmax
1000,30,1769018312,minmax
1001,30,1769018312,minmax
1002,30,1769018312,minmax
1003,30,1769018312,minmax
1004,30,1769018312,minmax
1005,30,1769018312,minmax
1006,30,1769018312,minmax
1007,30,1769018312,minmax
1008,30,1769018312,minmax
1009,30,1769018312,minmax
1010,30,1769018312,minmax
1011,30,1769018312,minmax
1012,30,1769018312,minmax
1013,30,1769018312,minmax
1014,30,1769018312,minmax
1015,30,1769018312,minmax
1016,30,1769018312,minmax
1017,30,1769018312,minmax
1018,30,1769018312,minmax
1019,30,1769018312,minmax
1020,30,1769018312,minmax
1021,30,1769018312,minmax
1022,30,1769018312,minmax
1023,30,1769018312,minmax
1024,30,1769018312,minmax
1025,30,1769018312,minmax
1026,30,1769018312,minmax
1027,30,1769018312,minmax
1028,30,1769018312,minmax
1029,30,1769018312,minmax
1030,30,1769018312,minmax
1031,30,1769018312,minmax
1032,30,1769018312,minmax
1033,30,1769018312,minmax
1034,30,1769018312,minmax
1035,30,1769018312,minmax
1036,30,1769018312,minmax
1037,30,1769018312,minmax
1038,30,1769018312,minmax
1039,30,1769018312,minmax
1040,30,1769018312,minmax
1041,30,1769018312,minmax
1042,30,1769018312,minmax
1043,30,1769018312,minmax
1044,30,1769018312,minmax
1045,30,1769018312,minmax
1046,30,1769018312,minmax
1047,30,1769018312,minmax
1048,30,1769018312,minmax
1049,30,1769018312,minmax
1050,30,1769018312,minmax
1051,30,1769018312,minmax
1052,30,1769018312,minmax
1053,30,1769018312,minmax
1054,30,1769018312,minmax
1055,30,1769018312,minmax
1056,30,1769018312,minmax
1057,30,1769018312,minmax
1058,30,1769018312,minmax
1059,30,1769018312,minmax
1060,30,1769018312,minmax
1061,30,1769018312,minmax
1062,30,1769018312,minmax
1063,30,1769018312,minmax
1064,30,1769018312,minmax
1065,30,1769018312,minmax
1066,30,1769018312,minmax
1067,30,1769018312,minmax
1068,30,1769018312,minmax
1069,30,1769018312,minmax
1070,30,1769018312,minmax
1071,30,1769018312,minmax
1072,30,1769018312,minmax
1073,30,1769018312,minmax
1074,30,1769018312,minmax
1075,30,1769018312,minmax
1076,30,1769018312,minmax
1077,30,1769018312,minmax
1078,30,1769018312,minmax
1079,30,1769018312,minmax
1080,30,1769018312,minmax
1081,30,1769018312,minmax
1082,30,1769018312,minmax
1083,30,1769018312,minmax
1084,30,1769018312,minmax
1085,30,1769018312,minmax
1086,30,1769018312,minmax
1087,30,1769018312,minmax
1088,30,1769018312,minmax
1089,30,1769018312,minmax
1090,30,1769018312,minmax
1091,30,1769018312,minmax
1092,30,1769018312,minmax
1093,30,1769018312,minmax
1094,30,1769018312,minmax
1095,30,1769018312,minmax
1096,30,1769018312,minmax
1097,30,1769018312,minmax
1098,30,1769018312,minmax
1099,30,1769018312,minmax
1100,30,1769018312,minmax
1101,30,1769018312,minmax
1102,30,1769018312,minmax
1103,30,1769018312,minmax
1104,30,1769018312,minmax
1105,30,1769018312,minmax
1106,30,1769018312,minmax
1107,30,1769018312,minmax
1108,30,1769018312,minmax
1109,30,1769018312,minmax
1110,30,1769018312,minmax
1111,30,1769018312,minmax
1112,30,1769018312,minmax
1113,30,1769018312,minmax
1114,30,1769018312,minmax
1115,30,1769018312,minmax
1116,30,1769018312,minmax
1117,30,1769018312,minmax
1118,30,1769018312,minmax
1119,30,1769018312,minmax
1120,30,1769018312,minmax
1121,30,1769018312,minmax
1122,30,1769018312,minmax
1123,30,1769018312,minmax
1124,30,1769018312,minmax
1125,30,1769018312,minmax
1126,30,1769018312,minmax
1127,30,1769018312,minmax
1128,30,1769018312,minmax
1129,30,1769018312,minmax
1130,30,1769018312,minmax
1131,30,1769018312,minmax
1132,30,1769018312,minmax
1133,30,1769018312,minmax
1134,30,1769018312,minmax
1135,30,1769018312,minmax
1136,30,1769018312,minmax
1137,30,1769018312,minmax
1138,30,1769018312,minmax
1139,30,1769018312,minmax
1140,30,1769018312,minmax
1141,30,1769018312,minmax
1142,30,1769018312,minmax
1143,30,1769018312,minmax
1144,30,1769018312,minmax
1145,30,1769018312,minmax
1146,30,1769018312,minmax
1147,30,1769018312,minmax
1148,30,1769018312,minmax
1149,30,1769018312,minmax
1150,30,1769018312,minmax
1151,30,1769018312,minmax
1152,30,1769018312,minmax
1153,30,1769018312,minmax
1154,30,1769018312,minmax
1155,30,1769018312,minmax
1156,30,1769018312,minmax
1157,30,1769018312,minmax
1158,30,1769018312,minmax
1159,30,1769018312,minmax
1160,30,1769018312,minmax
1161,30,1769018312,minmax
1162,30,1769018312,minmax
1163,30,1769018312,minmax
1164,30,1769018312,minmax
1165,30,1769018312,minmax
1166,30,1769018312,minmax
1167,30,1769018312,minmax
1168,30,1769018312,minmax
1169,30,1769018312,minmax
1170,30,1769018312,minmax
1171,30,1769018312,minmax
1172,30,1769018312,minmax
1173,30,1769018312,minmax
1174,30,1769018312,minmax
1175,30,1769018312,minmax
1176,30,1769018312,minmax
1177,30,1769018312,minmax
1178,30,1769018312,minmax
1179,30,1769018312,minmax
1180,30,1769018312,minmax
1181,30,1769018312,minmax
1182,30,1769018312,minmax
1183,30,1769018312,minmax
1184,30,1769018312,minmax
1185,30,1769018312,minmax
1186,30,1769018312,minmax
1187,30,1769018312,minmax
1188,30,1769018312,minmax
1189,30,1769018312,minmax
1190,30,1769018312,minmax
1191,30,1769018312,minmax
1192,30,1769018312,minmax
1193,30,1769018312,minmax
1194,30,1769018312,minmax
1195,30,1769018312,minmax
1196,30,1769018312,minmax
1197,30,1769018312,minmax
1198,30,1769018312,minmax
1199,30,1769018312,minmax
1200,30,1769018312,minmax
1201,30,1769018312,minmax
1202,30,1769018312,minmax
1203,30,1769018312,minmax
1204,30,1769018312,minmax
1205,30,1769018312,minmax
1206,30,1769018312,minmax
1207,30,1769018312,minmax
1208,30,1769018312,minmax
1209,30,1769018312,minmax
1210,30,1769018312,minmax
1211,30,1769018312,minmax
1212,30,1769018312,minmax
1213,30,1769018312,minmax
1214,30,1769018312,minmax
1215,30,1769018312,minmax
1216,30,1769018312,minmax
1217,30,1769018312,minmax
1218,30,1769018312,minmax
1219,30,1769018312,minmax
1220,30,1769018312,minmax
1221,30,1769018312,minmax
1222,30,1769018312,minmax
1223,30,1769018312,minmax
1224,30,1769018312,minmax
1225,30,1769018312,minmax
1226,30,1769018312,minmax
1227,30,1769018312,minmax
1228,30,1769018312,minmax
1229,30,1769018312,minmax
1230,30,1769018312,minmax
1231,30,1769018312,minmax
1232,30,1769018312,minmax
1233,30,1769018312,minmax
1234,30,1769018312,minmax
1235,30,1769018312,minmax
1236,30,1769018312,minmax
1237,30,1769018312,minmax
1238,30,1769018312,minmax
1239,30,1769018312,minmax
1240,30,1769018312,minmax
1241,30,1769018312,minmax
1242,30,1769018312,minmax
1243,30,1769018312,minmax
1244,30,1769018312,minmax
1245,30,1769018312,minmax
1246,30,1769018312,minmax
1247,30,1769018312,minmax
1248,30,1769018312,minmax
1249,30,1769018312,minmax
1250,30,1769018312,minmax
1251,30,1769018312,minmax
1252,30,1769018312,minmax
1253,30,1769018312,minmax
1254,30,1769018312,minmax
1255,30,1769018312,minmax
1256,30,1769018312,minmax
1257,30,1769018312,minmax
1258,30,1769018312,minmax
1259,30,1769018312,minmax
1260,30,1769018312,minmax
1261,30,1769018312,minmax
1262,30,1769018312,minmax
1263,30,1769018312,minmax
1264,30,1769018312,minmax
1265,30,1769018312,minmax
1266,30,1769018312,minmax
1267,30,1769018312,minmax
1268,30,1769018312,minmax
1269,30,1769018312,minmax
1270,30,1769018312,minmax
1271,30,1769018312,minmax
1272,30,1769018312,minmax
1273,30,1769018312,minmax
1274,30,1769018312,minmax
1275,30,1769018312,minmax
1276,30,1769018312,minmax
1277,30,1769018312,minmax
1278,30,1769018312,minmax
1279,30,1769018312,minmax
1280,30,1769018312,minmax
1281,30,1769018312,minmax
1282,30,1769018312,minmax
1283,30,1769018312,minmax
1284,30,1769018312,minmax
1285,30,1769018312,minmax
1286,30,1769018312,minmax
1287,30,1769018312,minmax
1288,30,1769018312,minmax
1289,30,1769018312,minmax
1290,30,1769018312,minmax
1291,30,1769018312,minmax
1292,30,1769018312,minmax
1293,30,1769018312,minmax
1294,30,1769018312,minmax
1295,30,1769018312,minmax
1296,30,1769018312,minmax
1297,30,1769018312,minmax
1298,30,1769018312,minmax
1299,30,1769018312,minmax
1300,30,1769018312,minmax
1301,30,1769018312,minmax
1302,30,1769018312,minmax
1303,30,1769018312,minmax
1304,30,1769018312,minmax
1305,30,1769018312,minmax
1306,30,1769018312,minmax
1307,30,1769018312,minmax
1308,30,1769018312,minmax
1309,30,1769018312,minmax
1310,30,1769018312,minmax
1311,30,1769018312,minmax
1312,30,1769018312,minmax
1313,30,1769018312,minmax
1314,30,1769018312,minmax
1315,30,1769018312,minmax
1316,30,1769018312,minmax
1317,30,1769018312,minmax
1318,30,1769018312,minmax
1319,30,1769018312,minmax
1320,30,1769018312,minmax
1321,30,1769018312,minmax
1322,30,1769018312,minmax
1323,30,1769018312,minmax
1324,30,1769018312,minmax
1325,30,1769018312,minmax
1326,30,1769018312,minmax
1327,30,1769018312,minmax
1328,30,1769018312,minmax
1329,30,1769018312,minmax
1330,30,1769018312,minmax
1331,30,1769018312,minmax
1332,30,1769018312,minmax
1333,30,1769018312,minmax
1334,30,1769018312,minmax
1335,30,1769018312,minmax
1336,30,1769018312,minmax
1337,30,1769018312,minmax
1338,30,1769018312,minmax
1339,30,1769018312,minmax
1340,30,1769018312,minmax
1341,30,1769018312,minmax
1342,30,1769018312,minmax
1343,30,1769018312,minmax
1344,30,1769018312,minmax
1345,30,1769018312,minmax
1346,30,1769018312,minmax
1347,30,1769018312,minmax
1348,30,1769018312,minmax
1349,30,1769018312,minmax
1350,30,1769018312,minmax
1351,30,1769018312,minmax
1352,30,1769018312,minmax
1353,30,1769018312,minmax
1354,30,1769018312,minmax
1355,30,1769018312,minmax
1356,30,1769018312,minmax
1357,30,1769018312,minmax
1358,30,1769018312,minmax
1359,30,1769018312,minmax
1360,30,1769018312,minmax
1361,30,1769018312,minmax
1362,30,1769018312,minmax
1363,30,1769018312,minmax
1364,30,1769018312,minmax
1365,30,1769018312,minmax
1366,30,1769018312,minmax
1367,30,1769018312,minmax
1368,30,1769018312,minmax
1369,30,1769018312,minmax
1370,30,1769018312,minmax
1371,30,1769018312,minmax
1372,30,1769018312,minmax
1373,30,1769018312,minmax
1374,30,1769018312,minmax
1375,30,1769018312,minmax
1376,30,1769018312,minmax
1377,30,1769018312,minmax
1378,30,1769018312,minmax
1379,30,1769018312,minmax
1380,30,1769018312,minmax
1381,30,1769018312,minmax
1382,30,1769018312,minmax
1383,30,1769018312,minmax
1384,30,1769018312,minmax
1385,30,1769018312,minmax
1386,30,1769018312,minmax
1387,30,1769018312,minmax
1388,30,1769018312,minmax
1389,30,1769018312,minmax
1390,30,1769018312,minmax
1391,30,1769018312,minmax
1392,30,1769018312,minmax
1393,30,1769018312,minmax
1394,30,1769018312,minmax
1395,30,1769018312,minmax
1396,30,1769018312,minmax
1397,30,1769018312,minmax
1398,30,1769018312,minmax
1399,30,1769018312,minmax
1400,30,1769018312,minmax
1401,30,1769018312,minmax
1402,30,1769018312,minmax
1403,30,1769018312,minmax
1404,30,1769018312,minmax
1405,30,1769018312,minmax
1406,30,1769018312,minmax
1407,30,1769018312,minmax
1408,30,1769018312,minmax
1409,30,1769018312,minmax
1410,30,1769018312,minmax
1411,30,1769018312,minmax
1412,30,1769018312,minmax
1413,30,1769018312,minmax
1414,30,1769018312,minmax
1415,30,1769018312,minmax
1416,30,1769018312,minmax
1417,30,1769018312,minmax
1418,30,1769018312,minmax
1419,30,1769018312,minmax
1420,30,1769018312,minmax
1421,30,1769018312,minmax
1422,30,1769018312,minmax
1423,30,1769018312,minmax
1424,30,1769018312,minmax
1425,30,1769018312,minmax
1426,30,1769018312,minmax
1427,30,1769018312,minmax
1428,30,1769018312,minmax
1429,30,1769018312,minmax
1430,30,1769018312,minmax
1431,30,1769018312,minmax
1432,30,1769018312,minmax
1433,30,1769018312,minmax
1434,30,1769018312,minmax
1435,30,1769018312,minmax
1436,30,1769018312,minmax
1437,30,1769018312,minmax
1438,30,1769018312,minmax
1439,30,1769018312,minmax
1440,30,1769018312,minmax
1441,30,1769018312,minmax
1442,30,1769018312,minmax
1443,30,1769018312,minmax
1444,30,1769018312,minmax
1445,30,1769018312,minmax
1446,30,1769018312,minmax
1447,30,1769018312,minmax
1448,30,1769018312,minmax
1449,30,1769018312,minmax
1450,30,1769018312,minmax
1451,30,1769018312,minmax
1452,30,1769018312,minmax
1453,30,1769018312,minmax
1454,30,1769018312,minmax
1455,30,1769018312,minmax
1456,30,1769018312,minmax
1457,30,1769018312,minmax
1458,30,1769018312,minmax
1459,30,1769018312,minmax
1460,30,1769018312,minmax
1461,30,1769018312,minmax
1462,30,1769018312,minmax
1463,30,1769018312,minmax
1464,30,1769018312,minmax
1465,30,1769018312,minmax
1466,30,1769018312,minmax
1467,30,1769018312,minmax
1468,30,1769018312,minmax
1469,30,1769018312,minmax
1470,30,1769018312,minmax
1471,30,1769018312,minmax
1472,30,1769018312,minmax
1473,30,1769018312,minmax
1474,30,1769018312,minmax
1475,30,1769018312,minmax
1476,30,1769018312,minmax
1477,30,1769018312,minmax
1478,30,1769018312,minmax
1479,30,1769018312,minmax
1480,30,1769018312,minmax
1481,30,1769018312,minmax
1482,30,1769018312,minmax
1483,30,1769018312,minmax
1484,30,1769018312,minmax
1485,30,1769018312,minmax
1486,30,1769018312,minmax
1487,30,1769018312,minmax
1488,30,1769018312,minmax
1489,30,1769018312,minmax
1490,30,1769018312,minmax
1491,30,1769018312,minmax
1492,30,1769018312,minmax
1493,30,1769018312,minmax
1494,30,1769018312,minmax
1495,30,1769018312,minmax
1496,30,1769018312,minmax
1497,30,1769018312,minmax
1498,30,1769018312,minmax
1499,30,1769018312,minmax
1500,30,1769018312,minmax
1501,30,1769018312,minmax
1502,30,1769018312,minmax
1503,30,1769018312,minmax
1504,30,1769018312,minmax
1505,30,1769018312,minmax
1506,30,1769018312,minmax
1507,30,1769018312,minmax
1508,30,1769018312,minmax
1509,30,1769018312,minmax
1510,30,1769018312,minmax
1511,30,1769018312,minmax
1512,30,1769018312,minmax
1513,30,1769018312,minmax
1514,30,1769018312,minmax
1515,30,1769018312,minmax
1516,30,1769018312,minmax
1517,30,1769018312,minmax
1518,30,1769018312,minmax
1519,30,1769018312,minmax
1520,30,1769018312,minmax
1521,30,1769018312,minmax
1522,30,1769018312,minmax
1523,30,1769018312,minmax
1524,30,1769018312,minmax
1525,30,1769018312,minmax
1526,30,1769018312,minmax
1527,30,1769018312,minmax
1528,30,1769018312,minmax
1529,30,1769018312,minmax
1530,30,1769018312,minmax
1531,30,1769018312,minmax
1532,30,1769018312,minmax
1533,30,1769018312,minmax
1534,30,1769018312,minmax
1535,30,1769018312,minmax
1536,30,1769018312,minmax
1537,30,1769018312,minmax
1538,30,1769018312,minmax
1539,30,1769018312,minmax
1540,30,1769018312,minmax
1541,30,1769018312,minmax
1542,30,1769018312,minmax
1543,30,1769018312,minmax
1544,30,1769018312,minmax
1545,30,1769018312,minmax
1546,30,1769018312,minmax
1547,30,1769018312,minmax
1548,30,1769018312,minmax
1549,30,1769018312,minmax
1550,30,1769018312,minmax
1551,30,1769018312,minmax
1552,30,1769018312,minmax
1553,30,1769018312,minmax
1554,30,1769018312,minmax
1555,30,1769018312,minmax
1556,30,1769018312,minmax
1557,30,1769018312,minmax
1558,30,1769018312,minmax
1559,30,1769018312,minmax
1560,30,1769018312,minmax
1561,30,1769018312,minmax
1562,30,1769018312,minmax
1563,30,1769018312,minmax
1564,30,1769018312,minmax
1565,30,1769018312,minmax
1566,30,1769018312,minmax
1567,30,1769018312,minmax
1568,30,1769018312,minmax
1569,30,1769018312,minmax
1570,30,1769018312,minmax
1571,30,1769018312,minmax
1572,30,1769018312,minmax
1573,30,1769018312,minmax
1574,30,1769018312,minmax
1575,30,1769018312,minmax
1576,30,1769018312,minmax
1577,30,1769018312,minmax
1578,30,1769018312,minmax
1579,30,1769018312,minmax
1580,30,1769018312,minmax
1581,30,1769018312,minmax
1582,30,1769018312,minmax
1583,30,1769018312,minmax
1584,30,1769018312,minmax
1585,30,1769018312,minmax
1586,30,1769018312,minmax
1587,30,1769018312,minmax
1588,30,1769018312,minmax
1589,30,1769018312,minmax
1590,30,1769018312,minmax
1591,30,1769018312,minmax
1592,30,1769018312,minmax
1593,30,1769018312,minmax
1594,30,1769018312,minmax
1595,30,1769018312,minmax
1596,30,1769018312,minmax
1597,30,1769018312,minmax
1598,30,1769018312,minmax
1599,30,1769018312,minmax
1600,30,1769018312,minmax
1601,30,1769018312,minmax
1602,30,1769018312,minmax
1603,30,1769018312,minmax
1604,30,1769018312,minmax
1605,30,1769018312,minmax
1606,30,1769018312,minmax
1607,30,1769018312,minmax
1608,30,1769018312,minmax
1609,30,1769018312,minmax
1610,30,1769018312,minmax
1611,30,1769018312,minmax
1612,30,1769018312,minmax
1613,30,1769018312,minmax
1614,30,1769018312,minmax
1615,30,1769018312,minmax
1616,30,1769018312,minmax
1617,30,1769018312,minmax
1618,30,1769018312,minmax
1619,30,1769018312,minmax
1620,30,1769018312,minmax
1621,30,1769018312,minmax
1622,30,1769018312,minmax
1623,30,1769018312,minmax
1624,30,1769018312,minmax
1625,30,1769018312,minmax
1626,30,1769018312,minmax
1627,30,1769018312,minmax
1628,30,1769018312,minmax
1629,30,1769018312,minmax
1630,30,1769018312,minmax
1631,30,1769018312,minmax
1632,30,1769018312,minmax
1633,30,1769018312,minmax
1634,30,1769018312,minmax
1635,30,1769018312,minmax
1636,30,1769018312,minmax
1637,30,1769018312,minmax
1638,30,1769018312,minmax
1639,30,1769018312,minmax
1640,30,1769018312,minmax
1641,30,1769018312,minmax
1642,30,1769018312,minmax
1643,30,1769018312,minmax
1644,30,1769018312,minmax
1645,30,1769018312,minmax
1646,30,1769018312,minmax
1647,30,1769018312,minmax
1648,30,1769018312,minmax
1649,30,1769018312,minmax
1650,30,1769018312,minmax
1651,30,1769018312,minmax
1652,30,1769018312,minmax
1653,30,1769018312,minmax
1654,30,1769018312,minmax
1655,30,1769018312,minmax
1656,30,1769018312,minmax
1657,30,1769018312,minmax
1658,30,1769018312,minmax
1659,30,1769018312,minmax
1660,30,1769018312,minmax
1661,30,1769018312,minmax
1662,30,1769018312,minmax
1663,30,1769018312,minmax
1664,30,1769018312,minmax
1665,30,1769018312,minmax
1666,30,1769018312,minmax
1667,30,1769018312,minmax
1668,30,1769018312,minmax
1669,30,1769018312,minmax
1670,30,1769018312,minmax
1671,30,1769018312,minmax
1672,30,1769018312,minmax
1673,30,1769018312,minmax
1674,30,1769018312,minmax
1675,30,1769018312,minmax
1676,30,1769018312,minmax
1677,30,1769018312,minmax
1678,30,1769018312,minmax
1679,30,1769018312,minmax
1680,30,1769018312,minmax
1681,30,1769018312,minmax
1682,30,1769018312,minmax
1683,30,1769018312,minmax
1684,30,1769018312,minmax
1685,30,1769018312,minmax
1686,30,1769018312,minmax
1687,30,1769018312,minmax
1688,30,1769018312,minmax
1689,30,1769018312,minmax
1690,30,1769018312,minmax
1691,30,1769018312,minmax
1692,30,1769018312,minmax
1693,30,1769018312,minmax
1694,30,1769018312,minmax
1695,30,1769018312,minmax
1696,30,1769018312,minmax
1697,30,1769018312,minmax
1698,30,1769018312,minmax
1699,30,1769018312,minmax
1700,30,1769018312,minmax
1701,30,1769018312,minmax
1702,30,1769018312,minmax
1703,30,1769018312,minmax
1704,30,1769018312,minmax
1705,30,1769018312,minmax
1706,30,1769018312,minmax
1707,30,1769018312,minmax
1708,30,1769018312,minmax
1709,30,1769018312,minmax
1710,30,1769018312,minmax
1711,30,1769018312,minmax
1712,30,1769018312,minmax
1713,30,1769018312,minmax
1714,30,1769018312,minmax
1715,30,1769018312,minmax
1716,30,1769018312,minmax
1717,30,1769018312,minmax
1718,30,1769018312,minmax
1719,30,1769018312,minmax
1720,30,1769018312,minmax
1721,30,1769018312,minmax
1722,30,1769018312,minmax
1723,30,1769018312,minmax
1724,30,1769018312,minmax
1725,30,1769018312,minmax
1726,30,1769018312,minmax
1727,30,1769018312,minmax
1728,30,1769018312,minmax
1729,30,1769018312,minmax
1730,30,1769018312,minmax
1731,30,1769018312,minmax
1732,30,1769018312,minmax
1733,30,1769018312,minmax
1734,30,1769018312,minmax
1735,30,1769018312,minmax
1736,30,1769018312,minmax
1737,30,1769018312,minmax
1738,30,1769018312,minmax
1739,30,1769018312,minmax
1740,30,1769018312,minmax
1741,30,1769018312,minmax
1742,30,1769018312,minmax
1743,30,1769018312,minmax
1744,30,1769018312,minmax
1745,30,1769018312,minmax
1746,30,1769018312,minmax
1747,30,1769018312,minmax
1748,30,1769018312,minmax
1749,30,1769018312,minmax
1750,30,1769018312,minmax
1751,30,1769018312,minmax
1752,30,1769018312,minmax
1753,30,1769018312,minmax
1754,30,1769018312,minmax
1755,30,1769018312,minmax
1756,30,1769018312,minmax
1757,30,1769018312,minmax
1758,30,1769018312,minmax
1759,30,1769018312,minmax
1760,30,1769018312,minmax
1761,30,1769018312,minmax
1762,30,1769018312,minmax
1763,30,1769018312,minmax
1764,30,1769018312,minmax
1765,30,1769018312,minmax
1766,30,1769018312,minmax
1767,30,1769018312,minmax
1768,30,1769018312,minmax
1769,30,1769018312,minmax
1770,30,1769018312,minmax
1771,30,1769018312,minmax
1772,30,1769018312,minmax
1773,30,1769018312,minmax
1774,30,1769018312,minmax
1775,30,1769018312,minmax
1776,30,1769018312,minmax
1777,30,1769018312,minmax
1778,30,1769018312,minmax
1779,30,1769018312,minmax
1780,30,1769018312,minmax
1781,30,1769018312,minmax
1782,30,1769018312,minmax
1783,30,1769018312,minmax
1784,30,1769018312,minmax
1785,30,1769018312,minmax
1786,30,1769018312,minmax
1787,30,1769018312,minmax
1788,30,1769018312,minmax
1789,30,1769018312,minmax
1790,30,1769018312,minmax
1791,30,1769018312,minmax
1792,30,1769018312,minmax
1793,30,1769018312,minmax
1794,30,1769018312,minmax
1795,30,1769018312,minmax
1796,30,1769018312,minmax
1797,30,1769018312,minmax
1798,30,1769018312,minmax
1799,30,1769018312,minmax
1800,30,1769018312,minmax
1801,30,1769018312,minmax
1802,30,1769018312,minmax
1803,30,1769018312,minmax
1804,30,1769018312,minmax
1805,30,1769018312,minmax
1806,30,1769018312,minmax
1807,30,1769018312,minmax
1808,30,1769018312,minmax
1809,30,1769018312,minmax
1810,30,1769018312,minmax
1811,30,1769018312,minmax
1812,30,1769018312,minmax
1813,30,1769018312,minmax
1814,30,1769018312,minmax
1815,30,1769018312,minmax
1816,30,1769018312,minmax
1817,30,1769018312,minmax
1818,30,1769018312,minmax
1819,30,1769018312,minmax
1820,30,1769018312,minmax
1821,30,1769018312,minmax
1822,30,1769018312,minmax
1823,30,1769018312,minmax
1824,30,1769018312,minmax
1825,30,1769018312,minmax
1826,30,1769018312,minmax
1827,30,1769018312,minmax
1828,30,1769018312,minmax
1829,30,1769018312,minmax
1830,30,1769018312,minmax
1831,30,1769018312,minmax
1832,30,1769018312,minmax
1833,30,1769018312,minmax
1834,30,1769018312,minmax
1835,30,1769018312,minmax
1836,30,1769018312,minmax
1837,30,1769018312,minmax
1838,30,1769018312,minmax
1839,30,1769018312,minmax
1840,30,1769018312,minmax
1841,30,1769018312,minmax
1842,30,1769018312,minmax
1843,30,1769018312,minmax
1844,30,1769018312,minmax
1845,30,1769018312,minmax
1846,30,1769018312,minmax
1847,30,1769018312,minmax
1848,30,1769018312,minmax
1849,30,1769018312,minmax
1850,30,1769018312,minmax
1851,30,1769018312,minmax
1852,30,1769018312,minmax
1853,30,1769018312,minmax
1854,30,1769018312,minmax
1855,30,1769018312,minmax
1856,30,1769018312,minmax
1857,30,1769018312,minmax
1858,30,1769018312,minmax
1859,30,1769018312,minmax
1860,30,1769018312,minmax
1861,30,1769018312,minmax
1862,30,1769018312,minmax
1863,30,1769018312,minmax
1864,30,1769018312,minmax
1865,30,1769018312,minmax
1866,30,1769018312,minmax
1867,30,1769018312,minmax
1868,30,1769018312,minmax
1869,30,1769018312,minmax
1870,30,1769018312,minmax
1871,30,1769018312,minmax
1872,30,1769018312,minmax
1873,30,1769018312,minmax
1874,30,1769018312,minmax
1875,30,1769018312,minmax
1876,30,1769018312,minmax
1877,30,1769018312,minmax
1878,30,1769018312,minmax
1879,30,1769018312,minmax
1880,30,1769018312,minmax
1881,30,1769018312,minmax
1882,30,1769018312,minmax
1883,30,1769018312,minmax
1884,30,1769018312,minmax
1885,30,1769018312,minmax
1886,30,1769018312,minmax
1887,30,1769018312,minmax
1888,30,1769018312,minmax
1889,30,1769018312,minmax
1890,30,1769018312,minmax
1891,30,1769018312,minmax
1892,30,1769018312,minmax
1893,30,1769018312,minmax
1894,30,1769018312,minmax
1895,30,1769018312,minmax
1896,30,1769018312,minmax
1897,30,1769018312,minmax
1898,30,1769018312,minmax
1899,30,1769018312,minmax
1900,30,1769018312,minmax
1901,30,1769018312,minmax
1902,30,1769018312,minmax
1903,30,1769018312,minmax
1904,30,1769018312,minmax
1905,30,1769018312,minmax
1906,30,1769018312,minmax
1907,30,1769018312,minmax
1908,30,1769018312,minmax
1909,30,1769018312,minmax
1910,30,1769018312,minmax
1911,30,1769018312,minmax
1912,30,1769018312,minmax
1913,30,1769018312,minmax
1914,30,1769018312,minmax
1915,30,1769018312,minmax
1916,30,1769018312,minmax
1917,30,1769018312,minmax
1918,30,1769018312,minmax
1919,30,1769018312,minmax
1920,30,1769018312,minmax
1921,30,1769018312,minmax
1922,30,1769018312,minmax
1923,30,1769018312,minmax
1924,30,1769018312,minmax
1925,30,1769018312,minmax
1926,30,1769018312,minmax
1927,30,1769018312,minmax
1928,30,1769018312,minmax
1929,30,1769018312,minmax
1930,30,1769018312,minmax
1931,30,1769018312,minmax
1932,30,1769018312,minmax
1933,30,1769018312,minmax
1934,30,1769018312,minmax
1935,30,1769018312,minmax
1936,30,1769018312,minmax
1937,30,1769018312,minmax
1938,30,1769018312,minmax
1939,30,1769018312,minmax
1940,30,1769018312,minmax
1941,30,1769018312,minmax
1942,30,1769018312,minmax
1943,30,1769018312,minmax
1944,30,1769018312,minmax
1945,30,1769018312,minmax
1946,30,1769018312,minmax
1947,30,1769018312,minmax
1948,30,1769018312,minmax
1949,30,1769018312,minmax
1950,30,1769018312,minmax
1951,30,1769018312,minmax
1952,30,1769018312,minmax
1953,30,1769018312,minmax
1954,30,1769018312,minmax
1955,30,1769018312,minmax
1956,30,1769018312,minmax
1957,30,1769018312,minmax
1958,30,1769018312,minmax
1959,30,1769018312,minmax
1960,30,1769018312,minmax
1961,30,1769018312,minmax
1962,30,1769018312,minmax
1963,30,1769018312,minmax
1964,30,1769018312,minmax
1965,30,1769018312,minmax
1966,30,1769018312,minmax
1967,30,1769018312,minmax
1968,30,1769018312,minmax
1969,30,1769018312,minmax
1970,30,1769018312,minmax
1971,30,1769018312,minmax
1972,30,1769018312,minmax
1973,30,1769018312,minmax
1974,30,1769018312,minmax
1975,30,1769018312,minmax
1976,30,1769018312,minmax
1977,30,1769018312,minmax
1978,30,1769018312,minmax
1979,30,1769018312,minmax
1980,30,1769018312,minmax
1981,30,1769018312,minmax
1982,30,1769018312,minmax
1983,30,1769018312,minmax
1984,30,1769018312,minmax
1985,30,1769018312,minmax
1986,30,1769018312,minmax
1987,30,1769018312,minmax
1988,30,1769018312,minmax
1989,30,1769018312,minmax
1990,30,1769018312,minmax
1991,30,1769018312,minmax
1992,30,1769018312,minmax
1993,30,1769018312,minmax
1994,30,1769018312,minmax
1995,30,1769018312,minmax
1996,30,1769018312,minmax
1997,30,1769018312,minmax
1998,30,1769018312,minmax
1999,30,1769018312,minmax
2000,30,1769018312,minmax
2001,30,1769018312,minmax
1,30,1769018302,minmax
2,0,1769018302,minmax
3,30,1769018302,minmax
4,30,1769018302,minmax
5,30,1769018302,minmax
6,30,1769018302,minmax
7,30,1769018302,minmax
8,30,1769018302,minmax
9,30,1769018302,minmax
10,0,1769018302,minmax
11,30,1769018302,minmax
12,30,1769018302,minmax
13,30,1769018302,minmax
14,30,1769018302,minmax
15,30,1769018302,minmax
16,30,1769018302,minmax
17,30,1769018302,minmax
18,30,1769018302,minmax
19,30,1769018302,minmax
20,30,1769018302,minmax
21,0,1769018302,minmax
22,0,1769018302,minmax
23,30,1769018302,minmax
24,30,1769018302,minmax
25,30,1769018302,minmax
26,30,1769018302,minmax
27,30,1769018302,minmax
28,30,1769018302,minmax
29,30,1769018302,minmax
30,30,1769018302,minmax
31,30,1769018302,minmax
32,30,1769018302,minmax
33,30,1769018302,minmax
34,30,1769018302,minmax
35,30,1769018302,minmax
36,30,1769018302,minmax
37,30,1769018302,minmax
38,30,1769018302,minmax
39,0,1769018302,minmax
40,30,1769018302,minmax
41,30,1769018302,minmax
42,0,1769018302,minmax
43,30,1769018302,minmax
44,30,1769018302,minmax
45,30,1769018302,minmax
46,30,1769018302,minmax
47,30,1769018302,minmax
48,0,1769018302,minmax
49,0,1769018302,minmax
50,30,1769018302,minmax
51,30,1769018302,minmax
52,30,1769018302,minmax
53,30,1769018302,minmax
54,30,1769018302,minmax
55,30,1769018302,minmax
56,30,1769018302,minmax
57,30,1769018302,minmax
58,30,1769018302,minmax
59,30,1769018302,minmax
60,30,1769018302,minmax
61,30,1769018302,minmax
62,30,1769018302,minmax
63,30,1769018302,minmax
64,30,1769018302,minmax
65,30,1769018302,minmax
66,30,1769018302,minmax
67,30,1769018302,minmax
68,30,1769018302,minmax
69,30,1769018302,minmax
70,30,1769018302,minmax
71,30,1769018302,minmax
72,30,1769018302,minmax
73,30,1769018302,minmax
74,0,1769018302,minmax
75,30,1769018302,minmax
76,30,1769018302,minmax
77,30,1769018302,minmax
78,30,1769018302,minmax
79,30,1769018302,minmax
80,30,1769018302,minmax
81,30,1769018302,minmax
82,30,1769018302,minmax
83,30,1769018302,minmax
84,30,1769018302,minmax
85,30,1769018302,minmax
86,30,1769018302,minmax
87,30,1769018302,minmax
88,30,1769018302,minmax
89,30,1769018302,minmax
90,30,1769018302,minmax
91,30,1769018302,minmax
92,30,1769018302,minmax
93,30,1769018302,minmax
94,0,1769018302,minmax
95,30,1769018302,minmax
96,30,1769018302,minmax
97,30,1769018302,minmax
98,30,1769018302,minmax
99,0,1769018302,minmax
100,30,1769018302,minmax
101,30,1769018302,minmax
102,30,1769018302,minmax
103,30,1769018302,minmax
104,0,1769018302,minmax
105,30,1769018302,minmax
106,30,1769018302,minmax
107,30,1769018302,minmax
108,30,1769018302,minmax
109,30,1769018302,minmax
110,30,1769018302,minmax
111,30,1769018302,minmax
112,30,1769018302,minmax
113,0,1769018302,minmax
114,30,1769018302,minmax
115,30,1769018302,minmax
116,30,1769018302,minmax
117,30,1769018302,minmax
118,30,1769018302,minmax
119,30,1769018302,minmax
120,30,1769018302,minmax
121,30,1769018302,minmax
122,30,1769018302,minmax
123,30,1769018302,minmax
124,30,1769018302,minmax
125,30,1769018302,minmax
126,30,1769018302,minmax
127,0,1769018302,minmax
128,30,1769018302,minmax
129,30,1769018302,minmax
130,30,1769018302,minmax
131,30,1769018302,minmax
132,0,1769018302,minmax
133,30,1769018302,minmax
134,30,1769018302,minmax
135,30,1769018302,minmax
136,30,1769018302,minmax
137,30,1769018302,minmax
138,30,1769018302,minmax
139,30,1769018302,minmax
140,30,1769018302,minmax
141,30,1769018302,minmax
142,30,1769018302,minmax
143,30,1769018302,minmax
144,30,1769018302,minmax
145,30,1769018302,minmax
146,30,1769018302,minmax
147,30,1769018302,minmax
148,30,1769018302,minmax
149,30,1769018302,minmax
150,30,1769018302,minmax
151,30,1769018302,minmax
152,0,1769018302,minmax
153,30,1769018302,minmax
154,30,1769018302,minmax
155,30,1769018302,minmax
156,30,1769018302,minmax
157,0,1769018302,minmax
158,30,1769018302,minmax
159,30,1769018302,minmax
160,30,1769018302,minmax
161,30,1769018302,minmax
162,30,1769018302,minmax
163,30,1769018302,minmax
164,30,1769018302,minmax
165,30,1769018302,minmax
166,30,1769018302,minmax
167,30,1769018302,minmax
168,30,1769018302,minmax
169,30,1769018302,minmax
170,30,1769018302,minmax
171,30,1769018302,minmax
172,0,1769018302,minmax
173,30,1769018302,minmax
174,30,1769018302,minmax
175,30,1769018302,minmax
176,30,1769018302,minmax
177,30,1769018302,minmax
178,30,1769018302,minmax
179,30,1769018302,minmax
180,0,1769018302,minmax
181,30,1769018302,minmax
182,30,1769018302,minmax
183,30,1769018302,minmax
184,30,1769018302,minmax
185,30,1769018302,minmax
186,30,1769018302,minmax
187,30,1769018302,minmax
188,30,1769018302,minmax
189,30,1769018302,minmax
190,30,1769018302,minmax
191,30,1769018302,minmax
192,30,1769018302,minmax
193,30,1769018302,minmax
194,30,1769018302,minmax
195,30,1769018302,minmax
196,30,1769018302,minmax
197,30,1769018302,minmax
198,30,1769018302,minmax
199,30,1769018302,minmax
200,30,1769018302,minmax
201,30,1769018302,minmax
202,30,1769018302,minmax
203,30,1769018302,minmax
204,30,1769018302,minmax
205,30,1769018302,minmax
206,30,1769018302,minmax
207,30,1769018302,minmax
208,30,1769018302,minmax
209,30,1769018302,minmax
210,0,1769018302,minmax
211,30,1769018302,minmax
212,30,1769018302,minmax
213,0,1769018302,minmax
214,30,1769018302,minmax
215,30,1769018302,minmax
216,30,1769018302,minmax
217,30,1769018302,minmax
218,0,1769018302,minmax
219,30,1769018302,minmax
220,30,1769018302,minmax
221,0,1769018302,minmax
222,30,1769018302,minmax
223,30,1769018302,minmax
224,30,1769018302,minmax
225,30,1769018302,minmax
226,30,1769018302,minmax
227,30,1769018302,minmax
228,30,1769018302,minmax
229,30,1769018302,minmax
230,30,1769018302,minmax
231,30,1769018302,minmax
232,30,1769018302,minmax
233,30,1769018302,minmax
234,30,1769018302,minmax
235,30,1769018302,minmax
236,30,1769018302,minmax
237,30,1769018302,minmax
238,30,1769018302,minmax
239,0,1769018302,minmax
240,30,1769018302,minmax
241,30,1769018302,minmax
242,30,1769018302,minmax
243,30,1769018302,minmax
244,30,1769018302,minmax
245,30,1769018302,minmax
246,30,1769018302,minmax
247,30,1769018302,minmax
248,30,1769018302,minmax
249,30,1769018302,minmax
250,30,1769018302,minmax
251,30,1769018302,minmax
252,30,1769018302,minmax
253,30,1769018302,minmax
254,30,1769018302,minmax
255,30,1769018302,minmax
256,30,1769018302,minmax
257,30,1769018302,minmax
258,30,1769018302,minmax
259,30,1769018302,minmax
260,0,1769018302,minmax
261,30,1769018302,minmax
262,0,1769018302,minmax
263,30,1769018302,minmax
264,30,1769018302,minmax
265,30,1769018302,minmax
266,30,1769018302,minmax
267,30,1769018302,minmax
268,30,1769018302,minmax
269,30,1769018302,minmax
270,30,1769018302,minmax
271,30,1769018302,minmax
272,30,1769018302,minmax
273,30,1769018302,minmax
274,30,1769018302,minmax
275,30,1769018302,minmax
276,30,1769018302,minmax
277,30,1769018302,minmax
278,0,1769018302,minmax
279,30,1769018302,minmax
280,0,1769018302,minmax
281,30,1769018302,minmax
282,30,1769018302,minmax
283,30,1769018302,minmax
284,30,1769018302,minmax
285,30,1769018302,minmax
286,0,1769018302,minmax
287,30,1769018302,minmax
288,30,1769018302,minmax
289,30,1769018302,minmax
290,30,1769018302,minmax
291,30,1769018302,minmax
292,30,1769018302,minmax
293,30,1769018302,minmax
294,30,1769018302,minmax
295,30,1769018302,minmax
296,30,1769018302,minmax
297,30,1769018302,minmax
298,30,1769018302,minmax
299,30,1769018302,minmax
300,30,1769018302,minmax
301,30,1769018302,minmax
302,30,1769018302,minmax
303,30,1769018302,minmax
304,30,1769018302,minmax
305,30,1769018302,minmax
306,30,1769018302,minmax
307,30,1769018302,minmax
308,30,1769018302,minmax
309,30,1769018302,minmax
310,30,1769018302,minmax
311,30,1769018302,minmax
312,30,1769018302,minmax
313,30,1769018302,minmax
314,30,1769018302,minmax
315,30,1769018302,minmax
316,30,1769018302,minmax
317,30,1769018302,minmax
318,30,1769018302,minmax
319,30,1769018302,minmax
320,30,1769018302,minmax
321,30,1769018302,minmax
322,30,1769018302,minmax
323,30,1769018302,minmax
324,30,1769018302,minmax
325,30,1769018302,minmax
326,30,1769018302,minmax
327,30,1769018302,minmax
328,30,1769018302,minmax
329,30,1769018302,minmax
330,30,1769018302,minmax
331,30,1769018302,minmax
332,30,1769018302,minmax
333,30,1769018302,minmax
334,30,1769018302,minmax
335,30,1769018302,minmax
336,30,1769018302,minmax
337,30,1769018302,minmax
338,30,1769018302,minmax
339,30,1769018302,minmax
340,30,1769018302,minmax
341,30,1769018302,minmax
342,30,1769018302,minmax
343,30,1769018302,minmax
344,30,1769018302,minmax
345,30,1769018302,minmax
346,30,1769018302,minmax
347,30,1769018302,minmax
348,30,1769018302,minmax
349,30,1769018302,minmax
350,30,1769018302,minmax
351,30,1769018302,minmax
352,0,1769018302,minmax
353,30,1769018302,minmax
354,30,1769018302,minmax
355,30,1769018302,minmax
356,30,1769018302,minmax
357,30,1769018302,minmax
358,30,1769018302,minmax
359,30,1769018302,minmax
360,30,1769018302,minmax
361,30,1769018302,minmax
362,30,1769018302,minmax
363,30,1769018302,minmax
364,30,1769018302,minmax
365,30,1769018302,minmax
366,0,1769018302,minmax
367,30,1769018302,minmax
368,30,1769018302,minmax
369,30,1769018302,minmax
370,30,1769018302,minmax
371,30,1769018302,minmax
372,30,1769018302,minmax
373,30,1769018302,minmax
374,30,1769018302,minmax
375,30,1769018302,minmax
376,30,1769018302,minmax
377,30,1769018302,minmax
378,30,1769018302,minmax
379,30,1769018302,minmax
380,30,1769018302,minmax
381,30,1769018302,minmax
382,30,1769018302,minmax
383,30,1769018302,minmax
384,30,1769018302,minmax
385,30,1769018302,minmax
386,30,1769018302,minmax
387,30,1769018302,minmax
388,30,1769018302,minmax
389,30,1769018302,minmax
390,30,1769018302,minmax
391,30,1769018302,minmax
392,30,1769018302,minmax
393,30,1769018302,minmax
394,30,1769018302,minmax
395,30,1769018302,minmax
396,30,1769018302,minmax
397,30,1769018302,minmax
398,30,1769018302,minmax
399,30,1769018302,minmax
400,30,1769018302,minmax
401,30,1769018302,minmax
402,30,1769018302,minmax
403,30,1769018302,minmax
404,30,1769018302,minmax
405,30,1769018302,minmax
406,30,1769018302,minmax
407,30,1769018302,minmax
408,30,1769018302,minmax
409,30,1769018302,minmax
410,30,1769018302,minmax
411,30,1769018302,minmax
412,30,1769018302,minmax
413,30,1769018302,minmax
414,30,1769018302,minmax
415,30,1769018302,minmax
416,30,1769018302,minmax
417,30,1769018302,minmax
418,30,1769018302,minmax
419,30,1769018302,minmax
420,30,1769018302,minmax
421,30,1769018302,minmax
422,30,1769018302,minmax
423,30,1769018302,minmax
424,30,1769018302,minmax
425,30,1769018302,minmax
426,30,1769018302,minmax
427,30,1769018302,minmax
428,30,1769018302,minmax
429,30,1769018302,minmax
430,30,1769018302,minmax
431,30,1769018302,minmax
432,30,1769018302,minmax
433,30,1769018302,minmax
434,30,1769018302,minmax
435,30,1769018302,minmax
436,30,1769018302,minmax
437,30,1769018302,minmax
438,30,1769018302,minmax
439,30,1769018302,minmax
440,0,1769018302,minmax
441,30,1769018302,minmax
442,30,1769018302,minmax
443,30,1769018302,minmax
444,30,1769018302,minmax
445,30,1769018302,minmax
446,30,1769018302,minmax
447,30,1769018302,minmax
448,0,1769018302,minmax
449,30,1769018302,minmax
450,30,1769018302,minmax
451,30,1769018302,minmax
452,30,1769018302,minmax
453,30,1769018302,minmax
454,30,1769018302,minmax
455,30,1769018302,minmax
456,30,1769018302,minmax
457,30,1769018302,minmax
458,30,1769018302,minmax
459,30,1769018302,minmax
460,30,1769018302,minmax
461,30,1769018302,minmax
462,30,1769018302,minmax
463,30,1769018302,minmax
464,30,1769018302,minmax
465,30,1769018302,minmax
466,30,1769018302,minmax
467,30,1769018302,minmax
468,30,1769018302,minmax
469,30,1769018302,minmax
470,30,1769018302,minmax
471,30,1769018302,minmax
472,30,1769018302,minmax
473,30,1769018302,minmax
474,30,1769018302,minmax
475,30,1769018302,minmax
476,30,1769018302,minmax
477,30,1769018302,minmax
478,30,1769018302,minmax
479,30,1769018302,minmax
480,30,1769018302,minmax
481,30,1769018302,minmax
482,30,1769018302,minmax
483,30,1769018302,minmax
484,30,1769018302,minmax
485,30,1769018302,minmax
486,30,1769018302,minmax
487,30,1769018302,minmax
488,30,1769018302,minmax
489,30,1769018302,minmax
490,30,1769018302,minmax
491,30,1769018302,minmax
492,30,1769018302,minmax
493,30,1769018302,minmax
494,30,1769018302,minmax
495,30,1769018302,minmax
496,30,1769018302,minmax
497,30,1769018302,minmax
498,30,1769018302,minmax
499,30,1769018302,minmax
500,30,1769018302,minmax
501,30,1769018302,minmax
502,30,1769018302,minmax
503,30,1769018302,minmax
504,30,1769018302,minmax
505,30,1769018302,minmax
506,30,1769018302,minmax
507,30,1769018302,minmax
508,30,1769018302,minmax
509,30,1769018302,minmax
510,30,1769018302,minmax
511,30,1769018302,minmax
512,0,1769018302,minmax
513,30,1769018302,minmax
514,30,1769018302,minmax
515,30,1769018302,minmax
516,30,1769018302,minmax
517,30,1769018302,minmax
518,30,1769018302,minmax
519,30,1769018302,minmax
520,30,1769018302,minmax
521,30,1769018302,minmax
522,30,1769018302,minmax
523,30,1769018302,minmax
524,30,1769018302,minmax
525,30,1769018302,minmax
526,30,1769018302,minmax
527,30,1769018302,minmax
528,30,1769018302,minmax
529,30,1769018302,minmax
530,30,1769018302,minmax
531,30,1769018302,minmax
532,30,1769018302,minmax
533,30,1769018302,minmax
534,30,1769018302,minmax
535,30,1769018302,minmax
536,30,1769018302,minmax
537,30,1769018302,minmax
538,30,1769018302,minmax
539,30,1769018302,minmax
540,30,1769018302,minmax
541,30,1769018302,minmax
542,30,1769018302,minmax
543,0,1769018302,minmax
544,30,1769018302,minmax
545,30,1769018302,minmax
546,30,1769018302,minmax
547,30,1769018302,minmax
548,30,1769018302,minmax
549,30,1769018302,minmax
550,30,1769018302,minmax
551,30,1769018302,minmax
552,30,1769018302,minmax
553,30,1769018302,minmax
554,30,1769018302,minmax
555,30,1769018302,minmax
556,30,1769018302,minmax
557,30,1769018302,minmax
558,30,1769018302,minmax
559,30,1769018302,minmax
560,30,1769018302,minmax
561,30,1769018302,minmax
562,30,1769018302,minmax
563,30,1769018302,minmax
564,0,1769018302,minmax
565,30,1769018302,minmax
566,30,1769018302,minmax
567,30,1769018302,minmax
568,30,1769018302,minmax
569,30,1769018302,minmax
570,30,1769018302,minmax
571,30,1769018302,minmax
572,30,1769018302,minmax
573,30,1769018302,minmax
574,30,1769018302,minmax
575,30,1769018302,minmax
576,30,1769018302,minmax
577,30,1769018302,minmax
578,30,1769018302,minmax
579,30,1769018302,minmax
580,30,1769018302,minmax
581,30,1769018302,minmax
582,30,1769018302,minmax
583,30,1769018302,minmax
584,30,1769018302,minmax
585,30,1769018302,minmax
586,30,1769018302,minmax
587,30,1769018302,minmax
588,30,1769018302,minmax
589,30,1769018302,minmax
590,30,1769018302,minmax
591,30,1769018302,minmax
592,30,1769018302,minmax
593,30,1769018302,minmax
594,30,1769018302,minmax
595,30,1769018302,minmax
596,30,1769018302,minmax
597,30,1769018302,minmax
598,30,1769018302,minmax
599,30,1769018302,minmax
600,30,1769018302,minmax
601,30,1769018302,minmax
602,30,1769018302,minmax
603,30,1769018302,minmax
604,30,1769018302,minmax
605,30,1769018302,minmax
606,30,1769018302,minmax
607,30,1769018302,minmax
608,30,1769018302,minmax
609,30,1769018302,minmax
610,30,1769018302,minmax
611,30,1769018302,minmax
612,30,1769018302,minmax
613,30,1769018302,minmax
614,30,1769018302,minmax
615,30,1769018302,minmax
616,0,1769018302,minmax
617,30,1769018302,minmax
618,30,1769018302,minmax
619,30,1769018302,minmax
620,30,1769018302,minmax
621,30,1769018302,minmax
622,30,1769018302,minmax
623,30,1769018302,minmax
624,30,1769018302,minmax
625,30,1769018302,minmax
626,30,1769018302,minmax
627,30,1769018302,minmax
628,30,1769018302,minmax
629,30,1769018302,minmax
630,30,1769018302,minmax
631,30,1769018302,minmax
632,30,1769018302,minmax
633,30,1769018302,minmax
634,30,1769018302,minmax
635,30,1769018302,minmax
636,30,1769018302,minmax
637,30,1769018302,minmax
638,30,1769018302,minmax
639,30,1769018302,minmax
640,30,1769018302,minmax
641,30,1769018302,minmax
642,30,1769018302,minmax
643,30,1769018302,minmax
644,30,1769018302,minmax
645,30,1769018302,minmax
646,30,1769018302,minmax
647,30,1769018302,minmax
648,30,1769018302,minmax
649,30,1769018302,minmax
650,30,1769018302,minmax
651,30,1769018302,minmax
652,30,1769018302,minmax
653,30,1769018302,minmax
654,30,1769018302,minmax
655,30,1769018302,minmax
656,30,1769018302,minmax
657,30,1769018302,minmax
658,30,1769018302,minmax
659,30,1769018302,minmax
660,30,1769018302,minmax
661,30,1769018302,minmax
662,30,1769018302,minmax
663,30,1769018302,minmax
664,30,1769018302,minmax
665,30,1769018302,minmax
666,30,1769018302,minmax
667,30,1769018302,minmax
668,30,1769018302,minmax
669,30,1769018302,minmax
670,30,1769018302,minmax
671,30,1769018302,minmax
672,30,1769018302,minmax
673,30,1769018302,minmax
674,30,1769018302,minmax
675,30,1769018302,minmax
676,30,1769018302,minmax
677,30,1769018302,minmax
678,30,1769018302,minmax
679,30,1769018302,minmax
680,30,1769018302,minmax
681,30,1769018302,minmax
682,30,1769018302,minmax
683,30,1769018302,minmax
684,30,1769018302,minmax
685,30,1769018302,minmax
686,30,1769018302,minmax
687,30,1769018302,minmax
688,30,1769018302,minmax
689,30,1769018302,minmax
690,30,1769018302,minmax
691,30,1769018302,minmax
692,30,1769018302,minmax
693,30,1769018302,minmax
694,30,1769018302,minmax
695,30,1769018302,minmax
696,30,1769018302,minmax
697,30,1769018302,minmax
698,30,1769018302,minmax
699,30,1769018302,minmax
700,30,1769018302,minmax
701,30,1769018302,minmax
702,30,1769018302,minmax
703,30,1769018302,minmax
704,0,1769018302,minmax
705,30,1769018302,minmax
706,30,1769018302,minmax
707,30,1769018302,minmax
708,30,1769018302,minmax
709,30,1769018302,minmax
710,30,1769018302,minmax
711,0,1769018302,minmax
712,30,1769018302,minmax
713,30,1769018302,minmax
714,30,1769018302,minmax
715,30,1769018302,minmax
716,30,1769018302,minmax
717,30,1769018302,minmax
718,30,1769018302,minmax
719,30,1769018302,minmax
720,30,1769018302,minmax
721,30,1769018302,minmax
722,30,1769018302,minmax
723,30,1769018302,minmax
724,30,1769018302,minmax
725,30,1769018302,minmax
726,30,1769018302,minmax
727,30,1769018302,minmax
728,30,1769018302,minmax
729,30,1769018302,minmax
730,30,1769018302,minmax
731,30,1769018302,minmax
732,30,1769018302,minmax
733,30,1769018302,minmax
734,30,1769018302,minmax
735,30,1769018302,minmax
736,30,1769018302,minmax
737,30,1769018302,minmax
738,30,1769018302,minmax
739,30,1769018302,minmax
740,30,1769018302,minmax
741,30,1769018302,minmax
742,30,1769018302,minmax
743,30,1769018302,minmax
744,30,1769018302,minmax
745,30,1769018302,minmax
746,30,1769018302,minmax
747,30,1769018302,minmax
748,30,1769018302,minmax
749,30,1769018302,minmax
750,30,1769018302,minmax
751,30,1769018302,minmax
752,30,1769018302,minmax
753,30,1769018302,minmax
754,30,1769018302,minmax
755,30,1769018302,minmax
756,30,1769018302,minmax
757,30,1769018302,minmax
758,30,1769018302,minmax
759,30,1769018302,minmax
760,30,1769018302,minmax
761,30,1769018302,minmax
762,30,1769018302,minmax
763,30,1769018302,minmax
764,30,1769018302,minmax
765,30,1769018302,minmax
766,30,1769018302,minmax
767,30,1769018302,minmax
768,30,1769018302,minmax
769,30,1769018302,minmax
770,30,1769018302,minmax
771,30,1769018302,minmax
772,30,1769018302,minmax
773,30,1769018302,minmax
774,30,1769018302,minmax
775,30,1769018302,minmax
776,30,1769018302,minmax
777,30,1769018302,minmax
778,30,1769018302,minmax
779,30,1769018302,minmax
780,30,1769018302,minmax
781,30,1769018302,minmax
782,30,1769018302,minmax
783,30,1769018302,minmax
784,30,1769018302,minmax
785,30,1769018302,minmax
786,30,1769018302,minmax
787,30,1769018302,minmax
788,30,1769018302,minmax
789,30,1769018302,minmax
790,30,1769018302,minmax
791,30,1769018302,minmax
792,30,1769018302,minmax
793,30,1769018302,minmax
794,30,1769018302,minmax
795,30,1769018302,minmax
796,30,1769018302,minmax
797,30,1769018302,minmax
798,30,1769018302,minmax
799,30,1769018302,minmax
800,30,1769018302,minmax
801,30,1769018302,minmax
802,30,1769018302,minmax
803,30,1769018302,minmax
804,30,1769018302,minmax
805,30,1769018302,minmax
806,30,1769018302,minmax
807,30,1769018302,minmax
808,30,1769018302,minmax
809,30,1769018302,minmax
810,30,1769018302,minmax
811,30,1769018302,minmax
812,30,1769018302,minmax
813,30,1769018302,minmax
814,30,1769018302,minmax
815,30,1769018302,minmax
816,30,1769018302,minmax
817,30,1769018302,minmax
818,30,1769018302,minmax
819,30,1769018302,minmax
820,30,1769018302,minmax
821,30,1769018302,minmax
822,30,1769018302,minmax
823,30,1769018302,minmax
824,30,1769018302,minmax
825,30,1769018302,minmax
826,30,1769018302,minmax
827,30,1769018302,minmax
828,30,1769018302,minmax
829,30,1769018302,minmax
830,30,1769018302,minmax
831,30,1769018302,minmax
832,30,1769018302,minmax
833,30,1769018302,minmax
834,30,1769018302,minmax
835,30,1769018302,minmax
836,30,1769018302,minmax
837,30,1769018302,minmax
838,30,1769018302,minmax
839,30,1769018302,minmax
840,30,1769018302,minmax
841,30,1769018302,minmax
842,30,1769018302,minmax
843,30,1769018302,minmax
844,30,1769018302,minmax
845,30,1769018302,minmax
846,30,1769018302,minmax
847,30,1769018302,minmax
848,30,1769018302,minmax
849,30,1769018302,minmax
850,30,1769018302,minmax
851,30,1769018302,minmax
852,30,1769018302,minmax
853,30,1769018302,minmax
854,30,1769018302,minmax
855,30,1769018302,minmax
856,30,1769018302,minmax
857,30,1769018302,minmax
858,30,1769018302,minmax
859,30,1769018302,minmax
860,30,1769018302,minmax
861,30,1769018302,minmax
862,30,1769018302,minmax
863,30,1769018302,minmax
864,30,1769018302,minmax
865,30,1769018302,minmax
866,30,1769018302,minmax
867,30,1769018302,minmax
868,30,1769018302,minmax
869,30,1769018302,minmax
870,30,1769018302,minmax
871,0,1769018302,minmax
872,30,1769018302,minmax
873,30,1769018302,minmax
874,30,1769018302,minmax
875,30,1769018302,minmax
876,30,1769018302,minmax
877,30,1769018302,minmax
878,30,1769018302,minmax
879,30,1769018302,minmax
880,30,1769018302,minmax
881,30,1769018302,minmax
882,30,1769018302,minmax
883,30,1769018302,minmax
884,30,1769018302,minmax
885,30,1769018302,minmax
886,30,1769018302,minmax
887,30,1769018302,minmax
888,30,1769018302,minmax
889,30,1769018302,minmax
890,30,1769018302,minmax
891,30,1769018302,minmax
892,30,1769018302,minmax
893,30,1769018302,minmax
894,30,1769018302,minmax
895,30,1769018302,minmax
896,30,1769018302,minmax
897,30,1769018302,minmax
898,30,1769018302,minmax
899,30,1769018302,minmax
900,30,1769018302,minmax
901,30,1769018302,minmax
902,30,1769018302,minmax
903,30,1769018302,minmax
904,30,1769018302,minmax
905,30,1769018302,minmax
906,30,1769018302,minmax
907,30,1769018302,minmax
908,30,1769018302,minmax
909,30,1769018302,minmax
910,30,1769018302,minmax
911,30,1769018302,minmax
912,30,1769018302,minmax
913,30,1769018302,minmax
914,30,1769018302,minmax
915,30,1769018302,minmax
916,30,1769018302,minmax
917,30,1769018302,minmax
918,30,1769018302,minmax
919,30,1769018302,minmax
920,30,1769018302,minmax
921,30,1769018302,minmax
922,30,1769018302,minmax
923,30,1769018302,minmax
924,30,1769018302,minmax
925,30,1769018302,minmax
926,30,1769018302,minmax
927,30,1769018302,minmax
928,30,1769018302,minmax
929,30,1769018302,minmax
930,30,1769018302,minmax
931,30,1769018302,minmax
932,30,1769018302,minmax
933,30,1769018302,minmax
934,30,1769018302,minmax
935,30,1769018302,minmax
936,30,1769018302,minmax
937,30,1769018302,minmax
938,30,1769018302,minmax
939,30,1769018302,minmax
940,30,1769018302,minmax
941,30,1769018302,minmax
942,30,1769018302,minmax
943,30,1769018302,minmax
944,30,1769018302,minmax
945,30,1769018302,minmax
946,30,1769018302,minmax
947,30,1769018302,minmax
948,30,1769018302,minmax
949,30,1769018302,minmax
950,30,1769018302,minmax
951,30,1769018302,minmax
952,30,1769018302,minmax
953,30,1769018302,minmax
954,30,1769018302,minmax
955,30,1769018302,minmax
956,30,1769018302,minmax
957,30,1769018302,minmax
958,30,1769018302,minmax
959,30,1769018302,minmax
960,30,1769018302,minmax
961,30,1769018302,minmax
962,30,1769018302,minmax
963,30,1769018302,minmax
964,30,1769018302,minmax
965,30,1769018302,minmax
966,30,1769018302,minmax
967,30,1769018302,minmax
968,30,1769018302,minmax
969,30,1769018302,minmax
970,30,1769018302,minmax
971,30,1769018302,minmax
972,30,1769018302,minmax
973,30,1769018302,minmax
974,30,1769018302,minmax
975,30,1769018302,minmax
976,30,1769018302,minmax
977,30,1769018302,minmax
978,30,1769018302,minmax
979,30,1769018302,minmax
980,30,1769018302,minmax
981,30,1769018302,minmax
982,30,1769018302,minmax
983,30,1769018302,minmax
984,30,1769018302,minmax
985,30,1769018302,minmax
986,30,1769018302,minmax
987,30,1769018302,minmax
988,30,1769018302,minmax
989,30,1769018302,minmax
990,30,1769018302,minmax
991,30,1769018302,minmax
992,30,1769018302,minmax
993,30,1769018302,minmax
994,30,1769018302,minmax
995,30,1769018302,minmax
996,30,1769018302,minmax
997,30,1769018302,minmax
998,30,1769018302,minmax
999,30,1769018302,minmax
1000,30,1769018302,minmax
1001,30,1769018302,minmax
1002,30,1769018302,minmax
1003,30,1769018302,minmax
1004,30,1769018302,minmax
1005,30,1769018302,minmax
1006,30,1769018302,minmax
1007,30,1769018302,minmax
1008,30,1769018302,minmax
1009,30,1769018302,minmax
1010,30,1769018302,minmax
1011,30,1769018302,minmax
1012,30,1769018302,minmax
1013,30,1769018302,minmax
1014,30,1769018302,minmax
1015,30,1769018302,minmax
1016,30,1769018302,minmax
1017,30,1769018302,minmax
1018,30,1769018302,minmax
1019,30,1769018302,minmax
1020,30,1769018302,minmax
1021,30,1769018302,minmax
1022,30,1769018302,minmax
1023,30,1769018302,minmax
1024,30,1769018302,minmax
1025,30,1769018302,minmax
1026,30,1769018302,minmax
1027,30,1769018302,minmax
1028,30,1769018302,minmax
1029,30,1769018302,minmax
1030,30,1769018302,minmax
1031,30,1769018302,minmax
1032,30,1769018302,minmax
1033,30,1769018302,minmax
1034,30,1769018302,minmax
1035,30,1769018302,minmax
1036,30,1769018302,minmax
1037,30,1769018302,minmax
1038,30,1769018302,minmax
1039,30,1769018302,minmax
1040,30,1769018302,minmax
1041,30,1769018302,minmax
1042,30,1769018302,minmax
1043,30,1769018302,minmax
1044,30,1769018302,minmax
1045,30,1769018302,minmax
1046,30,1769018302,minmax
1047,30,1769018302,minmax
1048,30,1769018302,minmax
1049,30,1769018302,minmax
1050,30,1769018302,minmax
1051,30,1769018302,minmax
1052,30,1769018302,minmax
1053,30,1769018302,minmax
1054,30,1769018302,minmax
1055,30,1769018302,minmax
1056,30,1769018302,minmax
1057,30,1769018302,minmax
1058,30,1769018302,minmax
1059,30,1769018302,minmax
1060,30,1769018302,minmax
1061,30,1769018302,minmax
1062,30,1769018302,minmax
1063,30,1769018302,minmax
1064,30,1769018302,minmax
1065,30,1769018302,minmax
1066,30,1769018302,minmax
1067,30,1769018302,minmax
1068,30,1769018302,minmax
1069,30,1769018302,minmax
1070,30,1769018302,minmax
1071,30,1769018302,minmax
1072,30,1769018302,minmax
1073,30,1769018302,minmax
1074,30,1769018302,minmax
1075,30,1769018302,minmax
1076,30,1769018302,minmax
1077,30,1769018302,minmax
1078,30,1769018302,minmax
1079,30,1769018302,minmax
1080,30,1769018302,minmax
1081,30,1769018302,minmax
1082,30,1769018302,minmax
1083,0,1769018302,minmax
1084,30,1769018302,minmax
1085,30,1769018302,minmax
1086,30,1769018302,minmax
1087,30,1769018302,minmax
1088,30,1769018302,minmax
1089,30,1769018302,minmax
1090,30,1769018302,minmax
1091,30,1769018302,minmax
1092,30,1769018302,minmax
1093,30,1769018302,minmax
1094,30,1769018302,minmax
1095,30,1769018302,minmax
1096,30,1769018302,minmax
1097,30,1769018302,minmax
1098,30,1769018302,minmax
1099,30,1769018302,minmax
1100,30,1769018302,minmax
1101,30,1769018302,minmax
1102,30,1769018302,minmax
1103,30,1769018302,minmax
1104,30,1769018302,minmax
1105,30,1769018302,minmax
1106,30,1769018302,minmax
1107,30,1769018302,minmax
1108,30,1769018302,minmax
1109,30,1769018302,minmax
1110,30,1769018302,minmax
1111,30,1769018302,minmax
1112,30,1769018302,minmax
1113,30,1769018302,minmax
1114,30,1769018302,minmax
1115,30,1769018302,minmax
1116,30,1769018302,minmax
1117,30,1769018302,minmax
1118,30,1769018302,minmax
1119,30,1769018302,minmax
1120,30,1769018302,minmax
1121,30,1769018302,minmax
1122,30,1769018302,minmax
1123,0,1769018302,minmax
1124,30,1769018302,minmax
1125,30,1769018302,minmax
1126,30,1769018302,minmax
1127,30,1769018302,minmax
1128,30,1769018302,minmax
1129,30,1769018302,minmax
1130,30,1769018302,minmax
1131,30,1769018302,minmax
1132,30,1769018302,minmax
1133,30,1769018302,minmax
1134,30,1769018302,minmax
1135,30,1769018302,minmax
1136,30,1769018302,minmax
1137,30,1769018302,minmax
1138,30,1769018302,minmax
1139,30,1769018302,minmax
1140,30,1769018302,minmax
1141,0,1769018302,minmax
1142,30,1769018302,minmax
1143,30,1769018302,minmax
1144,30,1769018302,minmax
1145,30,1769018302,minmax
1146,30,1769018302,minmax
1147,30,1769018302,minmax
1148,30,1769018302,minmax
1149,30,1769018302,minmax
1150,30,1769018302,minmax
1151,30,1769018302,minmax
1152,30,1769018302,minmax
1153,30,1769018302,minmax
1154,30,1769018302,minmax
1155,30,1769018302,minmax
1156,30,1769018302,minmax
1157,30,1769018302,minmax
1158,30,1769018302,minmax
1159,30,1769018302,minmax
1160,30,1769018302,minmax
1161,30,1769018302,minmax
1162,30,1769018302,minmax
1163,30,1769018302,minmax
1164,30,1769018302,minmax
1165,30,1769018302,minmax
1166,30,1769018302,minmax
1167,30,1769018302,minmax
1168,30,1769018302,minmax
1169,30,1769018302,minmax
1170,30,1769018302,minmax
1171,30,1769018302,minmax
1172,30,1769018302,minmax
1173,30,1769018302,minmax
1174,30,1769018302,minmax
1175,30,1769018302,minmax
1176,0,1769018302,minmax
1177,30,1769018302,minmax
1178,30,1769018302,minmax
1179,30,1769018302,minmax
1180,30,1769018302,minmax
1181,30,1769018302,minmax
1182,30,1769018302,minmax
1183,30,1769018302,minmax
1184,30,1769018302,minmax
1185,30,1769018302,minmax
1186,30,1769018302,minmax
1187,30,1769018302,minmax
1188,30,1769018302,minmax
1189,30,1769018302,minmax
1190,30,1769018302,minmax
1191,30,1769018302,minmax
1192,30,1769018302,minmax
1193,30,1769018302,minmax
1194,30,1769018302,minmax
1195,30,1769018302,minmax
1196,30,1769018302,minmax
1197,30,1769018302,minmax
1198,30,1769018302,minmax
1199,30,1769018302,minmax
1200,30,1769018302,minmax
1201,30,1769018302,minmax
1202,30,1769018302,minmax
1203,30,1769018302,minmax
1204,30,1769018302,minmax
1205,30,1769018302,minmax
1206,30,1769018302,minmax
1207,30,1769018302,minmax
1208,30,1769018302,minmax
1209,30,1769018302,minmax
1210,30,1769018302,minmax
1211,30,1769018302,minmax
1212,30,1769018302,minmax
1213,30,1769018302,minmax
1214,30,1769018302,minmax
1215,30,1769018302,minmax
1216,30,1769018302,minmax
1217,30,1769018302,minmax
1218,30,1769018302,minmax
1219,30,1769018302,minmax
1220,30,1769018302,minmax
1221,30,1769018302,minmax
1222,30,1769018302,minmax
1223,30,1769018302,minmax
1224,30,1769018302,minmax
1225,30,1769018302,minmax
1226,30,1769018302,minmax
1227,30,1769018302,minmax
1228,30,1769018302,minmax
1229,30,1769018302,minmax
1230,30,1769018302,minmax
1231,30,1769018302,minmax
1232,30,1769018302,minmax
1233,0,1769018302,minmax
1234,30,1769018302,minmax
1235,30,1769018302,minmax
1236,30,1769018302,minmax
1237,30,1769018302,minmax
1238,30,1769018302,minmax
1239,30,1769018302,minmax
1240,30,1769018302,minmax
1241,30,1769018302,minmax
1242,30,1769018302,minmax
1243,30,1769018302,minmax
1244,30,1769018302,minmax
1245,30,1769018302,minmax
1246,30,1769018302,minmax
1247,30,1769018302,minmax
1248,30,1769018302,minmax
1249,30,1769018302,minmax
1250,30,1769018302,minmax
1251,30,1769018302,minmax
1252,30,1769018302,minmax
1253,30,1769018302,minmax
1254,30,1769018302,minmax
1255,30,1769018302,minmax
1256,30,1769018302,minmax
1257,30,1769018302,minmax
1258,30,1769018302,minmax
1259,30,1769018302,minmax
1260,30,1769018302,minmax
1261,30,1769018302,minmax
1262,30,1769018302,minmax
1263,30,1769018302,minmax
1264,30,1769018302,minmax
1265,30,1769018302,minmax
1266,30,1769018302,minmax
1267,30,1769018302,minmax
1268,30,1769018302,minmax
1269,30,1769018302,minmax
1270,30,1769018302,minmax
1271,30,1769018302,minmax
1272,30,1769018302,minmax
1273,30,1769018302,minmax
1274,30,1769018302,minmax
1275,30,1769018302,minmax
1276,30,1769018302,minmax
1277,30,1769018302,minmax
1278,30,1769018302,minmax
1279,30,1769018302,minmax
1280,30,1769018302,minmax
1281,30,1769018302,minmax
1282,30,1769018302,minmax
1283,30,1769018302,minmax
1284,30,1769018302,minmax
1285,30,1769018302,minmax
1286,30,1769018302,minmax
1287,30,1769018302,minmax
1288,30,1769018302,minmax
1289,30,1769018302,minmax
1290,30,1769018302,minmax
1291,30,1769018302,minmax
1292,30,1769018302,minmax
1293,30,1769018302,minmax
1294,30,1769018302,minmax
1295,30,1769018302,minmax
1296,30,1769018302,minmax
1297,30,1769018302,minmax
1298,30,1769018302,minmax
1299,30,1769018302,minmax
1300,30,1769018302,minmax
1301,30,1769018302,minmax
1302,30,1769018302,minmax
1303,30,1769018302,minmax
1304,30,1769018302,minmax
1305,30,1769018302,minmax
1306,30,1769018302,minmax
1307,30,1769018302,minmax
1308,30,1769018302,minmax
1309,30,1769018302,minmax
1310,30,1769018302,minmax
1311,30,1769018302,minmax
1312,30,1769018302,minmax
1313,30,1769018302,minmax
1314,30,1769018302,minmax
1315,30,1769018302,minmax
1316,30,1769018302,minmax
1317,30,1769018302,minmax
1318,30,1769018302,minmax
1319,30,1769018302,minmax
1320,30,1769018302,minmax
1321,30,1769018302,minmax
1322,30,1769018302,minmax
1323,30,1769018302,minmax
1324,30,1769018302,minmax
1325,30,1769018302,minmax
1326,30,1769018302,minmax
1327,30,1769018302,minmax
1328,30,1769018302,minmax
1329,30,1769018302,minmax
1330,30,1769018302,minmax
1331,30,1769018302,minmax
1332,30,1769018302,minmax
1333,30,1769018302,minmax
1334,30,1769018302,minmax
1335,30,1769018302,minmax
1336,30,1769018302,minmax
1337,30,1769018302,minmax
1338,30,1769018302,minmax
1339,30,1769018302,minmax
1340,30,1769018302,minmax
1341,30,1769018302,minmax
1342,30,1769018302,minmax
1343,30,1769018302,minmax
1344,30,1769018302,minmax
1345,30,1769018302,minmax
1346,30,1769018302,minmax
1347,30,1769018302,minmax
1348,30,1769018302,minmax
1349,30,1769018302,minmax
1350,30,1769018302,minmax
1351,30,1769018302,minmax
1352,30,1769018302,minmax
1353,30,1769018302,minmax
1354,30,1769018302,minmax
1355,30,1769018302,minmax
1356,30,1769018302,minmax
1357,30,1769018302,minmax
1358,30,1769018302,minmax
1359,30,1769018302,minmax
1360,30,1769018302,minmax
1361,30,1769018302,minmax
1362,30,1769018302,minmax
1363,30,1769018302,minmax
1364,30,1769018302,minmax
1365,30,1769018302,minmax
1366,30,1769018302,minmax
1367,30,1769018302,minmax
1368,30,1769018302,minmax
1369,30,1769018302,minmax
1370,30,1769018302,minmax
1371,30,1769018302,minmax
1372,30,1769018302,minmax
1373,30,1769018302,minmax
1374,30,1769018302,minmax
1375,30,1769018302,minmax
1376,30,1769018302,minmax
1377,30,1769018302,minmax
1378,30,1769018302,minmax
1379,30,1769018302,minmax
1380,30,1769018302,minmax
1381,30,1769018302,minmax
1382,30,1769018302,minmax
1383,30,1769018302,minmax
1384,30,1769018302,minmax
1385,30,1769018302,minmax
1386,30,1769018302,minmax
1387,30,1769018302,minmax
1388,30,1769018302,minmax
1389,30,1769018302,minmax
1390,30,1769018302,minmax
1391,30,1769018302,minmax
1392,30,1769018302,minmax
1393,30,1769018302,minmax
1394,30,1769018302,minmax
1395,30,1769018302,minmax
1396,30,1769018302,minmax
1397,30,1769018302,minmax
1398,30,1769018302,minmax
1399,30,1769018302,minmax
1400,30,1769018302,minmax
1401,30,1769018302,minmax
1402,30,1769018302,minmax
1403,30,1769018302,minmax
1404,30,1769018302,minmax
1405,30,1769018302,minmax
1406,30,1769018302,minmax
1407,30,1769018302,minmax
1408,30,1769018302,minmax
1409,30,1769018302,minmax
1410,30,1769018302,minmax
1411,30,1769018302,minmax
1412,30,1769018302,minmax
1413,30,1769018302,minmax
1414,30,1769018302,minmax
1415,30,1769018302,minmax
1416,30,1769018302,minmax
1417,30,1769018302,minmax
1418,30,1769018302,minmax
1419,30,1769018302,minmax
1420,30,1769018302,minmax
1421,30,1769018302,minmax
1422,30,1769018302,minmax
1423,30,1769018302,minmax
1424,30,1769018302,minmax
1425,30,1769018302,minmax
1426,30,1769018302,minmax
1427,30,1769018302,minmax
1428,30,1769018302,minmax
1429,30,1769018302,minmax
1430,30,1769018302,minmax
1431,30,1769018302,minmax
1432,30,1769018302,minmax
1433,30,1769018302,minmax
1434,30,1769018302,minmax
1435,30,1769018302,minmax
1436,30,1769018302,minmax
1437,30,1769018302,minmax
1438,30,1769018302,minmax
1439,30,1769018302,minmax
1440,30,1769018302,minmax
1441,30,1769018302,minmax
1442,30,1769018302,minmax
1443,30,1769018302,minmax
1444,30,1769018302,minmax
1445,30,1769018302,minmax
1446,30,1769018302,minmax
1447,30,1769018302,minmax
1448,30,1769018302,minmax
1449,30,1769018302,minmax
1450,30,1769018302,minmax
1451,30,1769018302,minmax
1452,30,1769018302,minmax
1453,30,1769018302,minmax
1454,30,1769018302,minmax
1455,30,1769018302,minmax
1456,30,1769018302,minmax
1457,30,1769018302,minmax
1458,30,1769018302,minmax
1459,30,1769018302,minmax
1460,30,1769018302,minmax
1461,30,1769018302,minmax
1462,30,1769018302,minmax
1463,30,1769018302,minmax
1464,30,1769018302,minmax
1465,30,1769018302,minmax
1466,30,1769018302,minmax
1467,30,1769018302,minmax
1468,30,1769018302,minmax
1469,30,1769018302,minmax
1470,30,1769018302,minmax
1471,30,1769018302,minmax
1472,30,1769018302,minmax
1473,30,1769018302,minmax
1474,30,1769018302,minmax
1475,30,1769018302,minmax
1476,30,1769018302,minmax
1477,30,1769018302,minmax
1478,30,1769018302,minmax
1479,30,1769018302,minmax
1480,30,1769018302,minmax
1481,30,1769018302,minmax
1482,30,1769018302,minmax
1483,30,1769018302,minmax
1484,30,1769018302,minmax
1485,30,1769018302,minmax
1486,30,1769018302,minmax
1487,30,1769018302,minmax
1488,30,1769018302,minmax
1489,30,1769018302,minmax
1490,30,1769018302,minmax
1491,30,1769018302,minmax
1492,30,1769018302,minmax
1493,30,1769018302,minmax
1494,30,1769018302,minmax
1495,30,1769018302,minmax
1496,30,1769018302,minmax
1497,30,1769018302,minmax
1498,30,1769018302,minmax
1499,30,1769018302,minmax
1500,30,1769018302,minmax
1501,30,1769018302,minmax
1502,30,1769018302,minmax
1503,30,1769018302,minmax
1504,30,1769018302,minmax
1505,30,1769018302,minmax
1506,30,1769018302,minmax
1507,30,1769018302,minmax
1508,30,1769018302,minmax
1509,30,1769018302,minmax
1510,30,1769018302,minmax
1511,30,1769018302,minmax
1512,30,1769018302,minmax
1513,30,1769018302,minmax
1514,30,1769018302,minmax
1515,30,1769018302,minmax
1516,30,1769018302,minmax
1517,30,1769018302,minmax
1518,30,1769018302,minmax
1519,30,1769018302,minmax
1520,30,1769018302,minmax
1521,30,1769018302,minmax
1522,30,1769018302,minmax
1523,30,1769018302,minmax
1524,30,1769018302,minmax
1525,30,1769018302,minmax
1526,30,1769018302,minmax
1527,30,1769018302,minmax
1528,30,1769018302,minmax
1529,30,1769018302,minmax
1530,30,1769018302,minmax
1531,30,1769018302,minmax
1532,30,1769018302,minmax
1533,30,1769018302,minmax
1534,30,1769018302,minmax
1535,30,1769018302,minmax
1536,30,1769018302,minmax
1537,30,1769018302,minmax
1538,30,1769018302,minmax
1539,30,1769018302,minmax
1540,30,1769018302,minmax
1541,30,1769018302,minmax
1542,30,1769018302,minmax
1543,30,1769018302,minmax
1544,30,1769018302,minmax
1545,30,1769018302,minmax
1546,30,1769018302,minmax
1547,30,1769018302,minmax
1548,30,1769018302,minmax
1549,30,1769018302,minmax
1550,30,1769018302,minmax
1551,30,1769018302,minmax
1552,30,1769018302,minmax
1553,30,1769018302,minmax
1554,30,1769018302,minmax
1555,30,1769018302,minmax
1556,30,1769018302,minmax
1557,30,1769018302,minmax
1558,30,1769018302,minmax
1559,30,1769018302,minmax
1560,30,1769018302,minmax
1561,30,1769018302,minmax
1562,30,1769018302,minmax
1563,30,1769018302,minmax
1564,30,1769018302,minmax
1565,30,1769018302,minmax
1566,30,1769018302,minmax
1567,30,1769018302,minmax
1568,30,1769018302,minmax
1569,30,1769018302,minmax
1570,30,1769018302,minmax
1571,30,1769018302,minmax
1572,30,1769018302,minmax
1573,30,1769018302,minmax
1574,30,1769018302,minmax
1575,30,1769018302,minmax
1576,30,1769018302,minmax
1577,30,1769018302,minmax
1578,30,1769018302,minmax
1579,30,1769018302,minmax
1580,30,1769018302,minmax
1581,30,1769018302,minmax
1582,30,1769018302,minmax
1583,30,1769018302,minmax
1584,30,1769018302,minmax
1585,30,1769018302,minmax
1586,30,1769018302,minmax
1587,30,1769018302,minmax
1588,30,1769018302,minmax
1589,30,1769018302,minmax
1590,30,1769018302,minmax
1591,30,1769018302,minmax
1592,30,1769018302,minmax
1593,30,1769018302,minmax
1594,30,1769018302,minmax
1595,30,1769018302,minmax
1596,30,1769018302,minmax
1597,30,1769018302,minmax
1598,30,1769018302,minmax
1599,30,1769018302,minmax
1600,30,1769018302,minmax
1601,30,1769018302,minmax
1602,30,1769018302,minmax
1603,30,1769018302,minmax
1604,30,1769018302,minmax
1605,30,1769018302,minmax
1606,30,1769018302,minmax
1607,30,1769018302,minmax
1608,30,1769018302,minmax
1609,30,1769018302,minmax
1610,30,1769018302,minmax
1611,30,1769018302,minmax
1612,30,1769018302,minmax
1613,30,1769018302,minmax
1614,30,1769018302,minmax
1615,30,1769018302,minmax
1616,30,1769018302,minmax
1617,30,1769018302,minmax
1618,30,1769018302,minmax
1619,30,1769018302,minmax
1620,30,1769018302,minmax
1621,30,1769018302,minmax
1622,30,1769018302,minmax
1623,30,1769018302,minmax
1624,30,1769018302,minmax
1625,30,1769018302,minmax
1626,30,1769018302,minmax
1627,30,1769018302,minmax
1628,30,1769018302,minmax
1629,30,1769018302,minmax
1630,30,1769018302,minmax
1631,30,1769018302,minmax
1632,30,1769018302,minmax
1633,30,1769018302,minmax
1634,30,1769018302,minmax
1635,30,1769018302,minmax
1636,30,1769018302,minmax
1637,30,1769018302,minmax
1638,30,1769018302,minmax
1639,30,1769018302,minmax
1640,30,1769018302,minmax
1641,30,1769018302,minmax
1642,30,1769018302,minmax
1643,30,1769018302,minmax
1644,30,1769018302,minmax
1645,30,1769018302,minmax
1646,30,1769018302,minmax
1647,30,1769018302,minmax
1648,30,1769018302,minmax
1649,30,1769018302,minmax
1650,30,1769018302,minmax
1651,30,1769018302,minmax
1652,30,1769018302,minmax
1653,30,1769018302,minmax
1654,30,1769018302,minmax
1655,30,1769018302,minmax
1656,30,1769018302,minmax
1657,30,1769018302,minmax
1658,30,1769018302,minmax
1659,30,1769018302,minmax
1660,30,1769018302,minmax
1661,30,1769018302,minmax
1662,30,1769018302,minmax
1663,30,1769018302,minmax
1664,30,1769018302,minmax
1665,30,1769018302,minmax
1666,30,1769018302,minmax
1667,30,1769018302,minmax
1668,30,1769018302,minmax
1669,30,1769018302,minmax
1670,30,1769018302,minmax
1671,30,1769018302,minmax
1672,30,1769018302,minmax
1673,30,1769018302,minmax
1674,30,1769018302,minmax
1675,30,1769018302,minmax
1676,30,1769018302,minmax
1677,30,1769018302,minmax
1678,30,1769018302,minmax
1679,30,1769018302,minmax
1680,30,1769018302,minmax
1681,30,1769018302,minmax
1682,30,1769018302,minmax
1683,30,1769018302,minmax
1684,30,1769018302,minmax
1685,30,1769018302,minmax
1686,30,1769018302,minmax
1687,30,1769018302,minmax
1688,30,1769018302,minmax
1689,30,1769018302,minmax
1690,30,1769018302,minmax
1691,30,1769018302,minmax
1692,30,1769018302,minmax
1693,30,1769018302,minmax
1694,30,1769018302,minmax
1695,30,1769018302,minmax
1696,30,1769018302,minmax
1697,30,1769018302,minmax
1698,30,1769018302,minmax
1699,30,1769018302,minmax
1700,30,1769018302,minmax
1701,30,1769018302,minmax
1702,30,1769018302,minmax
1703,30,1769018302,minmax
1704,30,1769018302,minmax
1705,30,1769018302,minmax
1706,30,1769018302,minmax
1707,30,1769018302,minmax
1708,30,1769018302,minmax
1709,30,1769018302,minmax
1710,30,1769018302,minmax
1711,30,1769018302,minmax
1712,30,1769018302,minmax
1713,30,1769018302,minmax
1714,30,1769018302,minmax
1715,30,1769018302,minmax
1716,30,1769018302,minmax
1717,30,1769018302,minmax
1718,30,1769018302,minmax
1719,30,1769018302,minmax
1720,30,1769018302,minmax
1721,30,1769018302,minmax
1722,30,1769018302,minmax
1723,30,1769018302,minmax
1724,30,1769018302,minmax
1725,30,1769018302,minmax
1726,30,1769018302,minmax
1727,30,1769018302,minmax
1728,30,1769018302,minmax
1729,30,1769018302,minmax
1730,30,1769018302,minmax
1731,30,1769018302,minmax
1732,30,1769018302,minmax
1733,30,1769018302,minmax
1734,30,1769018302,minmax
1735,30,1769018302,minmax
1736,30,1769018302,minmax
1737,30,1769018302,minmax
1738,30,1769018302,minmax
1739,30,1769018302,minmax
1740,30,1769018302,minmax
1741,30,1769018302,minmax
1742,30,1769018302,minmax
1743,30,1769018302,minmax
1744,30,1769018302,minmax
1745,30,1769018302,minmax
1746,30,1769018302,minmax
1747,30,1769018302,minmax
1748,30,1769018302,minmax
1749,30,1769018302,minmax
1750,30,1769018302,minmax
1751,30,1769018302,minmax
1752,30,1769018302,minmax
1753,30,1769018302,minmax
1754,30,1769018302,minmax
1755,30,1769018302,minmax
1756,30,1769018302,minmax
1757,30,1769018302,minmax
1758,30,1769018302,minmax
1759,30,1769018302,minmax
1760,30,1769018302,minmax
1761,30,1769018302,minmax
1762,30,1769018302,minmax
1763,30,1769018302,minmax
1764,30,1769018302,minmax
1765,30,1769018302,minmax
1766,30,1769018302,minmax
1767,30,1769018302,minmax
1768,30,1769018302,minmax
1769,30,1769018302,minmax
1770,30,1769018302,minmax
1771,30,1769018302,minmax
1772,30,1769018302,minmax
1773,30,1769018302,minmax
1774,30,1769018302,minmax
1775,30,1769018302,minmax
1776,30,1769018302,minmax
1777,30,1769018302,minmax
1778,30,1769018302,minmax
1779,30,1769018302,minmax
1780,30,1769018302,minmax
1781,30,1769018302,minmax
1782,30,1769018302,minmax
1783,30,1769018302,minmax
1784,30,1769018302,minmax
1785,30,1769018302,minmax
1786,30,1769018302,minmax
1787,30,1769018302,minmax
1788,30,1769018302,minmax
1789,30,1769018302,minmax
1790,30,1769018302,minmax
1791,30,1769018302,minmax
1792,30,1769018302,minmax
1793,30,1769018302,minmax
1794,30,1769018302,minmax
1795,30,1769018302,minmax
1796,30,1769018302,minmax
1797,30,1769018302,minmax
1798,30,1769018302,minmax
1799,30,1769018302,minmax
1800,30,1769018302,minmax
1801,30,1769018302,minmax
1802,30,1769018302,minmax
1803,30,1769018302,minmax
1804,30,1769018302,minmax
1805,30,1769018302,minmax
1806,30,1769018302,minmax
1807,30,1769018302,minmax
1808,30,1769018302,minmax
1809,30,1769018302,minmax
1810,30,1769018302,minmax
1811,30,1769018302,minmax
1812,30,1769018302,minmax
1813,30,1769018302,minmax
1814,30,1769018302,minmax
1815,30,1769018302,minmax
1816,30,1769018302,minmax
1817,30,1769018302,minmax
1818,30,1769018302,minmax
1819,30,1769018302,minmax
1820,30,1769018302,minmax
1821,30,1769018302,minmax
1822,30,1769018302,minmax
1823,30,1769018302,minmax
1824,30,1769018302,minmax
1825,30,1769018302,minmax
1826,30,1769018302,minmax
1827,30,1769018302,minmax
1828,30,1769018302,minmax
1829,30,1769018302,minmax
1830,0,1769018302,minmax
1831,30,1769018302,minmax
1832,30,1769018302,minmax
1833,30,1769018302,minmax
1834,30,1769018302,minmax
1835,30,1769018302,minmax
1836,30,1769018302,minmax
1837,30,1769018302,minmax
1838,30,1769018302,minmax
1839,30,1769018302,minmax
1840,30,1769018302,minmax
1841,30,1769018302,minmax
1842,30,1769018302,minmax
1843,30,1769018302,minmax
1844,30,1769018302,minmax
1845,30,1769018302,minmax
1846,30,1769018302,minmax
1847,30,1769018302,minmax
1848,30,1769018302,minmax
1849,30,1769018302,minmax
1850,30,1769018302,minmax
1851,30,1769018302,minmax
1852,30,1769018302,minmax
1853,30,1769018302,minmax
1854,30,1769018302,minmax
1855,30,1769018302,minmax
1856,30,1769018302,minmax
1857,30,1769018302,minmax
1858,30,1769018302,minmax
1859,30,1769018302,minmax
1860,30,1769018302,minmax
1861,30,1769018302,minmax
1862,30,1769018302,minmax
1863,30,1769018302,minmax
1864,30,1769018302,minmax
1865,30,1769018302,minmax
1866,30,1769018302,minmax
1867,30,1769018302,minmax
1868,30,1769018302,minmax
1869,30,1769018302,minmax
1870,30,1769018302,minmax
1871,30,1769018302,minmax
1872,30,1769018302,minmax
1873,30,1769018302,minmax
1874,30,1769018302,minmax
1875,30,1769018302,minmax
1876,30,1769018302,minmax
1877,30,1769018302,minmax
1878,30,1769018302,minmax
1879,30,1769018302,minmax
1880,30,1769018302,minmax
1881,30,1769018302,minmax
1882,30,1769018302,minmax
1883,30,1769018302,minmax
1884,30,1769018302,minmax
1885,30,1769018302,minmax
1886,30,1769018302,minmax
1887,30,1769018302,minmax
1888,30,1769018302,minmax
1889,30,1769018302,minmax
1890,30,1769018302,minmax
1891,30,1769018302,minmax
1892,30,1769018302,minmax
1893,30,1769018302,minmax
1894,30,1769018302,minmax
1895,30,1769018302,minmax
1896,30,1769018302,minmax
1897,30,1769018302,minmax
1898,30,1769018302,minmax
1899,30,1769018302,minmax
1900,30,1769018302,minmax
1901,30,1769018302,minmax
1902,30,1769018302,minmax
1903,30,1769018302,minmax
1904,30,1769018302,minmax
1905,30,1769018302,minmax
1906,30,1769018302,minmax
1907,30,1769018302,minmax
1908,30,1769018302,minmax
1909,30,1769018302,minmax
1910,30,1769018302,minmax
1911,30,1769018302,minmax
1912,30,1769018302,minmax
1913,30,1769018302,minmax
1914,30,1769018302,minmax
1915,30,1769018302,minmax
1916,30,1769018302,minmax
1917,30,1769018302,minmax
1918,30,1769018302,minmax
1919,30,1769018302,minmax
1920,30,1769018302,minmax
1921,30,1769018302,minmax
1922,30,1769018302,minmax
1923,30,1769018302,minmax
1924,30,1769018302,minmax
1925,30,1769018302,minmax
1926,30,1769018302,minmax
1927,30,1769018302,minmax
1928,30,1769018302,minmax
1929,30,1769018302,minmax
1930,30,1769018302,minmax
1931,30,1769018302,minmax
1932,30,1769018302,minmax
1933,30,1769018302,minmax
1934,30,1769018302,minmax
1935,30,1769018302,minmax
1936,30,1769018302,minmax
1937,30,1769018302,minmax
1938,30,1769018302,minmax
1939,30,1769018302,minmax
1940,30,1769018302,minmax
1941,30,1769018302,minmax
1942,30,1769018302,minmax
1943,30,1769018302,minmax
1944,30,1769018302,minmax
1945,30,1769018302,minmax
1946,30,1769018302,minmax
1947,30,1769018302,minmax
1948,30,1769018302,minmax
1949,30,1769018302,minmax
1950,30,1769018302,minmax
1951,30,1769018302,minmax
1952,30,1769018302,minmax
1953,30,1769018302,minmax
1954,30,1769018302,minmax
1955,30,1769018302,minmax
1956,30,1769018302,minmax
1957,30,1769018302,minmax
1958,30,1769018302,minmax
1959,30,1769018302,minmax
1960,30,1769018302,minmax
1961,30,1769018302,minmax
1962,30,1769018302,minmax
1963,30,1769018302,minmax
1964,30,1769018302,minmax
1965,30,1769018302,minmax
1966,30,1769018302,minmax
1967,30,1769018302,minmax
1968,30,1769018302,minmax
1969,30,1769018302,minmax
1970,30,1769018302,minmax
1971,30,1769018302,minmax
1972,30,1769018302,minmax
1973,30,1769018302,minmax
1974,30,1769018302,minmax
1975,30,1769018302,minmax
1976,30,1769018302,minmax
1977,30,1769018302,minmax
1978,30,1769018302,minmax
1979,30,1769018302,minmax
1980,30,1769018302,minmax
1981,30,1769018302,minmax
1982,30,1769018302,minmax
1983,30,1769018302,minmax
1984,30,1769018302,minmax
1985,30,1769018302,minmax
1986,30,1769018302,minmax
1987,30,1769018302,minmax
1988,30,1769018302,minmax
1989,30,1769018302,minmax
1990,30,1769018302,minmax
1991,30,1769018302,minmax
1992,30,1769018302,minmax
1993,30,1769018302,minmax
1994,30,1769018302,minmax
1995,30,1769018302,minmax
1996,30,1769018302,minmax
1997,30,1769018302,minmax
1998,30,1769018302,minmax
1999,30,1769018302,minmax
2000,30,1769018302,minmax
2001,30,1769018302,minmax
1,0,1769018291,minmax
2,0,1769018291,minmax
3,30,1769018291,minmax
4,0,1769018291,minmax
5,30,1769018291,minmax
6,30,1769018291,minmax
7,30,1769018291,minmax
8,30,1769018291,minmax
9,0,1769018291,minmax
10,0,1769018291,minmax
11,30,1769018291,minmax
12,30,1769018291,minmax
13,30,1769018291,minmax
14,30,1769018291,minmax
15,0,1769018291,minmax
16,0,1769018291,minmax
17,30,1769018291,minmax
18,30,1769018291,minmax
19,30,1769018291,minmax
20,30,1769018291,minmax
21,30,1769018291,minmax
22,30,1769018291,minmax
23,30,1769018291,minmax
24,30,1769018291,minmax
25,0,1769018291,minmax
26,30,1769018291,minmax
27,30,1769018291,minmax
28,30,1769018291,minmax
29,30,1769018291,minmax
30,30,1769018291,minmax
31,0,1769018291,minmax
32,30,1769018291,minmax
33,30,1769018291,minmax
34,30,1769018291,minmax
35,30,1769018291,minmax
36,0,1769018291,minmax
37,30,1769018291,minmax
38,0,1769018291,minmax
39,30,1769018291,minmax
40,0,1769018291,minmax
41,30,1769018291,minmax
42,0,1769018291,minmax
43,30,1769018291,minmax
44,0,1769018291,minmax
45,0,1769018291,minmax
46,30,1769018291,minmax
47,30,1769018291,minmax
48,0,1769018291,minmax
49,30,1769018291,minmax
50,30,1769018291,minmax
51,30,1769018291,minmax
52,0,1769018291,minmax
53,30,1769018291,minmax
54,30,1769018291,minmax
55,30,1769018291,minmax
56,30,1769018291,minmax
57,30,1769018291,minmax
58,30,1769018291,minmax
59,30,1769018291,minmax
60,0,1769018291,minmax
61,30,1769018291,minmax
62,30,1769018291,minmax
63,0,1769018291,minmax
64,30,1769018291,minmax
65,30,1769018291,minmax
66,30,1769018291,minmax
67,30,1769018291,minmax
68,30,1769018291,minmax
69,30,1769018291,minmax
70,30,1769018291,minmax
71,30,1769018291,minmax
72,30,1769018291,minmax
73,30,1769018291,minmax
74,30,1769018291,minmax
75,30,1769018291,minmax
76,30,1769018291,minmax
77,30,1769018291,minmax
78,30,1769018291,minmax
79,30,1769018291,minmax
80,30,1769018291,minmax
81,30,1769018291,minmax
82,30,1769018291,minmax
83,30,1769018291,minmax
84,30,1769018291,minmax
85,30,1769018291,minmax
86,30,1769018291,minmax
87,30,1769018291,minmax
88,30,1769018291,minmax
89,30,1769018291,minmax
90,30,1769018291,minmax
91,30,1769018291,minmax
92,30,1769018291,minmax
93,30,1769018291,minmax
94,30,1769018291,minmax
95,30,1769018291,minmax
96,0,1769018291,minmax
97,30,1769018291,minmax
98,30,1769018291,minmax
99,30,1769018291,minmax
100,30,1769018291,minmax
101,30,1769018291,minmax
102,0,1769018291,minmax
103,30,1769018291,minmax
104,30,1769018291,minmax
105,30,1769018291,minmax
106,30,1769018291,minmax
107,30,1769018291,minmax
108,30,1769018291,minmax
109,30,1769018291,minmax
110,30,1769018291,minmax
111,30,1769018291,minmax
112,30,1769018291,minmax
113,30,1769018291,minmax
114,30,1769018291,minmax
115,30,1769018291,minmax
116,0,1769018291,minmax
117,30,1769018291,minmax
118,0,1769018291,minmax
119,30,1769018291,minmax
120,30,1769018291,minmax
121,30,1769018291,minmax
122,0,1769018291,minmax
123,30,1769018291,minmax
124,30,1769018291,minmax
125,30,1769018291,minmax
126,30,1769018291,minmax
127,30,1769018291,minmax
128,30,1769018291,minmax
129,30,1769018291,minmax
130,30,1769018291,minmax
131,30,1769018291,minmax
132,30,1769018291,minmax
133,30,1769018291,minmax
134,30,1769018291,minmax
135,30,1769018291,minmax
136,30,1769018291,minmax
137,30,1769018291,minmax
138,30,1769018291,minmax
139,30,1769018291,minmax
140,30,1769018291,minmax
141,30,1769018291,minmax
142,30,1769018291,minmax
143,0,1769018291,minmax
144,30,1769018291,minmax
145,30,1769018291,minmax
146,0,1769018291,minmax
147,30,1769018291,minmax
148,30,1769018291,minmax
149,30,1769018291,minmax
150,30,1769018291,minmax
151,30,1769018291,minmax
152,30,1769018291,minmax
153,30,1769018291,minmax
154,30,1769018291,minmax
155,30,1769018291,minmax
156,30,1769018291,minmax
157,30,1769018291,minmax
158,30,1769018291,minmax
159,30,1769018291,minmax
160,30,1769018291,minmax
161,30,1769018291,minmax
162,30,1769018291,minmax
163,30,1769018291,minmax
164,30,1769018291,minmax
165,0,1769018291,minmax
166,30,1769018291,minmax
167,30,1769018291,minmax
168,30,1769018291,minmax
169,30,1769018291,minmax
170,30,1769018291,minmax
171,30,1769018291,minmax
172,30,1769018291,minmax
173,30,1769018291,minmax
174,30,1769018291,minmax
175,30,1769018291,minmax
176,0,1769018291,minmax
177,30,1769018291,minmax
178,30,1769018291,minmax
179,30,1769018291,minmax
180,30,1769018291,minmax
181,30,1769018291,minmax
182,30,1769018291,minmax
183,30,1769018291,minmax
184,30,1769018291,minmax
185,30,1769018291,minmax
186,30,1769018291,minmax
187,0,1769018291,minmax
188,30,1769018291,minmax
189,30,1769018291,minmax
190,30,1769018291,minmax
191,30,1769018291,minmax
192,30,1769018291,minmax
193,30,1769018291,minmax
194,30,1769018291,minmax
195,30,1769018291,minmax
196,0,1769018291,minmax
197,30,1769018291,minmax
198,30,1769018291,minmax
199,30,1769018291,minmax
200,0,1769018291,minmax
201,30,1769018291,minmax
202,30,1769018291,minmax
203,30,1769018291,minmax
204,30,1769018291,minmax
205,30,1769018291,minmax
206,30,1769018291,minmax
207,0,1769018291,minmax
208,30,1769018291,minmax
209,30,1769018291,minmax
210,30,1769018291,minmax
211,30,1769018291,minmax
212,30,1769018291,minmax
213,30,1769018291,minmax
214,30,1769018291,minmax
215,30,1769018291,minmax
216,0,1769018291,minmax
217,30,1769018291,minmax
218,30,1769018291,minmax
219,30,1769018291,minmax
220,30,1769018291,minmax
221,30,1769018291,minmax
222,30,1769018291,minmax
223,30,1769018291,minmax
224,0,1769018291,minmax
225,30,1769018291,minmax
226,30,1769018291,minmax
227,30,1769018291,minmax
228,30,1769018291,minmax
229,30,1769018291,minmax
230,30,1769018291,minmax
231,30,1769018291,minmax
232,30,1769018291,minmax
233,30,1769018291,minmax
234,30,1769018291,minmax
235,30,1769018291,minmax
236,30,1769018291,minmax
237,30,1769018291,minmax
238,30,1769018291,minmax
239,30,1769018291,minmax
240,30,1769018291,minmax
241,30,1769018291,minmax
242,30,1769018291,minmax
243,0,1769018291,minmax
244,30,1769018291,minmax
245,30,1769018291,minmax
246,30,1769018291,minmax
247,30,1769018291,minmax
248,30,1769018291,minmax
249,30,1769018291,minmax
250,0,1769018291,minmax
251,30,1769018291,minmax
252,30,1769018291,minmax
253,30,1769018291,minmax
254,0,1769018291,minmax
255,30,1769018291,minmax
256,30,1769018291,minmax
257,30,1769018291,minmax
258,30,1769018291,minmax
259,30,1769018291,minmax
260,30,1769018291,minmax
261,30,1769018291,minmax
262,30,1769018291,minmax
263,30,1769018291,minmax
264,30,1769018291,minmax
265,30,1769018291,minmax
266,30,1769018291,minmax
267,30,1769018291,minmax
268,30,1769018291,minmax
269,30,1769018291,minmax
270,30,1769018291,minmax
271,30,1769018291,minmax
272,30,1769018291,minmax
273,30,1769018291,minmax
274,30,1769018291,minmax
275,30,1769018291,minmax
276,30,1769018291,minmax
277,30,1769018291,minmax
278,0,1769018291,minmax
279,30,1769018291,minmax
280,30,1769018291,minmax
281,30,1769018291,minmax
282,30,1769018291,minmax
283,30,1769018291,minmax
284,30,1769018291,minmax
285,30,1769018291,minmax
286,30,1769018291,minmax
287,30,1769018291,minmax
288,30,1769018291,minmax
289,30,1769018291,minmax
290,0,1769018291,minmax
291,30,1769018291,minmax
292,30,1769018291,minmax
293,30,1769018291,minmax
294,30,1769018291,minmax
295,30,1769018291,minmax
296,30,1769018291,minmax
297,30,1769018291,minmax
298,30,1769018291,minmax
299,30,1769018291,minmax
300,30,1769018291,minmax
301,30,1769018291,minmax
302,30,1769018291,minmax
303,30,1769018291,minmax
304,30,1769018291,minmax
305,30,1769018291,minmax
306,30,1769018291,minmax
307,30,1769018291,minmax
308,30,1769018291,minmax
309,30,1769018291,minmax
310,30,1769018291,minmax
311,30,1769018291,minmax
312,30,1769018291,minmax
313,30,1769018291,minmax
314,0,1769018291,minmax
315,30,1769018291,minmax
316,30,1769018291,minmax
317,30,1769018291,minmax
318,30,1769018291,minmax
319,30,1769018291,minmax
320,30,1769018291,minmax
321,30,1769018291,minmax
322,30,1769018291,minmax
323,30,1769018291,minmax
324,30,1769018291,minmax
325,30,1769018291,minmax
326,30,1769018291,minmax
327,30,1769018291,minmax
328,30,1769018291,minmax
329,30,1769018291,minmax
330,30,1769018291,minmax
331,30,1769018291,minmax
332,30,1769018291,minmax
333,30,1769018291,minmax
334,30,1769018291,minmax
335,30,1769018291,minmax
336,30,1769018291,minmax
337,30,1769018291,minmax
338,30,1769018291,minmax
339,30,1769018291,minmax
340,30,1769018291,minmax
341,30,1769018291,minmax
342,30,1769018291,minmax
343,30,1769018291,minmax
344,30,1769018291,minmax
345,30,1769018291,minmax
346,30,1769018291,minmax
347,30,1769018291,minmax
348,30,1769018291,minmax
349,30,1769018291,minmax
350,30,1769018291,minmax
351,0,1769018291,minmax
352,30,1769018291,minmax
353,30,1769018291,minmax
354,30,1769018291,minmax
355,0,1769018291,minmax
356,30,1769018291,minmax
357,30,1769018291,minmax
358,30,1769018291,minmax
359,30,1769018291,minmax
360,30,1769018291,minmax
361,0,1769018291,minmax
362,30,1769018291,minmax
363,30,1769018291,minmax
364,30,1769018291,minmax
365,30,1769018291,minmax
366,30,1769018291,minmax
367,30,1769018291,minmax
368,30,1769018291,minmax
369,30,1769018291,minmax
370,30,1769018291,minmax
371,30,1769018291,minmax
372,30,1769018291,minmax
373,30,1769018291,minmax
374,30,1769018291,minmax
375,30,1769018291,minmax
376,30,1769018291,minmax
377,30,1769018291,minmax
378,30,1769018291,minmax
379,30,1769018291,minmax
380,30,1769018291,minmax
381,30,1769018291,minmax
382,30,1769018291,minmax
383,30,1769018291,minmax
384,30,1769018291,minmax
385,30,1769018291,minmax
386,30,1769018291,minmax
387,30,1769018291,minmax
388,30,1769018291,minmax
389,30,1769018291,minmax
390,30,1769018291,minmax
391,30,1769018291,minmax
392,30,1769018291,minmax
393,30,1769018291,minmax
394,30,1769018291,minmax
395,30,1769018291,minmax
396,30,1769018291,minmax
397,30,1769018291,minmax
398,30,1769018291,minmax
399,30,1769018291,minmax
400,30,1769018291,minmax
401,30,1769018291,minmax
402,30,1769018291,minmax
403,30,1769018291,minmax
404,30,1769018291,minmax
405,30,1769018291,minmax
406,0,1769018291,minmax
407,30,1769018291,minmax
408,30,1769018291,minmax
409,30,1769018291,minmax
410,30,1769018291,minmax
411,30,1769018291,minmax
412,0,1769018291,minmax
413,30,1769018291,minmax
414,30,1769018291,minmax
415,30,1769018291,minmax
416,30,1769018291,minmax
417,30,1769018291,minmax
418,30,1769018291,minmax
419,30,1769018291,minmax
420,30,1769018291,minmax
421,30,1769018291,minmax
422,30,1769018291,minmax
423,30,1769018291,minmax
424,30,1769018291,minmax
425,30,1769018291,minmax
426,30,1769018291,minmax
427,30,1769018291,minmax
428,30,1769018291,minmax
429,30,1769018291,minmax
430,30,1769018291,minmax
431,30,1769018291,minmax
432,30,1769018291,minmax
433,30,1769018291,minmax
434,30,1769018291,minmax
435,30,1769018291,minmax
436,30,1769018291,minmax
437,30,1769018291,minmax
438,30,1769018291,minmax
439,30,1769018291,minmax
440,30,1769018291,minmax
441,30,1769018291,minmax
442,30,1769018291,minmax
443,30,1769018291,minmax
444,30,1769018291,minmax
445,30,1769018291,minmax
446,30,1769018291,minmax
447,30,1769018291,minmax
448,30,1769018291,minmax
449,30,1769018291,minmax
450,30,1769018291,minmax
451,30,1769018291,minmax
452,30,1769018291,minmax
453,30,1769018291,minmax
454,30,1769018291,minmax
455,30,1769018291,minmax
456,30,1769018291,minmax
457,30,1769018291,minmax
458,30,1769018291,minmax
459,30,1769018291,minmax
460,30,1769018291,minmax
461,30,1769018291,minmax
462,30,1769018291,minmax
463,30,1769018291,minmax
464,30,1769018291,minmax
465,30,1769018291,minmax
466,30,1769018291,minmax
467,30,1769018291,minmax
468,30,1769018291,minmax
469,30,1769018291,minmax
470,30,1769018291,minmax
471,30,1769018291,minmax
472,30,1769018291,minmax
473,30,1769018291,minmax
474,30,1769018291,minmax
475,30,1769018291,minmax
476,30,1769018291,minmax
477,0,1769018291,minmax
478,30,1769018291,minmax
479,30,1769018291,minmax
480,30,1769018291,minmax
481,30,1769018291,minmax
482,30,1769018291,minmax
483,30,1769018291,minmax
484,30,1769018291,minmax
485,30,1769018291,minmax
486,30,1769018291,minmax
487,30,1769018291,minmax
488,30,1769018291,minmax
489,30,1769018291,minmax
490,30,1769018291,minmax
491,30,1769018291,minmax
492,30,1769018291,minmax
493,30,1769018291,minmax
494,30,1769018291,minmax
495,30,1769018291,minmax
496,30,1769018291,minmax
497,30,1769018291,minmax
498,30,1769018291,minmax
499,30,1769018291,minmax
500,30,1769018291,minmax
501,30,1769018291,minmax
502,30,1769018291,minmax
503,30,1769018291,minmax
504,30,1769018291,minmax
505,30,1769018291,minmax
506,30,1769018291,minmax
507,30,1769018291,minmax
508,30,1769018291,minmax
509,30,1769018291,minmax
510,30,1769018291,minmax
511,30,1769018291,minmax
512,30,1769018291,minmax
513,30,1769018291,minmax
514,30,1769018291,minmax
515,30,1769018291,minmax
516,30,1769018291,minmax
517,30,1769018291,minmax
518,30,1769018291,minmax
519,30,1769018291,minmax
520,30,1769018291,minmax
521,30,1769018291,minmax
522,30,1769018291,minmax
523,30,1769018291,minmax
524,30,1769018291,minmax
525,30,1769018291,minmax
526,30,1769018291,minmax
527,30,1769018291,minmax
528,30,1769018291,minmax
529,30,1769018291,minmax
530,30,1769018291,minmax
531,30,1769018291,minmax
532,30,1769018291,minmax
533,30,1769018291,minmax
534,30,1769018291,minmax
535,30,1769018291,minmax
536,30,1769018291,minmax
537,30,1769018291,minmax
538,30,1769018291,minmax
539,30,1769018291,minmax
540,30,1769018291,minmax
541,30,1769018291,minmax
542,30,1769018291,minmax
543,30,1769018291,minmax
544,30,1769018291,minmax
545,30,1769018291,minmax
546,30,1769018291,minmax
547,30,1769018291,minmax
548,30,1769018291,minmax
549,30,1769018291,minmax
550,30,1769018291,minmax
551,30,1769018291,minmax
552,30,1769018291,minmax
553,30,1769018291,minmax
554,30,1769018291,minmax
555,30,1769018291,minmax
556,30,1769018291,minmax
557,30,1769018291,minmax
558,30,1769018291,minmax
559,30,1769018291,minmax
560,30,1769018291,minmax
561,30,1769018291,minmax
562,30,1769018291,minmax
563,30,1769018291,minmax
564,30,1769018291,minmax
565,30,1769018291,minmax
566,30,1769018291,minmax
567,30,1769018291,minmax
568,30,1769018291,minmax
569,30,1769018291,minmax
570,30,1769018291,minmax
571,30,1769018291,minmax
572,30,1769018291,minmax
573,30,1769018291,minmax
574,30,1769018291,minmax
575,30,1769018291,minmax
576,30,1769018291,minmax
577,30,1769018291,minmax
578,30,1769018291,minmax
579,30,1769018291,minmax
580,30,1769018291,minmax
581,30,1769018291,minmax
582,30,1769018291,minmax
583,30,1769018291,minmax
584,30,1769018291,minmax
585,30,1769018291,minmax
586,30,1769018291,minmax
587,30,1769018291,minmax
588,30,1769018291,minmax
589,30,1769018291,minmax
590,30,1769018291,minmax
591,30,1769018291,minmax
592,30,1769018291,minmax
593,30,1769018291,minmax
594,30,1769018291,minmax
595,30,1769018291,minmax
596,30,1769018291,minmax
597,30,1769018291,minmax
598,30,1769018291,minmax
599,30,1769018291,minmax
600,30,1769018291,minmax
601,30,1769018291,minmax
602,30,1769018291,minmax
603,30,1769018291,minmax
604,30,1769018291,minmax
605,30,1769018291,minmax
606,30,1769018291,minmax
607,30,1769018291,minmax
608,30,1769018291,minmax
609,30,1769018291,minmax
610,30,1769018291,minmax
611,30,1769018291,minmax
612,30,1769018291,minmax
613,30,1769018291,minmax
614,30,1769018291,minmax
615,30,1769018291,minmax
616,30,1769018291,minmax
617,30,1769018291,minmax
618,30,1769018291,minmax
619,30,1769018291,minmax
620,30,1769018291,minmax
621,30,1769018291,minmax
622,30,1769018291,minmax
623,30,1769018291,minmax
624,30,1769018291,minmax
625,30,1769018291,minmax
626,30,1769018291,minmax
627,30,1769018291,minmax
628,30,1769018291,minmax
629,30,1769018291,minmax
630,30,1769018291,minmax
631,30,1769018291,minmax
632,30,1769018291,minmax
633,0,1769018291,minmax
634,30,1769018291,minmax
635,30,1769018291,minmax
636,30,1769018291,minmax
637,30,1769018291,minmax
638,30,1769018291,minmax
639,30,1769018291,minmax
640,30,1769018291,minmax
641,30,1769018291,minmax
642,30,1769018291,minmax
643,30,1769018291,minmax
644,30,1769018291,minmax
645,30,1769018291,minmax
646,30,1769018291,minmax
647,30,1769018291,minmax
648,30,1769018291,minmax
649,30,1769018291,minmax
650,30,1769018291,minmax
651,30,1769018291,minmax
652,30,1769018291,minmax
653,30,1769018291,minmax
654,30,1769018291,minmax
655,30,1769018291,minmax
656,30,1769018291,minmax
657,30,1769018291,minmax
658,30,1769018291,minmax
659,30,1769018291,minmax
660,30,1769018291,minmax
661,30,1769018291,minmax
662,30,1769018291,minmax
663,30,1769018291,minmax
664,30,1769018291,minmax
665,30,1769018291,minmax
666,30,1769018291,minmax
667,30,1769018291,minmax
668,30,1769018291,minmax
669,30,1769018291,minmax
670,30,1769018291,minmax
671,30,1769018291,minmax
672,30,1769018291,minmax
673,30,1769018291,minmax
674,30,1769018291,minmax
675,30,1769018291,minmax
676,30,1769018291,minmax
677,30,1769018291,minmax
678,30,1769018291,minmax
679,30,1769018291,minmax
680,30,1769018291,minmax
681,30,1769018291,minmax
682,30,1769018291,minmax
683,30,1769018291,minmax
684,30,1769018291,minmax
685,30,1769018291,minmax
686,30,1769018291,minmax
687,30,1769018291,minmax
688,0,1769018291,minmax
689,30,1769018291,minmax
690,30,1769018291,minmax
691,30,1769018291,minmax
692,30,1769018291,minmax
693,30,1769018291,minmax
694,30,1769018291,minmax
695,30,1769018291,minmax
696,30,1769018291,minmax
697,30,1769018291,minmax
698,30,1769018291,minmax
699,30,1769018291,minmax
700,30,1769018291,minmax
701,30,1769018291,minmax
702,30,1769018291,minmax
703,30,1769018291,minmax
704,30,1769018291,minmax
705,30,1769018291,minmax
706,30,1769018291,minmax
707,30,1769018291,minmax
708,30,1769018291,minmax
709,30,1769018291,minmax
710,30,1769018291,minmax
711,30,1769018291,minmax
712,30,1769018291,minmax
713,30,1769018291,minmax
714,30,1769018291,minmax
715,30,1769018291,minmax
716,30,1769018291,minmax
717,30,1769018291,minmax
718,30,1769018291,minmax
719,30,1769018291,minmax
720,30,1769018291,minmax
721,30,1769018291,minmax
722,30,1769018291,minmax
723,30,1769018291,minmax
724,30,1769018291,minmax
725,30,1769018291,minmax
726,30,1769018291,minmax
727,30,1769018291,minmax
728,30,1769018291,minmax
729,30,1769018291,minmax
730,30,1769018291,minmax
731,30,1769018291,minmax
732,30,1769018291,minmax
733,30,1769018291,minmax
734,30,1769018291,minmax
735,30,1769018291,minmax
736,30,1769018291,minmax
737,30,1769018291,minmax
738,30,1769018291,minmax
739,30,1769018291,minmax
740,30,1769018291,minmax
741,30,1769018291,minmax
742,30,1769018291,minmax
743,30,1769018291,minmax
744,30,1769018291,minmax
745,0,1769018291,minmax
746,30,1769018291,minmax
747,30,1769018291,minmax
748,30,1769018291,minmax
749,30,1769018291,minmax
750,30,1769018291,minmax
751,30,1769018291,minmax
752,30,1769018291,minmax
753,30,1769018291,minmax
754,30,1769018291,minmax
755,0,1769018291,minmax
756,30,1769018291,minmax
757,30,1769018291,minmax
758,30,1769018291,minmax
759,30,1769018291,minmax
760,30,1769018291,minmax
761,30,1769018291,minmax
762,30,1769018291,minmax
763,30,1769018291,minmax
764,30,1769018291,minmax
765,30,1769018291,minmax
766,30,1769018291,minmax
767,30,1769018291,minmax
768,30,1769018291,minmax
769,30,1769018291,minmax
770,30,1769018291,minmax
771,30,1769018291,minmax
772,30,1769018291,minmax
773,0,1769018291,minmax
774,30,1769018291,minmax
775,30,1769018291,minmax
776,30,1769018291,minmax
777,30,1769018291,minmax
778,30,1769018291,minmax
779,30,1769018291,minmax
780,30,1769018291,minmax
781,30,1769018291,minmax
782,30,1769018291,minmax
783,30,1769018291,minmax
784,30,1769018291,minmax
785,30,1769018291,minmax
786,30,1769018291,minmax
787,30,1769018291,minmax
788,30,1769018291,minmax
789,30,1769018291,minmax
790,30,1769018291,minmax
791,30,1769018291,minmax
792,30,1769018291,minmax
793,30,1769018291,minmax
794,30,1769018291,minmax
795,30,1769018291,minmax
796,30,1769018291,minmax
797,30,1769018291,minmax
798,30,1769018291,minmax
799,30,1769018291,minmax
800,30,1769018291,minmax
801,30,1769018291,minmax
802,30,1769018291,minmax
803,30,1769018291,minmax
804,30,1769018291,minmax
805,30,1769018291,minmax
806,30,1769018291,minmax
807,30,1769018291,minmax
808,30,1769018291,minmax
809,30,1769018291,minmax
810,30,1769018291,minmax
811,30,1769018291,minmax
812,30,1769018291,minmax
813,30,1769018291,minmax
814,30,1769018291,minmax
815,30,1769018291,minmax
816,30,1769018291,minmax
817,30,1769018291,minmax
818,30,1769018291,minmax
819,30,1769018291,minmax
820,30,1769018291,minmax
821,30,1769018291,minmax
822,30,1769018291,minmax
823,30,1769018291,minmax
824,30,1769018291,minmax
825,30,1769018291,minmax
826,30,1769018291,minmax
827,30,1769018291,minmax
828,30,1769018291,minmax
829,30,1769018291,minmax
830,30,1769018291,minmax
831,30,1769018291,minmax
832,30,1769018291,minmax
833,30,1769018291,minmax
834,30,1769018291,minmax
835,30,1769018291,minmax
836,30,1769018291,minmax
837,30,1769018291,minmax
838,30,1769018291,minmax
839,30,1769018291,minmax
840,30,1769018291,minmax
841,30,1769018291,minmax
842,30,1769018291,minmax
843,30,1769018291,minmax
844,30,1769018291,minmax
845,30,1769018291,minmax
846,30,1769018291,minmax
847,30,1769018291,minmax
848,30,1769018291,minmax
849,30,1769018291,minmax
850,30,1769018291,minmax
851,30,1769018291,minmax
852,30,1769018291,minmax
853,30,1769018291,minmax
854,30,1769018291,minmax
855,30,1769018291,minmax
856,30,1769018291,minmax
857,30,1769018291,minmax
858,30,1769018291,minmax
859,30,1769018291,minmax
860,30,1769018291,minmax
861,30,1769018291,minmax
862,30,1769018291,minmax
863,30,1769018291,minmax
864,30,1769018291,minmax
865,30,1769018291,minmax
866,30,1769018291,minmax
867,30,1769018291,minmax
868,30,1769018291,minmax
869,30,1769018291,minmax
870,30,1769018291,minmax
871,30,1769018291,minmax
872,30,1769018291,minmax
873,30,1769018291,minmax
874,30,1769018291,minmax
875,30,1769018291,minmax
876,30,1769018291,minmax
877,30,1769018291,minmax
878,30,1769018291,minmax
879,30,1769018291,minmax
880,30,1769018291,minmax
881,30,1769018291,minmax
882,30,1769018291,minmax
883,30,1769018291,minmax
884,30,1769018291,minmax
885,30,1769018291,minmax
886,30,1769018291,minmax
887,30,1769018291,minmax
888,30,1769018291,minmax
889,30,1769018291,minmax
890,30,1769018291,minmax
891,30,1769018291,minmax
892,30,1769018291,minmax
893,30,1769018291,minmax
894,30,1769018291,minmax
895,30,1769018291,minmax
896,30,1769018291,minmax
897,30,1769018291,minmax
898,30,1769018291,minmax
899,30,1769018291,minmax
900,30,1769018291,minmax
901,30,1769018291,minmax
902,30,1769018291,minmax
903,30,1769018291,minmax
904,30,1769018291,minmax
905,30,1769018291,minmax
906,30,1769018291,minmax
907,30,1769018291,minmax
908,30,1769018291,minmax
909,30,1769018291,minmax
910,30,1769018291,minmax
911,30,1769018291,minmax
912,30,1769018291,minmax
913,30,1769018291,minmax
914,30,1769018291,minmax
915,30,1769018291,minmax
916,30,1769018291,minmax
917,30,1769018291,minmax
918,30,1769018291,minmax
919,30,1769018291,minmax
920,30,1769018291,minmax
921,30,1769018291,minmax
922,30,1769018291,minmax
923,30,1769018291,minmax
924,30,1769018291,minmax
925,30,1769018291,minmax
926,30,1769018291,minmax
927,0,1769018291,minmax
928,30,1769018291,minmax
929,30,1769018291,minmax
930,30,1769018291,minmax
931,30,1769018291,minmax
932,30,1769018291,minmax
933,30,1769018291,minmax
934,30,1769018291,minmax
935,30,1769018291,minmax
936,30,1769018291,minmax
937,30,1769018291,minmax
938,30,1769018291,minmax
939,30,1769018291,minmax
940,30,1769018291,minmax
941,30,1769018291,minmax
942,30,1769018291,minmax
943,30,1769018291,minmax
944,30,1769018291,minmax
945,30,1769018291,minmax
946,30,1769018291,minmax
947,30,1769018291,minmax
948,30,1769018291,minmax
949,30,1769018291,minmax
950,30,1769018291,minmax
951,30,1769018291,minmax
952,30,1769018291,minmax
953,30,1769018291,minmax
954,30,1769018291,minmax
955,30,1769018291,minmax
956,30,1769018291,minmax
957,30,1769018291,minmax
958,30,1769018291,minmax
959,30,1769018291,minmax
960,30,1769018291,minmax
961,30,1769018291,minmax
962,30,1769018291,minmax
963,30,1769018291,minmax
964,30,1769018291,minmax
965,0,1769018291,minmax
966,30,1769018291,minmax
967,30,1769018291,minmax
968,30,1769018291,minmax
969,30,1769018291,minmax
970,30,1769018291,minmax
971,30,1769018291,minmax
972,30,1769018291,minmax
973,30,1769018291,minmax
974,30,1769018291,minmax
975,30,1769018291,minmax
976,30,1769018291,minmax
977,30,1769018291,minmax
978,30,1769018291,minmax
979,30,1769018291,minmax
980,0,1769018291,minmax
981,30,1769018291,minmax
982,30,1769018291,minmax
983,30,1769018291,minmax
984,30,1769018291,minmax
985,30,1769018291,minmax
986,30,1769018291,minmax
987,30,1769018291,minmax
988,30,1769018291,minmax
989,30,1769018291,minmax
990,30,1769018291,minmax
991,30,1769018291,minmax
992,30,1769018291,minmax
993,30,1769018291,minmax
994,30,1769018291,minmax
995,30,1769018291,minmax
996,30,1769018291,minmax
997,30,1769018291,minmax
998,30,1769018291,minmax
999,30,1769018291,minmax
1000,30,1769018291,minmax
1001,30,1769018291,minmax
1002,30,1769018291,minmax
1003,30,1769018291,minmax
1004,30,1769018291,minmax
1005,30,1769018291,minmax
1006,30,1769018291,minmax
1007,30,1769018291,minmax
1008,30,1769018291,minmax
1009,30,1769018291,minmax
1010,30,1769018291,minmax
1011,30,1769018291,minmax
1012,30,1769018291,minmax
1013,30,1769018291,minmax
1014,30,1769018291,minmax
1015,30,1769018291,minmax
1016,30,1769018291,minmax
1017,30,1769018291,minmax
1018,30,1769018291,minmax
1019,30,1769018291,minmax
1020,30,1769018291,minmax
1021,30,1769018291,minmax
1022,30,1769018291,minmax
1023,30,1769018291,minmax
1024,30,1769018291,minmax
1025,30,1769018291,minmax
1026,30,1769018291,minmax
1027,30,1769018291,minmax
1028,30,1769018291,minmax
1029,30,1769018291,minmax
1030,30,1769018291,minmax
1031,30,1769018291,minmax
1032,30,1769018291,minmax
1033,30,1769018291,minmax
1034,30,1769018291,minmax
1035,30,1769018291,minmax
1036,30,1769018291,minmax
1037,30,1769018291,minmax
1038,30,1769018291,minmax
1039,30,1769018291,minmax
1040,30,1769018291,minmax
1041,30,1769018291,minmax
1042,30,1769018291,minmax
1043,30,1769018291,minmax
1044,30,1769018291,minmax
1045,30,1769018291,minmax
1046,30,1769018291,minmax
1047,30,1769018291,minmax
1048,30,1769018291,minmax
1049,30,1769018291,minmax
1050,30,1769018291,minmax
1051,30,1769018291,minmax
1052,30,1769018291,minmax
1053,30,1769018291,minmax
1054,30,1769018291,minmax
1055,30,1769018291,minmax
1056,30,1769018291,minmax
1057,30,1769018291,minmax
1058,30,1769018291,minmax
1059,30,1769018291,minmax
1060,30,1769018291,minmax
1061,30,1769018291,minmax
1062,30,1769018291,minmax
1063,30,1769018291,minmax
1064,30,1769018291,minmax
1065,30,1769018291,minmax
1066,30,1769018291,minmax
1067,30,1769018291,minmax
1068,30,1769018291,minmax
1069,30,1769018291,minmax
1070,30,1769018291,minmax
1071,30,1769018291,minmax
1072,30,1769018291,minmax
1073,30,1769018291,minmax
1074,30,1769018291,minmax
1075,30,1769018291,minmax
1076,30,1769018291,minmax
1077,30,1769018291,minmax
1078,30,1769018291,minmax
1079,30,1769018291,minmax
1080,30,1769018291,minmax
1081,30,1769018291,minmax
1082,30,1769018291,minmax
1083,30,1769018291,minmax
1084,30,1769018291,minmax
1085,30,1769018291,minmax
1086,30,1769018291,minmax
1087,30,1769018291,minmax
1088,30,1769018291,minmax
1089,30,1769018291,minmax
1090,30,1769018291,minmax
1091,30,1769018291,minmax
1092,30,1769018291,minmax
1093,30,1769018291,minmax
1094,30,1769018291,minmax
1095,30,1769018291,minmax
1096,30,1769018291,minmax
1097,30,1769018291,minmax
1098,30,1769018291,minmax
1099,30,1769018291,minmax
1100,30,1769018291,minmax
1101,30,1769018291,minmax
1102,30,1769018291,minmax
1103,30,1769018291,minmax
1104,30,1769018291,minmax
1105,30,1769018291,minmax
1106,30,1769018291,minmax
1107,30,1769018291,minmax
1108,30,1769018291,minmax
1109,30,1769018291,minmax
1110,30,1769018291,minmax
1111,30,1769018291,minmax
1112,30,1769018291,minmax
1113,30,1769018291,minmax
1114,30,1769018291,minmax
1115,30,1769018291,minmax
1116,30,1769018291,minmax
1117,30,1769018291,minmax
1118,30,1769018291,minmax
1119,30,1769018291,minmax
1120,30,1769018291,minmax
1121,30,1769018291,minmax
1122,30,1769018291,minmax
1123,30,1769018291,minmax
1124,0,1769018291,minmax
1125,30,1769018291,minmax
1126,30,1769018291,minmax
1127,30,1769018291,minmax
1128,30,1769018291,minmax
1129,30,1769018291,minmax
1130,30,1769018291,minmax
1131,30,1769018291,minmax
1132,30,1769018291,minmax
1133,30,1769018291,minmax
1134,30,1769018291,minmax
1135,30,1769018291,minmax
1136,30,1769018291,minmax
1137,30,1769018291,minmax
1138,30,1769018291,minmax
1139,30,1769018291,minmax
1140,30,1769018291,minmax
1141,30,1769018291,minmax
1142,30,1769018291,minmax
1143,30,1769018291,minmax
1144,30,1769018291,minmax
1145,30,1769018291,minmax
1146,30,1769018291,minmax
1147,30,1769018291,minmax
1148,30,1769018291,minmax
1149,0,1769018291,minmax
1150,30,1769018291,minmax
1151,30,1769018291,minmax
1152,30,1769018291,minmax
1153,30,1769018291,minmax
1154,30,1769018291,minmax
1155,30,1769018291,minmax
1156,30,1769018291,minmax
1157,30,1769018291,minmax
1158,30,1769018291,minmax
1159,30,1769018291,minmax
1160,30,1769018291,minmax
1161,30,1769018291,minmax
1162,30,1769018291,minmax
1163,30,1769018291,minmax
1164,30,1769018291,minmax
1165,30,1769018291,minmax
1166,30,1769018291,minmax
1167,30,1769018291,minmax
1168,30,1769018291,minmax
1169,30,1769018291,minmax
1170,30,1769018291,minmax
1171,30,1769018291,minmax
1172,30,1769018291,minmax
1173,30,1769018291,minmax
1174,30,1769018291,minmax
1175,30,1769018291,minmax
1176,30,1769018291,minmax
1177,30,1769018291,minmax
1178,30,1769018291,minmax
1179,30,1769018291,minmax
1180,30,1769018291,minmax
1181,30,1769018291,minmax
1182,30,1769018291,minmax
1183,30,1769018291,minmax
1184,30,1769018291,minmax
1185,30,1769018291,minmax
1186,30,1769018291,minmax
1187,30,1769018291,minmax
1188,30,1769018291,minmax
1189,30,1769018291,minmax
1190,30,1769018291,minmax
1191,30,1769018291,minmax
1192,30,1769018291,minmax
1193,30,1769018291,minmax
1194,30,1769018291,minmax
1195,30,1769018291,minmax
1196,30,1769018291,minmax
1197,30,1769018291,minmax
1198,30,1769018291,minmax
1199,30,1769018291,minmax
1200,30,1769018291,minmax
1201,30,1769018291,minmax
1202,30,1769018291,minmax
1203,30,1769018291,minmax
1204,30,1769018291,minmax
1205,30,1769018291,minmax
1206,30,1769018291,minmax
1207,30,1769018291,minmax
1208,30,1769018291,minmax
1209,30,1769018291,minmax
1210,30,1769018291,minmax
1211,30,1769018291,minmax
1212,30,1769018291,minmax
1213,30,1769018291,minmax
1214,30,1769018291,minmax
1215,30,1769018291,minmax
1216,30,1769018291,minmax
1217,30,1769018291,minmax
1218,30,1769018291,minmax
1219,30,1769018291,minmax
1220,30,1769018291,minmax
1221,30,1769018291,minmax
1222,30,1769018291,minmax
1223,30,1769018291,minmax
1224,30,1769018291,minmax
1225,30,1769018291,minmax
1226,30,1769018291,minmax
1227,30,1769018291,minmax
1228,30,1769018291,minmax
1229,30,1769018291,minmax
1230,30,1769018291,minmax
1231,30,1769018291,minmax
1232,30,1769018291,minmax
1233,30,1769018291,minmax
1234,30,1769018291,minmax
1235,30,1769018291,minmax
1236,30,1769018291,minmax
1237,30,1769018291,minmax
1238,30,1769018291,minmax
1239,30,1769018291,minmax
1240,30,1769018291,minmax
1241,30,1769018291,minmax
1242,30,1769018291,minmax
1243,30,1769018291,minmax
1244,30,1769018291,minmax
1245,30,1769018291,minmax
1246,30,1769018291,minmax
1247,30,1769018291,minmax
1248,30,1769018291,minmax
1249,30,1769018291,minmax
1250,30,1769018291,minmax
1251,30,1769018291,minmax
1252,30,1769018291,minmax
1253,30,1769018291,minmax
1254,30,1769018291,minmax
1255,30,1769018291,minmax
1256,30,1769018291,minmax
1257,30,1769018291,minmax
1258,30,1769018291,minmax
1259,30,1769018291,minmax
1260,30,1769018291,minmax
1261,30,1769018291,minmax
1262,30,1769018291,minmax
1263,30,1769018291,minmax
1264,30,1769018291,minmax
1265,30,1769018291,minmax
1266,30,1769018291,minmax
1267,30,1769018291,minmax
1268,30,1769018291,minmax
1269,30,1769018291,minmax
1270,30,1769018291,minmax
1271,30,1769018291,minmax
1272,30,1769018291,minmax
1273,30,1769018291,minmax
1274,30,1769018291,minmax
1275,30,1769018291,minmax
1276,30,1769018291,minmax
1277,30,1769018291,minmax
1278,30,1769018291,minmax
1279,30,1769018291,minmax
1280,30,1769018291,minmax
1281,30,1769018291,minmax
1282,30,1769018291,minmax
1283,30,1769018291,minmax
1284,30,1769018291,minmax
1285,30,1769018291,minmax
1286,30,1769018291,minmax
1287,30,1769018291,minmax
1288,30,1769018291,minmax
1289,30,1769018291,minmax
1290,30,1769018291,minmax
1291,30,1769018291,minmax
1292,30,1769018291,minmax
1293,30,1769018291,minmax
1294,30,1769018291,minmax
1295,30,1769018291,minmax
1296,30,1769018291,minmax
1297,30,1769018291,minmax
1298,30,1769018291,minmax
1299,30,1769018291,minmax
1300,30,1769018291,minmax
1301,30,1769018291,minmax
1302,30,1769018291,minmax
1303,30,1769018291,minmax
1304,30,1769018291,minmax
1305,30,1769018291,minmax
1306,30,1769018291,minmax
1307,30,1769018291,minmax
1308,30,1769018291,minmax
1309,30,1769018291,minmax
1310,30,1769018291,minmax
1311,30,1769018291,minmax
1312,30,1769018291,minmax
1313,30,1769018291,minmax
1314,30,1769018291,minmax
1315,30,1769018291,minmax
1316,30,1769018291,minmax
1317,30,1769018291,minmax
1318,30,1769018291,minmax
1319,30,1769018291,minmax
1320,30,1769018291,minmax
1321,30,1769018291,minmax
1322,30,1769018291,minmax
1323,30,1769018291,minmax
1324,30,1769018291,minmax
1325,30,1769018291,minmax
1326,30,1769018291,minmax
1327,30,1769018291,minmax
1328,30,1769018291,minmax
1329,30,1769018291,minmax
1330,30,1769018291,minmax
1331,30,1769018291,minmax
1332,30,1769018291,minmax
1333,30,1769018291,minmax
1334,30,1769018291,minmax
1335,30,1769018291,minmax
1336,30,1769018291,minmax
1337,30,1769018291,minmax
1338,30,1769018291,minmax
1339,30,1769018291,minmax
1340,30,1769018291,minmax
1341,30,1769018291,minmax
1342,30,1769018291,minmax
1343,30,1769018291,minmax
1344,30,1769018291,minmax
1345,30,1769018291,minmax
1346,30,1769018291,minmax
1347,30,1769018291,minmax
1348,30,1769018291,minmax
1349,30,1769018291,minmax
1350,30,1769018291,minmax
1351,30,1769018291,minmax
1352,30,1769018291,minmax
1353,30,1769018291,minmax
1354,30,1769018291,minmax
1355,30,1769018291,minmax
1356,30,1769018291,minmax
1357,30,1769018291,minmax
1358,30,1769018291,minmax
1359,30,1769018291,minmax
1360,30,1769018291,minmax
1361,30,1769018291,minmax
1362,30,1769018291,minmax
1363,30,1769018291,minmax
1364,30,1769018291,minmax
1365,30,1769018291,minmax
1366,30,1769018291,minmax
1367,30,1769018291,minmax
1368,30,1769018291,minmax
1369,30,1769018291,minmax
1370,30,1769018291,minmax
1371,30,1769018291,minmax
1372,30,1769018291,minmax
1373,30,1769018291,minmax
1374,30,1769018291,minmax
1375,30,1769018291,minmax
1376,30,1769018291,minmax
1377,30,1769018291,minmax
1378,30,1769018291,minmax
1379,30,1769018291,minmax
1380,30,1769018291,minmax
1381,30,1769018291,minmax
1382,30,1769018291,minmax
1383,30,1769018291,minmax
1384,30,1769018291,minmax
1385,30,1769018291,minmax
1386,30,1769018291,minmax
1387,30,1769018291,minmax
1388,30,1769018291,minmax
1389,30,1769018291,minmax
1390,30,1769018291,minmax
1391,30,1769018291,minmax
1392,30,1769018291,minmax
1393,30,1769018291,minmax
1394,30,1769018291,minmax
1395,30,1769018291,minmax
1396,30,1769018291,minmax
1397,30,1769018291,minmax
1398,30,1769018291,minmax
1399,30,1769018291,minmax
1400,30,1769018291,minmax
1401,30,1769018291,minmax
1402,30,1769018291,minmax
1403,30,1769018291,minmax
1404,30,1769018291,minmax
1405,30,1769018291,minmax
1406,30,1769018291,minmax
1407,30,1769018291,minmax
1408,30,1769018291,minmax
1409,30,1769018291,minmax
1410,30,1769018291,minmax
1411,30,1769018291,minmax
1412,30,1769018291,minmax
1413,30,1769018291,minmax
1414,30,1769018291,minmax
1415,30,1769018291,minmax
1416,30,1769018291,minmax
1417,30,1769018291,minmax
1418,30,1769018291,minmax
1419,30,1769018291,minmax
1420,30,1769018291,minmax
1421,30,1769018291,minmax
1422,30,1769018291,minmax
1423,30,1769018291,minmax
1424,30,1769018291,minmax
1425,30,1769018291,minmax
1426,30,1769018291,minmax
1427,30,1769018291,minmax
1428,30,1769018291,minmax
1429,30,1769018291,minmax
1430,30,1769018291,minmax
1431,30,1769018291,minmax
1432,30,1769018291,minmax
1433,30,1769018291,minmax
1434,30,1769018291,minmax
1435,30,1769018291,minmax
1436,30,1769018291,minmax
1437,30,1769018291,minmax
1438,30,1769018291,minmax
1439,30,1769018291,minmax
1440,30,1769018291,minmax
1441,30,1769018291,minmax
1442,30,1769018291,minmax
1443,30,1769018291,minmax
1444,30,1769018291,minmax
1445,30,1769018291,minmax
1446,30,1769018291,minmax
1447,30,1769018291,minmax
1448,30,1769018291,minmax
1449,30,1769018291,minmax
1450,30,1769018291,minmax
1451,30,1769018291,minmax
1452,30,1769018291,minmax
1453,30,1769018291,minmax
1454,30,1769018291,minmax
1455,30,1769018291,minmax
1456,30,1769018291,minmax
1457,30,1769018291,minmax
1458,30,1769018291,minmax
1459,30,1769018291,minmax
1460,30,1769018291,minmax
1461,30,1769018291,minmax
1462,30,1769018291,minmax
1463,30,1769018291,minmax
1464,30,1769018291,minmax
1465,30,1769018291,minmax
1466,30,1769018291,minmax
1467,30,1769018291,minmax
1468,30,1769018291,minmax
1469,30,1769018291,minmax
1470,30,1769018291,minmax
1471,30,1769018291,minmax
1472,30,1769018291,minmax
1473,30,1769018291,minmax
1474,30,1769018291,minmax
1475,30,1769018291,minmax
1476,30,1769018291,minmax
1477,30,1769018291,minmax
1478,30,1769018291,minmax
1479,30,1769018291,minmax
1480,30,1769018291,minmax
1481,30,1769018291,minmax
1482,30,1769018291,minmax
1483,30,1769018291,minmax
1484,30,1769018291,minmax
1485,30,1769018291,minmax
1486,30,1769018291,minmax
1487,30,1769018291,minmax
1488,30,1769018291,minmax
1489,30,1769018291,minmax
1490,30,1769018291,minmax
1491,30,1769018291,minmax
1492,30,1769018291,minmax
1493,30,1769018291,minmax
1494,30,1769018291,minmax
1495,30,1769018291,minmax
1496,30,1769018291,minmax
1497,30,1769018291,minmax
1498,30,1769018291,minmax
1499,30,1769018291,minmax
1500,30,1769018291,minmax
1501,30,1769018291,minmax
1502,30,1769018291,minmax
1503,30,1769018291,minmax
1504,30,1769018291,minmax
1505,30,1769018291,minmax
1506,30,1769018291,minmax
1507,30,1769018291,minmax
1508,30,1769018291,minmax
1509,30,1769018291,minmax
1510,30,1769018291,minmax
1511,30,1769018291,minmax
1512,30,1769018291,minmax
1513,30,1769018291,minmax
1514,30,1769018291,minmax
1515,30,1769018291,minmax
1516,30,1769018291,minmax
1517,30,1769018291,minmax
1518,30,1769018291,minmax
1519,30,1769018291,minmax
1520,30,1769018291,minmax
1521,30,1769018291,minmax
1522,30,1769018291,minmax
1523,30,1769018291,minmax
1524,30,1769018291,minmax
1525,30,1769018291,minmax
1526,30,1769018291,minmax
1527,30,1769018291,minmax
1528,30,1769018291,minmax
1529,30,1769018291,minmax
1530,30,1769018291,minmax
1531,30,1769018291,minmax
1532,30,1769018291,minmax
1533,30,1769018291,minmax
1534,30,1769018291,minmax
1535,30,1769018291,minmax
1536,30,1769018291,minmax
1537,30,1769018291,minmax
1538,30,1769018291,minmax
1539,30,1769018291,minmax
1540,30,1769018291,minmax
1541,30,1769018291,minmax
1542,30,1769018291,minmax
1543,30,1769018291,minmax
1544,30,1769018291,minmax
1545,30,1769018291,minmax
1546,30,1769018291,minmax
1547,30,1769018291,minmax
1548,30,1769018291,minmax
1549,30,1769018291,minmax
1550,30,1769018291,minmax
1551,30,1769018291,minmax
1552,30,1769018291,minmax
1553,30,1769018291,minmax
1554,30,1769018291,minmax
1555,30,1769018291,minmax
1556,30,1769018291,minmax
1557,30,1769018291,minmax
1558,30,1769018291,minmax
1559,30,1769018291,minmax
1560,30,1769018291,minmax
1561,30,1769018291,minmax
1562,30,1769018291,minmax
1563,30,1769018291,minmax
1564,30,1769018291,minmax
1565,30,1769018291,minmax
1566,30,1769018291,minmax
1567,30,1769018291,minmax
1568,30,1769018291,minmax
1569,30,1769018291,minmax
1570,30,1769018291,minmax
1571,30,1769018291,minmax
1572,30,1769018291,minmax
1573,30,1769018291,minmax
1574,30,1769018291,minmax
1575,30,1769018291,minmax
1576,30,1769018291,minmax
1577,30,1769018291,minmax
1578,30,1769018291,minmax
1579,30,1769018291,minmax
1580,30,1769018291,minmax
1581,30,1769018291,minmax
1582,30,1769018291,minmax
1583,30,1769018291,minmax
1584,30,1769018291,minmax
1585,30,1769018291,minmax
1586,30,1769018291,minmax
1587,30,1769018291,minmax
1588,30,1769018291,minmax
1589,30,1769018291,minmax
1590,30,1769018291,minmax
1591,30,1769018291,minmax
1592,30,1769018291,minmax
1593,30,1769018291,minmax
1594,30,1769018291,minmax
1595,30,1769018291,minmax
1596,30,1769018291,minmax
1597,30,1769018291,minmax
1598,30,1769018291,minmax
1599,30,1769018291,minmax
1600,30,1769018291,minmax
1601,30,1769018291,minmax
1602,30,1769018291,minmax
1603,30,1769018291,minmax
1604,30,1769018291,minmax
1605,30,1769018291,minmax
1606,30,1769018291,minmax
1607,30,1769018291,minmax
1608,30,1769018291,minmax
1609,30,1769018291,minmax
1610,30,1769018291,minmax
1611,30,1769018291,minmax
1612,30,1769018291,minmax
1613,30,1769018291,minmax
1614,30,1769018291,minmax
1615,30,1769018291,minmax
1616,30,1769018291,minmax
1617,30,1769018291,minmax
1618,30,1769018291,minmax
1619,30,1769018291,minmax
1620,30,1769018291,minmax
1621,30,1769018291,minmax
1622,30,1769018291,minmax
1623,30,1769018291,minmax
1624,30,1769018291,minmax
1625,30,1769018291,minmax
1626,30,1769018291,minmax
1627,30,1769018291,minmax
1628,30,1769018291,minmax
1629,30,1769018291,minmax
1630,30,1769018291,minmax
1631,30,1769018291,minmax
1632,30,1769018291,minmax
1633,30,1769018291,minmax
1634,30,1769018291,minmax
1635,30,1769018291,minmax
1636,30,1769018291,minmax
1637,30,1769018291,minmax
1638,30,1769018291,minmax
1639,30,1769018291,minmax
1640,30,1769018291,minmax
1641,30,1769018291,minmax
1642,30,1769018291,minmax
1643,30,1769018291,minmax
1644,30,1769018291,minmax
1645,30,1769018291,minmax
1646,30,1769018291,minmax
1647,30,1769018291,minmax
1648,30,1769018291,minmax
1649,30,1769018291,minmax
1650,30,1769018291,minmax
1651,30,1769018291,minmax
1652,30,1769018291,minmax
1653,30,1769018291,minmax
1654,30,1769018291,minmax
1655,30,1769018291,minmax
1656,30,1769018291,minmax
1657,30,1769018291,minmax
1658,30,1769018291,minmax
1659,30,1769018291,minmax
1660,30,1769018291,minmax
1661,30,1769018291,minmax
1662,30,1769018291,minmax
1663,30,1769018291,minmax
1664,30,1769018291,minmax
1665,30,1769018291,minmax
1666,30,1769018291,minmax
1667,30,1769018291,minmax
1668,30,1769018291,minmax
1669,30,1769018291,minmax
1670,30,1769018291,minmax
1671,30,1769018291,minmax
1672,30,1769018291,minmax
1673,30,1769018291,minmax
1674,30,1769018291,minmax
1675,30,1769018291,minmax
1676,30,1769018291,minmax
1677,30,1769018291,minmax
1678,30,1769018291,minmax
1679,30,1769018291,minmax
1680,30,1769018291,minmax
1681,30,1769018291,minmax
1682,30,1769018291,minmax
1683,30,1769018291,minmax
1684,30,1769018291,minmax
1685,30,1769018291,minmax
1686,30,1769018291,minmax
1687,30,1769018291,minmax
1688,30,1769018291,minmax
1689,30,1769018291,minmax
1690,30,1769018291,minmax
1691,30,1769018291,minmax
1692,30,1769018291,minmax
1693,30,1769018291,minmax
1694,30,1769018291,minmax
1695,30,1769018291,minmax
1696,30,1769018291,minmax
1697,30,1769018291,minmax
1698,30,1769018291,minmax
1699,30,1769018291,minmax
1700,30,1769018291,minmax
1701,30,1769018291,minmax
1702,30,1769018291,minmax
1703,30,1769018291,minmax
1704,30,1769018291,minmax
1705,30,1769018291,minmax
1706,30,1769018291,minmax
1707,30,1769018291,minmax
1708,30,1769018291,minmax
1709,30,1769018291,minmax
1710,30,1769018291,minmax
1711,30,1769018291,minmax
1712,30,1769018291,minmax
1713,30,1769018291,minmax
1714,30,1769018291,minmax
1715,30,1769018291,minmax
1716,30,1769018291,minmax
1717,30,1769018291,minmax
1718,30,1769018291,minmax
1719,30,1769018291,minmax
1720,30,1769018291,minmax
1721,30,1769018291,minmax
1722,30,1769018291,minmax
1723,30,1769018291,minmax
1724,30,1769018291,minmax
1725,30,1769018291,minmax
1726,30,1769018291,minmax
1727,30,1769018291,minmax
1728,30,1769018291,minmax
1729,30,1769018291,minmax
1730,30,1769018291,minmax
1731,30,1769018291,minmax
1732,30,1769018291,minmax
1733,30,1769018291,minmax
1734,30,1769018291,minmax
1735,30,1769018291,minmax
1736,30,1769018291,minmax
1737,30,1769018291,minmax
1738,30,1769018291,minmax
1739,30,1769018291,minmax
1740,30,1769018291,minmax
1741,30,1769018291,minmax
1742,30,1769018291,minmax
1743,30,1769018291,minmax
1744,30,1769018291,minmax
1745,30,1769018291,minmax
1746,30,1769018291,minmax
1747,30,1769018291,minmax
1748,30,1769018291,minmax
1749,30,1769018291,minmax
1750,30,1769018291,minmax
1751,30,1769018291,minmax
1752,30,1769018291,minmax
1753,30,1769018291,minmax
1754,30,1769018291,minmax
1755,30,1769018291,minmax
1756,30,1769018291,minmax
1757,30,1769018291,minmax
1758,30,1769018291,minmax
1759,30,1769018291,minmax
1760,30,1769018291,minmax
1761,30,1769018291,minmax
1762,30,1769018291,minmax
1763,30,1769018291,minmax
1764,30,1769018291,minmax
1765,30,1769018291,minmax
1766,30,1769018291,minmax
1767,30,1769018291,minmax
1768,30,1769018291,minmax
1769,30,1769018291,minmax
1770,30,1769018291,minmax
1771,30,1769018291,minmax
1772,30,1769018291,minmax
1773,30,1769018291,minmax
1774,30,1769018291,minmax
1775,30,1769018291,minmax
1776,30,1769018291,minmax
1777,30,1769018291,minmax
1778,30,1769018291,minmax
1779,30,1769018291,minmax
1780,30,1769018291,minmax
1781,30,1769018291,minmax
1782,30,1769018291,minmax
1783,30,1769018291,minmax
1784,30,1769018291,minmax
1785,30,1769018291,minmax
1786,30,1769018291,minmax
1787,30,1769018291,minmax
1788,30,1769018291,minmax
1789,30,1769018291,minmax
1790,30,1769018291,minmax
1791,30,1769018291,minmax
1792,30,1769018291,minmax
1793,30,1769018291,minmax
1794,30,1769018291,minmax
1795,30,1769018291,minmax
1796,30,1769018291,minmax
1797,30,1769018291,minmax
1798,30,1769018291,minmax
1799,30,1769018291,minmax
1800,30,1769018291,minmax
1801,30,1769018291,minmax
1802,30,1769018291,minmax
1803,30,1769018291,minmax
1804,30,1769018291,minmax
1805,30,1769018291,minmax
1806,30,1769018291,minmax
1807,30,1769018291,minmax
1808,30,1769018291,minmax
1809,30,1769018291,minmax
1810,30,1769018291,minmax
1811,30,1769018291,minmax
1812,30,1769018291,minmax
1813,30,1769018291,minmax
1814,30,1769018291,minmax
1815,30,1769018291,minmax
1816,30,1769018291,minmax
1817,30,1769018291,minmax
1818,30,1769018291,minmax
1819,30,1769018291,minmax
1820,30,1769018291,minmax
1821,30,1769018291,minmax
1822,30,1769018291,minmax
1823,30,1769018291,minmax
1824,30,1769018291,minmax
1825,30,1769018291,minmax
1826,30,1769018291,minmax
1827,30,1769018291,minmax
1828,30,1769018291,minmax
1829,30,1769018291,minmax
1830,30,1769018291,minmax
1831,30,1769018291,minmax
1832,30,1769018291,minmax
1833,30,1769018291,minmax
1834,30,1769018291,minmax
1835,30,1769018291,minmax
1836,30,1769018291,minmax
1837,30,1769018291,minmax
1838,30,1769018291,minmax
1839,30,1769018291,minmax
1840,30,1769018291,minmax
1841,30,1769018291,minmax
1842,30,1769018291,minmax
1843,30,1769018291,minmax
1844,30,1769018291,minmax
1845,30,1769018291,minmax
1846,30,1769018291,minmax
1847,30,1769018291,minmax
1848,30,1769018291,minmax
1849,30,1769018291,minmax
1850,30,1769018291,minmax
1851,30,1769018291,minmax
1852,30,1769018291,minmax
1853,30,1769018291,minmax
1854,30,1769018291,minmax
1855,30,1769018291,minmax
1856,30,1769018291,minmax
1857,30,1769018291,minmax
1858,30,1769018291,minmax
1859,30,1769018291,minmax
1860,30,1769018291,minmax
1861,30,1769018291,minmax
1862,30,1769018291,minmax
1863,30,1769018291,minmax
1864,30,1769018291,minmax
1865,30,1769018291,minmax
1866,30,1769018291,minmax
1867,30,1769018291,minmax
1868,30,1769018291,minmax
1869,30,1769018291,minmax
1870,30,1769018291,minmax
1871,30,1769018291,minmax
1872,30,1769018291,minmax
1873,30,1769018291,minmax
1874,30,1769018291,minmax
1875,30,1769018291,minmax
1876,30,1769018291,minmax
1877,30,1769018291,minmax
1878,30,1769018291,minmax
1879,30,1769018291,minmax
1880,30,1769018291,minmax
1881,30,1769018291,minmax
1882,30,1769018291,minmax
1883,30,1769018291,minmax
1884,30,1769018291,minmax
1885,30,1769018291,minmax
1886,30,1769018291,minmax
1887,30,1769018291,minmax
1888,30,1769018291,minmax
1889,30,1769018291,minmax
1890,30,1769018291,minmax
1891,30,1769018291,minmax
1892,30,1769018291,minmax
1893,30,1769018291,minmax
1894,30,1769018291,minmax
1895,30,1769018291,minmax
1896,30,1769018291,minmax
1897,30,1769018291,minmax
1898,30,1769018291,minmax
1899,30,1769018291,minmax
1900,30,1769018291,minmax
1901,30,1769018291,minmax
1902,30,1769018291,minmax
1903,30,1769018291,minmax
1904,30,1769018291,minmax
1905,30,1769018291,minmax
1906,30,1769018291,minmax
1907,30,1769018291,minmax
1908,30,1769018291,minmax
1909,30,1769018291,minmax
1910,30,1769018291,minmax
1911,30,1769018291,minmax
1912,30,1769018291,minmax
1913,30,1769018291,minmax
1914,30,1769018291,minmax
1915,30,1769018291,minmax
1916,30,1769018291,minmax
1917,30,1769018291,minmax
1918,30,1769018291,minmax
1919,30,1769018291,minmax
1920,30,1769018291,minmax
1921,30,1769018291,minmax
1922,30,1769018291,minmax
1923,30,1769018291,minmax
1924,30,1769018291,minmax
1925,30,1769018291,minmax
1926,30,1769018291,minmax
1927,30,1769018291,minmax
1928,30,1769018291,minmax
1929,30,1769018291,minmax
1930,30,1769018291,minmax
1931,30,1769018291,minmax
1932,30,1769018291,minmax
1933,30,1769018291,minmax
1934,30,1769018291,minmax
1935,30,1769018291,minmax
1936,30,1769018291,minmax
1937,30,1769018291,minmax
1938,30,1769018291,minmax
1939,30,1769018291,minmax
1940,30,1769018291,minmax
1941,30,1769018291,minmax
1942,30,1769018291,minmax
1943,30,1769018291,minmax
1944,30,1769018291,minmax
1945,30,1769018291,minmax
1946,30,1769018291,minmax
1947,30,1769018291,minmax
1948,30,1769018291,minmax
1949,30,1769018291,minmax
1950,30,1769018291,minmax
1951,30,1769018291,minmax
1952,30,1769018291,minmax
1953,30,1769018291,minmax
1954,30,1769018291,minmax
1955,30,1769018291,minmax
1956,30,1769018291,minmax
1957,30,1769018291,minmax
1958,30,1769018291,minmax
1959,30,1769018291,minmax
1960,30,1769018291,minmax
1961,30,1769018291,minmax
1962,30,1769018291,minmax
1963,30,1769018291,minmax
1964,30,1769018291,minmax
1965,30,1769018291,minmax
1966,30,1769018291,minmax
1967,30,1769018291,minmax
1968,30,1769018291,minmax
1969,30,1769018291,minmax
1970,30,1769018291,minmax
1971,30,1769018291,minmax
1972,30,1769018291,minmax
1973,30,1769018291,minmax
1974,30,1769018291,minmax
1975,30,1769018291,minmax
1976,30,1769018291,minmax
1977,30,1769018291,minmax
1978,30,1769018291,minmax
1979,30,1769018291,minmax
1980,30,1769018291,minmax
1981,30,1769018291,minmax
1982,30,1769018291,minmax
1983,30,1769018291,minmax
1984,30,1769018291,minmax
1985,30,1769018291,minmax
1986,30,1769018291,minmax
1987,30,1769018291,minmax
1988,30,1769018291,minmax
1989,30,1769018291,minmax
1990,30,1769018291,minmax
1991,30,1769018291,minmax
1992,30,1769018291,minmax
1993,30,1769018291,minmax
1994,30,1769018291,minmax
1995,30,1769018291,minmax
1996,30,1769018291,minmax
1997,30,1769018291,minmax
1998,30,1769018291,minmax
1999,30,1769018291,minmax
2000,30,1769018291,minmax
2001,30,1769018291,minmax
1,0,1769018280,minmax
2,0,1769018280,minmax
3,30,1769018280,minmax
4,0,1769018280,minmax
5,30,1769018280,minmax
6,0,1769018280,minmax
7,30,1769018280,minmax
8,30,1769018280,minmax
9,0,1769018280,minmax
10,30,1769018280,minmax
11,30,1769018280,minmax
12,30,1769018280,minmax
13,30,1769018280,minmax
14,30,1769018280,minmax
15,30,1769018280,minmax
16,30,1769018280,minmax
17,0,1769018280,minmax
18,30,1769018280,minmax
19,30,1769018280,minmax
20,0,1769018280,minmax
21,30,1769018280,minmax
22,30,1769018280,minmax
23,30,1769018280,minmax
24,30,1769018280,minmax
25,30,1769018280,minmax
26,30,1769018280,minmax
27,30,1769018280,minmax
28,30,1769018280,minmax
29,30,1769018280,minmax
30,30,1769018280,minmax
31,30,1769018280,minmax
32,30,1769018280,minmax
33,30,1769018280,minmax
34,30,1769018280,minmax
35,30,1769018280,minmax
36,30,1769018280,minmax
37,0,1769018280,minmax
38,30,1769018280,minmax
39,30,1769018280,minmax
40,30,1769018280,minmax
41,30,1769018280,minmax
42,0,1769018280,minmax
43,0,1769018280,minmax
44,30,1769018280,minmax
45,30,1769018280,minmax
46,30,1769018280,minmax
47,30,1769018280,minmax
48,30,1769018280,minmax
49,30,1769018280,minmax
50,0,1769018280,minmax
51,30,1769018280,minmax
52,30,1769018280,minmax
53,30,1769018280,minmax
54,30,1769018280,minmax
55,0,1769018280,minmax
56,30,1769018280,minmax
57,0,1769018280,minmax
58,30,1769018280,minmax
59,30,1769018280,minmax
60,30,1769018280,minmax
61,30,1769018280,minmax
62,30,1769018280,minmax
63,30,1769018280,minmax
64,30,1769018280,minmax
65,30,1769018280,minmax
66,30,1769018280,minmax
67,30,1769018280,minmax
68,30,1769018280,minmax
69,30,1769018280,minmax
70,30,1769018280,minmax
71,30,1769018280,minmax
72,30,1769018280,minmax
73,30,1769018280,minmax
74,0,1769018280,minmax
75,30,1769018280,minmax
76,30,1769018280,minmax
77,30,1769018280,minmax
78,30,1769018280,minmax
79,30,1769018280,minmax
80,30,1769018280,minmax
81,30,1769018280,minmax
82,30,1769018280,minmax
83,30,1769018280,minmax
84,30,1769018280,minmax
85,30,1769018280,minmax
86,30,1769018280,minmax
87,30,1769018280,minmax
88,0,1769018280,minmax
89,30,1769018280,minmax
90,30,1769018280,minmax
91,30,1769018280,minmax
92,30,1769018280,minmax
93,30,1769018280,minmax
94,30,1769018280,minmax
95,30,1769018280,minmax
96,30,1769018280,minmax
97,30,1769018280,minmax
98,30,1769018280,minmax
99,30,1769018280,minmax
100,30,1769018280,minmax
101,30,1769018280,minmax
102,30,1769018280,minmax
103,30,1769018280,minmax
104,30,1769018280,minmax
105,30,1769018280,minmax
106,30,1769018280,minmax
107,30,1769018280,minmax
108,30,1769018280,minmax
109,30,1769018280,minmax
110,30,1769018280,minmax
111,30,1769018280,minmax
112,30,1769018280,minmax
113,30,1769018280,minmax
114,30,1769018280,minmax
115,30,1769018280,minmax
116,30,1769018280,minmax
117,30,1769018280,minmax
118,30,1769018280,minmax
119,0,1769018280,minmax
120,30,1769018280,minmax
121,0,1769018280,minmax
122,0,1769018280,minmax
123,30,1769018280,minmax
124,30,1769018280,minmax
125,30,1769018280,minmax
126,30,1769018280,minmax
127,30,1769018280,minmax
128,30,1769018280,minmax
129,30,1769018280,minmax
130,30,1769018280,minmax
131,30,1769018280,minmax
132,30,1769018280,minmax
133,30,1769018280,minmax
134,30,1769018280,minmax
135,30,1769018280,minmax
136,30,1769018280,minmax
137,30,1769018280,minmax
138,30,1769018280,minmax
139,30,1769018280,minmax
140,30,1769018280,minmax
141,30,1769018280,minmax
142,30,1769018280,minmax
143,30,1769018280,minmax
144,30,1769018280,minmax
145,30,1769018280,minmax
146,30,1769018280,minmax
147,30,1769018280,minmax
148,30,1769018280,minmax
149,30,1769018280,minmax
150,30,1769018280,minmax
151,30,1769018280,minmax
152,30,1769018280,minmax
153,30,1769018280,minmax
154,30,1769018280,minmax
155,30,1769018280,minmax
156,30,1769018280,minmax
157,30,1769018280,minmax
158,30,1769018280,minmax
159,30,1769018280,minmax
160,30,1769018280,minmax
161,30,1769018280,minmax
162,30,1769018280,minmax
163,30,1769018280,minmax
164,30,1769018280,minmax
165,30,1769018280,minmax
166,30,1769018280,minmax
167,0,1769018280,minmax
168,30,1769018280,minmax
169,0,1769018280,minmax
170,30,1769018280,minmax
171,30,1769018280,minmax
172,30,1769018280,minmax
173,30,1769018280,minmax
174,30,1769018280,minmax
175,30,1769018280,minmax
176,30,1769018280,minmax
177,30,1769018280,minmax
178,30,1769018280,minmax
179,30,1769018280,minmax
180,0,1769018280,minmax
181,0,1769018280,minmax
182,30,1769018280,minmax
183,0,1769018280,minmax
184,30,1769018280,minmax
185,30,1769018280,minmax
186,30,1769018280,minmax
187,30,1769018280,minmax
188,30,1769018280,minmax
189,30,1769018280,minmax
190,30,1769018280,minmax
191,30,1769018280,minmax
192,30,1769018280,minmax
193,30,1769018280,minmax
194,30,1769018280,minmax
195,30,1769018280,minmax
196,30,1769018280,minmax
197,30,1769018280,minmax
198,30,1769018280,minmax
199,30,1769018280,minmax
200,30,1769018280,minmax
201,30,1769018280,minmax
202,30,1769018280,minmax
203,30,1769018280,minmax
204,30,1769018280,minmax
205,30,1769018280,minmax
206,0,1769018280,minmax
207,30,1769018280,minmax
208,30,1769018280,minmax
209,30,1769018280,minmax
210,30,1769018280,minmax
211,30,1769018280,minmax
212,30,1769018280,minmax
213,30,1769018280,minmax
214,30,1769018280,minmax
215,30,1769018280,minmax
216,30,1769018280,minmax
217,30,1769018280,minmax
218,30,1769018280,minmax
219,30,1769018280,minmax
220,30,1769018280,minmax
221,30,1769018280,minmax
222,30,1769018280,minmax
223,30,1769018280,minmax
224,30,1769018280,minmax
225,0,1769018280,minmax
226,30,1769018280,minmax
227,0,1769018280,minmax
228,30,1769018280,minmax
229,30,1769018280,minmax
230,30,1769018280,minmax
231,30,1769018280,minmax
232,30,1769018280,minmax
233,30,1769018280,minmax
234,30,1769018280,minmax
235,30,1769018280,minmax
236,30,1769018280,minmax
237,30,1769018280,minmax
238,30,1769018280,minmax
239,30,1769018280,minmax
240,0,1769018280,minmax
241,30,1769018280,minmax
242,30,1769018280,minmax
243,30,1769018280,minmax
244,30,1769018280,minmax
245,30,1769018280,minmax
246,30,1769018280,minmax
247,30,1769018280,minmax
248,30,1769018280,minmax
249,0,1769018280,minmax
250,30,1769018280,minmax
251,30,1769018280,minmax
252,30,1769018280,minmax
253,30,1769018280,minmax
254,30,1769018280,minmax
255,30,1769018280,minmax
256,30,1769018280,minmax
257,30,1769018280,minmax
258,30,1769018280,minmax
259,30,1769018280,minmax
260,30,1769018280,minmax
261,30,1769018280,minmax
262,30,1769018280,minmax
263,0,1769018280,minmax
264,30,1769018280,minmax
265,30,1769018280,minmax
266,30,1769018280,minmax
267,30,1769018280,minmax
268,30,1769018280,minmax
269,30,1769018280,minmax
270,30,1769018280,minmax
271,30,1769018280,minmax
272,30,1769018280,minmax
273,30,1769018280,minmax
274,30,1769018280,minmax
275,30,1769018280,minmax
276,30,1769018280,minmax
277,30,1769018280,minmax
278,30,1769018280,minmax
279,30,1769018280,minmax
280,30,1769018280,minmax
281,30,1769018280,minmax
282,30,1769018280,minmax
283,30,1769018280,minmax
284,30,1769018280,minmax
285,30,1769018280,minmax
286,30,1769018280,minmax
287,30,1769018280,minmax
288,30,1769018280,minmax
289,30,1769018280,minmax
290,30,1769018280,minmax
291,30,1769018280,minmax
292,30,1769018280,minmax
293,30,1769018280,minmax
294,30,1769018280,minmax
295,30,1769018280,minmax
296,30,1769018280,minmax
297,0,1769018280,minmax
298,30,1769018280,minmax
299,30,1769018280,minmax
300,30,1769018280,minmax
301,30,1769018280,minmax
302,30,1769018280,minmax
303,30,1769018280,minmax
304,0,1769018280,minmax
305,0,1769018280,minmax
306,30,1769018280,minmax
307,30,1769018280,minmax
308,30,1769018280,minmax
309,30,1769018280,minmax
310,30,1769018280,minmax
311,30,1769018280,minmax
312,30,1769018280,minmax
313,30,1769018280,minmax
314,30,1769018280,minmax
315,30,1769018280,minmax
316,30,1769018280,minmax
317,30,1769018280,minmax
318,30,1769018280,minmax
319,30,1769018280,minmax
320,30,1769018280,minmax
321,30,1769018280,minmax
322,30,1769018280,minmax
323,30,1769018280,minmax
324,30,1769018280,minmax
325,30,1769018280,minmax
326,30,1769018280,minmax
327,30,1769018280,minmax
328,30,1769018280,minmax
329,30,1769018280,minmax
330,30,1769018280,minmax
331,30,1769018280,minmax
332,30,1769018280,minmax
333,30,1769018280,minmax
334,30,1769018280,minmax
335,30,1769018280,minmax
336,0,1769018280,minmax
337,30,1769018280,minmax
338,30,1769018280,minmax
339,30,1769018280,minmax
340,30,1769018280,minmax
341,30,1769018280,minmax
342,30,1769018280,minmax
343,30,1769018280,minmax
344,30,1769018280,minmax
345,30,1769018280,minmax
346,30,1769018280,minmax
347,30,1769018280,minmax
348,30,1769018280,minmax
349,30,1769018280,minmax
350,30,1769018280,minmax
351,30,1769018280,minmax
352,30,1769018280,minmax
353,30,1769018280,minmax
354,30,1769018280,minmax
355,0,1769018280,minmax
356,30,1769018280,minmax
357,30,1769018280,minmax
358,30,1769018280,minmax
359,30,1769018280,minmax
360,30,1769018280,minmax
361,30,1769018280,minmax
362,0,1769018280,minmax
363,30,1769018280,minmax
364,30,1769018280,minmax
365,30,1769018280,minmax
366,30,1769018280,minmax
367,30,1769018280,minmax
368,30,1769018280,minmax
369,30,1769018280,minmax
370,30,1769018280,minmax
371,30,1769018280,minmax
372,30,1769018280,minmax
373,30,1769018280,minmax
374,30,1769018280,minmax
375,30,1769018280,minmax
376,30,1769018280,minmax
377,30,1769018280,minmax
378,30,1769018280,minmax
379,30,1769018280,minmax
380,0,1769018280,minmax
381,30,1769018280,minmax
382,30,1769018280,minmax
383,30,1769018280,minmax
384,30,1769018280,minmax
385,30,1769018280,minmax
386,30,1769018280,minmax
387,30,1769018280,minmax
388,30,1769018280,minmax
389,30,1769018280,minmax
390,30,1769018280,minmax
391,30,1769018280,minmax
392,30,1769018280,minmax
393,30,1769018280,minmax
394,30,1769018280,minmax
395,30,1769018280,minmax
396,30,1769018280,minmax
397,30,1769018280,minmax
398,30,1769018280,minmax
399,30,1769018280,minmax
400,30,1769018280,minmax
401,30,1769018280,minmax
402,30,1769018280,minmax
403,30,1769018280,minmax
404,30,1769018280,minmax
405,30,1769018280,minmax
406,30,1769018280,minmax
407,30,1769018280,minmax
408,30,1769018280,minmax
409,30,1769018280,minmax
410,30,1769018280,minmax
411,30,1769018280,minmax
412,30,1769018280,minmax
413,0,1769018280,minmax
414,30,1769018280,minmax
415,30,1769018280,minmax
416,30,1769018280,minmax
417,30,1769018280,minmax
418,30,1769018280,minmax
419,30,1769018280,minmax
420,30,1769018280,minmax
421,30,1769018280,minmax
422,30,1769018280,minmax
423,30,1769018280,minmax
424,30,1769018280,minmax
425,30,1769018280,minmax
426,30,1769018280,minmax
427,30,1769018280,minmax
428,30,1769018280,minmax
429,30,1769018280,minmax
430,30,1769018280,minmax
431,30,1769018280,minmax
432,30,1769018280,minmax
433,30,1769018280,minmax
434,30,1769018280,minmax
435,30,1769018280,minmax
436,30,1769018280,minmax
437,0,1769018280,minmax
438,30,1769018280,minmax
439,30,1769018280,minmax
440,30,1769018280,minmax
441,30,1769018280,minmax
442,30,1769018280,minmax
443,30,1769018280,minmax
444,30,1769018280,minmax
445,30,1769018280,minmax
446,30,1769018280,minmax
447,30,1769018280,minmax
448,30,1769018280,minmax
449,30,1769018280,minmax
450,30,1769018280,minmax
451,30,1769018280,minmax
452,30,1769018280,minmax
453,30,1769018280,minmax
454,30,1769018280,minmax
455,30,1769018280,minmax
456,30,1769018280,minmax
457,30,1769018280,minmax
458,30,1769018280,minmax
459,30,1769018280,minmax
460,0,1769018280,minmax
461,30,1769018280,minmax
462,30,1769018280,minmax
463,30,1769018280,minmax
464,30,1769018280,minmax
465,30,1769018280,minmax
466,30,1769018280,minmax
467,30,1769018280,minmax
468,30,1769018280,minmax
469,30,1769018280,minmax
470,30,1769018280,minmax
471,30,1769018280,minmax
472,30,1769018280,minmax
473,30,1769018280,minmax
474,30,1769018280,minmax
475,30,1769018280,minmax
476,30,1769018280,minmax
477,30,1769018280,minmax
478,30,1769018280,minmax
479,30,1769018280,minmax
480,30,1769018280,minmax
481,30,1769018280,minmax
482,30,1769018280,minmax
483,30,1769018280,minmax
484,30,1769018280,minmax
485,30,1769018280,minmax
486,30,1769018280,minmax
487,30,1769018280,minmax
488,30,1769018280,minmax
489,30,1769018280,minmax
490,30,1769018280,minmax
491,30,1769018280,minmax
492,30,1769018280,minmax
493,30,1769018280,minmax
494,30,1769018280,minmax
495,30,1769018280,minmax
496,30,1769018280,minmax
497,30,1769018280,minmax
498,30,1769018280,minmax
499,30,1769018280,minmax
500,30,1769018280,minmax
501,30,1769018280,minmax
502,30,1769018280,minmax
503,30,1769018280,minmax
504,30,1769018280,minmax
505,30,1769018280,minmax
506,30,1769018280,minmax
507,30,1769018280,minmax
508,30,1769018280,minmax
509,30,1769018280,minmax
510,30,1769018280,minmax
511,30,1769018280,minmax
512,30,1769018280,minmax
513,30,1769018280,minmax
514,30,1769018280,minmax
515,30,1769018280,minmax
516,30,1769018280,minmax
517,30,1769018280,minmax
518,30,1769018280,minmax
519,30,1769018280,minmax
520,30,1769018280,minmax
521,30,1769018280,minmax
522,30,1769018280,minmax
523,30,1769018280,minmax
524,30,1769018280,minmax
525,30,1769018280,minmax
526,30,1769018280,minmax
527,30,1769018280,minmax
528,30,1769018280,minmax
529,30,1769018280,minmax
530,30,1769018280,minmax
531,30,1769018280,minmax
532,30,1769018280,minmax
533,30,1769018280,minmax
534,30,1769018280,minmax
535,30,1769018280,minmax
536,0,1769018280,minmax
537,30,1769018280,minmax
538,30,1769018280,minmax
539,30,1769018280,minmax
540,30,1769018280,minmax
541,30,1769018280,minmax
542,30,1769018280,minmax
543,30,1769018280,minmax
544,30,1769018280,minmax
545,30,1769018280,minmax
546,30,1769018280,minmax
547,30,1769018280,minmax
548,30,1769018280,minmax
549,30,1769018280,minmax
550,30,1769018280,minmax
551,30,1769018280,minmax
552,30,1769018280,minmax
553,30,1769018280,minmax
554,30,1769018280,minmax
555,30,1769018280,minmax
556,30,1769018280,minmax
557,30,1769018280,minmax
558,30,1769018280,minmax
559,30,1769018280,minmax
560,30,1769018280,minmax
561,30,1769018280,minmax
562,30,1769018280,minmax
563,30,1769018280,minmax
564,30,1769018280,minmax
565,30,1769018280,minmax
566,30,1769018280,minmax
567,30,1769018280,minmax
568,30,1769018280,minmax
569,30,1769018280,minmax
570,30,1769018280,minmax
571,30,1769018280,minmax
572,30,1769018280,minmax
573,30,1769018280,minmax
574,30,1769018280,minmax
575,30,1769018280,minmax
576,30,1769018280,minmax
577,30,1769018280,minmax
578,30,1769018280,minmax
579,30,1769018280,minmax
580,30,1769018280,minmax
581,30,1769018280,minmax
582,30,1769018280,minmax
583,30,1769018280,minmax
584,30,1769018280,minmax
585,30,1769018280,minmax
586,30,1769018280,minmax
587,30,1769018280,minmax
588,30,1769018280,minmax
589,30,1769018280,minmax
590,30,1769018280,minmax
591,30,1769018280,minmax
592,30,1769018280,minmax
593,30,1769018280,minmax
594,30,1769018280,minmax
595,30,1769018280,minmax
596,30,1769018280,minmax
597,30,1769018280,minmax
598,30,1769018280,minmax
599,30,1769018280,minmax
600,30,1769018280,minmax
601,30,1769018280,minmax
602,30,1769018280,minmax
603,30,1769018280,minmax
604,30,1769018280,minmax
605,30,1769018280,minmax
606,30,1769018280,minmax
607,30,1769018280,minmax
608,30,1769018280,minmax
609,30,1769018280,minmax
610,30,1769018280,minmax
611,30,1769018280,minmax
612,30,1769018280,minmax
613,30,1769018280,minmax
614,30,1769018280,minmax
615,30,1769018280,minmax
616,30,1769018280,minmax
617,30,1769018280,minmax
618,30,1769018280,minmax
619,30,1769018280,minmax
620,30,1769018280,minmax
621,30,1769018280,minmax
622,30,1769018280,minmax
623,30,1769018280,minmax
624,30,1769018280,minmax
625,30,1769018280,minmax
626,30,1769018280,minmax
627,30,1769018280,minmax
628,30,1769018280,minmax
629,30,1769018280,minmax
630,30,1769018280,minmax
631,30,1769018280,minmax
632,30,1769018280,minmax
633,30,1769018280,minmax
634,30,1769018280,minmax
635,30,1769018280,minmax
636,30,1769018280,minmax
637,30,1769018280,minmax
638,30,1769018280,minmax
639,30,1769018280,minmax
640,30,1769018280,minmax
641,30,1769018280,minmax
642,30,1769018280,minmax
643,30,1769018280,minmax
644,30,1769018280,minmax
645,30,1769018280,minmax
646,30,1769018280,minmax
647,30,1769018280,minmax
648,30,1769018280,minmax
649,30,1769018280,minmax
650,30,1769018280,minmax
651,30,1769018280,minmax
652,30,1769018280,minmax
653,30,1769018280,minmax
654,30,1769018280,minmax
655,30,1769018280,minmax
656,30,1769018280,minmax
657,30,1769018280,minmax
658,30,1769018280,minmax
659,30,1769018280,minmax
660,30,1769018280,minmax
661,30,1769018280,minmax
662,30,1769018280,minmax
663,30,1769018280,minmax
664,30,1769018280,minmax
665,30,1769018280,minmax
666,30,1769018280,minmax
667,30,1769018280,minmax
668,30,1769018280,minmax
669,30,1769018280,minmax
670,30,1769018280,minmax
671,30,1769018280,minmax
672,30,1769018280,minmax
673,30,1769018280,minmax
674,30,1769018280,minmax
675,30,1769018280,minmax
676,30,1769018280,minmax
677,30,1769018280,minmax
678,30,1769018280,minmax
679,30,1769018280,minmax
680,30,1769018280,minmax
681,30,1769018280,minmax
682,30,1769018280,minmax
683,30,1769018280,minmax
684,30,1769018280,minmax
685,30,1769018280,minmax
686,30,1769018280,minmax
687,30,1769018280,minmax
688,30,1769018280,minmax
689,30,1769018280,minmax
690,30,1769018280,minmax
691,30,1769018280,minmax
692,30,1769018280,minmax
693,30,1769018280,minmax
694,30,1769018280,minmax
695,30,1769018280,minmax
696,30,1769018280,minmax
697,30,1769018280,minmax
698,30,1769018280,minmax
699,30,1769018280,minmax
700,30,1769018280,minmax
701,30,1769018280,minmax
702,30,1769018280,minmax
703,30,1769018280,minmax
704,30,1769018280,minmax
705,30,1769018280,minmax
706,30,1769018280,minmax
707,30,1769018280,minmax
708,30,1769018280,minmax
709,30,1769018280,minmax
710,30,1769018280,minmax
711,30,1769018280,minmax
712,30,1769018280,minmax
713,30,1769018280,minmax
714,30,1769018280,minmax
715,30,1769018280,minmax
716,30,1769018280,minmax
717,30,1769018280,minmax
718,30,1769018280,minmax
719,30,1769018280,minmax
720,30,1769018280,minmax
721,30,1769018280,minmax
722,30,1769018280,minmax
723,30,1769018280,minmax
724,30,1769018280,minmax
725,30,1769018280,minmax
726,30,1769018280,minmax
727,30,1769018280,minmax
728,30,1769018280,minmax
729,30,1769018280,minmax
730,30,1769018280,minmax
731,30,1769018280,minmax
732,30,1769018280,minmax
733,30,1769018280,minmax
734,30,1769018280,minmax
735,30,1769018280,minmax
736,30,1769018280,minmax
737,30,1769018280,minmax
738,30,1769018280,minmax
739,30,1769018280,minmax
740,30,1769018280,minmax
741,30,1769018280,minmax
742,30,1769018280,minmax
743,30,1769018280,minmax
744,30,1769018280,minmax
745,30,1769018280,minmax
746,30,1769018280,minmax
747,30,1769018280,minmax
748,30,1769018280,minmax
749,30,1769018280,minmax
750,30,1769018280,minmax
751,30,1769018280,minmax
752,30,1769018280,minmax
753,30,1769018280,minmax
754,30,1769018280,minmax
755,30,1769018280,minmax
756,30,1769018280,minmax
757,30,1769018280,minmax
758,30,1769018280,minmax
759,30,1769018280,minmax
760,30,1769018280,minmax
761,30,1769018280,minmax
762,30,1769018280,minmax
763,30,1769018280,minmax
764,30,1769018280,minmax
765,30,1769018280,minmax
766,30,1769018280,minmax
767,30,1769018280,minmax
768,30,1769018280,minmax
769,30,1769018280,minmax
770,30,1769018280,minmax
771,30,1769018280,minmax
772,30,1769018280,minmax
773,30,1769018280,minmax
774,30,1769018280,minmax
775,30,1769018280,minmax
776,30,1769018280,minmax
777,30,1769018280,minmax
778,30,1769018280,minmax
779,30,1769018280,minmax
780,30,1769018280,minmax
781,30,1769018280,minmax
782,30,1769018280,minmax
783,30,1769018280,minmax
784,30,1769018280,minmax
785,30,1769018280,minmax
786,30,1769018280,minmax
787,30,1769018280,minmax
788,30,1769018280,minmax
789,30,1769018280,minmax
790,30,1769018280,minmax
791,30,1769018280,minmax
792,30,1769018280,minmax
793,30,1769018280,minmax
794,30,1769018280,minmax
795,0,1769018280,minmax
796,30,1769018280,minmax
797,30,1769018280,minmax
798,30,1769018280,minmax
799,30,1769018280,minmax
800,30,1769018280,minmax
801,30,1769018280,minmax
802,30,1769018280,minmax
803,30,1769018280,minmax
804,30,1769018280,minmax
805,30,1769018280,minmax
806,30,1769018280,minmax
807,30,1769018280,minmax
808,30,1769018280,minmax
809,30,1769018280,minmax
810,30,1769018280,minmax
811,30,1769018280,minmax
812,30,1769018280,minmax
813,30,1769018280,minmax
814,30,1769018280,minmax
815,30,1769018280,minmax
816,30,1769018280,minmax
817,30,1769018280,minmax
818,30,1769018280,minmax
819,30,1769018280,minmax
820,30,1769018280,minmax
821,30,1769018280,minmax
822,30,1769018280,minmax
823,30,1769018280,minmax
824,30,1769018280,minmax
825,30,1769018280,minmax
826,30,1769018280,minmax
827,30,1769018280,minmax
828,30,1769018280,minmax
829,30,1769018280,minmax
830,30,1769018280,minmax
831,30,1769018280,minmax
832,30,1769018280,minmax
833,30,1769018280,minmax
834,30,1769018280,minmax
835,30,1769018280,minmax
836,30,1769018280,minmax
837,30,1769018280,minmax
838,30,1769018280,minmax
839,30,1769018280,minmax
840,30,1769018280,minmax
841,30,1769018280,minmax
842,30,1769018280,minmax
843,30,1769018280,minmax
844,30,1769018280,minmax
845,30,1769018280,minmax
846,30,1769018280,minmax
847,30,1769018280,minmax
848,30,1769018280,minmax
849,30,1769018280,minmax
850,30,1769018280,minmax
851,30,1769018280,minmax
852,30,1769018280,minmax
853,30,1769018280,minmax
854,30,1769018280,minmax
855,30,1769018280,minmax
856,30,1769018280,minmax
857,30,1769018280,minmax
858,30,1769018280,minmax
859,30,1769018280,minmax
860,30,1769018280,minmax
861,30,1769018280,minmax
862,30,1769018280,minmax
863,30,1769018280,minmax
864,30,1769018280,minmax
865,30,1769018280,minmax
866,30,1769018280,minmax
867,30,1769018280,minmax
868,30,1769018280,minmax
869,30,1769018280,minmax
870,30,1769018280,minmax
871,30,1769018280,minmax
872,30,1769018280,minmax
873,30,1769018280,minmax
874,30,1769018280,minmax
875,30,1769018280,minmax
876,30,1769018280,minmax
877,30,1769018280,minmax
878,30,1769018280,minmax
879,30,1769018280,minmax
880,30,1769018280,minmax
881,30,1769018280,minmax
882,30,1769018280,minmax
883,30,1769018280,minmax
884,30,1769018280,minmax
885,30,1769018280,minmax
886,30,1769018280,minmax
887,30,1769018280,minmax
888,30,1769018280,minmax
889,30,1769018280,minmax
890,30,1769018280,minmax
891,30,1769018280,minmax
892,30,1769018280,minmax
893,30,1769018280,minmax
894,30,1769018280,minmax
895,30,1769018280,minmax
896,30,1769018280,minmax
897,30,1769018280,minmax
898,30,1769018280,minmax
899,30,1769018280,minmax
900,30,1769018280,minmax
901,30,1769018280,minmax
902,30,1769018280,minmax
903,30,1769018280,minmax
904,30,1769018280,minmax
905,30,1769018280,minmax
906,30,1769018280,minmax
907,30,1769018280,minmax
908,30,1769018280,minmax
909,30,1769018280,minmax
910,30,1769018280,minmax
911,30,1769018280,minmax
912,30,1769018280,minmax
913,30,1769018280,minmax
914,30,1769018280,minmax
915,30,1769018280,minmax
916,30,1769018280,minmax
917,30,1769018280,minmax
918,30,1769018280,minmax
919,30,1769018280,minmax
920,30,1769018280,minmax
921,30,1769018280,minmax
922,30,1769018280,minmax
923,30,1769018280,minmax
924,30,1769018280,minmax
925,30,1769018280,minmax
926,30,1769018280,minmax
927,30,1769018280,minmax
928,30,1769018280,minmax
929,30,1769018280,minmax
930,30,1769018280,minmax
931,30,1769018280,minmax
932,30,1769018280,minmax
933,30,1769018280,minmax
934,30,1769018280,minmax
935,30,1769018280,minmax
936,30,1769018280,minmax
937,30,1769018280,minmax
938,30,1769018280,minmax
939,30,1769018280,minmax
940,30,1769018280,minmax
941,30,1769018280,minmax
942,30,1769018280,minmax
943,30,1769018280,minmax
944,30,1769018280,minmax
945,30,1769018280,minmax
946,30,1769018280,minmax
947,30,1769018280,minmax
948,30,1769018280,minmax
949,30,1769018280,minmax
950,30,1769018280,minmax
951,30,1769018280,minmax
952,30,1769018280,minmax
953,30,1769018280,minmax
954,30,1769018280,minmax
955,30,1769018280,minmax
956,30,1769018280,minmax
957,30,1769018280,minmax
958,30,1769018280,minmax
959,30,1769018280,minmax
960,30,1769018280,minmax
961,30,1769018280,minmax
962,30,1769018280,minmax
963,30,1769018280,minmax
964,30,1769018280,minmax
965,30,1769018280,minmax
966,30,1769018280,minmax
967,30,1769018280,minmax
968,30,1769018280,minmax
969,30,1769018280,minmax
970,30,1769018280,minmax
971,30,1769018280,minmax
972,30,1769018280,minmax
973,30,1769018280,minmax
974,30,1769018280,minmax
975,30,1769018280,minmax
976,30,1769018280,minmax
977,30,1769018280,minmax
978,30,1769018280,minmax
979,30,1769018280,minmax
980,30,1769018280,minmax
981,30,1769018280,minmax
982,30,1769018280,minmax
983,30,1769018280,minmax
984,30,1769018280,minmax
985,30,1769018280,minmax
986,30,1769018280,minmax
987,30,1769018280,minmax
988,30,1769018280,minmax
989,30,1769018280,minmax
990,30,1769018280,minmax
991,30,1769018280,minmax
992,30,1769018280,minmax
993,30,1769018280,minmax
994,30,1769018280,minmax
995,30,1769018280,minmax
996,30,1769018280,minmax
997,30,1769018280,minmax
998,30,1769018280,minmax
999,30,1769018280,minmax
1000,30,1769018280,minmax
1001,30,1769018280,minmax
1002,30,1769018280,minmax
1003,30,1769018280,minmax
1004,30,1769018280,minmax
1005,30,1769018280,minmax
1006,30,1769018280,minmax
1007,30,1769018280,minmax
1008,30,1769018280,minmax
1009,30,1769018280,minmax
1010,30,1769018280,minmax
1011,30,1769018280,minmax
1012,30,1769018280,minmax
1013,30,1769018280,minmax
1014,30,1769018280,minmax
1015,30,1769018280,minmax
1016,30,1769018280,minmax
1017,30,1769018280,minmax
1018,30,1769018280,minmax
1019,30,1769018280,minmax
1020,30,1769018280,minmax
1021,30,1769018280,minmax
1022,30,1769018280,minmax
1023,30,1769018280,minmax
1024,30,1769018280,minmax
1025,30,1769018280,minmax
1026,30,1769018280,minmax
1027,30,1769018280,minmax
1028,30,1769018280,minmax
1029,30,1769018280,minmax
1030,30,1769018280,minmax
1031,30,1769018280,minmax
1032,30,1769018280,minmax
1033,30,1769018280,minmax
1034,30,1769018280,minmax
1035,30,1769018280,minmax
1036,30,1769018280,minmax
1037,30,1769018280,minmax
1038,30,1769018280,minmax
1039,30,1769018280,minmax
1040,30,1769018280,minmax
1041,30,1769018280,minmax
1042,30,1769018280,minmax
1043,30,1769018280,minmax
1044,30,1769018280,minmax
1045,30,1769018280,minmax
1046,30,1769018280,minmax
1047,30,1769018280,minmax
1048,30,1769018280,minmax
1049,30,1769018280,minmax
1050,30,1769018280,minmax
1051,30,1769018280,minmax
1052,30,1769018280,minmax
1053,30,1769018280,minmax
1054,30,1769018280,minmax
1055,30,1769018280,minmax
1056,30,1769018280,minmax
1057,30,1769018280,minmax
1058,30,1769018280,minmax
1059,30,1769018280,minmax
1060,30,1769018280,minmax
1061,30,1769018280,minmax
1062,30,1769018280,minmax
1063,30,1769018280,minmax
1064,30,1769018280,minmax
1065,30,1769018280,minmax
1066,30,1769018280,minmax
1067,30,1769018280,minmax
1068,30,1769018280,minmax
1069,30,1769018280,minmax
1070,30,1769018280,minmax
1071,30,1769018280,minmax
1072,30,1769018280,minmax
1073,30,1769018280,minmax
1074,30,1769018280,minmax
1075,30,1769018280,minmax
1076,30,1769018280,minmax
1077,30,1769018280,minmax
1078,30,1769018280,minmax
1079,30,1769018280,minmax
1080,30,1769018280,minmax
1081,30,1769018280,minmax
1082,30,1769018280,minmax
1083,30,1769018280,minmax
1084,30,1769018280,minmax
1085,30,1769018280,minmax
1086,30,1769018280,minmax
1087,30,1769018280,minmax
1088,30,1769018280,minmax
1089,30,1769018280,minmax
1090,30,1769018280,minmax
1091,30,1769018280,minmax
1092,30,1769018280,minmax
1093,30,1769018280,minmax
1094,30,1769018280,minmax
1095,30,1769018280,minmax
1096,30,1769018280,minmax
1097,30,1769018280,minmax
1098,30,1769018280,minmax
1099,30,1769018280,minmax
1100,0,1769018280,minmax
1101,30,1769018280,minmax
1102,30,1769018280,minmax
1103,30,1769018280,minmax
1104,30,1769018280,minmax
1105,30,1769018280,minmax
1106,30,1769018280,minmax
1107,30,1769018280,minmax
1108,30,1769018280,minmax
1109,30,1769018280,minmax
1110,30,1769018280,minmax
1111,30,1769018280,minmax
1112,30,1769018280,minmax
1113,30,1769018280,minmax
1114,30,1769018280,minmax
1115,30,1769018280,minmax
1116,30,1769018280,minmax
1117,30,1769018280,minmax
1118,30,1769018280,minmax
1119,30,1769018280,minmax
1120,30,1769018280,minmax
1121,30,1769018280,minmax
1122,30,1769018280,minmax
1123,30,1769018280,minmax
1124,30,1769018280,minmax
1125,30,1769018280,minmax
1126,30,1769018280,minmax
1127,30,1769018280,minmax
1128,30,1769018280,minmax
1129,30,1769018280,minmax
1130,30,1769018280,minmax
1131,30,1769018280,minmax
1132,30,1769018280,minmax
1133,30,1769018280,minmax
1134,30,1769018280,minmax
1135,30,1769018280,minmax
1136,30,1769018280,minmax
1137,30,1769018280,minmax
1138,30,1769018280,minmax
1139,30,1769018280,minmax
1140,30,1769018280,minmax
1141,30,1769018280,minmax
1142,30,1769018280,minmax
1143,30,1769018280,minmax
1144,30,1769018280,minmax
1145,30,1769018280,minmax
1146,30,1769018280,minmax
1147,30,1769018280,minmax
1148,30,1769018280,minmax
1149,30,1769018280,minmax
1150,30,1769018280,minmax
1151,30,1769018280,minmax
1152,30,1769018280,minmax
1153,30,1769018280,minmax
1154,30,1769018280,minmax
1155,30,1769018280,minmax
1156,30,1769018280,minmax
1157,30,1769018280,minmax
1158,30,1769018280,minmax
1159,30,1769018280,minmax
1160,30,1769018280,minmax
1161,30,1769018280,minmax
1162,30,1769018280,minmax
1163,30,1769018280,minmax
1164,30,1769018280,minmax
1165,30,1769018280,minmax
1166,30,1769018280,minmax
1167,30,1769018280,minmax
1168,30,1769018280,minmax
1169,30,1769018280,minmax
1170,30,1769018280,minmax
1171,30,1769018280,minmax
1172,30,1769018280,minmax
1173,30,1769018280,minmax
1174,30,1769018280,minmax
1175,30,1769018280,minmax
1176,30,1769018280,minmax
1177,30,1769018280,minmax
1178,30,1769018280,minmax
1179,30,1769018280,minmax
1180,30,1769018280,minmax
1181,30,1769018280,minmax
1182,30,1769018280,minmax
1183,30,1769018280,minmax
1184,30,1769018280,minmax
1185,30,1769018280,minmax
1186,30,1769018280,minmax
1187,30,1769018280,minmax
1188,30,1769018280,minmax
1189,30,1769018280,minmax
1190,30,1769018280,minmax
1191,30,1769018280,minmax
1192,30,1769018280,minmax
1193,30,1769018280,minmax
1194,30,1769018280,minmax
1195,30,1769018280,minmax
1196,30,1769018280,minmax
1197,30,1769018280,minmax
1198,30,1769018280,minmax
1199,30,1769018280,minmax
1200,30,1769018280,minmax
1201,30,1769018280,minmax
1202,30,1769018280,minmax
1203,30,1769018280,minmax
1204,30,1769018280,minmax
1205,30,1769018280,minmax
1206,30,1769018280,minmax
1207,30,1769018280,minmax
1208,30,1769018280,minmax
1209,30,1769018280,minmax
1210,30,1769018280,minmax
1211,30,1769018280,minmax
1212,30,1769018280,minmax
1213,30,1769018280,minmax
1214,30,1769018280,minmax
1215,30,1769018280,minmax
1216,30,1769018280,minmax
1217,30,1769018280,minmax
1218,30,1769018280,minmax
1219,30,1769018280,minmax
1220,30,1769018280,minmax
1221,30,1769018280,minmax
1222,30,1769018280,minmax
1223,30,1769018280,minmax
1224,30,1769018280,minmax
1225,30,1769018280,minmax
1226,30,1769018280,minmax
1227,30,1769018280,minmax
1228,30,1769018280,minmax
1229,30,1769018280,minmax
1230,30,1769018280,minmax
1231,30,1769018280,minmax
1232,30,1769018280,minmax
1233,30,1769018280,minmax
1234,30,1769018280,minmax
1235,30,1769018280,minmax
1236,30,1769018280,minmax
1237,30,1769018280,minmax
1238,30,1769018280,minmax
1239,30,1769018280,minmax
1240,30,1769018280,minmax
1241,30,1769018280,minmax
1242,30,1769018280,minmax
1243,30,1769018280,minmax
1244,30,1769018280,minmax
1245,30,1769018280,minmax
1246,30,1769018280,minmax
1247,30,1769018280,minmax
1248,30,1769018280,minmax
1249,30,1769018280,minmax
1250,30,1769018280,minmax
1251,30,1769018280,minmax
1252,30,1769018280,minmax
1253,30,1769018280,minmax
1254,30,1769018280,minmax
1255,30,1769018280,minmax
1256,30,1769018280,minmax
1257,30,1769018280,minmax
1258,30,1769018280,minmax
1259,30,1769018280,minmax
1260,30,1769018280,minmax
1261,30,1769018280,minmax
1262,30,1769018280,minmax
1263,30,1769018280,minmax
1264,30,1769018280,minmax
1265,30,1769018280,minmax
1266,30,1769018280,minmax
1267,30,1769018280,minmax
1268,30,1769018280,minmax
1269,30,1769018280,minmax
1270,30,1769018280,minmax
1271,30,1769018280,minmax
1272,30,1769018280,minmax
1273,30,1769018280,minmax
1274,30,1769018280,minmax
1275,30,1769018280,minmax
1276,30,1769018280,minmax
1277,30,1769018280,minmax
1278,30,1769018280,minmax
1279,30,1769018280,minmax
1280,30,1769018280,minmax
1281,30,1769018280,minmax
1282,30,1769018280,minmax
1283,30,1769018280,minmax
1284,30,1769018280,minmax
1285,30,1769018280,minmax
1286,30,1769018280,minmax
1287,30,1769018280,minmax
1288,30,1769018280,minmax
1289,30,1769018280,minmax
1290,30,1769018280,minmax
1291,30,1769018280,minmax
1292,30,1769018280,minmax
1293,30,1769018280,minmax
1294,30,1769018280,minmax
1295,30,1769018280,minmax
1296,30,1769018280,minmax
1297,30,1769018280,minmax
1298,30,1769018280,minmax
1299,30,1769018280,minmax
1300,30,1769018280,minmax
1301,30,1769018280,minmax
1302,30,1769018280,minmax
1303,30,1769018280,minmax
1304,30,1769018280,minmax
1305,30,1769018280,minmax
1306,30,1769018280,minmax
1307,30,1769018280,minmax
1308,30,1769018280,minmax
1309,30,1769018280,minmax
1310,30,1769018280,minmax
1311,30,1769018280,minmax
1312,30,1769018280,minmax
1313,30,1769018280,minmax
1314,30,1769018280,minmax
1315,30,1769018280,minmax
1316,30,1769018280,minmax
1317,30,1769018280,minmax
1318,30,1769018280,minmax
1319,30,1769018280,minmax
1320,30,1769018280,minmax
1321,30,1769018280,minmax
1322,30,1769018280,minmax
1323,30,1769018280,minmax
1324,30,1769018280,minmax
1325,30,1769018280,minmax
1326,30,1769018280,minmax
1327,30,1769018280,minmax
1328,30,1769018280,minmax
1329,30,1769018280,minmax
1330,30,1769018280,minmax
1331,30,1769018280,minmax
1332,30,1769018280,minmax
1333,30,1769018280,minmax
1334,30,1769018280,minmax
1335,30,1769018280,minmax
1336,30,1769018280,minmax
1337,30,1769018280,minmax
1338,30,1769018280,minmax
1339,30,1769018280,minmax
1340,30,1769018280,minmax
1341,30,1769018280,minmax
1342,30,1769018280,minmax
1343,30,1769018280,minmax
1344,30,1769018280,minmax
1345,30,1769018280,minmax
1346,30,1769018280,minmax
1347,30,1769018280,minmax
1348,30,1769018280,minmax
1349,30,1769018280,minmax
1350,30,1769018280,minmax
1351,30,1769018280,minmax
1352,30,1769018280,minmax
1353,30,1769018280,minmax
1354,30,1769018280,minmax
1355,30,1769018280,minmax
1356,30,1769018280,minmax
1357,30,1769018280,minmax
1358,30,1769018280,minmax
1359,30,1769018280,minmax
1360,30,1769018280,minmax
1361,30,1769018280,minmax
1362,30,1769018280,minmax
1363,30,1769018280,minmax
1364,30,1769018280,minmax
1365,30,1769018280,minmax
1366,30,1769018280,minmax
1367,30,1769018280,minmax
1368,30,1769018280,minmax
1369,30,1769018280,minmax
1370,30,1769018280,minmax
1371,30,1769018280,minmax
1372,30,1769018280,minmax
1373,30,1769018280,minmax
1374,30,1769018280,minmax
1375,30,1769018280,minmax
1376,30,1769018280,minmax
1377,30,1769018280,minmax
1378,30,1769018280,minmax
1379,30,1769018280,minmax
1380,30,1769018280,minmax
1381,30,1769018280,minmax
1382,30,1769018280,minmax
1383,30,1769018280,minmax
1384,30,1769018280,minmax
1385,30,1769018280,minmax
1386,30,1769018280,minmax
1387,30,1769018280,minmax
1388,30,1769018280,minmax
1389,30,1769018280,minmax
1390,30,1769018280,minmax
1391,30,1769018280,minmax
1392,30,1769018280,minmax
1393,30,1769018280,minmax
1394,30,1769018280,minmax
1395,30,1769018280,minmax
1396,30,1769018280,minmax
1397,30,1769018280,minmax
1398,30,1769018280,minmax
1399,30,1769018280,minmax
1400,30,1769018280,minmax
1401,30,1769018280,minmax
1402,30,1769018280,minmax
1403,0,1769018280,minmax
1404,30,1769018280,minmax
1405,30,1769018280,minmax
1406,30,1769018280,minmax
1407,30,1769018280,minmax
1408,30,1769018280,minmax
1409,30,1769018280,minmax
1410,30,1769018280,minmax
1411,30,1769018280,minmax
1412,30,1769018280,minmax
1413,30,1769018280,minmax
1414,30,1769018280,minmax
1415,30,1769018280,minmax
1416,30,1769018280,minmax
1417,30,1769018280,minmax
1418,30,1769018280,minmax
1419,30,1769018280,minmax
1420,30,1769018280,minmax
1421,30,1769018280,minmax
1422,30,1769018280,minmax
1423,30,1769018280,minmax
1424,30,1769018280,minmax
1425,30,1769018280,minmax
1426,30,1769018280,minmax
1427,30,1769018280,minmax
1428,30,1769018280,minmax
1429,30,1769018280,minmax
1430,30,1769018280,minmax
1431,30,1769018280,minmax
1432,30,1769018280,minmax
1433,30,1769018280,minmax
1434,30,1769018280,minmax
1435,30,1769018280,minmax
1436,30,1769018280,minmax
1437,30,1769018280,minmax
1438,30,1769018280,minmax
1439,30,1769018280,minmax
1440,30,1769018280,minmax
1441,30,1769018280,minmax
1442,30,1769018280,minmax
1443,30,1769018280,minmax
1444,30,1769018280,minmax
1445,30,1769018280,minmax
1446,30,1769018280,minmax
1447,30,1769018280,minmax
1448,30,1769018280,minmax
1449,30,1769018280,minmax
1450,30,1769018280,minmax
1451,30,1769018280,minmax
1452,30,1769018280,minmax
1453,30,1769018280,minmax
1454,30,1769018280,minmax
1455,30,1769018280,minmax
1456,30,1769018280,minmax
1457,30,1769018280,minmax
1458,30,1769018280,minmax
1459,30,1769018280,minmax
1460,30,1769018280,minmax
1461,30,1769018280,minmax
1462,30,1769018280,minmax
1463,30,1769018280,minmax
1464,30,1769018280,minmax
1465,30,1769018280,minmax
1466,30,1769018280,minmax
1467,30,1769018280,minmax
1468,30,1769018280,minmax
1469,30,1769018280,minmax
1470,30,1769018280,minmax
1471,30,1769018280,minmax
1472,30,1769018280,minmax
1473,30,1769018280,minmax
1474,30,1769018280,minmax
1475,30,1769018280,minmax
1476,30,1769018280,minmax
1477,30,1769018280,minmax
1478,30,1769018280,minmax
1479,30,1769018280,minmax
1480,30,1769018280,minmax
1481,30,1769018280,minmax
1482,30,1769018280,minmax
1483,30,1769018280,minmax
1484,30,1769018280,minmax
1485,30,1769018280,minmax
1486,30,1769018280,minmax
1487,30,1769018280,minmax
1488,30,1769018280,minmax
1489,30,1769018280,minmax
1490,30,1769018280,minmax
1491,30,1769018280,minmax
1492,30,1769018280,minmax
1493,30,1769018280,minmax
1494,30,1769018280,minmax
1495,30,1769018280,minmax
1496,30,1769018280,minmax
1497,30,1769018280,minmax
1498,30,1769018280,minmax
1499,30,1769018280,minmax
1500,30,1769018280,minmax
1501,30,1769018280,minmax
1502,30,1769018280,minmax
1503,30,1769018280,minmax
1504,30,1769018280,minmax
1505,30,1769018280,minmax
1506,30,1769018280,minmax
1507,30,1769018280,minmax
1508,30,1769018280,minmax
1509,30,1769018280,minmax
1510,30,1769018280,minmax
1511,30,1769018280,minmax
1512,30,1769018280,minmax
1513,30,1769018280,minmax
1514,30,1769018280,minmax
1515,30,1769018280,minmax
1516,30,1769018280,minmax
1517,30,1769018280,minmax
1518,30,1769018280,minmax
1519,30,1769018280,minmax
1520,30,1769018280,minmax
1521,30,1769018280,minmax
1522,30,1769018280,minmax
1523,30,1769018280,minmax
1524,30,1769018280,minmax
1525,30,1769018280,minmax
1526,30,1769018280,minmax
1527,30,1769018280,minmax
1528,30,1769018280,minmax
1529,30,1769018280,minmax
1530,30,1769018280,minmax
1531,30,1769018280,minmax
1532,30,1769018280,minmax
1533,30,1769018280,minmax
1534,30,1769018280,minmax
1535,30,1769018280,minmax
1536,30,1769018280,minmax
1537,30,1769018280,minmax
1538,30,1769018280,minmax
1539,30,1769018280,minmax
1540,30,1769018280,minmax
1541,30,1769018280,minmax
1542,30,1769018280,minmax
1543,30,1769018280,minmax
1544,30,1769018280,minmax
1545,30,1769018280,minmax
1546,30,1769018280,minmax
1547,30,1769018280,minmax
1548,30,1769018280,minmax
1549,30,1769018280,minmax
1550,30,1769018280,minmax
1551,30,1769018280,minmax
1552,30,1769018280,minmax
1553,30,1769018280,minmax
1554,30,1769018280,minmax
1555,30,1769018280,minmax
1556,30,1769018280,minmax
1557,30,1769018280,minmax
1558,30,1769018280,minmax
1559,30,1769018280,minmax
1560,30,1769018280,minmax
1561,30,1769018280,minmax
1562,30,1769018280,minmax
1563,30,1769018280,minmax
1564,30,1769018280,minmax
1565,30,1769018280,minmax
1566,30,1769018280,minmax
1567,30,1769018280,minmax
1568,30,1769018280,minmax
1569,30,1769018280,minmax
1570,30,1769018280,minmax
1571,30,1769018280,minmax
1572,30,1769018280,minmax
1573,30,1769018280,minmax
1574,30,1769018280,minmax
1575,30,1769018280,minmax
1576,30,1769018280,minmax
1577,30,1769018280,minmax
1578,30,1769018280,minmax
1579,30,1769018280,minmax
1580,30,1769018280,minmax
1581,30,1769018280,minmax
1582,30,1769018280,minmax
1583,30,1769018280,minmax
1584,30,1769018280,minmax
1585,30,1769018280,minmax
1586,30,1769018280,minmax
1587,30,1769018280,minmax
1588,30,1769018280,minmax
1589,30,1769018280,minmax
1590,30,1769018280,minmax
1591,30,1769018280,minmax
1592,30,1769018280,minmax
1593,30,1769018280,minmax
1594,30,1769018280,minmax
1595,30,1769018280,minmax
1596,30,1769018280,minmax
1597,30,1769018280,minmax
1598,30,1769018280,minmax
1599,30,1769018280,minmax
1600,30,1769018280,minmax
1601,30,1769018280,minmax
1602,30,1769018280,minmax
1603,30,1769018280,minmax
1604,30,1769018280,minmax
1605,30,1769018280,minmax
1606,30,1769018280,minmax
1607,30,1769018280,minmax
1608,30,1769018280,minmax
1609,30,1769018280,minmax
1610,30,1769018280,minmax
1611,30,1769018280,minmax
1612,30,1769018280,minmax
1613,30,1769018280,minmax
1614,30,1769018280,minmax
1615,30,1769018280,minmax
1616,30,1769018280,minmax
1617,30,1769018280,minmax
1618,30,1769018280,minmax
1619,30,1769018280,minmax
1620,30,1769018280,minmax
1621,30,1769018280,minmax
1622,30,1769018280,minmax
1623,30,1769018280,minmax
1624,30,1769018280,minmax
1625,30,1769018280,minmax
1626,30,1769018280,minmax
1627,30,1769018280,minmax
1628,30,1769018280,minmax
1629,30,1769018280,minmax
1630,30,1769018280,minmax
1631,30,1769018280,minmax
1632,30,1769018280,minmax
1633,30,1769018280,minmax
1634,30,1769018280,minmax
1635,30,1769018280,minmax
1636,30,1769018280,minmax
1637,30,1769018280,minmax
1638,30,1769018280,minmax
1639,30,1769018280,minmax
1640,30,1769018280,minmax
1641,30,1769018280,minmax
1642,30,1769018280,minmax
1643,30,1769018280,minmax
1644,30,1769018280,minmax
1645,30,1769018280,minmax
1646,30,1769018280,minmax
1647,30,1769018280,minmax
1648,30,1769018280,minmax
1649,30,1769018280,minmax
1650,30,1769018280,minmax
1651,30,1769018280,minmax
1652,30,1769018280,minmax
1653,30,1769018280,minmax
1654,30,1769018280,minmax
1655,30,1769018280,minmax
1656,30,1769018280,minmax
1657,30,1769018280,minmax
1658,30,1769018280,minmax
1659,30,1769018280,minmax
1660,30,1769018280,minmax
1661,30,1769018280,minmax
1662,30,1769018280,minmax
1663,30,1769018280,minmax
1664,30,1769018280,minmax
1665,30,1769018280,minmax
1666,30,1769018280,minmax
1667,30,1769018280,minmax
1668,30,1769018280,minmax
1669,30,1769018280,minmax
1670,30,1769018280,minmax
1671,30,1769018280,minmax
1672,30,1769018280,minmax
1673,30,1769018280,minmax
1674,30,1769018280,minmax
1675,30,1769018280,minmax
1676,30,1769018280,minmax
1677,30,1769018280,minmax
1678,30,1769018280,minmax
1679,30,1769018280,minmax
1680,30,1769018280,minmax
1681,30,1769018280,minmax
1682,30,1769018280,minmax
1683,30,1769018280,minmax
1684,30,1769018280,minmax
1685,30,1769018280,minmax
1686,30,1769018280,minmax
1687,30,1769018280,minmax
1688,30,1769018280,minmax
1689,30,1769018280,minmax
1690,30,1769018280,minmax
1691,30,1769018280,minmax
1692,30,1769018280,minmax
1693,30,1769018280,minmax
1694,30,1769018280,minmax
1695,30,1769018280,minmax
1696,30,1769018280,minmax
1697,30,1769018280,minmax
1698,30,1769018280,minmax
1699,30,1769018280,minmax
1700,30,1769018280,minmax
1701,30,1769018280,minmax
1702,30,1769018280,minmax
1703,30,1769018280,minmax
1704,30,1769018280,minmax
1705,30,1769018280,minmax
1706,30,1769018280,minmax
1707,30,1769018280,minmax
1708,30,1769018280,minmax
1709,30,1769018280,minmax
1710,30,1769018280,minmax
1711,30,1769018280,minmax
1712,30,1769018280,minmax
1713,30,1769018280,minmax
1714,30,1769018280,minmax
1715,30,1769018280,minmax
1716,30,1769018280,minmax
1717,30,1769018280,minmax
1718,30,1769018280,minmax
1719,30,1769018280,minmax
1720,30,1769018280,minmax
1721,30,1769018280,minmax
1722,30,1769018280,minmax
1723,30,1769018280,minmax
1724,30,1769018280,minmax
1725,30,1769018280,minmax
1726,30,1769018280,minmax
1727,30,1769018280,minmax
1728,0,1769018280,minmax
1729,30,1769018280,minmax
1730,30,1769018280,minmax
1731,30,1769018280,minmax
1732,30,1769018280,minmax
1733,30,1769018280,minmax
1734,30,1769018280,minmax
1735,30,1769018280,minmax
1736,30,1769018280,minmax
1737,30,1769018280,minmax
1738,30,1769018280,minmax
1739,30,1769018280,minmax
1740,30,1769018280,minmax
1741,30,1769018280,minmax
1742,30,1769018280,minmax
1743,30,1769018280,minmax
1744,30,1769018280,minmax
1745,30,1769018280,minmax
1746,30,1769018280,minmax
1747,30,1769018280,minmax
1748,30,1769018280,minmax
1749,30,1769018280,minmax
1750,30,1769018280,minmax
1751,30,1769018280,minmax
1752,30,1769018280,minmax
1753,30,1769018280,minmax
1754,30,1769018280,minmax
1755,30,1769018280,minmax
1756,30,1769018280,minmax
1757,30,1769018280,minmax
1758,30,1769018280,minmax
1759,30,1769018280,minmax
1760,30,1769018280,minmax
1761,30,1769018280,minmax
1762,30,1769018280,minmax
1763,30,1769018280,minmax
1764,30,1769018280,minmax
1765,30,1769018280,minmax
1766,30,1769018280,minmax
1767,30,1769018280,minmax
1768,30,1769018280,minmax
1769,30,1769018280,minmax
1770,30,1769018280,minmax
1771,30,1769018280,minmax
1772,30,1769018280,minmax
1773,30,1769018280,minmax
1774,30,1769018280,minmax
1775,30,1769018280,minmax
1776,30,1769018280,minmax
1777,30,1769018280,minmax
1778,30,1769018280,minmax
1779,30,1769018280,minmax
1780,30,1769018280,minmax
1781,30,1769018280,minmax
1782,30,1769018280,minmax
1783,30,1769018280,minmax
1784,30,1769018280,minmax
1785,30,1769018280,minmax
1786,30,1769018280,minmax
1787,30,1769018280,minmax
1788,30,1769018280,minmax
1789,30,1769018280,minmax
1790,30,1769018280,minmax
1791,30,1769018280,minmax
1792,30,1769018280,minmax
1793,30,1769018280,minmax
1794,30,1769018280,minmax
1795,30,1769018280,minmax
1796,30,1769018280,minmax
1797,30,1769018280,minmax
1798,30,1769018280,minmax
1799,30,1769018280,minmax
1800,30,1769018280,minmax
1801,30,1769018280,minmax
1802,30,1769018280,minmax
1803,30,1769018280,minmax
1804,30,1769018280,minmax
1805,30,1769018280,minmax
1806,30,1769018280,minmax
1807,30,1769018280,minmax
1808,30,1769018280,minmax
1809,30,1769018280,minmax
1810,30,1769018280,minmax
1811,30,1769018280,minmax
1812,30,1769018280,minmax
1813,30,1769018280,minmax
1814,30,1769018280,minmax
1815,30,1769018280,minmax
1816,30,1769018280,minmax
1817,30,1769018280,minmax
1818,30,1769018280,minmax
1819,30,1769018280,minmax
1820,30,1769018280,minmax
1821,30,1769018280,minmax
1822,30,1769018280,minmax
1823,30,1769018280,minmax
1824,30,1769018280,minmax
1825,30,1769018280,minmax
1826,30,1769018280,minmax
1827,30,1769018280,minmax
1828,30,1769018280,minmax
1829,30,1769018280,minmax
1830,30,1769018280,minmax
1831,30,1769018280,minmax
1832,30,1769018280,minmax
1833,30,1769018280,minmax
1834,30,1769018280,minmax
1835,30,1769018280,minmax
1836,30,1769018280,minmax
1837,30,1769018280,minmax
1838,30,1769018280,minmax
1839,30,1769018280,minmax
1840,30,1769018280,minmax
1841,30,1769018280,minmax
1842,30,1769018280,minmax
1843,30,1769018280,minmax
1844,30,1769018280,minmax
1845,30,1769018280,minmax
1846,30,1769018280,minmax
1847,30,1769018280,minmax
1848,30,1769018280,minmax
1849,30,1769018280,minmax
1850,30,1769018280,minmax
1851,30,1769018280,minmax
1852,30,1769018280,minmax
1853,30,1769018280,minmax
1854,30,1769018280,minmax
1855,30,1769018280,minmax
1856,30,1769018280,minmax
1857,30,1769018280,minmax
1858,30,1769018280,minmax
1859,30,1769018280,minmax
1860,30,1769018280,minmax
1861,30,1769018280,minmax
1862,30,1769018280,minmax
1863,30,1769018280,minmax
1864,30,1769018280,minmax
1865,30,1769018280,minmax
1866,30,1769018280,minmax
1867,30,1769018280,minmax
1868,30,1769018280,minmax
1869,30,1769018280,minmax
1870,30,1769018280,minmax
1871,30,1769018280,minmax
1872,30,1769018280,minmax
1873,30,1769018280,minmax
1874,30,1769018280,minmax
1875,30,1769018280,minmax
1876,30,1769018280,minmax
1877,30,1769018280,minmax
1878,30,1769018280,minmax
1879,30,1769018280,minmax
1880,30,1769018280,minmax
1881,30,1769018280,minmax
1882,30,1769018280,minmax
1883,30,1769018280,minmax
1884,30,1769018280,minmax
1885,30,1769018280,minmax
1886,30,1769018280,minmax
1887,30,1769018280,minmax
1888,30,1769018280,minmax
1889,30,1769018280,minmax
1890,30,1769018280,minmax
1891,30,1769018280,minmax
1892,30,1769018280,minmax
1893,30,1769018280,minmax
1894,30,1769018280,minmax
1895,30,1769018280,minmax
1896,30,1769018280,minmax
1897,30,1769018280,minmax
1898,30,1769018280,minmax
1899,30,1769018280,minmax
1900,30,1769018280,minmax
1901,30,1769018280,minmax
1902,30,1769018280,minmax
1903,30,1769018280,minmax
1904,30,1769018280,minmax
1905,30,1769018280,minmax
1906,30,1769018280,minmax
1907,30,1769018280,minmax
1908,30,1769018280,minmax
1909,30,1769018280,minmax
1910,30,1769018280,minmax
1911,30,1769018280,minmax
1912,30,1769018280,minmax
1913,30,1769018280,minmax
1914,30,1769018280,minmax
1915,30,1769018280,minmax
1916,30,1769018280,minmax
1917,30,1769018280,minmax
1918,30,1769018280,minmax
1919,30,1769018280,minmax
1920,30,1769018280,minmax
1921,30,1769018280,minmax
1922,30,1769018280,minmax
1923,30,1769018280,minmax
1924,30,1769018280,minmax
1925,30,1769018280,minmax
1926,30,1769018280,minmax
1927,30,1769018280,minmax
1928,30,1769018280,minmax
1929,30,1769018280,minmax
1930,30,1769018280,minmax
1931,30,1769018280,minmax
1932,30,1769018280,minmax
1933,30,1769018280,minmax
1934,30,1769018280,minmax
1935,30,1769018280,minmax
1936,30,1769018280,minmax
1937,30,1769018280,minmax
1938,30,1769018280,minmax
1939,30,1769018280,minmax
1940,30,1769018280,minmax
1941,30,1769018280,minmax
1942,30,1769018280,minmax
1943,30,1769018280,minmax
1944,30,1769018280,minmax
1945,30,1769018280,minmax
1946,30,1769018280,minmax
1947,30,1769018280,minmax
1948,30,1769018280,minmax
1949,30,1769018280,minmax
1950,30,1769018280,minmax
1951,30,1769018280,minmax
1952,30,1769018280,minmax
1953,30,1769018280,minmax
1954,30,1769018280,minmax
1955,30,1769018280,minmax
1956,30,1769018280,minmax
1957,30,1769018280,minmax
1958,30,1769018280,minmax
1959,30,1769018280,minmax
1960,30,1769018280,minmax
1961,30,1769018280,minmax
1962,30,1769018280,minmax
1963,30,1769018280,minmax
1964,30,1769018280,minmax
1965,30,1769018280,minmax
1966,30,1769018280,minmax
1967,30,1769018280,minmax
1968,30,1769018280,minmax
1969,30,1769018280,minmax
1970,30,1769018280,minmax
1971,30,1769018280,minmax
1972,30,1769018280,minmax
1973,30,1769018280,minmax
1974,30,1769018280,minmax
1975,30,1769018280,minmax
1976,30,1769018280,minmax
1977,30,1769018280,minmax
1978,30,1769018280,minmax
1979,30,1769018280,minmax
1980,30,1769018280,minmax
1981,30,1769018280,minmax
1982,30,1769018280,minmax
1983,30,1769018280,minmax
1984,30,1769018280,minmax
1985,30,1769018280,minmax
1986,30,1769018280,minmax
1987,30,1769018280,minmax
1988,30,1769018280,minmax
1989,30,1769018280,minmax
1990,30,1769018280,minmax
1991,30,1769018280,minmax
1992,30,1769018280,minmax
1993,30,1769018280,minmax
1994,30,1769018280,minmax
1995,30,1769018280,minmax
1996,30,1769018280,minmax
1997,30,1769018280,minmax
1998,30,1769018280,minmax
1999,30,1769018280,minmax
2000,30,1769018280,minmax
2001,30,1769018280,minmax
1,0,1769018268,minmax
2,30,1769018268,minmax
3,0,1769018268,minmax
4,0,1769018268,minmax
5,30,1769018268,minmax
6,30,1769018268,minmax
7,0,1769018268,minmax
8,30,1769018268,minmax
9,30,1769018268,minmax
10,30,1769018268,minmax
11,30,1769018268,minmax
12,30,1769018268,minmax
13,30,1769018268,minmax
14,30,1769018268,minmax
15,30,1769018268,minmax
16,0,1769018268,minmax
17,0,1769018268,minmax
18,30,1769018268,minmax
19,30,1769018268,minmax
20,30,1769018268,minmax
21,30,1769018268,minmax
22,30,1769018268,minmax
23,30,1769018268,minmax
24,30,1769018268,minmax
25,30,1769018268,minmax
26,30,1769018268,minmax
27,30,1769018268,minmax
28,30,1769018268,minmax
29,30,1769018268,minmax
30,0,1769018268,minmax
31,30,1769018268,minmax
32,30,1769018268,minmax
33,30,1769018268,minmax
34,30,1769018268,minmax
35,30,1769018268,minmax
36,30,1769018268,minmax
37,30,1769018268,minmax
38,0,1769018268,minmax
39,30,1769018268,minmax
40,30,1769018268,minmax
41,30,1769018268,minmax
42,30,1769018268,minmax
43,0,1769018268,minmax
44,30,1769018268,minmax
45,30,1769018268,minmax
46,30,1769018268,minmax
47,30,1769018268,minmax
48,30,1769018268,minmax
49,30,1769018268,minmax
50,30,1769018268,minmax
51,30,1769018268,minmax
52,30,1769018268,minmax
53,30,1769018268,minmax
54,30,1769018268,minmax
55,0,1769018268,minmax
56,30,1769018268,minmax
57,30,1769018268,minmax
58,30,1769018268,minmax
59,30,1769018268,minmax
60,30,1769018268,minmax
61,0,1769018268,minmax
62,30,1769018268,minmax
63,30,1769018268,minmax
64,30,1769018268,minmax
65,30,1769018268,minmax
66,30,1769018268,minmax
67,30,1769018268,minmax
68,30,1769018268,minmax
69,30,1769018268,minmax
70,30,1769018268,minmax
71,30,1769018268,minmax
72,30,1769018268,minmax
73,30,1769018268,minmax
74,0,1769018268,minmax
75,30,1769018268,minmax
76,30,1769018268,minmax
77,30,1769018268,minmax
78,30,1769018268,minmax
79,30,1769018268,minmax
80,30,1769018268,minmax
81,30,1769018268,minmax
82,30,1769018268,minmax
83,30,1769018268,minmax
84,30,1769018268,minmax
85,0,1769018268,minmax
86,30,1769018268,minmax
87,30,1769018268,minmax
88,30,1769018268,minmax
89,30,1769018268,minmax
90,30,1769018268,minmax
91,30,1769018268,minmax
92,30,1769018268,minmax
93,30,1769018268,minmax
94,30,1769018268,minmax
95,30,1769018268,minmax
96,30,1769018268,minmax
97,30,1769018268,minmax
98,30,1769018268,minmax
99,30,1769018268,minmax
100,30,1769018268,minmax
101,30,1769018268,minmax
102,30,1769018268,minmax
103,30,1769018268,minmax
104,30,1769018268,minmax
105,30,1769018268,minmax
106,30,1769018268,minmax
107,30,1769018268,minmax
108,30,1769018268,minmax
109,30,1769018268,minmax
110,30,1769018268,minmax
111,30,1769018268,minmax
112,30,1769018268,minmax
113,30,1769018268,minmax
114,30,1769018268,minmax
115,30,1769018268,minmax
116,30,1769018268,minmax
117,0,1769018268,minmax
118,30,1769018268,minmax
119,30,1769018268,minmax
120,30,1769018268,minmax
121,30,1769018268,minmax
122,30,1769018268,minmax
123,30,1769018268,minmax
124,30,1769018268,minmax
125,30,1769018268,minmax
126,0,1769018268,minmax
127,30,1769018268,minmax
128,30,1769018268,minmax
129,30,1769018268,minmax
130,30,1769018268,minmax
131,30,1769018268,minmax
132,30,1769018268,minmax
133,30,1769018268,minmax
134,0,1769018268,minmax
135,30,1769018268,minmax
136,30,1769018268,minmax
137,30,1769018268,minmax
138,30,1769018268,minmax
139,30,1769018268,minmax
140,30,1769018268,minmax
141,30,1769018268,minmax
142,30,1769018268,minmax
143,30,1769018268,minmax
144,30,1769018268,minmax
145,0,1769018268,minmax
146,30,1769018268,minmax
147,30,1769018268,minmax
148,30,1769018268,minmax
149,30,1769018268,minmax
150,30,1769018268,minmax
151,30,1769018268,minmax
152,30,1769018268,minmax
153,30,1769018268,minmax
154,0,1769018268,minmax
155,30,1769018268,minmax
156,30,1769018268,minmax
157,30,1769018268,minmax
158,30,1769018268,minmax
159,30,1769018268,minmax
160,30,1769018268,minmax
161,30,1769018268,minmax
162,30,1769018268,minmax
163,30,1769018268,minmax
164,30,1769018268,minmax
165,30,1769018268,minmax
166,30,1769018268,minmax
167,30,1769018268,minmax
168,30,1769018268,minmax
169,30,1769018268,minmax
170,30,1769018268,minmax
171,30,1769018268,minmax
172,30,1769018268,minmax
173,30,1769018268,minmax
174,30,1769018268,minmax
175,0,1769018268,minmax
176,30,1769018268,minmax
177,30,1769018268,minmax
178,30,1769018268,minmax
179,30,1769018268,minmax
180,30,1769018268,minmax
181,30,1769018268,minmax
182,30,1769018268,minmax
183,30,1769018268,minmax
184,30,1769018268,minmax
185,30,1769018268,minmax
186,30,1769018268,minmax
187,0,1769018268,minmax
188,30,1769018268,minmax
189,30,1769018268,minmax
190,30,1769018268,minmax
191,30,1769018268,minmax
192,30,1769018268,minmax
193,30,1769018268,minmax
194,30,1769018268,minmax
195,30,1769018268,minmax
196,30,1769018268,minmax
197,30,1769018268,minmax
198,30,1769018268,minmax
199,30,1769018268,minmax
200,30,1769018268,minmax
201,30,1769018268,minmax
202,30,1769018268,minmax
203,30,1769018268,minmax
204,30,1769018268,minmax
205,0,1769018268,minmax
206,30,1769018268,minmax
207,30,1769018268,minmax
208,30,1769018268,minmax
209,30,1769018268,minmax
210,30,1769018268,minmax
211,30,1769018268,minmax
212,30,1769018268,minmax
213,30,1769018268,minmax
214,30,1769018268,minmax
215,30,1769018268,minmax
216,30,1769018268,minmax
217,30,1769018268,minmax
218,30,1769018268,minmax
219,30,1769018268,minmax
220,30,1769018268,minmax
221,30,1769018268,minmax
222,30,1769018268,minmax
223,30,1769018268,minmax
224,30,1769018268,minmax
225,30,1769018268,minmax
226,30,1769018268,minmax
227,30,1769018268,minmax
228,30,1769018268,minmax
229,30,1769018268,minmax
230,30,1769018268,minmax
231,30,1769018268,minmax
232,30,1769018268,minmax
233,30,1769018268,minmax
234,30,1769018268,minmax
235,0,1769018268,minmax
236,30,1769018268,minmax
237,30,1769018268,minmax
238,30,1769018268,minmax
239,30,1769018268,minmax
240,30,1769018268,minmax
241,30,1769018268,minmax
242,30,1769018268,minmax
243,30,1769018268,minmax
244,30,1769018268,minmax
245,30,1769018268,minmax
246,30,1769018268,minmax
247,30,1769018268,minmax
248,30,1769018268,minmax
249,30,1769018268,minmax
250,30,1769018268,minmax
251,30,1769018268,minmax
252,30,1769018268,minmax
253,30,1769018268,minmax
254,30,1769018268,minmax
255,30,1769018268,minmax
256,30,1769018268,minmax
257,30,1769018268,minmax
258,30,1769018268,minmax
259,30,1769018268,minmax
260,30,1769018268,minmax
261,30,1769018268,minmax
262,30,1769018268,minmax
263,30,1769018268,minmax
264,30,1769018268,minmax
265,30,1769018268,minmax
266,30,1769018268,minmax
267,30,1769018268,minmax
268,30,1769018268,minmax
269,30,1769018268,minmax
270,0,1769018268,minmax
271,30,1769018268,minmax
272,30,1769018268,minmax
273,30,1769018268,minmax
274,30,1769018268,minmax
275,30,1769018268,minmax
276,30,1769018268,minmax
277,30,1769018268,minmax
278,30,1769018268,minmax
279,30,1769018268,minmax
280,30,1769018268,minmax
281,30,1769018268,minmax
282,30,1769018268,minmax
283,30,1769018268,minmax
284,30,1769018268,minmax
285,30,1769018268,minmax
286,30,1769018268,minmax
287,30,1769018268,minmax
288,30,1769018268,minmax
289,30,1769018268,minmax
290,30,1769018268,minmax
291,30,1769018268,minmax
292,30,1769018268,minmax
293,30,1769018268,minmax
294,30,1769018268,minmax
295,30,1769018268,minmax
296,30,1769018268,minmax
297,30,1769018268,minmax
298,30,1769018268,minmax
299,30,1769018268,minmax
300,30,1769018268,minmax
301,30,1769018268,minmax
302,30,1769018268,minmax
303,30,1769018268,minmax
304,30,1769018268,minmax
305,30,1769018268,minmax
306,30,1769018268,minmax
307,30,1769018268,minmax
308,30,1769018268,minmax
309,30,1769018268,minmax
310,30,1769018268,minmax
311,30,1769018268,minmax
312,30,1769018268,minmax
313,30,1769018268,minmax
314,30,1769018268,minmax
315,30,1769018268,minmax
316,30,1769018268,minmax
317,30,1769018268,minmax
318,30,1769018268,minmax
319,30,1769018268,minmax
320,30,1769018268,minmax
321,30,1769018268,minmax
322,30,1769018268,minmax
323,30,1769018268,minmax
324,30,1769018268,minmax
325,30,1769018268,minmax
326,30,1769018268,minmax
327,30,1769018268,minmax
328,30,1769018268,minmax
329,30,1769018268,minmax
330,30,1769018268,minmax
331,30,1769018268,minmax
332,30,1769018268,minmax
333,30,1769018268,minmax
334,30,1769018268,minmax
335,30,1769018268,minmax
336,30,1769018268,minmax
337,30,1769018268,minmax
338,30,1769018268,minmax
339,30,1769018268,minmax
340,30,1769018268,minmax
341,30,1769018268,minmax
342,30,1769018268,minmax
343,30,1769018268,minmax
344,30,1769018268,minmax
345,30,1769018268,minmax
346,30,1769018268,minmax
347,30,1769018268,minmax
348,30,1769018268,minmax
349,30,1769018268,minmax
350,30,1769018268,minmax
351,30,1769018268,minmax
352,30,1769018268,minmax
353,30,1769018268,minmax
354,30,1769018268,minmax
355,30,1769018268,minmax
356,30,1769018268,minmax
357,30,1769018268,minmax
358,30,1769018268,minmax
359,30,1769018268,minmax
360,30,1769018268,minmax
361,30,1769018268,minmax
362,30,1769018268,minmax
363,0,1769018268,minmax
364,30,1769018268,minmax
365,30,1769018268,minmax
366,30,1769018268,minmax
367,30,1769018268,minmax
368,30,1769018268,minmax
369,30,1769018268,minmax
370,30,1769018268,minmax
371,30,1769018268,minmax
372,30,1769018268,minmax
373,30,1769018268,minmax
374,30,1769018268,minmax
375,30,1769018268,minmax
376,30,1769018268,minmax
377,30,1769018268,minmax
378,30,1769018268,minmax
379,30,1769018268,minmax
380,30,1769018268,minmax
381,30,1769018268,minmax
382,30,1769018268,minmax
383,30,1769018268,minmax
384,30,1769018268,minmax
385,30,1769018268,minmax
386,30,1769018268,minmax
387,30,1769018268,minmax
388,30,1769018268,minmax
389,30,1769018268,minmax
390,30,1769018268,minmax
391,30,1769018268,minmax
392,30,1769018268,minmax
393,30,1769018268,minmax
394,30,1769018268,minmax
395,30,1769018268,minmax
396,30,1769018268,minmax
397,30,1769018268,minmax
398,30,1769018268,minmax
399,30,1769018268,minmax
400,30,1769018268,minmax
401,30,1769018268,minmax
402,30,1769018268,minmax
403,30,1769018268,minmax
404,30,1769018268,minmax
405,30,1769018268,minmax
406,30,1769018268,minmax
407,30,1769018268,minmax
408,30,1769018268,minmax
409,30,1769018268,minmax
410,30,1769018268,minmax
411,30,1769018268,minmax
412,30,1769018268,minmax
413,30,1769018268,minmax
414,30,1769018268,minmax
415,30,1769018268,minmax
416,30,1769018268,minmax
417,30,1769018268,minmax
418,30,1769018268,minmax
419,30,1769018268,minmax
420,30,1769018268,minmax
421,30,1769018268,minmax
422,30,1769018268,minmax
423,30,1769018268,minmax
424,30,1769018268,minmax
425,30,1769018268,minmax
426,30,1769018268,minmax
427,30,1769018268,minmax
428,30,1769018268,minmax
429,30,1769018268,minmax
430,30,1769018268,minmax
431,30,1769018268,minmax
432,30,1769018268,minmax
433,30,1769018268,minmax
434,30,1769018268,minmax
435,30,1769018268,minmax
436,30,1769018268,minmax
437,30,1769018268,minmax
438,30,1769018268,minmax
439,30,1769018268,minmax
440,30,1769018268,minmax
441,30,1769018268,minmax
442,30,1769018268,minmax
443,30,1769018268,minmax
444,30,1769018268,minmax
445,30,1769018268,minmax
446,30,1769018268,minmax
447,30,1769018268,minmax
448,30,1769018268,minmax
449,30,1769018268,minmax
450,30,1769018268,minmax
451,0,1769018268,minmax
452,30,1769018268,minmax
453,30,1769018268,minmax
454,30,1769018268,minmax
455,30,1769018268,minmax
456,30,1769018268,minmax
457,30,1769018268,minmax
458,30,1769018268,minmax
459,30,1769018268,minmax
460,30,1769018268,minmax
461,30,1769018268,minmax
462,30,1769018268,minmax
463,30,1769018268,minmax
464,30,1769018268,minmax
465,30,1769018268,minmax
466,30,1769018268,minmax
467,30,1769018268,minmax
468,30,1769018268,minmax
469,30,1769018268,minmax
470,30,1769018268,minmax
471,30,1769018268,minmax
472,30,1769018268,minmax
473,30,1769018268,minmax
474,30,1769018268,minmax
475,30,1769018268,minmax
476,30,1769018268,minmax
477,30,1769018268,minmax
478,30,1769018268,minmax
479,30,1769018268,minmax
480,30,1769018268,minmax
481,30,1769018268,minmax
482,30,1769018268,minmax
483,30,1769018268,minmax
484,30,1769018268,minmax
485,30,1769018268,minmax
486,30,1769018268,minmax
487,30,1769018268,minmax
488,30,1769018268,minmax
489,30,1769018268,minmax
490,30,1769018268,minmax
491,30,1769018268,minmax
492,30,1769018268,minmax
493,30,1769018268,minmax
494,30,1769018268,minmax
495,30,1769018268,minmax
496,30,1769018268,minmax
497,30,1769018268,minmax
498,30,1769018268,minmax
499,30,1769018268,minmax
500,30,1769018268,minmax
501,30,1769018268,minmax
502,30,1769018268,minmax
503,30,1769018268,minmax
504,30,1769018268,minmax
505,30,1769018268,minmax
506,30,1769018268,minmax
507,30,1769018268,minmax
508,30,1769018268,minmax
509,30,1769018268,minmax
510,30,1769018268,minmax
511,30,1769018268,minmax
512,30,1769018268,minmax
513,30,1769018268,minmax
514,30,1769018268,minmax
515,30,1769018268,minmax
516,30,1769018268,minmax
517,30,1769018268,minmax
518,30,1769018268,minmax
519,30,1769018268,minmax
520,30,1769018268,minmax
521,30,1769018268,minmax
522,30,1769018268,minmax
523,30,1769018268,minmax
524,30,1769018268,minmax
525,30,1769018268,minmax
526,30,1769018268,minmax
527,30,1769018268,minmax
528,30,1769018268,minmax
529,30,1769018268,minmax
530,30,1769018268,minmax
531,30,1769018268,minmax
532,30,1769018268,minmax
533,30,1769018268,minmax
534,30,1769018268,minmax
535,30,1769018268,minmax
536,30,1769018268,minmax
537,30,1769018268,minmax
538,30,1769018268,minmax
539,30,1769018268,minmax
540,30,1769018268,minmax
541,30,1769018268,minmax
542,30,1769018268,minmax
543,30,1769018268,minmax
544,30,1769018268,minmax
545,30,1769018268,minmax
546,30,1769018268,minmax
547,30,1769018268,minmax
548,30,1769018268,minmax
549,30,1769018268,minmax
550,30,1769018268,minmax
551,30,1769018268,minmax
552,30,1769018268,minmax
553,30,1769018268,minmax
554,30,1769018268,minmax
555,30,1769018268,minmax
556,30,1769018268,minmax
557,30,1769018268,minmax
558,30,1769018268,minmax
559,30,1769018268,minmax
560,30,1769018268,minmax
561,30,1769018268,minmax
562,30,1769018268,minmax
563,30,1769018268,minmax
564,30,1769018268,minmax
565,30,1769018268,minmax
566,30,1769018268,minmax
567,30,1769018268,minmax
568,30,1769018268,minmax
569,30,1769018268,minmax
570,0,1769018268,minmax
571,30,1769018268,minmax
572,30,1769018268,minmax
573,30,1769018268,minmax
574,30,1769018268,minmax
575,30,1769018268,minmax
576,30,1769018268,minmax
577,30,1769018268,minmax
578,30,1769018268,minmax
579,30,1769018268,minmax
580,30,1769018268,minmax
581,30,1769018268,minmax
582,30,1769018268,minmax
583,30,1769018268,minmax
584,30,1769018268,minmax
585,30,1769018268,minmax
586,30,1769018268,minmax
587,30,1769018268,minmax
588,30,1769018268,minmax
589,30,1769018268,minmax
590,30,1769018268,minmax
591,30,1769018268,minmax
592,30,1769018268,minmax
593,30,1769018268,minmax
594,30,1769018268,minmax
595,30,1769018268,minmax
596,30,1769018268,minmax
597,30,1769018268,minmax
598,30,1769018268,minmax
599,30,1769018268,minmax
600,30,1769018268,minmax
601,30,1769018268,minmax
602,30,1769018268,minmax
603,30,1769018268,minmax
604,30,1769018268,minmax
605,30,1769018268,minmax
606,30,1769018268,minmax
607,30,1769018268,minmax
608,30,1769018268,minmax
609,30,1769018268,minmax
610,30,1769018268,minmax
611,30,1769018268,minmax
612,30,1769018268,minmax
613,30,1769018268,minmax
614,30,1769018268,minmax
615,30,1769018268,minmax
616,30,1769018268,minmax
617,30,1769018268,minmax
618,30,1769018268,minmax
619,30,1769018268,minmax
620,30,1769018268,minmax
621,30,1769018268,minmax
622,30,1769018268,minmax
623,30,1769018268,minmax
624,30,1769018268,minmax
625,30,1769018268,minmax
626,30,1769018268,minmax
627,30,1769018268,minmax
628,30,1769018268,minmax
629,30,1769018268,minmax
630,30,1769018268,minmax
631,30,1769018268,minmax
632,30,1769018268,minmax
633,30,1769018268,minmax
634,30,1769018268,minmax
635,30,1769018268,minmax
636,30,1769018268,minmax
637,30,1769018268,minmax
638,30,1769018268,minmax
639,30,1769018268,minmax
640,30,1769018268,minmax
641,30,1769018268,minmax
642,30,1769018268,minmax
643,30,1769018268,minmax
644,30,1769018268,minmax
645,30,1769018268,minmax
646,30,1769018268,minmax
647,30,1769018268,minmax
648,30,1769018268,minmax
649,30,1769018268,minmax
650,30,1769018268,minmax
651,30,1769018268,minmax
652,30,1769018268,minmax
653,30,1769018268,minmax
654,30,1769018268,minmax
655,30,1769018268,minmax
656,30,1769018268,minmax
657,30,1769018268,minmax
658,30,1769018268,minmax
659,30,1769018268,minmax
660,30,1769018268,minmax
661,30,1769018268,minmax
662,30,1769018268,minmax
663,30,1769018268,minmax
664,30,1769018268,minmax
665,30,1769018268,minmax
666,30,1769018268,minmax
667,30,1769018268,minmax
668,30,1769018268,minmax
669,30,1769018268,minmax
670,30,1769018268,minmax
671,30,1769018268,minmax
672,30,1769018268,minmax
673,30,1769018268,minmax
674,30,1769018268,minmax
675,30,1769018268,minmax
676,30,1769018268,minmax
677,30,1769018268,minmax
678,30,1769018268,minmax
679,30,1769018268,minmax
680,30,1769018268,minmax
681,30,1769018268,minmax
682,30,1769018268,minmax
683,30,1769018268,minmax
684,30,1769018268,minmax
685,30,1769018268,minmax
686,30,1769018268,minmax
687,30,1769018268,minmax
688,30,1769018268,minmax
689,30,1769018268,minmax
690,30,1769018268,minmax
691,30,1769018268,minmax
692,30,1769018268,minmax
693,30,1769018268,minmax
694,30,1769018268,minmax
695,30,1769018268,minmax
696,30,1769018268,minmax
697,30,1769018268,minmax
698,30,1769018268,minmax
699,30,1769018268,minmax
700,30,1769018268,minmax
701,30,1769018268,minmax
702,30,1769018268,minmax
703,30,1769018268,minmax
704,30,1769018268,minmax
705,30,1769018268,minmax
706,30,1769018268,minmax
707,30,1769018268,minmax
708,30,1769018268,minmax
709,30,1769018268,minmax
710,30,1769018268,minmax
711,30,1769018268,minmax
712,30,1769018268,minmax
713,30,1769018268,minmax
714,30,1769018268,minmax
715,30,1769018268,minmax
716,30,1769018268,minmax
717,30,1769018268,minmax
718,30,1769018268,minmax
719,30,1769018268,minmax
720,30,1769018268,minmax
721,30,1769018268,minmax
722,30,1769018268,minmax
723,30,1769018268,minmax
724,30,1769018268,minmax
725,30,1769018268,minmax
726,30,1769018268,minmax
727,30,1769018268,minmax
728,30,1769018268,minmax
729,30,1769018268,minmax
730,30,1769018268,minmax
731,30,1769018268,minmax
732,30,1769018268,minmax
733,30,1769018268,minmax
734,30,1769018268,minmax
735,30,1769018268,minmax
736,30,1769018268,minmax
737,30,1769018268,minmax
738,30,1769018268,minmax
739,30,1769018268,minmax
740,30,1769018268,minmax
741,30,1769018268,minmax
742,30,1769018268,minmax
743,30,1769018268,minmax
744,30,1769018268,minmax
745,30,1769018268,minmax
746,30,1769018268,minmax
747,30,1769018268,minmax
748,30,1769018268,minmax
749,30,1769018268,minmax
750,30,1769018268,minmax
751,30,1769018268,minmax
752,30,1769018268,minmax
753,30,1769018268,minmax
754,30,1769018268,minmax
755,30,1769018268,minmax
756,30,1769018268,minmax
757,30,1769018268,minmax
758,30,1769018268,minmax
759,30,1769018268,minmax
760,30,1769018268,minmax
761,30,1769018268,minmax
762,30,1769018268,minmax
763,30,1769018268,minmax
764,30,1769018268,minmax
765,30,1769018268,minmax
766,30,1769018268,minmax
767,30,1769018268,minmax
768,30,1769018268,minmax
769,30,1769018268,minmax
770,30,1769018268,minmax
771,30,1769018268,minmax
772,30,1769018268,minmax
773,30,1769018268,minmax
774,30,1769018268,minmax
775,30,1769018268,minmax
776,30,1769018268,minmax
777,30,1769018268,minmax
778,30,1769018268,minmax
779,30,1769018268,minmax
780,30,1769018268,minmax
781,30,1769018268,minmax
782,30,1769018268,minmax
783,30,1769018268,minmax
784,30,1769018268,minmax
785,30,1769018268,minmax
786,30,1769018268,minmax
787,30,1769018268,minmax
788,30,1769018268,minmax
789,30,1769018268,minmax
790,30,1769018268,minmax
791,30,1769018268,minmax
792,30,1769018268,minmax
793,30,1769018268,minmax
794,30,1769018268,minmax
795,30,1769018268,minmax
796,30,1769018268,minmax
797,30,1769018268,minmax
798,30,1769018268,minmax
799,30,1769018268,minmax
800,30,1769018268,minmax
801,30,1769018268,minmax
802,30,1769018268,minmax
803,30,1769018268,minmax
804,30,1769018268,minmax
805,30,1769018268,minmax
806,30,1769018268,minmax
807,30,1769018268,minmax
808,30,1769018268,minmax
809,30,1769018268,minmax
810,30,1769018268,minmax
811,30,1769018268,minmax
812,30,1769018268,minmax
813,30,1769018268,minmax
814,30,1769018268,minmax
815,30,1769018268,minmax
816,30,1769018268,minmax
817,30,1769018268,minmax
818,30,1769018268,minmax
819,30,1769018268,minmax
820,30,1769018268,minmax
821,30,1769018268,minmax
822,30,1769018268,minmax
823,30,1769018268,minmax
824,30,1769018268,minmax
825,30,1769018268,minmax
826,30,1769018268,minmax
827,30,1769018268,minmax
828,30,1769018268,minmax
829,30,1769018268,minmax
830,30,1769018268,minmax
831,30,1769018268,minmax
832,30,1769018268,minmax
833,30,1769018268,minmax
834,30,1769018268,minmax
835,30,1769018268,minmax
836,30,1769018268,minmax
837,30,1769018268,minmax
838,30,1769018268,minmax
839,30,1769018268,minmax
840,30,1769018268,minmax
841,30,1769018268,minmax
842,30,1769018268,minmax
843,30,1769018268,minmax
844,30,1769018268,minmax
845,30,1769018268,minmax
846,30,1769018268,minmax
847,30,1769018268,minmax
848,30,1769018268,minmax
849,30,1769018268,minmax
850,30,1769018268,minmax
851,30,1769018268,minmax
852,30,1769018268,minmax
853,30,1769018268,minmax
854,30,1769018268,minmax
855,30,1769018268,minmax
856,30,1769018268,minmax
857,30,1769018268,minmax
858,30,1769018268,minmax
859,30,1769018268,minmax
860,30,1769018268,minmax
861,30,1769018268,minmax
862,30,1769018268,minmax
863,30,1769018268,minmax
864,30,1769018268,minmax
865,30,1769018268,minmax
866,30,1769018268,minmax
867,30,1769018268,minmax
868,30,1769018268,minmax
869,30,1769018268,minmax
870,30,1769018268,minmax
871,30,1769018268,minmax
872,30,1769018268,minmax
873,30,1769018268,minmax
874,30,1769018268,minmax
875,30,1769018268,minmax
876,30,1769018268,minmax
877,30,1769018268,minmax
878,30,1769018268,minmax
879,30,1769018268,minmax
880,30,1769018268,minmax
881,30,1769018268,minmax
882,30,1769018268,minmax
883,30,1769018268,minmax
884,30,1769018268,minmax
885,30,1769018268,minmax
886,30,1769018268,minmax
887,30,1769018268,minmax
888,30,1769018268,minmax
889,30,1769018268,minmax
890,30,1769018268,minmax
891,30,1769018268,minmax
892,30,1769018268,minmax
893,30,1769018268,minmax
894,30,1769018268,minmax
895,30,1769018268,minmax
896,30,1769018268,minmax
897,30,1769018268,minmax
898,30,1769018268,minmax
899,30,1769018268,minmax
900,30,1769018268,minmax
901,30,1769018268,minmax
902,30,1769018268,minmax
903,30,1769018268,minmax
904,30,1769018268,minmax
905,30,1769018268,minmax
906,30,1769018268,minmax
907,30,1769018268,minmax
908,30,1769018268,minmax
909,30,1769018268,minmax
910,30,1769018268,minmax
911,30,1769018268,minmax
912,30,1769018268,minmax
913,30,1769018268,minmax
914,30,1769018268,minmax
915,30,1769018268,minmax
916,30,1769018268,minmax
917,30,1769018268,minmax
918,30,1769018268,minmax
919,30,1769018268,minmax
920,30,1769018268,minmax
921,30,1769018268,minmax
922,30,1769018268,minmax
923,30,1769018268,minmax
924,30,1769018268,minmax
925,30,1769018268,minmax
926,30,1769018268,minmax
927,30,1769018268,minmax
928,30,1769018268,minmax
929,30,1769018268,minmax
930,30,1769018268,minmax
931,30,1769018268,minmax
932,30,1769018268,minmax
933,30,1769018268,minmax
934,30,1769018268,minmax
935,30,1769018268,minmax
936,30,1769018268,minmax
937,30,1769018268,minmax
938,30,1769018268,minmax
939,30,1769018268,minmax
940,30,1769018268,minmax
941,30,1769018268,minmax
942,30,1769018268,minmax
943,30,1769018268,minmax
944,30,1769018268,minmax
945,30,1769018268,minmax
946,30,1769018268,minmax
947,30,1769018268,minmax
948,30,1769018268,minmax
949,30,1769018268,minmax
950,30,1769018268,minmax
951,30,1769018268,minmax
952,30,1769018268,minmax
953,30,1769018268,minmax
954,30,1769018268,minmax
955,30,1769018268,minmax
956,30,1769018268,minmax
957,30,1769018268,minmax
958,30,1769018268,minmax
959,30,1769018268,minmax
960,30,1769018268,minmax
961,30,1769018268,minmax
962,30,1769018268,minmax
963,30,1769018268,minmax
964,30,1769018268,minmax
965,30,1769018268,minmax
966,30,1769018268,minmax
967,30,1769018268,minmax
968,30,1769018268,minmax
969,30,1769018268,minmax
970,30,1769018268,minmax
971,30,1769018268,minmax
972,30,1769018268,minmax
973,30,1769018268,minmax
974,30,1769018268,minmax
975,30,1769018268,minmax
976,30,1769018268,minmax
977,30,1769018268,minmax
978,30,1769018268,minmax
979,30,1769018268,minmax
980,30,1769018268,minmax
981,30,1769018268,minmax
982,30,1769018268,minmax
983,30,1769018268,minmax
984,30,1769018268,minmax
985,30,1769018268,minmax
986,30,1769018268,minmax
987,30,1769018268,minmax
988,30,1769018268,minmax
989,30,1769018268,minmax
990,30,1769018268,minmax
991,30,1769018268,minmax
992,30,1769018268,minmax
993,30,1769018268,minmax
994,30,1769018268,minmax
995,30,1769018268,minmax
996,30,1769018268,minmax
997,30,1769018268,minmax
998,30,1769018268,minmax
999,30,1769018268,minmax
1000,30,1769018268,minmax
1001,30,1769018268,minmax
1002,30,1769018268,minmax
1003,30,1769018268,minmax
1004,30,1769018268,minmax
1005,30,1769018268,minmax
1006,30,1769018268,minmax
1007,30,1769018268,minmax
1008,30,1769018268,minmax
1009,30,1769018268,minmax
1010,30,1769018268,minmax
1011,30,1769018268,minmax
1012,30,1769018268,minmax
1013,30,1769018268,minmax
1014,30,1769018268,minmax
1015,30,1769018268,minmax
1016,30,1769018268,minmax
1017,30,1769018268,minmax
1018,30,1769018268,minmax
1019,30,1769018268,minmax
1020,30,1769018268,minmax
1021,30,1769018268,minmax
1022,30,1769018268,minmax
1023,30,1769018268,minmax
1024,30,1769018268,minmax
1025,30,1769018268,minmax
1026,30,1769018268,minmax
1027,30,1769018268,minmax
1028,30,1769018268,minmax
1029,30,1769018268,minmax
1030,30,1769018268,minmax
1031,30,1769018268,minmax
1032,30,1769018268,minmax
1033,30,1769018268,minmax
1034,30,1769018268,minmax
1035,30,1769018268,minmax
1036,30,1769018268,minmax
1037,30,1769018268,minmax
1038,30,1769018268,minmax
1039,30,1769018268,minmax
1040,30,1769018268,minmax
1041,30,1769018268,minmax
1042,30,1769018268,minmax
1043,30,1769018268,minmax
1044,30,1769018268,minmax
1045,30,1769018268,minmax
1046,30,1769018268,minmax
1047,30,1769018268,minmax
1048,30,1769018268,minmax
1049,30,1769018268,minmax
1050,30,1769018268,minmax
1051,30,1769018268,minmax
1052,30,1769018268,minmax
1053,30,1769018268,minmax
1054,30,1769018268,minmax
1055,30,1769018268,minmax
1056,30,1769018268,minmax
1057,30,1769018268,minmax
1058,30,1769018268,minmax
1059,30,1769018268,minmax
1060,30,1769018268,minmax
1061,30,1769018268,minmax
1062,30,1769018268,minmax
1063,30,1769018268,minmax
1064,30,1769018268,minmax
1065,30,1769018268,minmax
1066,30,1769018268,minmax
1067,30,1769018268,minmax
1068,30,1769018268,minmax
1069,30,1769018268,minmax
1070,30,1769018268,minmax
1071,30,1769018268,minmax
1072,30,1769018268,minmax
1073,30,1769018268,minmax
1074,30,1769018268,minmax
1075,30,1769018268,minmax
1076,30,1769018268,minmax
1077,30,1769018268,minmax
1078,30,1769018268,minmax
1079,30,1769018268,minmax
1080,30,1769018268,minmax
1081,30,1769018268,minmax
1082,30,1769018268,minmax
1083,30,1769018268,minmax
1084,30,1769018268,minmax
1085,0,1769018268,minmax
1086,30,1769018268,minmax
1087,30,1769018268,minmax
1088,30,1769018268,minmax
1089,30,1769018268,minmax
1090,30,1769018268,minmax
1091,30,1769018268,minmax
1092,30,1769018268,minmax
1093,30,1769018268,minmax
1094,30,1769018268,minmax
1095,30,1769018268,minmax
1096,30,1769018268,minmax
1097,30,1769018268,minmax
1098,30,1769018268,minmax
1099,30,1769018268,minmax
1100,30,1769018268,minmax
1101,30,1769018268,minmax
1102,30,1769018268,minmax
1103,30,1769018268,minmax
1104,30,1769018268,minmax
1105,30,1769018268,minmax
1106,30,1769018268,minmax
1107,30,1769018268,minmax
1108,30,1769018268,minmax
1109,30,1769018268,minmax
1110,30,1769018268,minmax
1111,30,1769018268,minmax
1112,30,1769018268,minmax
1113,30,1769018268,minmax
1114,30,1769018268,minmax
1115,30,1769018268,minmax
1116,30,1769018268,minmax
1117,30,1769018268,minmax
1118,30,1769018268,minmax
1119,30,1769018268,minmax
1120,30,1769018268,minmax
1121,30,1769018268,minmax
1122,30,1769018268,minmax
1123,30,1769018268,minmax
1124,30,1769018268,minmax
1125,30,1769018268,minmax
1126,30,1769018268,minmax
1127,30,1769018268,minmax
1128,30,1769018268,minmax
1129,30,1769018268,minmax
1130,30,1769018268,minmax
1131,30,1769018268,minmax
1132,30,1769018268,minmax
1133,30,1769018268,minmax
1134,30,1769018268,minmax
1135,30,1769018268,minmax
1136,30,1769018268,minmax
1137,30,1769018268,minmax
1138,30,1769018268,minmax
1139,30,1769018268,minmax
1140,30,1769018268,minmax
1141,30,1769018268,minmax
1142,30,1769018268,minmax
1143,30,1769018268,minmax
1144,30,1769018268,minmax
1145,30,1769018268,minmax
1146,30,1769018268,minmax
1147,30,1769018268,minmax
1148,30,1769018268,minmax
1149,30,1769018268,minmax
1150,30,1769018268,minmax
1151,30,1769018268,minmax
1152,30,1769018268,minmax
1153,30,1769018268,minmax
1154,30,1769018268,minmax
1155,30,1769018268,minmax
1156,30,1769018268,minmax
1157,30,1769018268,minmax
1158,30,1769018268,minmax
1159,30,1769018268,minmax
1160,30,1769018268,minmax
1161,30,1769018268,minmax
1162,30,1769018268,minmax
1163,30,1769018268,minmax
1164,30,1769018268,minmax
1165,30,1769018268,minmax
1166,30,1769018268,minmax
1167,30,1769018268,minmax
1168,30,1769018268,minmax
1169,30,1769018268,minmax
1170,30,1769018268,minmax
1171,30,1769018268,minmax
1172,30,1769018268,minmax
1173,30,1769018268,minmax
1174,30,1769018268,minmax
1175,30,1769018268,minmax
1176,30,1769018268,minmax
1177,30,1769018268,minmax
1178,30,1769018268,minmax
1179,30,1769018268,minmax
1180,30,1769018268,minmax
1181,30,1769018268,minmax
1182,30,1769018268,minmax
1183,30,1769018268,minmax
1184,30,1769018268,minmax
1185,30,1769018268,minmax
1186,30,1769018268,minmax
1187,30,1769018268,minmax
1188,30,1769018268,minmax
1189,30,1769018268,minmax
1190,30,1769018268,minmax
1191,30,1769018268,minmax
1192,30,1769018268,minmax
1193,30,1769018268,minmax
1194,30,1769018268,minmax
1195,30,1769018268,minmax
1196,30,1769018268,minmax
1197,30,1769018268,minmax
1198,30,1769018268,minmax
1199,30,1769018268,minmax
1200,30,1769018268,minmax
1201,30,1769018268,minmax
1202,30,1769018268,minmax
1203,30,1769018268,minmax
1204,30,1769018268,minmax
1205,30,1769018268,minmax
1206,30,1769018268,minmax
1207,30,1769018268,minmax
1208,30,1769018268,minmax
1209,30,1769018268,minmax
1210,30,1769018268,minmax
1211,30,1769018268,minmax
1212,30,1769018268,minmax
1213,30,1769018268,minmax
1214,30,1769018268,minmax
1215,30,1769018268,minmax
1216,30,1769018268,minmax
1217,30,1769018268,minmax
1218,30,1769018268,minmax
1219,30,1769018268,minmax
1220,30,1769018268,minmax
1221,30,1769018268,minmax
1222,30,1769018268,minmax
1223,30,1769018268,minmax
1224,30,1769018268,minmax
1225,30,1769018268,minmax
1226,30,1769018268,minmax
1227,30,1769018268,minmax
1228,30,1769018268,minmax
1229,30,1769018268,minmax
1230,30,1769018268,minmax
1231,30,1769018268,minmax
1232,30,1769018268,minmax
1233,30,1769018268,minmax
1234,30,1769018268,minmax
1235,30,1769018268,minmax
1236,30,1769018268,minmax
1237,30,1769018268,minmax
1238,30,1769018268,minmax
1239,30,1769018268,minmax
1240,30,1769018268,minmax
1241,30,1769018268,minmax
1242,30,1769018268,minmax
1243,30,1769018268,minmax
1244,30,1769018268,minmax
1245,30,1769018268,minmax
1246,30,1769018268,minmax
1247,30,1769018268,minmax
1248,30,1769018268,minmax
1249,30,1769018268,minmax
1250,30,1769018268,minmax
1251,30,1769018268,minmax
1252,30,1769018268,minmax
1253,30,1769018268,minmax
1254,30,1769018268,minmax
1255,30,1769018268,minmax
1256,30,1769018268,minmax
1257,30,1769018268,minmax
1258,30,1769018268,minmax
1259,30,1769018268,minmax
1260,30,1769018268,minmax
1261,30,1769018268,minmax
1262,30,1769018268,minmax
1263,30,1769018268,minmax
1264,30,1769018268,minmax
1265,30,1769018268,minmax
1266,30,1769018268,minmax
1267,30,1769018268,minmax
1268,30,1769018268,minmax
1269,30,1769018268,minmax
1270,30,1769018268,minmax
1271,30,1769018268,minmax
1272,30,1769018268,minmax
1273,30,1769018268,minmax
1274,30,1769018268,minmax
1275,30,1769018268,minmax
1276,30,1769018268,minmax
1277,30,1769018268,minmax
1278,30,1769018268,minmax
1279,30,1769018268,minmax
1280,30,1769018268,minmax
1281,30,1769018268,minmax
1282,30,1769018268,minmax
1283,30,1769018268,minmax
1284,30,1769018268,minmax
1285,30,1769018268,minmax
1286,30,1769018268,minmax
1287,30,1769018268,minmax
1288,30,1769018268,minmax
1289,30,1769018268,minmax
1290,30,1769018268,minmax
1291,30,1769018268,minmax
1292,30,1769018268,minmax
1293,30,1769018268,minmax
1294,30,1769018268,minmax
1295,30,1769018268,minmax
1296,30,1769018268,minmax
1297,30,1769018268,minmax
1298,30,1769018268,minmax
1299,30,1769018268,minmax
1300,30,1769018268,minmax
1301,30,1769018268,minmax
1302,30,1769018268,minmax
1303,30,1769018268,minmax
1304,30,1769018268,minmax
1305,30,1769018268,minmax
1306,30,1769018268,minmax
1307,30,1769018268,minmax
1308,30,1769018268,minmax
1309,30,1769018268,minmax
1310,30,1769018268,minmax
1311,30,1769018268,minmax
1312,30,1769018268,minmax
1313,30,1769018268,minmax
1314,30,1769018268,minmax
1315,30,1769018268,minmax
1316,30,1769018268,minmax
1317,30,1769018268,minmax
1318,30,1769018268,minmax
1319,30,1769018268,minmax
1320,30,1769018268,minmax
1321,30,1769018268,minmax
1322,30,1769018268,minmax
1323,30,1769018268,minmax
1324,30,1769018268,minmax
1325,30,1769018268,minmax
1326,30,1769018268,minmax
1327,30,1769018268,minmax
1328,30,1769018268,minmax
1329,30,1769018268,minmax
1330,30,1769018268,minmax
1331,30,1769018268,minmax
1332,30,1769018268,minmax
1333,30,1769018268,minmax
1334,30,1769018268,minmax
1335,30,1769018268,minmax
1336,30,1769018268,minmax
1337,30,1769018268,minmax
1338,30,1769018268,minmax
1339,30,1769018268,minmax
1340,30,1769018268,minmax
1341,30,1769018268,minmax
1342,30,1769018268,minmax
1343,30,1769018268,minmax
1344,30,1769018268,minmax
1345,30,1769018268,minmax
1346,30,1769018268,minmax
1347,30,1769018268,minmax
1348,30,1769018268,minmax
1349,30,1769018268,minmax
1350,30,1769018268,minmax
1351,30,1769018268,minmax
1352,30,1769018268,minmax
1353,30,1769018268,minmax
1354,30,1769018268,minmax
1355,30,1769018268,minmax
1356,30,1769018268,minmax
1357,30,1769018268,minmax
1358,30,1769018268,minmax
1359,30,1769018268,minmax
1360,30,1769018268,minmax
1361,30,1769018268,minmax
1362,30,1769018268,minmax
1363,30,1769018268,minmax
1364,30,1769018268,minmax
1365,30,1769018268,minmax
1366,30,1769018268,minmax
1367,30,1769018268,minmax
1368,30,1769018268,minmax
1369,30,1769018268,minmax
1370,30,1769018268,minmax
1371,30,1769018268,minmax
1372,30,1769018268,minmax
1373,30,1769018268,minmax
1374,30,1769018268,minmax
1375,30,1769018268,minmax
1376,30,1769018268,minmax
1377,30,1769018268,minmax
1378,30,1769018268,minmax
1379,30,1769018268,minmax
1380,30,1769018268,minmax
1381,30,1769018268,minmax
1382,30,1769018268,minmax
1383,30,1769018268,minmax
1384,30,1769018268,minmax
1385,30,1769018268,minmax
1386,30,1769018268,minmax
1387,30,1769018268,minmax
1388,30,1769018268,minmax
1389,30,1769018268,minmax
1390,30,1769018268,minmax
1391,30,1769018268,minmax
1392,30,1769018268,minmax
1393,30,1769018268,minmax
1394,30,1769018268,minmax
1395,30,1769018268,minmax
1396,30,1769018268,minmax
1397,30,1769018268,minmax
1398,30,1769018268,minmax
1399,30,1769018268,minmax
1400,30,1769018268,minmax
1401,30,1769018268,minmax
1402,30,1769018268,minmax
1403,30,1769018268,minmax
1404,30,1769018268,minmax
1405,30,1769018268,minmax
1406,30,1769018268,minmax
1407,30,1769018268,minmax
1408,30,1769018268,minmax
1409,30,1769018268,minmax
1410,30,1769018268,minmax
1411,30,1769018268,minmax
1412,30,1769018268,minmax
1413,30,1769018268,minmax
1414,30,1769018268,minmax
1415,30,1769018268,minmax
1416,30,1769018268,minmax
1417,30,1769018268,minmax
1418,30,1769018268,minmax
1419,30,1769018268,minmax
1420,30,1769018268,minmax
1421,30,1769018268,minmax
1422,30,1769018268,minmax
1423,30,1769018268,minmax
1424,30,1769018268,minmax
1425,30,1769018268,minmax
1426,30,1769018268,minmax
1427,30,1769018268,minmax
1428,30,1769018268,minmax
1429,30,1769018268,minmax
1430,30,1769018268,minmax
1431,30,1769018268,minmax
1432,30,1769018268,minmax
1433,30,1769018268,minmax
1434,30,1769018268,minmax
1435,30,1769018268,minmax
1436,30,1769018268,minmax
1437,30,1769018268,minmax
1438,30,1769018268,minmax
1439,30,1769018268,minmax
1440,30,1769018268,minmax
1441,30,1769018268,minmax
1442,30,1769018268,minmax
1443,30,1769018268,minmax
1444,30,1769018268,minmax
1445,30,1769018268,minmax
1446,30,1769018268,minmax
1447,30,1769018268,minmax
1448,30,1769018268,minmax
1449,30,1769018268,minmax
1450,30,1769018268,minmax
1451,30,1769018268,minmax
1452,30,1769018268,minmax
1453,30,1769018268,minmax
1454,30,1769018268,minmax
1455,30,1769018268,minmax
1456,30,1769018268,minmax
1457,30,1769018268,minmax
1458,30,1769018268,minmax
1459,30,1769018268,minmax
1460,30,1769018268,minmax
1461,30,1769018268,minmax
1462,30,1769018268,minmax
1463,30,1769018268,minmax
1464,30,1769018268,minmax
1465,30,1769018268,minmax
1466,30,1769018268,minmax
1467,30,1769018268,minmax
1468,30,1769018268,minmax
1469,30,1769018268,minmax
1470,30,1769018268,minmax
1471,30,1769018268,minmax
1472,30,1769018268,minmax
1473,30,1769018268,minmax
1474,30,1769018268,minmax
1475,30,1769018268,minmax
1476,30,1769018268,minmax
1477,30,1769018268,minmax
1478,30,1769018268,minmax
1479,30,1769018268,minmax
1480,30,1769018268,minmax
1481,30,1769018268,minmax
1482,30,1769018268,minmax
1483,30,1769018268,minmax
1484,30,1769018268,minmax
1485,30,1769018268,minmax
1486,30,1769018268,minmax
1487,30,1769018268,minmax
1488,30,1769018268,minmax
1489,30,1769018268,minmax
1490,30,1769018268,minmax
1491,30,1769018268,minmax
1492,30,1769018268,minmax
1493,30,1769018268,minmax
1494,30,1769018268,minmax
1495,30,1769018268,minmax
1496,30,1769018268,minmax
1497,30,1769018268,minmax
1498,30,1769018268,minmax
1499,30,1769018268,minmax
1500,30,1769018268,minmax
1501,30,1769018268,minmax
1502,30,1769018268,minmax
1503,30,1769018268,minmax
1504,30,1769018268,minmax
1505,30,1769018268,minmax
1506,30,1769018268,minmax
1507,30,1769018268,minmax
1508,30,1769018268,minmax
1509,30,1769018268,minmax
1510,30,1769018268,minmax
1511,30,1769018268,minmax
1512,30,1769018268,minmax
1513,30,1769018268,minmax
1514,30,1769018268,minmax
1515,30,1769018268,minmax
1516,30,1769018268,minmax
1517,30,1769018268,minmax
1518,30,1769018268,minmax
1519,30,1769018268,minmax
1520,30,1769018268,minmax
1521,30,1769018268,minmax
1522,30,1769018268,minmax
1523,30,1769018268,minmax
1524,30,1769018268,minmax
1525,30,1769018268,minmax
1526,30,1769018268,minmax
1527,30,1769018268,minmax
1528,30,1769018268,minmax
1529,30,1769018268,minmax
1530,30,1769018268,minmax
1531,30,1769018268,minmax
1532,30,1769018268,minmax
1533,30,1769018268,minmax
1534,30,1769018268,minmax
1535,30,1769018268,minmax
1536,30,1769018268,minmax
1537,30,1769018268,minmax
1538,30,1769018268,minmax
1539,30,1769018268,minmax
1540,30,1769018268,minmax
1541,30,1769018268,minmax
1542,30,1769018268,minmax
1543,30,1769018268,minmax
1544,30,1769018268,minmax
1545,30,1769018268,minmax
1546,30,1769018268,minmax
1547,30,1769018268,minmax
1548,30,1769018268,minmax
1549,30,1769018268,minmax
1550,30,1769018268,minmax
1551,30,1769018268,minmax
1552,30,1769018268,minmax
1553,30,1769018268,minmax
1554,30,1769018268,minmax
1555,30,1769018268,minmax
1556,30,1769018268,minmax
1557,30,1769018268,minmax
1558,30,1769018268,minmax
1559,30,1769018268,minmax
1560,30,1769018268,minmax
1561,30,1769018268,minmax
1562,30,1769018268,minmax
1563,30,1769018268,minmax
1564,30,1769018268,minmax
1565,30,1769018268,minmax
1566,30,1769018268,minmax
1567,30,1769018268,minmax
1568,30,1769018268,minmax
1569,30,1769018268,minmax
1570,30,1769018268,minmax
1571,30,1769018268,minmax
1572,30,1769018268,minmax
1573,30,1769018268,minmax
1574,30,1769018268,minmax
1575,30,1769018268,minmax
1576,30,1769018268,minmax
1577,30,1769018268,minmax
1578,30,1769018268,minmax
1579,30,1769018268,minmax
1580,30,1769018268,minmax
1581,30,1769018268,minmax
1582,30,1769018268,minmax
1583,30,1769018268,minmax
1584,30,1769018268,minmax
1585,30,1769018268,minmax
1586,30,1769018268,minmax
1587,30,1769018268,minmax
1588,30,1769018268,minmax
1589,30,1769018268,minmax
1590,30,1769018268,minmax
1591,30,1769018268,minmax
1592,30,1769018268,minmax
1593,30,1769018268,minmax
1594,30,1769018268,minmax
1595,30,1769018268,minmax
1596,30,1769018268,minmax
1597,30,1769018268,minmax
1598,30,1769018268,minmax
1599,30,1769018268,minmax
1600,30,1769018268,minmax
1601,30,1769018268,minmax
1602,30,1769018268,minmax
1603,30,1769018268,minmax
1604,30,1769018268,minmax
1605,30,1769018268,minmax
1606,30,1769018268,minmax
1607,30,1769018268,minmax
1608,30,1769018268,minmax
1609,30,1769018268,minmax
1610,30,1769018268,minmax
1611,30,1769018268,minmax
1612,30,1769018268,minmax
1613,30,1769018268,minmax
1614,30,1769018268,minmax
1615,30,1769018268,minmax
1616,30,1769018268,minmax
1617,30,1769018268,minmax
1618,30,1769018268,minmax
1619,30,1769018268,minmax
1620,30,1769018268,minmax
1621,30,1769018268,minmax
1622,30,1769018268,minmax
1623,30,1769018268,minmax
1624,30,1769018268,minmax
1625,30,1769018268,minmax
1626,30,1769018268,minmax
1627,30,1769018268,minmax
1628,30,1769018268,minmax
1629,30,1769018268,minmax
1630,30,1769018268,minmax
1631,30,1769018268,minmax
1632,30,1769018268,minmax
1633,30,1769018268,minmax
1634,30,1769018268,minmax
1635,30,1769018268,minmax
1636,30,1769018268,minmax
1637,30,1769018268,minmax
1638,30,1769018268,minmax
1639,30,1769018268,minmax
1640,30,1769018268,minmax
1641,30,1769018268,minmax
1642,30,1769018268,minmax
1643,30,1769018268,minmax
1644,30,1769018268,minmax
1645,30,1769018268,minmax
1646,30,1769018268,minmax
1647,30,1769018268,minmax
1648,30,1769018268,minmax
1649,30,1769018268,minmax
1650,30,1769018268,minmax
1651,30,1769018268,minmax
1652,30,1769018268,minmax
1653,30,1769018268,minmax
1654,30,1769018268,minmax
1655,30,1769018268,minmax
1656,30,1769018268,minmax
1657,30,1769018268,minmax
1658,30,1769018268,minmax
1659,30,1769018268,minmax
1660,30,1769018268,minmax
1661,30,1769018268,minmax
1662,30,1769018268,minmax
1663,30,1769018268,minmax
1664,30,1769018268,minmax
1665,30,1769018268,minmax
1666,30,1769018268,minmax
1667,30,1769018268,minmax
1668,30,1769018268,minmax
1669,30,1769018268,minmax
1670,30,1769018268,minmax
1671,30,1769018268,minmax
1672,30,1769018268,minmax
1673,30,1769018268,minmax
1674,30,1769018268,minmax
1675,30,1769018268,minmax
1676,30,1769018268,minmax
1677,30,1769018268,minmax
1678,30,1769018268,minmax
1679,30,1769018268,minmax
1680,30,1769018268,minmax
1681,30,1769018268,minmax
1682,30,1769018268,minmax
1683,30,1769018268,minmax
1684,30,1769018268,minmax
1685,30,1769018268,minmax
1686,30,1769018268,minmax
1687,30,1769018268,minmax
1688,30,1769018268,minmax
1689,30,1769018268,minmax
1690,30,1769018268,minmax
1691,30,1769018268,minmax
1692,30,1769018268,minmax
1693,30,1769018268,minmax
1694,30,1769018268,minmax
1695,30,1769018268,minmax
1696,30,1769018268,minmax
1697,30,1769018268,minmax
1698,30,1769018268,minmax
1699,30,1769018268,minmax
1700,30,1769018268,minmax
1701,30,1769018268,minmax
1702,30,1769018268,minmax
1703,30,1769018268,minmax
1704,30,1769018268,minmax
1705,30,1769018268,minmax
1706,30,1769018268,minmax
1707,30,1769018268,minmax
1708,30,1769018268,minmax
1709,30,1769018268,minmax
1710,30,1769018268,minmax
1711,30,1769018268,minmax
1712,30,1769018268,minmax
1713,30,1769018268,minmax
1714,30,1769018268,minmax
1715,30,1769018268,minmax
1716,30,1769018268,minmax
1717,30,1769018268,minmax
1718,30,1769018268,minmax
1719,30,1769018268,minmax
1720,30,1769018268,minmax
1721,30,1769018268,minmax
1722,30,1769018268,minmax
1723,30,1769018268,minmax
1724,30,1769018268,minmax
1725,30,1769018268,minmax
1726,30,1769018268,minmax
1727,30,1769018268,minmax
1728,30,1769018268,minmax
1729,30,1769018268,minmax
1730,30,1769018268,minmax
1731,30,1769018268,minmax
1732,30,1769018268,minmax
1733,30,1769018268,minmax
1734,30,1769018268,minmax
1735,30,1769018268,minmax
1736,30,1769018268,minmax
1737,30,1769018268,minmax
1738,30,1769018268,minmax
1739,30,1769018268,minmax
1740,30,1769018268,minmax
1741,30,1769018268,minmax
1742,30,1769018268,minmax
1743,30,1769018268,minmax
1744,30,1769018268,minmax
1745,30,1769018268,minmax
1746,30,1769018268,minmax
1747,30,1769018268,minmax
1748,30,1769018268,minmax
1749,30,1769018268,minmax
1750,30,1769018268,minmax
1751,30,1769018268,minmax
1752,30,1769018268,minmax
1753,30,1769018268,minmax
1754,30,1769018268,minmax
1755,30,1769018268,minmax
1756,30,1769018268,minmax
1757,30,1769018268,minmax
1758,30,1769018268,minmax
1759,30,1769018268,minmax
1760,30,1769018268,minmax
1761,30,1769018268,minmax
1762,30,1769018268,minmax
1763,30,1769018268,minmax
1764,30,1769018268,minmax
1765,30,1769018268,minmax
1766,30,1769018268,minmax
1767,30,1769018268,minmax
1768,30,1769018268,minmax
1769,30,1769018268,minmax
1770,30,1769018268,minmax
1771,30,1769018268,minmax
1772,30,1769018268,minmax
1773,30,1769018268,minmax
1774,30,1769018268,minmax
1775,30,1769018268,minmax
1776,30,1769018268,minmax
1777,30,1769018268,minmax
1778,30,1769018268,minmax
1779,30,1769018268,minmax
1780,30,1769018268,minmax
1781,30,1769018268,minmax
1782,30,1769018268,minmax
1783,30,1769018268,minmax
1784,30,1769018268,minmax
1785,30,1769018268,minmax
1786,30,1769018268,minmax
1787,30,1769018268,minmax
1788,30,1769018268,minmax
1789,30,1769018268,minmax
1790,30,1769018268,minmax
1791,30,1769018268,minmax
1792,30,1769018268,minmax
1793,30,1769018268,minmax
1794,30,1769018268,minmax
1795,30,1769018268,minmax
1796,30,1769018268,minmax
1797,30,1769018268,minmax
1798,30,1769018268,minmax
1799,30,1769018268,minmax
1800,30,1769018268,minmax
1801,30,1769018268,minmax
1802,30,1769018268,minmax
1803,30,1769018268,minmax
1804,30,1769018268,minmax
1805,30,1769018268,minmax
1806,30,1769018268,minmax
1807,30,1769018268,minmax
1808,30,1769018268,minmax
1809,30,1769018268,minmax
1810,30,1769018268,minmax
1811,30,1769018268,minmax
1812,30,1769018268,minmax
1813,30,1769018268,minmax
1814,30,1769018268,minmax
1815,30,1769018268,minmax
1816,30,1769018268,minmax
1817,30,1769018268,minmax
1818,30,1769018268,minmax
1819,30,1769018268,minmax
1820,30,1769018268,minmax
1821,30,1769018268,minmax
1822,30,1769018268,minmax
1823,30,1769018268,minmax
1824,30,1769018268,minmax
1825,30,1769018268,minmax
1826,30,1769018268,minmax
1827,30,1769018268,minmax
1828,30,1769018268,minmax
1829,30,1769018268,minmax
1830,30,1769018268,minmax
1831,30,1769018268,minmax
1832,30,1769018268,minmax
1833,30,1769018268,minmax
1834,30,1769018268,minmax
1835,30,1769018268,minmax
1836,30,1769018268,minmax
1837,30,1769018268,minmax
1838,30,1769018268,minmax
1839,30,1769018268,minmax
1840,30,1769018268,minmax
1841,30,1769018268,minmax
1842,30,1769018268,minmax
1843,30,1769018268,minmax
1844,30,1769018268,minmax
1845,30,1769018268,minmax
1846,30,1769018268,minmax
1847,30,1769018268,minmax
1848,30,1769018268,minmax
1849,30,1769018268,minmax
1850,30,1769018268,minmax
1851,30,1769018268,minmax
1852,30,1769018268,minmax
1853,30,1769018268,minmax
1854,30,1769018268,minmax
1855,30,1769018268,minmax
1856,30,1769018268,minmax
1857,30,1769018268,minmax
1858,30,1769018268,minmax
1859,30,1769018268,minmax
1860,30,1769018268,minmax
1861,30,1769018268,minmax
1862,30,1769018268,minmax
1863,30,1769018268,minmax
1864,30,1769018268,minmax
1865,30,1769018268,minmax
1866,30,1769018268,minmax
1867,30,1769018268,minmax
1868,30,1769018268,minmax
1869,30,1769018268,minmax
1870,30,1769018268,minmax
1871,30,1769018268,minmax
1872,30,1769018268,minmax
1873,30,1769018268,minmax
1874,30,1769018268,minmax
1875,30,1769018268,minmax
1876,30,1769018268,minmax
1877,30,1769018268,minmax
1878,30,1769018268,minmax
1879,30,1769018268,minmax
1880,30,1769018268,minmax
1881,30,1769018268,minmax
1882,30,1769018268,minmax
1883,30,1769018268,minmax
1884,30,1769018268,minmax
1885,30,1769018268,minmax
1886,30,1769018268,minmax
1887,30,1769018268,minmax
1888,30,1769018268,minmax
1889,30,1769018268,minmax
1890,30,1769018268,minmax
1891,30,1769018268,minmax
1892,30,1769018268,minmax
1893,30,1769018268,minmax
1894,30,1769018268,minmax
1895,30,1769018268,minmax
1896,30,1769018268,minmax
1897,30,1769018268,minmax
1898,30,1769018268,minmax
1899,30,1769018268,minmax
1900,30,1769018268,minmax
1901,30,1769018268,minmax
1902,30,1769018268,minmax
1903,30,1769018268,minmax
1904,30,1769018268,minmax
1905,30,1769018268,minmax
1906,30,1769018268,minmax
1907,30,1769018268,minmax
1908,30,1769018268,minmax
1909,30,1769018268,minmax
1910,30,1769018268,minmax
1911,30,1769018268,minmax
1912,30,1769018268,minmax
1913,30,1769018268,minmax
1914,30,1769018268,minmax
1915,30,1769018268,minmax
1916,30,1769018268,minmax
1917,30,1769018268,minmax
1918,30,1769018268,minmax
1919,30,1769018268,minmax
1920,30,1769018268,minmax
1921,30,1769018268,minmax
1922,30,1769018268,minmax
1923,30,1769018268,minmax
1924,30,1769018268,minmax
1925,30,1769018268,minmax
1926,30,1769018268,minmax
1927,30,1769018268,minmax
1928,30,1769018268,minmax
1929,30,1769018268,minmax
1930,30,1769018268,minmax
1931,30,1769018268,minmax
1932,30,1769018268,minmax
1933,30,1769018268,minmax
1934,30,1769018268,minmax
1935,30,1769018268,minmax
1936,30,1769018268,minmax
1937,30,1769018268,minmax
1938,30,1769018268,minmax
1939,30,1769018268,minmax
1940,30,1769018268,minmax
1941,30,1769018268,minmax
1942,30,1769018268,minmax
1943,30,1769018268,minmax
1944,30,1769018268,minmax
1945,30,1769018268,minmax
1946,30,1769018268,minmax
1947,30,1769018268,minmax
1948,30,1769018268,minmax
1949,30,1769018268,minmax
1950,30,1769018268,minmax
1951,30,1769018268,minmax
1952,30,1769018268,minmax
1953,30,1769018268,minmax
1954,30,1769018268,minmax
1955,30,1769018268,minmax
1956,30,1769018268,minmax
1957,30,1769018268,minmax
1958,30,1769018268,minmax
1959,30,1769018268,minmax
1960,30,1769018268,minmax
1961,30,1769018268,minmax
1962,30,1769018268,minmax
1963,30,1769018268,minmax
1964,30,1769018268,minmax
1965,30,1769018268,minmax
1966,30,1769018268,minmax
1967,30,1769018268,minmax
1968,30,1769018268,minmax
1969,30,1769018268,minmax
1970,30,1769018268,minmax
1971,30,1769018268,minmax
1972,30,1769018268,minmax
1973,30,1769018268,minmax
1974,30,1769018268,minmax
1975,30,1769018268,minmax
1976,30,1769018268,minmax
1977,30,1769018268,minmax
1978,30,1769018268,minmax
1979,30,1769018268,minmax
1980,30,1769018268,minmax
1981,30,1769018268,minmax
1982,30,1769018268,minmax
1983,30,1769018268,minmax
1984,30,1769018268,minmax
1985,30,1769018268,minmax
1986,30,1769018268,minmax
1987,30,1769018268,minmax
1988,30,1769018268,minmax
1989,30,1769018268,minmax
1990,30,1769018268,minmax
1991,30,1769018268,minmax
1992,30,1769018268,minmax
1993,30,1769018268,minmax
1994,30,1769018268,minmax
1995,30,1769018268,minmax
1996,30,1769018268,minmax
1997,30,1769018268,minmax
1998,30,1769018268,minmax
1999,30,1769018268,minmax
2000,30,1769018268,minmax
2001,30,1769018268,minmax
