_step,ep_info/Final_position,seed,method
999,-0.3900208780830717,1802391005,Base SO RL
1999,-5.325188251175081,1802391005,Base SO RL
2999,-1.6300052612599736,1802391005,Base SO RL
3999,-6.404557607231636,1802391005,Base SO RL
4999,-4.194157435082434,1802391005,Base SO RL
5999,-0.9702477208763896,1802391005,Base SO RL
6999,-6.040157129755749,1802391005,Base SO RL
7999,-5.655160208973347,1802391005,Base SO RL
8999,4.36889973482135,1802391005,Base SO RL
9999,-0.1858431484692298,1802391005,Base SO RL
10999,-4.999868670095401,1802391005,Base SO RL
11999,-5.531094751502216,1802391005,Base SO RL
12999,-4.3097342721659455,1802391005,Base SO RL
13999,-8.39669513657379,1802391005,Base SO RL
14999,-0.4286821994733008,1802391005,Base SO RL
15999,2.8433698847110684,1802391005,Base SO RL
16999,-0.801104525168904,1802391005,Base SO RL
17999,0.8801716001403666,1802391005,Base SO RL
18999,-7.941671303509522,1802391005,Base SO RL
19999,-0.5814822075863953,1802391005,Base SO RL
20999,-2.490575717177988,1802391005,Base SO RL
21999,1.7928118288277768,1802391005,Base SO RL
22999,5.855506187107328,1802391005,Base SO RL
23999,7.071133430063501,1802391005,Base SO RL
24999,5.125895070034607,1802391005,Base SO RL
25999,9.545958997530084,1802391005,Base SO RL
26999,12.21573381121238,1802391005,Base SO RL
27999,17.730258497997244,1802391005,Base SO RL
28999,20.96742520660866,1802391005,Base SO RL
29999,24.888524980538904,1802391005,Base SO RL
30999,27.651859008828172,1802391005,Base SO RL
31999,36.4734989377978,1802391005,Base SO RL
32999,44.67197832175583,1802391005,Base SO RL
33999,9.477354885179963,1802391005,Base SO RL
34999,62.011942900941285,1802391005,Base SO RL
35999,69.04893294410924,1802391005,Base SO RL
36999,72.37836175431862,1802391005,Base SO RL
37999,35.76443793480066,1802391005,Base SO RL
38999,23.275550320000537,1802391005,Base SO RL
39999,92.28256816520197,1802391005,Base SO RL
40999,95.20914649630512,1802391005,Base SO RL
41999,95.28131619740788,1802391005,Base SO RL
42999,97.8409513253331,1802391005,Base SO RL
43999,104.52159164021536,1802391005,Base SO RL
44999,107.32335782245246,1802391005,Base SO RL
45999,108.7148907433262,1802391005,Base SO RL
46999,112.8659929209228,1802391005,Base SO RL
47999,114.2210945455786,1802391005,Base SO RL
48999,117.12536962789966,1802391005,Base SO RL
49999,121.58233246517553,1802391005,Base SO RL
50999,124.7889395987758,1802391005,Base SO RL
51999,126.60533350290378,1802391005,Base SO RL
52999,129.81565692344068,1802391005,Base SO RL
53999,132.31839506126917,1802391005,Base SO RL
54999,132.63902181516374,1802391005,Base SO RL
55999,135.60945606850325,1802391005,Base SO RL
56999,138.3723333413541,1802391005,Base SO RL
57999,140.68981747093426,1802391005,Base SO RL
58999,142.66076492185323,1802391005,Base SO RL
59999,142.36121040065618,1802391005,Base SO RL
60999,145.44332616972008,1802391005,Base SO RL
61999,147.37525379672482,1802391005,Base SO RL
62999,152.5762762347636,1802391005,Base SO RL
63999,153.13961231091326,1802391005,Base SO RL
64999,157.6565087759585,1802391005,Base SO RL
65999,157.23550456947964,1802391005,Base SO RL
66999,160.93408131205885,1802391005,Base SO RL
67999,161.06108406002733,1802391005,Base SO RL
68999,164.83951587939865,1802391005,Base SO RL
69999,164.83231619084324,1802391005,Base SO RL
70999,167.78593488245767,1802391005,Base SO RL
71999,168.9529586379114,1802391005,Base SO RL
72999,168.74095736829747,1802391005,Base SO RL
73999,168.55602065544844,1802391005,Base SO RL
74999,168.6819336679044,1802391005,Base SO RL
75999,169.19289993556083,1802391005,Base SO RL
76999,174.85733228310855,1802391005,Base SO RL
77999,169.6819811338761,1802391005,Base SO RL
78999,176.88467989291877,1802391005,Base SO RL
79999,175.50385448662112,1802391005,Base SO RL
80999,176.29538085616326,1802391005,Base SO RL
81999,177.60119291470463,1802391005,Base SO RL
82999,175.59459800650052,1802391005,Base SO RL
83999,178.20674554775485,1802391005,Base SO RL
84999,182.4793760886424,1802391005,Base SO RL
85999,186.723985478466,1802391005,Base SO RL
86999,186.42687179749475,1802391005,Base SO RL
87999,187.9804464835761,1802391005,Base SO RL
88999,186.62298644086945,1802391005,Base SO RL
89999,191.5376411789396,1802391005,Base SO RL
90999,190.4930903413044,1802391005,Base SO RL
91999,192.3670196908254,1802391005,Base SO RL
92999,195.42018521195357,1802391005,Base SO RL
93999,200.1747499099312,1802391005,Base SO RL
94999,203.06858658522688,1802391005,Base SO RL
95999,208.27788984031108,1802391005,Base SO RL
96999,210.1281800581683,1802391005,Base SO RL
97999,214.0081900197509,1802391005,Base SO RL
98999,213.6087029935132,1802391005,Base SO RL
99999,222.1822406771955,1802391005,Base SO RL
100999,222.68953835693512,1802391005,Base SO RL
101999,227.40966798207825,1802391005,Base SO RL
102999,223.56106315346312,1802391005,Base SO RL
103999,238.2350771170661,1802391005,Base SO RL
104999,240.27797092966532,1802391005,Base SO RL
105999,240.7920663584349,1802391005,Base SO RL
106999,244.25866700920608,1802391005,Base SO RL
107999,240.98190189239256,1802391005,Base SO RL
108999,241.42472561510843,1802391005,Base SO RL
109999,245.1305830930636,1802391005,Base SO RL
110999,243.08015325948767,1802391005,Base SO RL
111999,264.83512791766884,1802391005,Base SO RL
112999,261.8428904456036,1802391005,Base SO RL
113999,255.8620254108004,1802391005,Base SO RL
114999,270.4633016764642,1802391005,Base SO RL
115999,270.68048273352986,1802391005,Base SO RL
116999,273.8188857831296,1802391005,Base SO RL
117999,270.20965377381816,1802391005,Base SO RL
118999,277.71836250926174,1802391005,Base SO RL
119999,275.8727871337288,1802391005,Base SO RL
120999,283.6155173483287,1802391005,Base SO RL
121999,288.8668932497031,1802391005,Base SO RL
122999,290.3137646781872,1802391005,Base SO RL
123999,281.10374977993706,1802391005,Base SO RL
124999,295.1884434822313,1802391005,Base SO RL
125999,289.0565622667823,1802391005,Base SO RL
126999,300.636590711212,1802391005,Base SO RL
127999,294.1374183475544,1802391005,Base SO RL
128999,294.7887011621139,1802391005,Base SO RL
129999,301.3828468092967,1802391005,Base SO RL
130999,296.17183219857566,1802391005,Base SO RL
131999,307.6601696362839,1802391005,Base SO RL
132999,293.1979276157778,1802391005,Base SO RL
133999,300.98008437918514,1802391005,Base SO RL
134999,315.4670907032588,1802391005,Base SO RL
135999,317.9905055697908,1802391005,Base SO RL
136999,314.7016384446881,1802391005,Base SO RL
137999,310.53356378016446,1802391005,Base SO RL
138999,309.4438624589744,1802391005,Base SO RL
139999,320.68833581909394,1802391005,Base SO RL
140999,321.28628705856875,1802391005,Base SO RL
141999,316.7097944547639,1802391005,Base SO RL
142999,321.1775332397122,1802391005,Base SO RL
143999,320.966068737128,1802391005,Base SO RL
144999,317.0208074962459,1802391005,Base SO RL
145999,323.31389290515995,1802391005,Base SO RL
146999,318.6677989885508,1802391005,Base SO RL
147999,322.6252369663718,1802391005,Base SO RL
148999,326.4966360977803,1802391005,Base SO RL
149999,326.66531203491206,1802391005,Base SO RL
150999,329.6788779307892,1802391005,Base SO RL
151999,336.7222128431953,1802391005,Base SO RL
152999,334.03133642462427,1802391005,Base SO RL
153999,322.762396279252,1802391005,Base SO RL
154999,331.9350679482389,1802391005,Base SO RL
155999,328.98902797496646,1802391005,Base SO RL
156999,336.37706633173605,1802391005,Base SO RL
157999,340.57609311336057,1802391005,Base SO RL
158999,335.0316739689208,1802391005,Base SO RL
159999,337.41005600495964,1802391005,Base SO RL
160999,339.9368891989248,1802391005,Base SO RL
161999,335.4944760599034,1802391005,Base SO RL
162999,337.07684993393275,1802391005,Base SO RL
163999,339.5293450876732,1802391005,Base SO RL
164999,340.0468204105478,1802391005,Base SO RL
165999,341.9026823642371,1802391005,Base SO RL
166999,342.4847708866653,1802391005,Base SO RL
167999,347.0225338872706,1802391005,Base SO RL
168999,341.53789971753133,1802391005,Base SO RL
169999,342.4172320168204,1802391005,Base SO RL
170999,343.0229642624536,1802391005,Base SO RL
171999,345.15480753941364,1802391005,Base SO RL
172999,344.11823933657706,1802391005,Base SO RL
173999,344.9447101788662,1802391005,Base SO RL
174999,342.6631200391279,1802391005,Base SO RL
175999,341.692729236163,1802391005,Base SO RL
176999,343.9301598056015,1802391005,Base SO RL
177999,345.1517863418679,1802391005,Base SO RL
178999,342.3907695060488,1802391005,Base SO RL
179999,340.276353980764,1802391005,Base SO RL
180999,344.2286733496584,1802391005,Base SO RL
181999,347.3589355009665,1802391005,Base SO RL
182999,346.81412662710966,1802391005,Base SO RL
183999,352.86885590961606,1802391005,Base SO RL
184999,341.5944947880084,1802391005,Base SO RL
185999,340.94417985322406,1802391005,Base SO RL
186999,344.5755778915206,1802391005,Base SO RL
187999,351.60393872167816,1802391005,Base SO RL
188999,348.8869225002168,1802391005,Base SO RL
189999,355.1873994099353,1802391005,Base SO RL
190999,348.17354883887,1802391005,Base SO RL
191999,341.8250220277932,1802391005,Base SO RL
192999,346.6833805672118,1802391005,Base SO RL
193999,347.8372958434078,1802391005,Base SO RL
194999,349.01479104750086,1802391005,Base SO RL
195999,342.9233557961719,1802391005,Base SO RL
196999,344.1209426838612,1802391005,Base SO RL
197999,358.6033336203832,1802391005,Base SO RL
198999,349.16352660798754,1802391005,Base SO RL
199999,356.3645150895564,1802391005,Base SO RL
200999,344.88837091777924,1802391005,Base SO RL
201999,356.2026347305312,1802391005,Base SO RL
202999,345.58668902990297,1802391005,Base SO RL
203999,349.3542659262702,1802391005,Base SO RL
204999,354.39490028164687,1802391005,Base SO RL
205999,351.5900599073294,1802391005,Base SO RL
206999,356.26244962976966,1802391005,Base SO RL
207999,355.29658595562574,1802391005,Base SO RL
208999,351.9810068178886,1802391005,Base SO RL
209999,351.2162805659564,1802391005,Base SO RL
210999,351.07587076343555,1802391005,Base SO RL
211999,356.1578077459806,1802391005,Base SO RL
212999,354.94705006432434,1802391005,Base SO RL
213999,355.3557594622783,1802391005,Base SO RL
214999,353.43358219024645,1802391005,Base SO RL
215999,358.4931362311904,1802391005,Base SO RL
216999,357.13526658492657,1802391005,Base SO RL
217999,351.03983897651074,1802391005,Base SO RL
218999,343.3673617826596,1802391005,Base SO RL
219999,353.0863258653335,1802391005,Base SO RL
220999,350.5617559749171,1802391005,Base SO RL
221999,349.1086016650277,1802391005,Base SO RL
222999,361.04622302311446,1802391005,Base SO RL
223999,356.6736127992985,1802391005,Base SO RL
224999,359.3665433543944,1802391005,Base SO RL
225999,355.5784307190829,1802391005,Base SO RL
226999,360.14058772611304,1802391005,Base SO RL
227999,364.1826108500841,1802391005,Base SO RL
228999,358.87749131737445,1802391005,Base SO RL
229999,360.4096981328812,1802391005,Base SO RL
230999,360.5962031397785,1802391005,Base SO RL
231999,358.20099195280767,1802391005,Base SO RL
232999,357.7523370051809,1802391005,Base SO RL
233999,360.50412891061137,1802391005,Base SO RL
234999,361.2696663077474,1802391005,Base SO RL
235999,362.9693926191835,1802391005,Base SO RL
236999,361.39641519548127,1802391005,Base SO RL
237999,362.7044614646725,1802391005,Base SO RL
238999,350.6620119046258,1802391005,Base SO RL
239999,359.2965577248224,1802391005,Base SO RL
240999,356.56392807983826,1802391005,Base SO RL
241999,359.7091095292465,1802391005,Base SO RL
242999,364.2144753749053,1802391005,Base SO RL
243999,365.8416793495026,1802391005,Base SO RL
244999,365.6375959382938,1802391005,Base SO RL
245999,356.9083342519168,1802391005,Base SO RL
246999,363.5032558133233,1802391005,Base SO RL
247999,357.09184682800486,1802391005,Base SO RL
248999,362.8857087912324,1802391005,Base SO RL
249999,369.06573920950166,1802391005,Base SO RL
250999,370.7419751403728,1802391005,Base SO RL
251999,358.7365060506861,1802391005,Base SO RL
252999,369.3941912767047,1802391005,Base SO RL
253999,362.14246202346624,1802391005,Base SO RL
254999,367.7263596981612,1802391005,Base SO RL
255999,364.8052984092641,1802391005,Base SO RL
256999,358.97597154456616,1802391005,Base SO RL
257999,370.0478542431357,1802391005,Base SO RL
258999,372.3487849070708,1802391005,Base SO RL
259999,360.29254459918775,1802391005,Base SO RL
260999,366.3025364878881,1802391005,Base SO RL
261999,372.0554462874385,1802391005,Base SO RL
262999,372.9361484493296,1802391005,Base SO RL
263999,370.4546453364722,1802391005,Base SO RL
264999,364.9784119089662,1802391005,Base SO RL
265999,365.4949511857055,1802391005,Base SO RL
266999,369.38087493518384,1802391005,Base SO RL
267999,370.65211387482935,1802391005,Base SO RL
268999,368.0578392910748,1802391005,Base SO RL
269999,371.9048571443885,1802391005,Base SO RL
270999,367.44993545737583,1802391005,Base SO RL
271999,373.5180074322458,1802391005,Base SO RL
272999,371.3950760605354,1802391005,Base SO RL
273999,367.1631127590358,1802391005,Base SO RL
274999,367.6858045734795,1802391005,Base SO RL
275999,370.06855310624616,1802391005,Base SO RL
276999,372.7678930823342,1802391005,Base SO RL
277999,372.61244204381984,1802391005,Base SO RL
278999,367.55446021691546,1802391005,Base SO RL
279999,371.7565588617432,1802391005,Base SO RL
280999,371.5309031334329,1802391005,Base SO RL
281999,378.1674037290739,1802391005,Base SO RL
282999,373.505220745765,1802391005,Base SO RL
283999,374.77474948474,1802391005,Base SO RL
284999,373.0820841544341,1802391005,Base SO RL
285999,374.4363428806746,1802391005,Base SO RL
286999,378.26217260625447,1802391005,Base SO RL
287999,371.5804314883777,1802391005,Base SO RL
288999,375.7681403038328,1802391005,Base SO RL
289999,372.6847390253094,1802391005,Base SO RL
290999,376.32298033062506,1802391005,Base SO RL
291999,370.921384927371,1802391005,Base SO RL
292999,377.2109608727183,1802391005,Base SO RL
293999,371.427390578586,1802391005,Base SO RL
294999,370.53429408268016,1802391005,Base SO RL
295999,376.3551923040953,1802391005,Base SO RL
296999,363.7011424400204,1802391005,Base SO RL
297999,371.8961385283357,1802391005,Base SO RL
298999,373.8742600954536,1802391005,Base SO RL
299999,376.1600013390643,1802391005,Base SO RL
300999,366.2789286238659,1802391005,Base SO RL
301999,380.55691275036577,1802391005,Base SO RL
302999,376.04052970035065,1802391005,Base SO RL
303999,375.1821995361791,1802391005,Base SO RL
304999,378.0600186197236,1802391005,Base SO RL
305999,373.45117737223273,1802391005,Base SO RL
306999,375.49953637636776,1802391005,Base SO RL
307999,379.8975003782495,1802391005,Base SO RL
308999,380.478214742786,1802391005,Base SO RL
309999,380.07567786697615,1802391005,Base SO RL
310999,387.4647871798141,1802391005,Base SO RL
311999,384.2873755617068,1802391005,Base SO RL
312999,381.8940539834622,1802391005,Base SO RL
313999,378.64693768053706,1802391005,Base SO RL
314999,387.36964957586594,1802391005,Base SO RL
315999,388.7726460829276,1802391005,Base SO RL
316999,378.3986007317649,1802391005,Base SO RL
317999,386.494486131073,1802391005,Base SO RL
318999,386.8095232825776,1802391005,Base SO RL
319999,384.3216216552116,1802391005,Base SO RL
320999,387.2048615399392,1802391005,Base SO RL
321999,389.02822318050494,1802391005,Base SO RL
322999,383.5888058845368,1802391005,Base SO RL
323999,389.1198896649295,1802391005,Base SO RL
324999,389.0879439383277,1802391005,Base SO RL
325999,392.7398063877568,1802391005,Base SO RL
326999,394.4357609181045,1802391005,Base SO RL
327999,391.7642853884199,1802391005,Base SO RL
328999,390.3683755881544,1802391005,Base SO RL
329999,394.0450327676313,1802391005,Base SO RL
330999,390.64695952940303,1802391005,Base SO RL
331999,395.9606938771487,1802391005,Base SO RL
332999,390.7225380082267,1802391005,Base SO RL
333999,386.0939763020846,1802391005,Base SO RL
334999,390.8118424273124,1802391005,Base SO RL
335999,388.2637206013624,1802391005,Base SO RL
336999,397.3025999767622,1802391005,Base SO RL
337999,391.5022765279703,1802391005,Base SO RL
338999,390.5827080101966,1802391005,Base SO RL
339999,390.9020470681817,1802391005,Base SO RL
340999,392.3741107471395,1802391005,Base SO RL
341999,392.841398805668,1802391005,Base SO RL
342999,397.1199273911563,1802391005,Base SO RL
343999,397.26449584454593,1802391005,Base SO RL
344999,396.5497709330085,1802391005,Base SO RL
345999,394.180781902595,1802391005,Base SO RL
346999,403.1488750560256,1802391005,Base SO RL
347999,391.07371326169056,1802391005,Base SO RL
348999,398.8608246246424,1802391005,Base SO RL
349999,399.7233472989365,1802391005,Base SO RL
350999,390.5297059784693,1802391005,Base SO RL
351999,394.3332748652053,1802391005,Base SO RL
352999,388.6381924805998,1802391005,Base SO RL
353999,399.4414941482762,1802391005,Base SO RL
354999,397.6360282673036,1802391005,Base SO RL
355999,394.19032997289145,1802391005,Base SO RL
356999,407.96813189521214,1802391005,Base SO RL
357999,400.3053325437491,1802391005,Base SO RL
358999,394.57632805755816,1802391005,Base SO RL
359999,398.5004182707921,1802391005,Base SO RL
360999,394.4156556337346,1802391005,Base SO RL
361999,395.6015532702606,1802391005,Base SO RL
362999,398.8913930672574,1802391005,Base SO RL
363999,397.1302566008488,1802391005,Base SO RL
364999,402.4346220157246,1802391005,Base SO RL
365999,401.2542558272699,1802391005,Base SO RL
366999,408.30318216740295,1802391005,Base SO RL
367999,404.5514854564999,1802391005,Base SO RL
368999,399.12701340495096,1802391005,Base SO RL
369999,406.9118585379347,1802391005,Base SO RL
370999,405.7271566329969,1802391005,Base SO RL
371999,402.8880602687183,1802391005,Base SO RL
372999,407.1785925363686,1802391005,Base SO RL
373999,403.1095299103971,1802391005,Base SO RL
374999,405.28350095594055,1802391005,Base SO RL
375999,402.8951920646506,1802391005,Base SO RL
376999,401.6978451726495,1802391005,Base SO RL
377999,410.7934686916419,1802391005,Base SO RL
378999,404.11509768029737,1802391005,Base SO RL
379999,402.09500229938703,1802391005,Base SO RL
380999,403.8048394101952,1802391005,Base SO RL
381999,401.9344055412748,1802391005,Base SO RL
382999,385.3271022887644,1802391005,Base SO RL
383999,404.18213735288793,1802391005,Base SO RL
384999,402.0400987904154,1802391005,Base SO RL
385999,409.3566025034352,1802391005,Base SO RL
386999,406.39578005258136,1802391005,Base SO RL
387999,400.2913396581328,1802391005,Base SO RL
388999,404.1786418822901,1802391005,Base SO RL
389999,402.2148187899771,1802391005,Base SO RL
390999,388.3245188225812,1802391005,Base SO RL
391999,395.9391135260355,1802391005,Base SO RL
392999,411.1154428967626,1802391005,Base SO RL
393999,412.4856450967063,1802391005,Base SO RL
394999,403.5263198852312,1802391005,Base SO RL
395999,409.2430711660832,1802391005,Base SO RL
396999,404.6445994695799,1802391005,Base SO RL
397999,410.7870734726012,1802391005,Base SO RL
398999,413.58708382332657,1802391005,Base SO RL
399999,398.4496235453843,1802391005,Base SO RL
400999,399.4262507069744,1802391005,Base SO RL
401999,407.1807994002247,1802391005,Base SO RL
402999,406.613073657128,1802391005,Base SO RL
403999,405.1196068210911,1802391005,Base SO RL
404999,408.4131234986946,1802391005,Base SO RL
405999,408.20289707670526,1802391005,Base SO RL
406999,407.7068551443498,1802391005,Base SO RL
407999,403.93150046976393,1802391005,Base SO RL
408999,405.3438859391047,1802391005,Base SO RL
409999,408.4659928479133,1802391005,Base SO RL
410999,389.72928687027394,1802391005,Base SO RL
411999,416.1007956976633,1802391005,Base SO RL
412999,406.9867389083017,1802391005,Base SO RL
413999,412.599667170321,1802391005,Base SO RL
414999,411.5248953656858,1802391005,Base SO RL
415999,392.8185607424708,1802391005,Base SO RL
416999,414.7082439756454,1802391005,Base SO RL
417999,402.1949983172283,1802391005,Base SO RL
418999,403.8334775743705,1802391005,Base SO RL
419999,396.3658732852135,1802391005,Base SO RL
420999,409.4308852049455,1802391005,Base SO RL
421999,396.90190947574047,1802391005,Base SO RL
422999,402.08112116581367,1802391005,Base SO RL
423999,410.65484088915815,1802391005,Base SO RL
424999,408.020529020075,1802391005,Base SO RL
425999,406.5080261453067,1802391005,Base SO RL
426999,413.8375437297419,1802391005,Base SO RL
427999,414.507626191264,1802391005,Base SO RL
428999,403.0136966914307,1802391005,Base SO RL
429999,406.0155382365257,1802391005,Base SO RL
430999,405.7177308661342,1802391005,Base SO RL
431999,403.35455058259646,1802391005,Base SO RL
432999,408.1293137096095,1802391005,Base SO RL
433999,405.2948984002214,1802391005,Base SO RL
434999,412.9018649460263,1802391005,Base SO RL
435999,411.6333455351168,1802391005,Base SO RL
436999,405.1903069298944,1802391005,Base SO RL
437999,157.59104992202785,1802391005,Base SO RL
438999,401.1615023193607,1802391005,Base SO RL
439999,410.0826391949557,1802391005,Base SO RL
440999,402.9399577905243,1802391005,Base SO RL
441999,396.5621299094329,1802391005,Base SO RL
442999,415.7495225336916,1802391005,Base SO RL
443999,407.6619319984833,1802391005,Base SO RL
444999,402.8900658760065,1802391005,Base SO RL
445999,408.4926064286644,1802391005,Base SO RL
446999,415.9367341060821,1802391005,Base SO RL
447999,415.0946773062827,1802391005,Base SO RL
448999,402.2690406186656,1802391005,Base SO RL
449999,411.7603124796697,1802391005,Base SO RL
450999,411.5110409224301,1802391005,Base SO RL
451999,418.6529459555265,1802391005,Base SO RL
452999,412.1505141185222,1802391005,Base SO RL
453999,419.516958416221,1802391005,Base SO RL
454999,414.8471072387701,1802391005,Base SO RL
455999,416.4501844222274,1802391005,Base SO RL
456999,418.0316821620272,1802391005,Base SO RL
457999,405.2372446877556,1802391005,Base SO RL
458999,423.89119989011454,1802391005,Base SO RL
459999,422.9704030802814,1802391005,Base SO RL
460999,413.9850605555588,1802391005,Base SO RL
461999,416.630193541032,1802391005,Base SO RL
462999,415.0510570730745,1802391005,Base SO RL
463999,408.7949768010167,1802391005,Base SO RL
464999,419.2958758900583,1802391005,Base SO RL
465999,416.72988912586425,1802391005,Base SO RL
466999,418.639574823421,1802391005,Base SO RL
467999,416.8955520552026,1802391005,Base SO RL
468999,420.3619971958034,1802391005,Base SO RL
469999,422.3662283318354,1802391005,Base SO RL
470999,409.9174169380364,1802391005,Base SO RL
471999,412.6366750338487,1802391005,Base SO RL
472999,406.7027782926871,1802391005,Base SO RL
473999,425.2243650515192,1802391005,Base SO RL
474999,413.68279393350105,1802391005,Base SO RL
475999,407.3017165521792,1802391005,Base SO RL
476999,412.87169713698,1802391005,Base SO RL
477999,331.32682600655045,1802391005,Base SO RL
478999,413.6258916878,1802391005,Base SO RL
479999,412.3871300501162,1802391005,Base SO RL
480999,419.7581803086752,1802391005,Base SO RL
481999,419.93238536128257,1802391005,Base SO RL
482999,410.8477053394024,1802391005,Base SO RL
483999,413.56660779941296,1802391005,Base SO RL
484999,416.978569374191,1802391005,Base SO RL
485999,420.2624728274317,1802391005,Base SO RL
486999,412.1814076209583,1802391005,Base SO RL
487999,409.0561713499119,1802391005,Base SO RL
488999,401.40391247817786,1802391005,Base SO RL
489999,404.1684228769839,1802391005,Base SO RL
490999,395.7041880968739,1802391005,Base SO RL
491999,261.53985984727274,1802391005,Base SO RL
492999,389.36730498757134,1802391005,Base SO RL
493999,363.7925884876476,1802391005,Base SO RL
494999,390.1221507333104,1802391005,Base SO RL
495999,399.2156347886726,1802391005,Base SO RL
496999,392.48059134401416,1802391005,Base SO RL
497999,415.608784178077,1802391005,Base SO RL
498999,394.8738616907599,1802391005,Base SO RL
499999,406.07484039138944,1802391005,Base SO RL
999,3.1499098726235086,1802391004,Base SO RL
1999,-8.95883875204783,1802391004,Base SO RL
2999,-11.412656653879278,1802391004,Base SO RL
3999,-5.487312721823836,1802391004,Base SO RL
4999,-6.932254119374025,1802391004,Base SO RL
5999,0.0760247482382267,1802391004,Base SO RL
6999,-8.388405942260501,1802391004,Base SO RL
7999,1.2020194398285895,1802391004,Base SO RL
8999,-3.481302006455947,1802391004,Base SO RL
9999,-8.301964542311884,1802391004,Base SO RL
10999,-6.579397219199549,1802391004,Base SO RL
11999,-10.087553835826943,1802391004,Base SO RL
12999,-8.554454467753978,1802391004,Base SO RL
13999,-0.5837899958913454,1802391004,Base SO RL
14999,-10.847201878098568,1802391004,Base SO RL
15999,1.9794638357231464,1802391004,Base SO RL
16999,0.7398378021709422,1802391004,Base SO RL
17999,-2.011118653772655,1802391004,Base SO RL
18999,-1.6631401834915551,1802391004,Base SO RL
19999,-0.4549278871060335,1802391004,Base SO RL
20999,2.6101575649430333,1802391004,Base SO RL
21999,4.318178703543519,1802391004,Base SO RL
22999,7.93122815840545,1802391004,Base SO RL
23999,8.217376153917135,1802391004,Base SO RL
24999,5.729993240435421,1802391004,Base SO RL
25999,10.465895541749932,1802391004,Base SO RL
26999,13.519512417469375,1802391004,Base SO RL
27999,19.79411117675478,1802391004,Base SO RL
28999,25.934547415083983,1802391004,Base SO RL
29999,32.4156774701592,1802391004,Base SO RL
30999,36.60618071017103,1802391004,Base SO RL
31999,46.21635561913921,1802391004,Base SO RL
32999,55.28065236112536,1802391004,Base SO RL
33999,61.3473646865282,1802391004,Base SO RL
34999,52.91232397819545,1802391004,Base SO RL
35999,14.89535097938439,1802391004,Base SO RL
36999,13.906191176493506,1802391004,Base SO RL
37999,8.407422219171059,1802391004,Base SO RL
38999,25.341565258991853,1802391004,Base SO RL
39999,82.91566577475383,1802391004,Base SO RL
40999,102.99430752964214,1802391004,Base SO RL
41999,106.50932589265084,1802391004,Base SO RL
42999,111.06390757490732,1802391004,Base SO RL
43999,111.8308854778524,1802391004,Base SO RL
44999,118.6180767579607,1802391004,Base SO RL
45999,115.18212475015068,1802391004,Base SO RL
46999,120.74971260394588,1802391004,Base SO RL
47999,123.40478239473336,1802391004,Base SO RL
48999,123.83010313921878,1802391004,Base SO RL
49999,126.40243016152276,1802391004,Base SO RL
50999,128.29277685383556,1802391004,Base SO RL
51999,130.59072248341116,1802391004,Base SO RL
52999,135.2583667393566,1802391004,Base SO RL
53999,135.4051370595481,1802391004,Base SO RL
54999,140.54119017554245,1802391004,Base SO RL
55999,141.04325266983187,1802391004,Base SO RL
56999,147.7991127330686,1802391004,Base SO RL
57999,148.9502073434656,1802391004,Base SO RL
58999,147.66229294591807,1802391004,Base SO RL
59999,150.96627695009352,1802391004,Base SO RL
60999,154.48874585726293,1802391004,Base SO RL
61999,155.5210508911898,1802391004,Base SO RL
62999,158.67430006144735,1802391004,Base SO RL
63999,157.8691637582712,1802391004,Base SO RL
64999,164.6682726020394,1802391004,Base SO RL
65999,164.6444521219125,1802391004,Base SO RL
66999,168.95049096567547,1802391004,Base SO RL
67999,171.40066084784615,1802391004,Base SO RL
68999,172.3269709119663,1802391004,Base SO RL
69999,173.26378673202464,1802391004,Base SO RL
70999,174.55462872656227,1802391004,Base SO RL
71999,176.7852029791537,1802391004,Base SO RL
72999,175.58767777348172,1802391004,Base SO RL
73999,179.38350105780384,1802391004,Base SO RL
74999,180.53364813642733,1802391004,Base SO RL
75999,179.72645146756827,1802391004,Base SO RL
76999,180.3819387024469,1802391004,Base SO RL
77999,182.49456213198204,1802391004,Base SO RL
78999,182.64099017010147,1802391004,Base SO RL
79999,182.4886968223684,1802391004,Base SO RL
80999,185.3329967787173,1802391004,Base SO RL
81999,186.6794567078776,1802391004,Base SO RL
82999,194.70720575423024,1802391004,Base SO RL
83999,190.77930337855355,1802391004,Base SO RL
84999,189.86498796162863,1802391004,Base SO RL
85999,195.5353459379041,1802391004,Base SO RL
86999,199.98824162522808,1802391004,Base SO RL
87999,197.89921574430656,1802391004,Base SO RL
88999,199.37823264182015,1802391004,Base SO RL
89999,203.0178835738126,1802391004,Base SO RL
90999,202.2042626409143,1802391004,Base SO RL
91999,208.13036565365,1802391004,Base SO RL
92999,211.69322388035343,1802391004,Base SO RL
93999,206.0612726026386,1802391004,Base SO RL
94999,209.49068219650653,1802391004,Base SO RL
95999,221.3918047418576,1802391004,Base SO RL
96999,220.8866801454917,1802391004,Base SO RL
97999,219.1033535269262,1802391004,Base SO RL
98999,224.6314264433736,1802391004,Base SO RL
99999,226.9999857469109,1802391004,Base SO RL
100999,218.14105839419875,1802391004,Base SO RL
101999,230.8218522721006,1802391004,Base SO RL
102999,236.5478668050702,1802391004,Base SO RL
103999,238.4783921528367,1802391004,Base SO RL
104999,242.30783597533215,1802391004,Base SO RL
105999,249.5451247178226,1802391004,Base SO RL
106999,252.46253718510525,1802391004,Base SO RL
107999,246.26115770644537,1802391004,Base SO RL
108999,253.6880316850145,1802391004,Base SO RL
109999,261.22123414399016,1802391004,Base SO RL
110999,265.5865217347411,1802391004,Base SO RL
111999,271.75118824316763,1802391004,Base SO RL
112999,264.67411337823825,1802391004,Base SO RL
113999,275.0617609183963,1802391004,Base SO RL
114999,276.01752073329413,1802391004,Base SO RL
115999,279.7430067964638,1802391004,Base SO RL
116999,274.01170361330014,1802391004,Base SO RL
117999,276.168794717458,1802391004,Base SO RL
118999,289.80068478143176,1802391004,Base SO RL
119999,287.66148651486475,1802391004,Base SO RL
120999,290.9640317265344,1802391004,Base SO RL
121999,295.9224346344651,1802391004,Base SO RL
122999,290.6167386965391,1802391004,Base SO RL
123999,287.039910258841,1802391004,Base SO RL
124999,292.5005475095213,1802391004,Base SO RL
125999,292.98842922977866,1802391004,Base SO RL
126999,286.566510992368,1802391004,Base SO RL
127999,298.7557367925418,1802391004,Base SO RL
128999,302.8649253032647,1802391004,Base SO RL
129999,294.4490598600032,1802391004,Base SO RL
130999,298.5943254284289,1802391004,Base SO RL
131999,311.1667766097416,1802391004,Base SO RL
132999,297.4667990309407,1802391004,Base SO RL
133999,303.1418866530467,1802391004,Base SO RL
134999,307.88046770681973,1802391004,Base SO RL
135999,310.9692595133799,1802391004,Base SO RL
136999,319.06178125184266,1802391004,Base SO RL
137999,312.1632272367204,1802391004,Base SO RL
138999,315.4890430071104,1802391004,Base SO RL
139999,307.99404186336375,1802391004,Base SO RL
140999,312.4296425777324,1802391004,Base SO RL
141999,314.42235854170895,1802391004,Base SO RL
142999,244.2798142739944,1802391004,Base SO RL
143999,320.4724942018773,1802391004,Base SO RL
144999,318.2256830520358,1802391004,Base SO RL
145999,322.18632049959297,1802391004,Base SO RL
146999,309.80135280071204,1802391004,Base SO RL
147999,327.47355867797955,1802391004,Base SO RL
148999,324.120000668027,1802391004,Base SO RL
149999,321.8037028733244,1802391004,Base SO RL
150999,324.3933151096245,1802391004,Base SO RL
151999,325.4152864487664,1802391004,Base SO RL
152999,328.25438117031865,1802391004,Base SO RL
153999,323.9224011891204,1802391004,Base SO RL
154999,326.66880332151595,1802391004,Base SO RL
155999,329.76865633701266,1802391004,Base SO RL
156999,330.56376037111903,1802391004,Base SO RL
157999,330.8887821627368,1802391004,Base SO RL
158999,328.3732243939609,1802391004,Base SO RL
159999,325.22887547622327,1802391004,Base SO RL
160999,332.14981186351173,1802391004,Base SO RL
161999,328.1468312294896,1802391004,Base SO RL
162999,331.31130951131576,1802391004,Base SO RL
163999,329.53525593661027,1802391004,Base SO RL
164999,337.0556581640361,1802391004,Base SO RL
165999,339.1770155220579,1802391004,Base SO RL
166999,337.4677371571244,1802391004,Base SO RL
167999,340.554706322331,1802391004,Base SO RL
168999,334.66910088494484,1802391004,Base SO RL
169999,328.7591260136165,1802391004,Base SO RL
170999,337.91102778034883,1802391004,Base SO RL
171999,344.6537667562706,1802391004,Base SO RL
172999,329.4558313812466,1802391004,Base SO RL
173999,329.12504784042846,1802391004,Base SO RL
174999,341.9702597710925,1802391004,Base SO RL
175999,339.5171346032352,1802391004,Base SO RL
176999,338.81757076184533,1802391004,Base SO RL
177999,340.1921512608413,1802391004,Base SO RL
178999,343.5493941118335,1802391004,Base SO RL
179999,340.8709289756644,1802391004,Base SO RL
180999,336.23802016978925,1802391004,Base SO RL
181999,339.85436792483017,1802391004,Base SO RL
182999,338.5117124850677,1802391004,Base SO RL
183999,348.1882436861254,1802391004,Base SO RL
184999,341.4733315537932,1802391004,Base SO RL
185999,345.8966321837975,1802391004,Base SO RL
186999,343.41891524049583,1802391004,Base SO RL
187999,339.23913443950244,1802391004,Base SO RL
188999,343.0590771315425,1802391004,Base SO RL
189999,344.08508011314973,1802391004,Base SO RL
190999,344.5862162258563,1802391004,Base SO RL
191999,344.9677894837096,1802391004,Base SO RL
192999,343.3659813610526,1802391004,Base SO RL
193999,351.6654877198648,1802391004,Base SO RL
194999,348.0686863243156,1802391004,Base SO RL
195999,344.62423641391706,1802391004,Base SO RL
196999,342.4388716365282,1802391004,Base SO RL
197999,345.04439979020486,1802391004,Base SO RL
198999,348.8390753010547,1802391004,Base SO RL
199999,354.9842501438055,1802391004,Base SO RL
200999,341.40063396556224,1802391004,Base SO RL
201999,349.6219624814641,1802391004,Base SO RL
202999,341.5300753162838,1802391004,Base SO RL
203999,355.54697714495376,1802391004,Base SO RL
204999,349.25309656138205,1802391004,Base SO RL
205999,349.6329691222357,1802391004,Base SO RL
206999,348.91753115173015,1802391004,Base SO RL
207999,351.23205765632383,1802391004,Base SO RL
208999,354.7567028033098,1802391004,Base SO RL
209999,346.2188713475543,1802391004,Base SO RL
210999,350.3776521496804,1802391004,Base SO RL
211999,355.4506111935717,1802391004,Base SO RL
212999,353.6023543982912,1802391004,Base SO RL
213999,349.0921105897924,1802391004,Base SO RL
214999,345.59645551046776,1802391004,Base SO RL
215999,351.5605231795338,1802391004,Base SO RL
216999,354.2041994730847,1802391004,Base SO RL
217999,354.2940214445185,1802391004,Base SO RL
218999,354.4038516451394,1802391004,Base SO RL
219999,350.97330122217863,1802391004,Base SO RL
220999,345.4980343180677,1802391004,Base SO RL
221999,354.39390076982426,1802391004,Base SO RL
222999,354.3734902521429,1802391004,Base SO RL
223999,352.5505968516786,1802391004,Base SO RL
224999,347.1518408148866,1802391004,Base SO RL
225999,357.2583501972935,1802391004,Base SO RL
226999,353.6693768644682,1802391004,Base SO RL
227999,354.1532156251309,1802391004,Base SO RL
228999,360.0680299382993,1802391004,Base SO RL
229999,342.86833225685297,1802391004,Base SO RL
230999,350.76639324973587,1802391004,Base SO RL
231999,357.9846383531645,1802391004,Base SO RL
232999,356.8925521706853,1802391004,Base SO RL
233999,359.28300612458725,1802391004,Base SO RL
234999,349.1971644886562,1802391004,Base SO RL
235999,362.6758106748615,1802391004,Base SO RL
236999,340.73283240748987,1802391004,Base SO RL
237999,361.80050648951567,1802391004,Base SO RL
238999,356.6991573565893,1802391004,Base SO RL
239999,356.76260936811497,1802391004,Base SO RL
240999,354.4838688630322,1802391004,Base SO RL
241999,366.3536534147463,1802391004,Base SO RL
242999,347.2638146592645,1802391004,Base SO RL
243999,355.94195830681053,1802391004,Base SO RL
244999,353.8704904740347,1802391004,Base SO RL
245999,357.9111126975472,1802391004,Base SO RL
246999,361.2254804211035,1802391004,Base SO RL
247999,362.84387148913135,1802391004,Base SO RL
248999,361.6425289974452,1802391004,Base SO RL
249999,368.1514323130661,1802391004,Base SO RL
250999,364.48670695087,1802391004,Base SO RL
251999,359.6233962088556,1802391004,Base SO RL
252999,366.5494234154007,1802391004,Base SO RL
253999,368.2725391793294,1802391004,Base SO RL
254999,357.07224917490475,1802391004,Base SO RL
255999,359.9316890258745,1802391004,Base SO RL
256999,364.8277420246805,1802391004,Base SO RL
257999,366.1062140122128,1802391004,Base SO RL
258999,367.0795053882348,1802391004,Base SO RL
259999,371.22384531637977,1802391004,Base SO RL
260999,365.0549825408535,1802391004,Base SO RL
261999,361.9919071774949,1802391004,Base SO RL
262999,364.4392227777657,1802391004,Base SO RL
263999,366.2134879496858,1802391004,Base SO RL
264999,366.41898563273605,1802391004,Base SO RL
265999,357.1896655725345,1802391004,Base SO RL
266999,363.5375977775826,1802391004,Base SO RL
267999,370.20358714615526,1802391004,Base SO RL
268999,378.1657180704504,1802391004,Base SO RL
269999,374.83731276298863,1802391004,Base SO RL
270999,368.8778022432247,1802391004,Base SO RL
271999,363.2104225486398,1802391004,Base SO RL
272999,370.51784679890267,1802391004,Base SO RL
273999,365.1977079184584,1802391004,Base SO RL
274999,361.9215646511372,1802391004,Base SO RL
275999,369.6020892108609,1802391004,Base SO RL
276999,371.6349661650174,1802391004,Base SO RL
277999,374.4631091107931,1802391004,Base SO RL
278999,374.1917586385652,1802391004,Base SO RL
279999,361.8022076879674,1802391004,Base SO RL
280999,363.3134273787081,1802391004,Base SO RL
281999,369.6230265349938,1802391004,Base SO RL
282999,366.74447526522425,1802391004,Base SO RL
283999,367.75722046013954,1802391004,Base SO RL
284999,364.1631343219688,1802391004,Base SO RL
285999,367.7985198703034,1802391004,Base SO RL
286999,369.5009818094552,1802391004,Base SO RL
287999,364.9322788063507,1802391004,Base SO RL
288999,371.5575246347415,1802391004,Base SO RL
289999,370.1033272132164,1802391004,Base SO RL
290999,378.3060772392978,1802391004,Base SO RL
291999,361.8102981941046,1802391004,Base SO RL
292999,369.9555792718273,1802391004,Base SO RL
293999,366.979610405879,1802391004,Base SO RL
294999,372.59060520049616,1802391004,Base SO RL
295999,367.0854291275702,1802391004,Base SO RL
296999,381.2742420285445,1802391004,Base SO RL
297999,373.71564717526655,1802391004,Base SO RL
298999,376.1051074179316,1802391004,Base SO RL
299999,377.8783162323808,1802391004,Base SO RL
300999,376.1420279896392,1802391004,Base SO RL
301999,371.7904586381719,1802391004,Base SO RL
302999,373.03915642728657,1802391004,Base SO RL
303999,373.6522975121715,1802391004,Base SO RL
304999,372.3923870641566,1802391004,Base SO RL
305999,379.0209153325747,1802391004,Base SO RL
306999,380.3530562517376,1802391004,Base SO RL
307999,376.7261014235979,1802391004,Base SO RL
308999,389.41199698781793,1802391004,Base SO RL
309999,384.3209722427807,1802391004,Base SO RL
310999,379.0480964873295,1802391004,Base SO RL
311999,379.75010658822646,1802391004,Base SO RL
312999,378.81193402608335,1802391004,Base SO RL
313999,388.7230202669801,1802391004,Base SO RL
314999,389.1657795201583,1802391004,Base SO RL
315999,389.7082795169215,1802391004,Base SO RL
316999,387.944196619548,1802391004,Base SO RL
317999,390.9630568619666,1802391004,Base SO RL
318999,393.2757733654834,1802391004,Base SO RL
319999,387.0652219502277,1802391004,Base SO RL
320999,379.35864709480205,1802391004,Base SO RL
321999,400.2801982467551,1802391004,Base SO RL
322999,405.36180572397177,1802391004,Base SO RL
323999,395.37434364357694,1802391004,Base SO RL
324999,388.9413801863304,1802391004,Base SO RL
325999,399.0360953915586,1802391004,Base SO RL
326999,402.4518220033808,1802391004,Base SO RL
327999,406.09961219418574,1802391004,Base SO RL
328999,393.88616206739886,1802391004,Base SO RL
329999,390.2414437691741,1802391004,Base SO RL
330999,398.07885832365616,1802391004,Base SO RL
331999,407.9947804582284,1802391004,Base SO RL
332999,409.7371225297287,1802391004,Base SO RL
333999,406.1704606943817,1802391004,Base SO RL
334999,407.9876626685635,1802391004,Base SO RL
335999,410.2234136801412,1802391004,Base SO RL
336999,379.6918798012427,1802391004,Base SO RL
337999,403.149890106277,1802391004,Base SO RL
338999,400.8552775446345,1802391004,Base SO RL
339999,400.2777021411792,1802391004,Base SO RL
340999,406.3009426666825,1802391004,Base SO RL
341999,415.57323214759657,1802391004,Base SO RL
342999,404.26490345431193,1802391004,Base SO RL
343999,404.3364096567524,1802391004,Base SO RL
344999,397.9563401250401,1802391004,Base SO RL
345999,396.53071660663954,1802391004,Base SO RL
346999,402.2742007857733,1802391004,Base SO RL
347999,410.1890551818904,1802391004,Base SO RL
348999,400.4312497692108,1802391004,Base SO RL
349999,412.3216713643853,1802391004,Base SO RL
350999,421.0288058227025,1802391004,Base SO RL
351999,415.0710106330081,1802391004,Base SO RL
352999,420.6439158798085,1802391004,Base SO RL
353999,419.5518969067893,1802391004,Base SO RL
354999,416.1665692293462,1802391004,Base SO RL
355999,418.156824162236,1802391004,Base SO RL
356999,398.2513549877015,1802391004,Base SO RL
357999,420.06730214694807,1802391004,Base SO RL
358999,418.1164806455207,1802391004,Base SO RL
359999,425.5607776873252,1802391004,Base SO RL
360999,415.42433176976016,1802391004,Base SO RL
361999,427.0887115230068,1802391004,Base SO RL
362999,423.27280532816,1802391004,Base SO RL
363999,416.6632709072237,1802391004,Base SO RL
364999,418.6907007223197,1802391004,Base SO RL
365999,424.3183221100034,1802391004,Base SO RL
366999,409.5636406805299,1802391004,Base SO RL
367999,417.3305484949391,1802391004,Base SO RL
368999,413.68854391309736,1802391004,Base SO RL
369999,425.65583558697216,1802391004,Base SO RL
370999,411.8065662040489,1802391004,Base SO RL
371999,421.5294056681907,1802391004,Base SO RL
372999,417.8091529145126,1802391004,Base SO RL
373999,410.2660738522663,1802391004,Base SO RL
374999,408.9455707004868,1802391004,Base SO RL
375999,423.5857189713461,1802391004,Base SO RL
376999,423.6919562903653,1802391004,Base SO RL
377999,407.8873260913256,1802391004,Base SO RL
378999,426.6979585969112,1802391004,Base SO RL
379999,423.7735506999829,1802391004,Base SO RL
380999,424.8675879842171,1802391004,Base SO RL
381999,427.7292082793129,1802391004,Base SO RL
382999,433.9214113249687,1802391004,Base SO RL
383999,420.8551819523056,1802391004,Base SO RL
384999,431.3559529817103,1802391004,Base SO RL
385999,430.01456228030975,1802391004,Base SO RL
386999,413.551067772065,1802391004,Base SO RL
387999,403.3937966425097,1802391004,Base SO RL
388999,146.67782352172782,1802391004,Base SO RL
389999,425.1306072431168,1802391004,Base SO RL
390999,428.6164224152005,1802391004,Base SO RL
391999,403.9092156430201,1802391004,Base SO RL
392999,413.3850739652818,1802391004,Base SO RL
393999,415.82942126257234,1802391004,Base SO RL
394999,418.3354712384098,1802391004,Base SO RL
395999,420.7726677286482,1802391004,Base SO RL
396999,411.369295805035,1802391004,Base SO RL
397999,422.0846421965612,1802391004,Base SO RL
398999,425.105255899246,1802391004,Base SO RL
399999,422.51485428184907,1802391004,Base SO RL
400999,432.64849931585707,1802391004,Base SO RL
401999,414.34867098821945,1802391004,Base SO RL
402999,432.0660336014281,1802391004,Base SO RL
403999,439.5923551120657,1802391004,Base SO RL
404999,438.36008685018,1802391004,Base SO RL
405999,412.03516331564384,1802391004,Base SO RL
406999,432.5576791164878,1802391004,Base SO RL
407999,436.5285287227384,1802391004,Base SO RL
408999,443.3484761178961,1802391004,Base SO RL
409999,418.5702300350542,1802391004,Base SO RL
410999,428.3635205691815,1802391004,Base SO RL
411999,435.8818735710957,1802391004,Base SO RL
412999,433.26392794517926,1802391004,Base SO RL
413999,432.59799378080345,1802391004,Base SO RL
414999,442.10160190343873,1802391004,Base SO RL
415999,418.7097072884727,1802391004,Base SO RL
416999,417.74096561642574,1802391004,Base SO RL
417999,439.2572360152212,1802391004,Base SO RL
418999,447.9174490088578,1802391004,Base SO RL
419999,416.24648689165286,1802391004,Base SO RL
420999,423.2171042843238,1802391004,Base SO RL
421999,444.2760475062204,1802391004,Base SO RL
422999,431.4886071090695,1802391004,Base SO RL
423999,453.1137168733641,1802391004,Base SO RL
424999,441.5512629129012,1802391004,Base SO RL
425999,443.1655378349619,1802391004,Base SO RL
426999,454.80169679590455,1802391004,Base SO RL
427999,432.4584062336114,1802391004,Base SO RL
428999,447.07752142505865,1802391004,Base SO RL
429999,442.6622049963573,1802391004,Base SO RL
430999,430.28274786797857,1802391004,Base SO RL
431999,456.0369523308399,1802391004,Base SO RL
432999,443.99905164961314,1802391004,Base SO RL
433999,458.3359444980777,1802391004,Base SO RL
434999,449.9594062636631,1802391004,Base SO RL
435999,446.9656165636612,1802391004,Base SO RL
436999,448.2917869646176,1802391004,Base SO RL
437999,428.7963906802158,1802391004,Base SO RL
438999,445.6395462171191,1802391004,Base SO RL
439999,451.6464330349674,1802391004,Base SO RL
440999,451.2498150394912,1802391004,Base SO RL
441999,454.5815295321743,1802391004,Base SO RL
442999,436.2016993422888,1802391004,Base SO RL
443999,454.0628962958725,1802391004,Base SO RL
444999,418.2195513265735,1802391004,Base SO RL
445999,432.4918957256488,1802391004,Base SO RL
446999,441.0632817997756,1802391004,Base SO RL
447999,443.9752548913101,1802391004,Base SO RL
448999,430.44240518359607,1802391004,Base SO RL
449999,434.0981462477911,1802391004,Base SO RL
450999,441.46297226477054,1802391004,Base SO RL
451999,449.9285369946458,1802391004,Base SO RL
452999,446.1898571340608,1802391004,Base SO RL
453999,448.1377470387382,1802391004,Base SO RL
454999,425.4717798736995,1802391004,Base SO RL
455999,452.235728311126,1802391004,Base SO RL
456999,443.6902726055254,1802391004,Base SO RL
457999,439.541567840255,1802391004,Base SO RL
458999,444.2110060063662,1802391004,Base SO RL
459999,454.1534300185458,1802391004,Base SO RL
460999,448.1994219838521,1802391004,Base SO RL
461999,457.08688062748274,1802391004,Base SO RL
462999,447.3326353665021,1802391004,Base SO RL
463999,454.2471444576983,1802391004,Base SO RL
464999,444.5007470152988,1802391004,Base SO RL
465999,451.0158668072536,1802391004,Base SO RL
466999,439.81349327924937,1802391004,Base SO RL
467999,446.49606897864703,1802391004,Base SO RL
468999,441.43850191548086,1802391004,Base SO RL
469999,431.7271849971719,1802391004,Base SO RL
470999,443.2718613327199,1802391004,Base SO RL
471999,442.1765330651354,1802391004,Base SO RL
472999,433.55580021232646,1802391004,Base SO RL
473999,448.0398967522594,1802391004,Base SO RL
474999,441.8511380968145,1802391004,Base SO RL
475999,456.80109726528855,1802391004,Base SO RL
476999,448.9255780525101,1802391004,Base SO RL
477999,444.0680198584401,1802391004,Base SO RL
478999,449.6741592222058,1802391004,Base SO RL
479999,440.2191050042719,1802391004,Base SO RL
480999,449.55274159819487,1802391004,Base SO RL
481999,443.6105499955301,1802391004,Base SO RL
482999,458.50143096349626,1802391004,Base SO RL
483999,445.4745990536546,1802391004,Base SO RL
484999,455.8724215065379,1802391004,Base SO RL
485999,459.33066086393546,1802391004,Base SO RL
486999,445.5297234760869,1802391004,Base SO RL
487999,432.1438244819861,1802391004,Base SO RL
488999,434.9184783315246,1802391004,Base SO RL
489999,461.610373823472,1802391004,Base SO RL
490999,442.96596441630027,1802391004,Base SO RL
491999,453.3969298627091,1802391004,Base SO RL
492999,448.6158562355385,1802391004,Base SO RL
493999,457.504487951671,1802391004,Base SO RL
494999,454.2589671532109,1802391004,Base SO RL
495999,444.92304509402777,1802391004,Base SO RL
496999,439.80568336171234,1802391004,Base SO RL
497999,449.55976808471627,1802391004,Base SO RL
498999,455.75766209659145,1802391004,Base SO RL
499999,460.3195745977345,1802391004,Base SO RL
999,-9.694942518512894,1802391002,Base SO RL
1999,-4.99264226797483,1802391002,Base SO RL
2999,-2.7672506960641825,1802391002,Base SO RL
3999,-2.039564102462791,1802391002,Base SO RL
4999,-2.6676056433270947,1802391002,Base SO RL
5999,-2.4090594021996883,1802391002,Base SO RL
6999,-1.481712345718751,1802391002,Base SO RL
7999,0.5482426238671366,1802391002,Base SO RL
8999,-2.9380012476994346,1802391002,Base SO RL
9999,-8.108309732755574,1802391002,Base SO RL
10999,-7.152927427257134,1802391002,Base SO RL
11999,-6.688913358180882,1802391002,Base SO RL
12999,-4.93276531175694,1802391002,Base SO RL
13999,-8.463146648975862,1802391002,Base SO RL
14999,0.8220248891178462,1802391002,Base SO RL
15999,-0.9025441822276248,1802391002,Base SO RL
16999,1.099419760110812,1802391002,Base SO RL
17999,-1.7971021025399978,1802391002,Base SO RL
18999,1.1644734110232782,1802391002,Base SO RL
19999,3.052086895706045,1802391002,Base SO RL
20999,-1.2425535888207695,1802391002,Base SO RL
21999,4.142680264740092,1802391002,Base SO RL
22999,4.125077507537361,1802391002,Base SO RL
23999,8.027584817993159,1802391002,Base SO RL
24999,5.379390503606023,1802391002,Base SO RL
25999,10.09826225726795,1802391002,Base SO RL
26999,11.936875695690722,1802391002,Base SO RL
27999,18.26412972553454,1802391002,Base SO RL
28999,24.85454276888471,1802391002,Base SO RL
29999,28.1612837750829,1802391002,Base SO RL
30999,33.22379745193746,1802391002,Base SO RL
31999,45.578034208905535,1802391002,Base SO RL
32999,23.816357806700346,1802391002,Base SO RL
33999,40.86183563384648,1802391002,Base SO RL
34999,60.04132496685581,1802391002,Base SO RL
35999,42.57321149373458,1802391002,Base SO RL
36999,30.32576737977213,1802391002,Base SO RL
37999,2.8201600030542355,1802391002,Base SO RL
38999,17.209236106903226,1802391002,Base SO RL
39999,5.593532576112882,1802391002,Base SO RL
40999,85.36048332424913,1802391002,Base SO RL
41999,58.914855331530205,1802391002,Base SO RL
42999,98.71111936947418,1802391002,Base SO RL
43999,98.46127983027792,1802391002,Base SO RL
44999,105.75950676959393,1802391002,Base SO RL
45999,108.7732353107411,1802391002,Base SO RL
46999,111.63233238713984,1802391002,Base SO RL
47999,115.52146182594176,1802391002,Base SO RL
48999,117.82113878711974,1802391002,Base SO RL
49999,122.02251636717595,1802391002,Base SO RL
50999,123.65113082844412,1802391002,Base SO RL
51999,126.20138381908431,1802391002,Base SO RL
52999,128.10080864076443,1802391002,Base SO RL
53999,131.0202488960722,1802391002,Base SO RL
54999,136.08804042107164,1802391002,Base SO RL
55999,142.9647823417559,1802391002,Base SO RL
56999,143.7905366767288,1802391002,Base SO RL
57999,141.07067622501614,1802391002,Base SO RL
58999,143.38934153631408,1802391002,Base SO RL
59999,146.77815164924726,1802391002,Base SO RL
60999,146.92301521813255,1802391002,Base SO RL
61999,148.18285148461862,1802391002,Base SO RL
62999,150.5623394472802,1802391002,Base SO RL
63999,152.18375804479095,1802391002,Base SO RL
64999,158.30576766587404,1802391002,Base SO RL
65999,154.70618586608725,1802391002,Base SO RL
66999,157.58392677912153,1802391002,Base SO RL
67999,158.3552328497668,1802391002,Base SO RL
68999,162.44383998323104,1802391002,Base SO RL
69999,166.9467801140765,1802391002,Base SO RL
70999,166.59180337182974,1802391002,Base SO RL
71999,169.41007369127558,1802391002,Base SO RL
72999,172.21593479270547,1802391002,Base SO RL
73999,173.33157619832718,1802391002,Base SO RL
74999,172.66561829143373,1802391002,Base SO RL
75999,178.96659122433135,1802391002,Base SO RL
76999,181.48051584894827,1802391002,Base SO RL
77999,178.97178654919406,1802391002,Base SO RL
78999,176.9881240107742,1802391002,Base SO RL
79999,181.7040562966105,1802391002,Base SO RL
80999,184.26974468862355,1802391002,Base SO RL
81999,182.0174262945868,1802391002,Base SO RL
82999,186.09444671647373,1802391002,Base SO RL
83999,185.7521136880852,1802391002,Base SO RL
84999,183.99706972955627,1802391002,Base SO RL
85999,187.2525065264243,1802391002,Base SO RL
86999,188.90471450554853,1802391002,Base SO RL
87999,186.1683927962036,1802391002,Base SO RL
88999,183.80732432003936,1802391002,Base SO RL
89999,186.8742692434662,1802391002,Base SO RL
90999,187.38075475691429,1802391002,Base SO RL
91999,191.26990560491697,1802391002,Base SO RL
92999,191.8948765778352,1802391002,Base SO RL
93999,189.5440481095976,1802391002,Base SO RL
94999,197.613565288358,1802391002,Base SO RL
95999,197.89518258851612,1802391002,Base SO RL
96999,200.90532893622657,1802391002,Base SO RL
97999,204.77196313779217,1802391002,Base SO RL
98999,202.0016829876452,1802391002,Base SO RL
99999,209.66144297980617,1802391002,Base SO RL
100999,214.56909638240248,1802391002,Base SO RL
101999,214.17763834903215,1802391002,Base SO RL
102999,217.76077837525872,1802391002,Base SO RL
103999,221.20128889312429,1802391002,Base SO RL
104999,219.47815221740396,1802391002,Base SO RL
105999,221.23154830377948,1802391002,Base SO RL
106999,225.96636448755496,1802391002,Base SO RL
107999,224.7654214976712,1802391002,Base SO RL
108999,228.96156525979865,1802391002,Base SO RL
109999,224.4615247880588,1802391002,Base SO RL
110999,235.56746273459584,1802391002,Base SO RL
111999,233.97545445966543,1802391002,Base SO RL
112999,234.76358938585105,1802391002,Base SO RL
113999,238.074630502842,1802391002,Base SO RL
114999,246.35091616314,1802391002,Base SO RL
115999,252.73085490207487,1802391002,Base SO RL
116999,249.8529622137184,1802391002,Base SO RL
117999,249.11904815321896,1802391002,Base SO RL
118999,252.41678642521467,1802391002,Base SO RL
119999,261.14208745104435,1802391002,Base SO RL
120999,263.245526715481,1802391002,Base SO RL
121999,266.74819263661345,1802391002,Base SO RL
122999,272.7617883014665,1802391002,Base SO RL
123999,268.216882477114,1802391002,Base SO RL
124999,273.7016757197215,1802391002,Base SO RL
125999,276.3340655824638,1802391002,Base SO RL
126999,282.0404691380367,1802391002,Base SO RL
127999,280.2748962809716,1802391002,Base SO RL
128999,286.41258791803614,1802391002,Base SO RL
129999,288.14870613972295,1802391002,Base SO RL
130999,282.4407681412458,1802391002,Base SO RL
131999,284.9576615324825,1802391002,Base SO RL
132999,291.1942236644779,1802391002,Base SO RL
133999,289.6226963663518,1802391002,Base SO RL
134999,288.89530928964416,1802391002,Base SO RL
135999,287.9682920429399,1802391002,Base SO RL
136999,300.2743574503336,1802391002,Base SO RL
137999,303.8848350369213,1802391002,Base SO RL
138999,294.28505141257074,1802391002,Base SO RL
139999,305.0803917921119,1802391002,Base SO RL
140999,299.163504543796,1802391002,Base SO RL
141999,310.8074756475636,1802391002,Base SO RL
142999,304.00644623096935,1802391002,Base SO RL
143999,301.52677260608,1802391002,Base SO RL
144999,307.2739376387663,1802391002,Base SO RL
145999,307.17304841789905,1802391002,Base SO RL
146999,318.6869328154936,1802391002,Base SO RL
147999,312.9824730654046,1802391002,Base SO RL
148999,317.2332259663797,1802391002,Base SO RL
149999,308.3103284626705,1802391002,Base SO RL
150999,319.96219110515244,1802391002,Base SO RL
151999,316.51044107714176,1802391002,Base SO RL
152999,314.0491624545089,1802391002,Base SO RL
153999,329.86060016539705,1802391002,Base SO RL
154999,318.7267749339261,1802391002,Base SO RL
155999,317.49621251815574,1802391002,Base SO RL
156999,325.3509258806941,1802391002,Base SO RL
157999,322.2604434958157,1802391002,Base SO RL
158999,321.7624635684237,1802391002,Base SO RL
159999,327.4876623488381,1802391002,Base SO RL
160999,310.8533030921247,1802391002,Base SO RL
161999,324.0663433782704,1802391002,Base SO RL
162999,332.3673287605396,1802391002,Base SO RL
163999,328.2232483643425,1802391002,Base SO RL
164999,324.8793099990654,1802391002,Base SO RL
165999,324.1658282290168,1802391002,Base SO RL
166999,332.47855465074423,1802391002,Base SO RL
167999,325.5344732479515,1802391002,Base SO RL
168999,334.90440520838257,1802391002,Base SO RL
169999,335.2332471752316,1802391002,Base SO RL
170999,334.6709673969441,1802391002,Base SO RL
171999,334.7563390554514,1802391002,Base SO RL
172999,326.39964331171115,1802391002,Base SO RL
173999,332.3005346791431,1802391002,Base SO RL
174999,336.4962199491574,1802391002,Base SO RL
175999,338.3896444867879,1802391002,Base SO RL
176999,342.6416233726195,1802391002,Base SO RL
177999,338.8895099240538,1802391002,Base SO RL
178999,341.1784752564473,1802391002,Base SO RL
179999,337.90042287341026,1802391002,Base SO RL
180999,332.35937494722793,1802391002,Base SO RL
181999,342.98306562422334,1802391002,Base SO RL
182999,339.3874041220425,1802391002,Base SO RL
183999,343.7792815658036,1802391002,Base SO RL
184999,341.9495716927784,1802391002,Base SO RL
185999,341.5380581057969,1802391002,Base SO RL
186999,336.37134496192755,1802391002,Base SO RL
187999,338.0947262616955,1802391002,Base SO RL
188999,342.8141731205386,1802391002,Base SO RL
189999,347.8486532341706,1802391002,Base SO RL
190999,342.5269642072864,1802391002,Base SO RL
191999,347.28018293887584,1802391002,Base SO RL
192999,349.58541969432457,1802391002,Base SO RL
193999,346.37835524207605,1802391002,Base SO RL
194999,347.17378744572767,1802391002,Base SO RL
195999,349.243182395338,1802391002,Base SO RL
196999,349.20036457195647,1802391002,Base SO RL
197999,352.1882804332562,1802391002,Base SO RL
198999,342.5244132760289,1802391002,Base SO RL
199999,356.0508708643848,1802391002,Base SO RL
200999,352.68199366787456,1802391002,Base SO RL
201999,354.1841872516561,1802391002,Base SO RL
202999,350.21591380303647,1802391002,Base SO RL
203999,353.8283778140527,1802391002,Base SO RL
204999,357.4739381654558,1802391002,Base SO RL
205999,354.222146442979,1802391002,Base SO RL
206999,350.77026130405943,1802391002,Base SO RL
207999,359.73660219294504,1802391002,Base SO RL
208999,361.8039333100277,1802391002,Base SO RL
209999,366.95252958068784,1802391002,Base SO RL
210999,356.3064594048404,1802391002,Base SO RL
211999,354.772204832944,1802391002,Base SO RL
212999,363.4911379220671,1802391002,Base SO RL
213999,358.7405593860619,1802391002,Base SO RL
214999,364.0943999464712,1802391002,Base SO RL
215999,361.24306262801593,1802391002,Base SO RL
216999,366.32128971656095,1802391002,Base SO RL
217999,368.95269445354734,1802391002,Base SO RL
218999,367.6492010004583,1802391002,Base SO RL
219999,372.3123694725208,1802391002,Base SO RL
220999,361.3996479531465,1802391002,Base SO RL
221999,370.47196257545374,1802391002,Base SO RL
222999,363.45133653389695,1802391002,Base SO RL
223999,358.61120965242645,1802391002,Base SO RL
224999,371.2304259510675,1802391002,Base SO RL
225999,369.6109351526745,1802391002,Base SO RL
226999,371.8176242773843,1802391002,Base SO RL
227999,368.2039018405611,1802391002,Base SO RL
228999,370.7613797919123,1802391002,Base SO RL
229999,375.68809844520126,1802391002,Base SO RL
230999,378.6139321132777,1802391002,Base SO RL
231999,375.189324882855,1802391002,Base SO RL
232999,365.9325708107892,1802391002,Base SO RL
233999,374.4296467671867,1802391002,Base SO RL
234999,366.03156595501775,1802391002,Base SO RL
235999,379.0019827139569,1802391002,Base SO RL
236999,367.08703247754863,1802391002,Base SO RL
237999,364.1652662150987,1802391002,Base SO RL
238999,380.2115478857828,1802391002,Base SO RL
239999,371.75544698274143,1802391002,Base SO RL
240999,379.9675805512547,1802391002,Base SO RL
241999,372.82916024172897,1802391002,Base SO RL
242999,365.9116727825813,1802391002,Base SO RL
243999,382.6721969376943,1802391002,Base SO RL
244999,385.2706236810558,1802391002,Base SO RL
245999,374.2006662489344,1802391002,Base SO RL
246999,320.0472577968719,1802391002,Base SO RL
247999,373.39190000371343,1802391002,Base SO RL
248999,383.2751219401037,1802391002,Base SO RL
249999,372.3722515189091,1802391002,Base SO RL
250999,373.24508300708,1802391002,Base SO RL
251999,374.24432672189454,1802391002,Base SO RL
252999,381.6447266595236,1802391002,Base SO RL
253999,379.0819256282052,1802391002,Base SO RL
254999,378.6449399512624,1802391002,Base SO RL
255999,374.3012500779288,1802391002,Base SO RL
256999,372.5077395384025,1802391002,Base SO RL
257999,377.3798480410839,1802391002,Base SO RL
258999,373.4224730872917,1802391002,Base SO RL
259999,377.6172919012951,1802391002,Base SO RL
260999,378.5425564461965,1802391002,Base SO RL
261999,378.6738727094352,1802391002,Base SO RL
262999,375.83404899562936,1802391002,Base SO RL
263999,375.32827837229655,1802391002,Base SO RL
264999,379.57247472315777,1802391002,Base SO RL
265999,374.08848723989206,1802391002,Base SO RL
266999,370.12557353788935,1802391002,Base SO RL
267999,381.95730545436,1802391002,Base SO RL
268999,368.9474007570455,1802391002,Base SO RL
269999,380.3122926437869,1802391002,Base SO RL
270999,375.8335584026725,1802391002,Base SO RL
271999,381.4403530548109,1802391002,Base SO RL
272999,380.2831851208197,1802391002,Base SO RL
273999,385.63890851879165,1802391002,Base SO RL
274999,378.780683556558,1802391002,Base SO RL
275999,384.1716187683877,1802391002,Base SO RL
276999,369.2216150964609,1802391002,Base SO RL
277999,381.7602913797818,1802391002,Base SO RL
278999,387.8982696121331,1802391002,Base SO RL
279999,376.07950827712096,1802391002,Base SO RL
280999,371.6739085561187,1802391002,Base SO RL
281999,0.7820024156940089,1802391002,Base SO RL
282999,0.1072600709529798,1802391002,Base SO RL
283999,1.169891643725422,1802391002,Base SO RL
284999,1.5780681182359746,1802391002,Base SO RL
285999,0.7834107670875652,1802391002,Base SO RL
286999,0.8948727231454707,1802391002,Base SO RL
287999,1.0641335635761158,1802391002,Base SO RL
288999,0.5006778495607443,1802391002,Base SO RL
289999,0.4686225573205911,1802391002,Base SO RL
290999,0.586936373191746,1802391002,Base SO RL
291999,0.5394837410255372,1802391002,Base SO RL
292999,0.5020966535860905,1802391002,Base SO RL
293999,0.4726700858610279,1802391002,Base SO RL
294999,0.395408045847931,1802391002,Base SO RL
295999,0.6061314945290351,1802391002,Base SO RL
296999,0.671080514337484,1802391002,Base SO RL
297999,0.6946741146167541,1802391002,Base SO RL
298999,0.8614555232643475,1802391002,Base SO RL
299999,0.573033537326537,1802391002,Base SO RL
300999,0.7059963683691434,1802391002,Base SO RL
301999,0.7233990816864645,1802391002,Base SO RL
302999,0.8160175087960506,1802391002,Base SO RL
303999,0.9950606611087334,1802391002,Base SO RL
304999,355.6971260417134,1802391002,Base SO RL
305999,348.0545023042497,1802391002,Base SO RL
306999,385.4687735341983,1802391002,Base SO RL
307999,358.19595686901323,1802391002,Base SO RL
308999,364.5046840701912,1802391002,Base SO RL
309999,377.1497339820567,1802391002,Base SO RL
310999,389.913606766772,1802391002,Base SO RL
311999,389.00252765816873,1802391002,Base SO RL
312999,379.0513423393256,1802391002,Base SO RL
313999,388.507573396442,1802391002,Base SO RL
314999,383.0191989782094,1802391002,Base SO RL
315999,398.5239126816796,1802391002,Base SO RL
316999,388.4196708683251,1802391002,Base SO RL
317999,382.7892581998845,1802391002,Base SO RL
318999,383.657072212725,1802391002,Base SO RL
319999,383.9110519701416,1802391002,Base SO RL
320999,376.8254304370466,1802391002,Base SO RL
321999,362.7591341240914,1802391002,Base SO RL
322999,367.8475236904476,1802391002,Base SO RL
323999,-2.072305760919099,1802391002,Base SO RL
324999,0.7340766206505075,1802391002,Base SO RL
325999,0.3724620790204708,1802391002,Base SO RL
326999,0.6741076500936272,1802391002,Base SO RL
327999,0.6091259352222532,1802391002,Base SO RL
328999,388.8700039747935,1802391002,Base SO RL
329999,389.9299546692887,1802391002,Base SO RL
330999,384.2798940942141,1802391002,Base SO RL
331999,402.065630982608,1802391002,Base SO RL
332999,375.4185469540252,1802391002,Base SO RL
333999,398.9639597915934,1802391002,Base SO RL
334999,392.1192386877451,1802391002,Base SO RL
335999,393.8552617086428,1802391002,Base SO RL
336999,407.7920752653622,1802391002,Base SO RL
337999,403.5547993131677,1802391002,Base SO RL
338999,412.4910349299461,1802391002,Base SO RL
339999,398.44295262257225,1802391002,Base SO RL
340999,401.0371128783136,1802391002,Base SO RL
341999,416.6569743462695,1802391002,Base SO RL
342999,412.3816492094903,1802391002,Base SO RL
343999,415.54139258330014,1802391002,Base SO RL
344999,412.3226763886592,1802391002,Base SO RL
345999,413.7744366464196,1802391002,Base SO RL
346999,406.9568320239413,1802391002,Base SO RL
347999,410.99836219567055,1802391002,Base SO RL
348999,415.69220422428623,1802391002,Base SO RL
349999,406.42894787192216,1802391002,Base SO RL
350999,421.6738178212331,1802391002,Base SO RL
351999,420.0223293587496,1802391002,Base SO RL
352999,414.6195706234069,1802391002,Base SO RL
353999,421.6363574464885,1802391002,Base SO RL
354999,418.7232645113485,1802391002,Base SO RL
355999,408.1331861303036,1802391002,Base SO RL
356999,422.7678204989201,1802391002,Base SO RL
357999,420.0321387726948,1802391002,Base SO RL
358999,411.6228138047827,1802391002,Base SO RL
359999,415.9811442233449,1802391002,Base SO RL
360999,425.26816497477137,1802391002,Base SO RL
361999,433.7048601046419,1802391002,Base SO RL
362999,418.7687636133925,1802391002,Base SO RL
363999,418.0329989986664,1802391002,Base SO RL
364999,415.7273304222949,1802391002,Base SO RL
365999,421.7642299242184,1802391002,Base SO RL
366999,422.3143824421172,1802391002,Base SO RL
367999,419.014481168054,1802391002,Base SO RL
368999,433.80428260795657,1802391002,Base SO RL
369999,410.4149309506236,1802391002,Base SO RL
370999,425.9718604471536,1802391002,Base SO RL
371999,426.0874706077619,1802391002,Base SO RL
372999,428.2736912883624,1802391002,Base SO RL
373999,423.3188727466721,1802391002,Base SO RL
374999,433.0132434779732,1802391002,Base SO RL
375999,426.7946598789722,1802391002,Base SO RL
376999,422.52117603195256,1802391002,Base SO RL
377999,428.861052340927,1802391002,Base SO RL
378999,420.7687660661704,1802391002,Base SO RL
379999,424.91761680076894,1802391002,Base SO RL
380999,433.7975200085376,1802391002,Base SO RL
381999,409.0402205720623,1802391002,Base SO RL
382999,434.7860887809059,1802391002,Base SO RL
383999,429.3288763818002,1802391002,Base SO RL
384999,421.3212750380915,1802391002,Base SO RL
385999,428.0311408146928,1802391002,Base SO RL
386999,440.04304436439065,1802391002,Base SO RL
387999,430.3438299958575,1802391002,Base SO RL
388999,422.56171725414777,1802391002,Base SO RL
389999,421.1980708493717,1802391002,Base SO RL
390999,416.0485321124063,1802391002,Base SO RL
391999,422.4363649319558,1802391002,Base SO RL
392999,433.2231934490392,1802391002,Base SO RL
393999,441.5543224819099,1802391002,Base SO RL
394999,415.28527817378887,1802391002,Base SO RL
395999,438.5952130688938,1802391002,Base SO RL
396999,430.8666290271349,1802391002,Base SO RL
397999,428.9259596647098,1802391002,Base SO RL
398999,433.9127374071418,1802391002,Base SO RL
399999,433.1480651345195,1802391002,Base SO RL
400999,445.078991497608,1802391002,Base SO RL
401999,444.29525731287566,1802391002,Base SO RL
402999,438.1996797570813,1802391002,Base SO RL
403999,420.5668233410754,1802391002,Base SO RL
404999,435.303908652302,1802391002,Base SO RL
405999,412.7293700844236,1802391002,Base SO RL
406999,445.2016219467047,1802391002,Base SO RL
407999,441.17596429142657,1802391002,Base SO RL
408999,419.6378426094591,1802391002,Base SO RL
409999,430.071015585398,1802391002,Base SO RL
410999,440.679463558312,1802391002,Base SO RL
411999,443.4301830422674,1802391002,Base SO RL
412999,433.7182755231033,1802391002,Base SO RL
413999,428.8313910938778,1802391002,Base SO RL
414999,420.2902950882817,1802391002,Base SO RL
415999,408.2507631563861,1802391002,Base SO RL
416999,424.8946840986925,1802391002,Base SO RL
417999,447.7332669000253,1802391002,Base SO RL
418999,424.8408045772734,1802391002,Base SO RL
419999,437.42456986701984,1802391002,Base SO RL
420999,432.7037695045927,1802391002,Base SO RL
421999,450.5349344897609,1802391002,Base SO RL
422999,435.2907872890066,1802391002,Base SO RL
423999,434.12846775746186,1802391002,Base SO RL
424999,439.08413059489095,1802391002,Base SO RL
425999,436.18620661430566,1802391002,Base SO RL
426999,434.950516988049,1802391002,Base SO RL
427999,439.4592602350671,1802391002,Base SO RL
428999,432.5145865553832,1802391002,Base SO RL
429999,436.154596230874,1802391002,Base SO RL
430999,456.4828359023357,1802391002,Base SO RL
431999,443.46797306241655,1802391002,Base SO RL
432999,439.5905132187421,1802391002,Base SO RL
433999,441.2995194000482,1802391002,Base SO RL
434999,453.3809788106598,1802391002,Base SO RL
435999,442.24442304851897,1802391002,Base SO RL
436999,441.55551661541233,1802391002,Base SO RL
437999,426.434450772473,1802391002,Base SO RL
438999,436.4499297904348,1802391002,Base SO RL
439999,417.9955715013172,1802391002,Base SO RL
440999,438.6610081583482,1802391002,Base SO RL
441999,454.42561159424974,1802391002,Base SO RL
442999,438.9041781016277,1802391002,Base SO RL
443999,442.56561833396506,1802391002,Base SO RL
444999,446.0719349558557,1802391002,Base SO RL
445999,466.61437860752267,1802391002,Base SO RL
446999,431.9474533797524,1802391002,Base SO RL
447999,412.8195190210177,1802391002,Base SO RL
448999,437.70235001138593,1802391002,Base SO RL
449999,446.3755162614767,1802391002,Base SO RL
450999,450.71321235922113,1802391002,Base SO RL
451999,425.35615647543153,1802391002,Base SO RL
452999,432.38607085573113,1802391002,Base SO RL
453999,461.3742289574794,1802391002,Base SO RL
454999,445.83293464600064,1802391002,Base SO RL
455999,449.6620949941796,1802391002,Base SO RL
456999,449.607506411361,1802391002,Base SO RL
457999,458.4923638905823,1802391002,Base SO RL
458999,454.3481429411989,1802391002,Base SO RL
459999,452.3646341359711,1802391002,Base SO RL
460999,454.2582982684279,1802391002,Base SO RL
461999,455.39726529895546,1802391002,Base SO RL
462999,457.6260548572032,1802391002,Base SO RL
463999,447.742550508944,1802391002,Base SO RL
464999,453.217023835858,1802391002,Base SO RL
465999,442.4382994659759,1802391002,Base SO RL
466999,452.4814233043607,1802391002,Base SO RL
467999,443.89611745771344,1802391002,Base SO RL
468999,446.1361434799281,1802391002,Base SO RL
469999,457.55003308638345,1802391002,Base SO RL
470999,430.0635713355406,1802391002,Base SO RL
471999,444.7405798084205,1802391002,Base SO RL
472999,455.693720313324,1802391002,Base SO RL
473999,453.9392242570836,1802391002,Base SO RL
474999,481.1919666017878,1802391002,Base SO RL
475999,468.9635085879465,1802391002,Base SO RL
476999,451.61113865721376,1802391002,Base SO RL
477999,469.44572314509946,1802391002,Base SO RL
478999,463.7214837761119,1802391002,Base SO RL
479999,462.2055200477824,1802391002,Base SO RL
480999,461.09116314615886,1802391002,Base SO RL
481999,458.7510583375592,1802391002,Base SO RL
482999,444.9069585097432,1802391002,Base SO RL
483999,445.2414837262724,1802391002,Base SO RL
484999,470.2743591369018,1802391002,Base SO RL
485999,452.87679723012553,1802391002,Base SO RL
486999,465.9984470144868,1802391002,Base SO RL
487999,473.73374346295657,1802391002,Base SO RL
488999,471.2906272297706,1802391002,Base SO RL
489999,444.1369068653877,1802391002,Base SO RL
490999,444.43506405257176,1802391002,Base SO RL
491999,459.6577054724926,1802391002,Base SO RL
492999,472.1711020439704,1802391002,Base SO RL
493999,458.3921995316408,1802391002,Base SO RL
494999,461.1739130075379,1802391002,Base SO RL
495999,455.010536661844,1802391002,Base SO RL
496999,472.8731363068093,1802391002,Base SO RL
497999,438.5743932607212,1802391002,Base SO RL
498999,438.88288038488815,1802391002,Base SO RL
499999,437.7387451084905,1802391002,Base SO RL
999,-6.818232221933086,1802391001,Base SO RL
1999,2.8870197868971235,1802391001,Base SO RL
2999,-2.264119326616266,1802391001,Base SO RL
3999,-1.1934640773313494,1802391001,Base SO RL
4999,-8.390558966072335,1802391001,Base SO RL
5999,-1.3258264867226195,1802391001,Base SO RL
6999,-3.108088683169544,1802391001,Base SO RL
7999,-4.300287322402316,1802391001,Base SO RL
8999,-5.426414458752919,1802391001,Base SO RL
9999,-4.089112873406792,1802391001,Base SO RL
10999,0.6142810160525815,1802391001,Base SO RL
11999,-2.99576647649855,1802391001,Base SO RL
12999,0.2883652938583809,1802391001,Base SO RL
13999,-5.509644226267245,1802391001,Base SO RL
14999,-2.497029181693102,1802391001,Base SO RL
15999,-0.1709897334089017,1802391001,Base SO RL
16999,4.27611096477377,1802391001,Base SO RL
17999,-2.4270357526144752,1802391001,Base SO RL
18999,-7.799688663601573,1802391001,Base SO RL
19999,-2.7269717946327403,1802391001,Base SO RL
20999,0.5083741706079594,1802391001,Base SO RL
21999,3.3901762638016715,1802391001,Base SO RL
22999,-1.016894567651211,1802391001,Base SO RL
23999,8.844550854779785,1802391001,Base SO RL
24999,5.974393369525809,1802391001,Base SO RL
25999,3.5504964712176315,1802391001,Base SO RL
26999,12.3195420453061,1802391001,Base SO RL
27999,14.840259104427266,1802391001,Base SO RL
28999,16.96235528947701,1802391001,Base SO RL
29999,8.600159348305134,1802391001,Base SO RL
30999,31.33857964227269,1802391001,Base SO RL
31999,34.93459080064102,1802391001,Base SO RL
32999,43.48201603821547,1802391001,Base SO RL
33999,52.18757129603894,1802391001,Base SO RL
34999,57.76741083290058,1802391001,Base SO RL
35999,62.43023707316953,1802391001,Base SO RL
36999,72.15582760299665,1802391001,Base SO RL
37999,82.47911429053616,1802391001,Base SO RL
38999,91.6758085058101,1802391001,Base SO RL
39999,96.50688316748618,1802391001,Base SO RL
40999,104.82550461391422,1802391001,Base SO RL
41999,110.4576769723558,1802391001,Base SO RL
42999,109.90745704794688,1802391001,Base SO RL
43999,116.30472773730676,1802391001,Base SO RL
44999,117.83424156886424,1802391001,Base SO RL
45999,120.32218400853571,1802391001,Base SO RL
46999,123.96008715811584,1802391001,Base SO RL
47999,126.1560742430979,1802391001,Base SO RL
48999,131.70238856331406,1802391001,Base SO RL
49999,129.4529418636419,1802391001,Base SO RL
50999,130.39584114766024,1802391001,Base SO RL
51999,134.0799863917706,1802391001,Base SO RL
52999,133.87692592064568,1802391001,Base SO RL
53999,137.63129281026733,1802391001,Base SO RL
54999,136.54520176590842,1802391001,Base SO RL
55999,143.06135272911095,1802391001,Base SO RL
56999,143.78074800493465,1802391001,Base SO RL
57999,145.16472261116937,1802391001,Base SO RL
58999,146.0028728299135,1802391001,Base SO RL
59999,147.30677895257568,1802391001,Base SO RL
60999,150.15333020805284,1802391001,Base SO RL
61999,151.83280439879704,1802391001,Base SO RL
62999,152.0167687953821,1802391001,Base SO RL
63999,155.6591084557899,1802391001,Base SO RL
64999,156.2134097367463,1802391001,Base SO RL
65999,156.9100834965091,1802391001,Base SO RL
66999,156.93869834573889,1802391001,Base SO RL
67999,157.05795506366178,1802391001,Base SO RL
68999,161.3084166565952,1802391001,Base SO RL
69999,163.07764343244506,1802391001,Base SO RL
70999,161.78239870832914,1802391001,Base SO RL
71999,165.85032002942785,1802391001,Base SO RL
72999,168.30056248796384,1802391001,Base SO RL
73999,167.55939174164408,1802391001,Base SO RL
74999,170.44331887387384,1802391001,Base SO RL
75999,169.36969890150087,1802391001,Base SO RL
76999,170.6211121285458,1802391001,Base SO RL
77999,174.7164191795135,1802391001,Base SO RL
78999,173.3447910063617,1802391001,Base SO RL
79999,173.66182583916142,1802391001,Base SO RL
80999,176.16898549779532,1802391001,Base SO RL
81999,177.47507895037964,1802391001,Base SO RL
82999,178.100214323035,1802391001,Base SO RL
83999,181.72673717197168,1802391001,Base SO RL
84999,179.96697781836087,1802391001,Base SO RL
85999,181.6762866362632,1802391001,Base SO RL
86999,183.8022211953947,1802391001,Base SO RL
87999,182.77407904467785,1802391001,Base SO RL
88999,185.9912494584208,1802391001,Base SO RL
89999,186.02675016711916,1802391001,Base SO RL
90999,186.46460567237503,1802391001,Base SO RL
91999,188.0786790916066,1802391001,Base SO RL
92999,188.5401081406618,1802391001,Base SO RL
93999,191.47627372100695,1802391001,Base SO RL
94999,186.75340973727705,1802391001,Base SO RL
95999,198.24768133885024,1802391001,Base SO RL
96999,199.2219842343428,1802391001,Base SO RL
97999,205.8442090925444,1802391001,Base SO RL
98999,202.45683679728177,1802391001,Base SO RL
99999,202.18943980982723,1802391001,Base SO RL
100999,206.15112721474895,1802391001,Base SO RL
101999,212.9377874362662,1802391001,Base SO RL
102999,210.8451764456512,1802391001,Base SO RL
103999,220.54582485037187,1802391001,Base SO RL
104999,222.30905922579973,1802391001,Base SO RL
105999,225.35168913776195,1802391001,Base SO RL
106999,228.06635072757624,1802391001,Base SO RL
107999,226.97011327647124,1802391001,Base SO RL
108999,232.6491584798988,1802391001,Base SO RL
109999,235.8352769416443,1802391001,Base SO RL
110999,239.64824069547132,1802391001,Base SO RL
111999,240.97283790546055,1802391001,Base SO RL
112999,234.47896461188853,1802391001,Base SO RL
113999,236.52471530446903,1802391001,Base SO RL
114999,245.37069429729252,1802391001,Base SO RL
115999,242.8611580503096,1802391001,Base SO RL
116999,259.73701750241474,1802391001,Base SO RL
117999,259.1081557395436,1802391001,Base SO RL
118999,262.1508429198994,1802391001,Base SO RL
119999,256.2317933434179,1802391001,Base SO RL
120999,269.956973978958,1802391001,Base SO RL
121999,268.7036098608259,1802391001,Base SO RL
122999,271.0504643170772,1802391001,Base SO RL
123999,272.31503151753725,1802391001,Base SO RL
124999,270.2138907162557,1802391001,Base SO RL
125999,273.8430201254833,1802391001,Base SO RL
126999,277.2430417907975,1802391001,Base SO RL
127999,285.09756977623795,1802391001,Base SO RL
128999,290.23294461389224,1802391001,Base SO RL
129999,287.1095253235049,1802391001,Base SO RL
130999,295.8922705754684,1802391001,Base SO RL
131999,285.7229878659431,1802391001,Base SO RL
132999,287.4756897740684,1802391001,Base SO RL
133999,293.8696210795886,1802391001,Base SO RL
134999,302.64440196267816,1802391001,Base SO RL
135999,294.1877669662936,1802391001,Base SO RL
136999,313.46616809921954,1802391001,Base SO RL
137999,298.5304678008299,1802391001,Base SO RL
138999,305.88091626056035,1802391001,Base SO RL
139999,317.85684866954267,1802391001,Base SO RL
140999,305.70763553984904,1802391001,Base SO RL
141999,316.4440364229953,1802391001,Base SO RL
142999,313.88300969839486,1802391001,Base SO RL
143999,315.0642928185411,1802391001,Base SO RL
144999,314.18715549699203,1802391001,Base SO RL
145999,312.9216138897723,1802391001,Base SO RL
146999,321.59836130233253,1802391001,Base SO RL
147999,323.4462890168642,1802391001,Base SO RL
148999,309.8390888079084,1802391001,Base SO RL
149999,327.5455978707414,1802391001,Base SO RL
150999,314.9795551290486,1802391001,Base SO RL
151999,321.64549262840694,1802391001,Base SO RL
152999,317.64538002888395,1802391001,Base SO RL
153999,324.3153283932454,1802391001,Base SO RL
154999,324.9801996946054,1802391001,Base SO RL
155999,319.4221820086015,1802391001,Base SO RL
156999,324.45952488348576,1802391001,Base SO RL
157999,322.01365601181163,1802391001,Base SO RL
158999,325.0468977676759,1802391001,Base SO RL
159999,325.91865121053195,1802391001,Base SO RL
160999,325.9080351828482,1802391001,Base SO RL
161999,323.1695829544844,1802391001,Base SO RL
162999,334.58935370898485,1802391001,Base SO RL
163999,339.18453051668155,1802391001,Base SO RL
164999,332.8164826852038,1802391001,Base SO RL
165999,324.4732343260615,1802391001,Base SO RL
166999,330.14899521796605,1802391001,Base SO RL
167999,333.2459362926044,1802391001,Base SO RL
168999,324.8675520250478,1802391001,Base SO RL
169999,330.8315936979211,1802391001,Base SO RL
170999,333.9653902937015,1802391001,Base SO RL
171999,336.1494679885612,1802391001,Base SO RL
172999,332.8292788231678,1802391001,Base SO RL
173999,341.2688559584683,1802391001,Base SO RL
174999,327.8907283406078,1802391001,Base SO RL
175999,332.5887840378735,1802391001,Base SO RL
176999,338.2078027666371,1802391001,Base SO RL
177999,338.14147471252903,1802391001,Base SO RL
178999,337.39306837761296,1802391001,Base SO RL
179999,341.66516728037453,1802391001,Base SO RL
180999,336.8432989236442,1802391001,Base SO RL
181999,343.1955925271306,1802391001,Base SO RL
182999,334.0536534289029,1802391001,Base SO RL
183999,325.8565438495444,1802391001,Base SO RL
184999,335.81854053059686,1802391001,Base SO RL
185999,332.19989003103257,1802391001,Base SO RL
186999,338.3945469284242,1802391001,Base SO RL
187999,335.5892521193505,1802391001,Base SO RL
188999,332.10028020324285,1802391001,Base SO RL
189999,340.4592197171346,1802391001,Base SO RL
190999,340.2303069664817,1802391001,Base SO RL
191999,343.585156666354,1802391001,Base SO RL
192999,340.86773408435187,1802391001,Base SO RL
193999,333.48715495121104,1802391001,Base SO RL
194999,339.69983101725006,1802391001,Base SO RL
195999,340.687454273772,1802391001,Base SO RL
196999,333.282903467921,1802391001,Base SO RL
197999,349.15088341840175,1802391001,Base SO RL
198999,339.333786590094,1802391001,Base SO RL
199999,339.34736828659794,1802391001,Base SO RL
200999,345.77838474248205,1802391001,Base SO RL
201999,346.3048231604056,1802391001,Base SO RL
202999,343.2611923824969,1802391001,Base SO RL
203999,338.08865915446336,1802391001,Base SO RL
204999,340.70823034990286,1802391001,Base SO RL
205999,346.2777865932305,1802391001,Base SO RL
206999,346.193382416817,1802391001,Base SO RL
207999,351.2576474735749,1802391001,Base SO RL
208999,343.942461333358,1802391001,Base SO RL
209999,340.58326678176167,1802391001,Base SO RL
210999,350.76110666747724,1802391001,Base SO RL
211999,349.39401903648604,1802391001,Base SO RL
212999,344.61709836740926,1802391001,Base SO RL
213999,348.77201424084274,1802391001,Base SO RL
214999,348.3865985603998,1802391001,Base SO RL
215999,350.4114264365376,1802391001,Base SO RL
216999,348.2444240064349,1802391001,Base SO RL
217999,346.438260353187,1802391001,Base SO RL
218999,349.2777494338567,1802391001,Base SO RL
219999,343.3388573010837,1802391001,Base SO RL
220999,345.7776542876209,1802391001,Base SO RL
221999,352.6364521526972,1802391001,Base SO RL
222999,343.1352215931856,1802391001,Base SO RL
223999,348.6981613470413,1802391001,Base SO RL
224999,358.4109943238303,1802391001,Base SO RL
225999,341.23870046213466,1802391001,Base SO RL
226999,349.522300189015,1802391001,Base SO RL
227999,349.1312396716455,1802391001,Base SO RL
228999,339.8089806651966,1802391001,Base SO RL
229999,352.27054737435736,1802391001,Base SO RL
230999,347.35998732085875,1802391001,Base SO RL
231999,274.3549579510748,1802391001,Base SO RL
232999,354.3380429295515,1802391001,Base SO RL
233999,349.15504309139646,1802391001,Base SO RL
234999,352.66104577797364,1802391001,Base SO RL
235999,358.1980689917041,1802391001,Base SO RL
236999,366.992604890038,1802391001,Base SO RL
237999,361.0965823910128,1802391001,Base SO RL
238999,354.86482145636967,1802391001,Base SO RL
239999,355.1853742659343,1802391001,Base SO RL
240999,362.8797028971813,1802391001,Base SO RL
241999,365.4264803401418,1802391001,Base SO RL
242999,363.6933507859005,1802391001,Base SO RL
243999,366.9982456389948,1802391001,Base SO RL
244999,362.0639902628329,1802391001,Base SO RL
245999,350.44655999742486,1802391001,Base SO RL
246999,368.0433753876326,1802391001,Base SO RL
247999,362.1627795633023,1802391001,Base SO RL
248999,365.6231067715168,1802391001,Base SO RL
249999,364.28199541300864,1802391001,Base SO RL
250999,368.60361948800994,1802391001,Base SO RL
251999,354.8984620340729,1802391001,Base SO RL
252999,366.3190212920409,1802391001,Base SO RL
253999,364.44834371171567,1802391001,Base SO RL
254999,370.2594970936369,1802391001,Base SO RL
255999,374.895427589363,1802391001,Base SO RL
256999,367.4288059387716,1802391001,Base SO RL
257999,372.85329550393385,1802391001,Base SO RL
258999,379.7940918927993,1802391001,Base SO RL
259999,368.01602623825534,1802391001,Base SO RL
260999,373.2269671097052,1802391001,Base SO RL
261999,363.08540306033257,1802391001,Base SO RL
262999,374.8366809680716,1802391001,Base SO RL
263999,369.2318280662199,1802391001,Base SO RL
264999,371.1763412133079,1802391001,Base SO RL
265999,378.3914476536676,1802391001,Base SO RL
266999,206.6343196013155,1802391001,Base SO RL
267999,374.4920555749365,1802391001,Base SO RL
268999,367.6978925760674,1802391001,Base SO RL
269999,379.538501356824,1802391001,Base SO RL
270999,383.5890646804893,1802391001,Base SO RL
271999,375.2378079419108,1802391001,Base SO RL
272999,372.7265360512762,1802391001,Base SO RL
273999,382.944937850977,1802391001,Base SO RL
274999,376.3042612908518,1802391001,Base SO RL
275999,382.8439659612293,1802391001,Base SO RL
276999,385.5082060966916,1802391001,Base SO RL
277999,377.548693448486,1802391001,Base SO RL
278999,376.38992793767534,1802391001,Base SO RL
279999,377.9737144130982,1802391001,Base SO RL
280999,378.6761347992149,1802391001,Base SO RL
281999,386.0399468903745,1802391001,Base SO RL
282999,386.70406093656686,1802391001,Base SO RL
283999,381.3076925642752,1802391001,Base SO RL
284999,363.3392257669212,1802391001,Base SO RL
285999,389.6958637784611,1802391001,Base SO RL
286999,383.44336773827774,1802391001,Base SO RL
287999,372.9337899427102,1802391001,Base SO RL
288999,390.938368009094,1802391001,Base SO RL
289999,389.8809931352633,1802391001,Base SO RL
290999,389.9462769622209,1802391001,Base SO RL
291999,383.7945969319025,1802391001,Base SO RL
292999,393.287207145122,1802391001,Base SO RL
293999,391.5142962028623,1802391001,Base SO RL
294999,398.73406768850816,1802391001,Base SO RL
295999,393.8121460337819,1802391001,Base SO RL
296999,395.2799196692656,1802391001,Base SO RL
297999,398.3183727409111,1802391001,Base SO RL
298999,382.1229269823928,1802391001,Base SO RL
299999,395.938901263072,1802391001,Base SO RL
300999,397.8522028668102,1802391001,Base SO RL
301999,400.5211721384392,1802391001,Base SO RL
302999,400.5428549847132,1802391001,Base SO RL
303999,400.4551408861224,1802391001,Base SO RL
304999,392.4721211283523,1802391001,Base SO RL
305999,400.2869955754029,1802391001,Base SO RL
306999,403.9581469046639,1802391001,Base SO RL
307999,402.09641399083546,1802391001,Base SO RL
308999,401.5114950982064,1802391001,Base SO RL
309999,395.6625275210004,1802391001,Base SO RL
310999,411.4400409865017,1802391001,Base SO RL
311999,410.7130823673016,1802391001,Base SO RL
312999,409.3697498023716,1802391001,Base SO RL
313999,397.9132909227434,1802391001,Base SO RL
314999,415.46976997206167,1802391001,Base SO RL
315999,415.6341727405468,1802391001,Base SO RL
316999,400.55590245998746,1802391001,Base SO RL
317999,402.4844271595991,1802391001,Base SO RL
318999,415.7268740149608,1802391001,Base SO RL
319999,423.17774890355406,1802391001,Base SO RL
320999,406.296582896915,1802391001,Base SO RL
321999,401.5407085169513,1802391001,Base SO RL
322999,417.4664315692108,1802391001,Base SO RL
323999,419.6782491117562,1802391001,Base SO RL
324999,418.9710020488347,1802391001,Base SO RL
325999,425.7574238703639,1802391001,Base SO RL
326999,405.6449815898392,1802391001,Base SO RL
327999,407.29717948972745,1802391001,Base SO RL
328999,407.5420685618676,1802391001,Base SO RL
329999,410.9583552965938,1802391001,Base SO RL
330999,414.5439577571907,1802391001,Base SO RL
331999,395.5010677874451,1802391001,Base SO RL
332999,419.9521706240822,1802391001,Base SO RL
333999,413.5180050634213,1802391001,Base SO RL
334999,415.7350512585962,1802391001,Base SO RL
335999,400.927187558538,1802391001,Base SO RL
336999,422.5392592501865,1802391001,Base SO RL
337999,424.2782310464253,1802391001,Base SO RL
338999,414.9202750691957,1802391001,Base SO RL
339999,407.3182465289235,1802391001,Base SO RL
340999,413.2290739536446,1802391001,Base SO RL
341999,423.5116446506135,1802391001,Base SO RL
342999,435.621463633033,1802391001,Base SO RL
343999,423.7656283796574,1802391001,Base SO RL
344999,414.3315472762365,1802391001,Base SO RL
345999,432.8639611665812,1802391001,Base SO RL
346999,429.605314285439,1802391001,Base SO RL
347999,431.8932571077351,1802391001,Base SO RL
348999,439.2518932012528,1802391001,Base SO RL
349999,428.66969243617336,1802391001,Base SO RL
350999,419.8226077626079,1802391001,Base SO RL
351999,431.110782960334,1802391001,Base SO RL
352999,424.6218588841738,1802391001,Base SO RL
353999,428.72333333164585,1802391001,Base SO RL
354999,416.5922111570096,1802391001,Base SO RL
355999,438.9148024912587,1802391001,Base SO RL
356999,429.9267597552422,1802391001,Base SO RL
357999,424.6653592479247,1802391001,Base SO RL
358999,439.90956006556166,1802391001,Base SO RL
359999,440.8737988312672,1802391001,Base SO RL
360999,427.2770681508957,1802391001,Base SO RL
361999,430.12320793174223,1802391001,Base SO RL
362999,427.164424587132,1802391001,Base SO RL
363999,431.9958695984213,1802391001,Base SO RL
364999,449.74571668993815,1802391001,Base SO RL
365999,447.0388078888009,1802391001,Base SO RL
366999,416.8197921512832,1802391001,Base SO RL
367999,431.4619457989053,1802391001,Base SO RL
368999,453.54675708208026,1802391001,Base SO RL
369999,433.1535343430815,1802391001,Base SO RL
370999,424.7194238113216,1802391001,Base SO RL
371999,444.253869195678,1802391001,Base SO RL
372999,437.42988206257206,1802391001,Base SO RL
373999,440.5925674480056,1802391001,Base SO RL
374999,432.44151848261424,1802391001,Base SO RL
375999,451.63318872111466,1802391001,Base SO RL
376999,445.133298431956,1802391001,Base SO RL
377999,450.4266411650825,1802391001,Base SO RL
378999,447.23261349315214,1802391001,Base SO RL
379999,451.8912969767148,1802391001,Base SO RL
380999,439.9938134471532,1802391001,Base SO RL
381999,444.404561860876,1802391001,Base SO RL
382999,447.4695698942684,1802391001,Base SO RL
383999,435.63305763890617,1802391001,Base SO RL
384999,450.06264482898416,1802391001,Base SO RL
385999,433.1824472306345,1802391001,Base SO RL
386999,445.4727616200249,1802391001,Base SO RL
387999,447.1544796048081,1802391001,Base SO RL
388999,448.0087407669401,1802391001,Base SO RL
389999,437.8945284744426,1802391001,Base SO RL
390999,460.1022802361443,1802391001,Base SO RL
391999,449.07668464252527,1802391001,Base SO RL
392999,459.7606002085537,1802391001,Base SO RL
393999,469.0701961988962,1802391001,Base SO RL
394999,449.7780121348468,1802391001,Base SO RL
395999,469.6976710905315,1802391001,Base SO RL
396999,463.5761458557928,1802391001,Base SO RL
397999,435.2080247399748,1802391001,Base SO RL
398999,453.6257899760421,1802391001,Base SO RL
399999,467.585585526166,1802391001,Base SO RL
400999,450.1562638048866,1802391001,Base SO RL
401999,464.6582618533344,1802391001,Base SO RL
402999,467.7958193587841,1802391001,Base SO RL
403999,461.37456630531744,1802391001,Base SO RL
404999,465.862397656526,1802391001,Base SO RL
405999,457.4571958278055,1802391001,Base SO RL
406999,465.8335972026673,1802391001,Base SO RL
407999,451.93980010678246,1802391001,Base SO RL
408999,460.2462770099867,1802391001,Base SO RL
409999,466.4465501698903,1802391001,Base SO RL
410999,457.5693161857111,1802391001,Base SO RL
411999,465.8770659395376,1802391001,Base SO RL
412999,451.8131274088296,1802391001,Base SO RL
413999,470.4635813201188,1802391001,Base SO RL
414999,459.9458029799331,1802391001,Base SO RL
415999,465.6630623674325,1802391001,Base SO RL
416999,468.3401342929741,1802391001,Base SO RL
417999,467.7322950863497,1802391001,Base SO RL
418999,444.1568225474038,1802391001,Base SO RL
419999,453.72570249641984,1802391001,Base SO RL
420999,469.0236601198206,1802391001,Base SO RL
421999,457.2842539540391,1802391001,Base SO RL
422999,448.2953095562421,1802391001,Base SO RL
423999,456.4321073544389,1802391001,Base SO RL
424999,425.2651833561041,1802391001,Base SO RL
425999,426.6425985615975,1802391001,Base SO RL
426999,458.4995066496838,1802391001,Base SO RL
427999,428.85629512970047,1802391001,Base SO RL
428999,462.16548270988415,1802391001,Base SO RL
429999,467.5684032962496,1802391001,Base SO RL
430999,447.88223790502224,1802391001,Base SO RL
431999,435.9928706781964,1802391001,Base SO RL
432999,466.7978981695805,1802391001,Base SO RL
433999,447.7241423838666,1802391001,Base SO RL
434999,435.6164937501887,1802391001,Base SO RL
435999,448.13299143206575,1802391001,Base SO RL
436999,454.8260894594075,1802391001,Base SO RL
437999,469.5078910924005,1802391001,Base SO RL
438999,453.94125343492215,1802391001,Base SO RL
439999,447.3390918285487,1802391001,Base SO RL
440999,460.5958483948712,1802391001,Base SO RL
441999,462.4515612812594,1802391001,Base SO RL
442999,465.4161170834021,1802391001,Base SO RL
443999,478.0593829247583,1802391001,Base SO RL
444999,461.9661630323187,1802391001,Base SO RL
445999,458.610172514964,1802391001,Base SO RL
446999,453.2970739673744,1802391001,Base SO RL
447999,474.2725991308717,1802391001,Base SO RL
448999,455.1131272117005,1802391001,Base SO RL
449999,460.1649626885296,1802391001,Base SO RL
450999,457.6005294683745,1802391001,Base SO RL
451999,465.8138391436932,1802391001,Base SO RL
452999,463.8817908470366,1802391001,Base SO RL
453999,457.2846998896949,1802391001,Base SO RL
454999,459.0544031740186,1802391001,Base SO RL
455999,458.3796271048319,1802391001,Base SO RL
456999,455.47568104624816,1802391001,Base SO RL
457999,461.6327987883925,1802391001,Base SO RL
458999,459.1046663219915,1802391001,Base SO RL
459999,482.3537198177768,1802391001,Base SO RL
460999,453.9543885991946,1802391001,Base SO RL
461999,446.8010255368779,1802391001,Base SO RL
462999,481.4405313625343,1802391001,Base SO RL
463999,460.8460888622969,1802391001,Base SO RL
464999,482.5531832583015,1802391001,Base SO RL
465999,474.47127701434135,1802391001,Base SO RL
466999,454.0867350815393,1802391001,Base SO RL
467999,453.8041371660752,1802391001,Base SO RL
468999,473.9163048833494,1802391001,Base SO RL
469999,479.6637690213084,1802391001,Base SO RL
470999,470.4820771108319,1802391001,Base SO RL
471999,467.76611572237545,1802391001,Base SO RL
472999,459.4906839821169,1802391001,Base SO RL
473999,464.2326759272128,1802391001,Base SO RL
474999,419.1999736973844,1802391001,Base SO RL
475999,462.2827842208396,1802391001,Base SO RL
476999,454.4434805560002,1802391001,Base SO RL
477999,463.3945789180134,1802391001,Base SO RL
478999,451.8030017062396,1802391001,Base SO RL
479999,471.70762864502535,1802391001,Base SO RL
480999,464.463374116955,1802391001,Base SO RL
481999,462.6341783506349,1802391001,Base SO RL
482999,453.7990971400593,1802391001,Base SO RL
483999,475.4608902017888,1802391001,Base SO RL
484999,462.5827284066912,1802391001,Base SO RL
485999,458.4022158876612,1802391001,Base SO RL
486999,465.0833927488688,1802391001,Base SO RL
487999,467.2615146487321,1802391001,Base SO RL
488999,458.9270570806742,1802391001,Base SO RL
489999,475.5723257590309,1802391001,Base SO RL
490999,480.1879019522016,1802391001,Base SO RL
491999,461.6695623115693,1802391001,Base SO RL
492999,483.8721451524194,1802391001,Base SO RL
493999,467.5461339680223,1802391001,Base SO RL
494999,475.0654277341063,1802391001,Base SO RL
495999,470.22583096029314,1802391001,Base SO RL
496999,484.2240037920516,1802391001,Base SO RL
497999,485.9509515182021,1802391001,Base SO RL
498999,469.1993736533581,1802391001,Base SO RL
499999,451.37598592282745,1802391001,Base SO RL
999,-3.9673353339623416,1802391003,Base SO RL
1999,-4.803901329350056,1802391003,Base SO RL
2999,-2.472122113708499,1802391003,Base SO RL
3999,-4.323863799397159,1802391003,Base SO RL
4999,2.820758405982032,1802391003,Base SO RL
5999,-2.5520496199255445,1802391003,Base SO RL
6999,-7.540556214290994,1802391003,Base SO RL
7999,-6.723257149134279,1802391003,Base SO RL
8999,1.275226740843434,1802391003,Base SO RL
9999,0.9010696923867416,1802391003,Base SO RL
10999,-5.0818354798515735,1802391003,Base SO RL
11999,-1.3623511190651512,1802391003,Base SO RL
12999,-7.076868440895851,1802391003,Base SO RL
13999,-7.717211434703587,1802391003,Base SO RL
14999,-2.4766236938034942,1802391003,Base SO RL
15999,-4.99978626598263,1802391003,Base SO RL
16999,-4.952224290151547,1802391003,Base SO RL
17999,3.958028405797148,1802391003,Base SO RL
18999,2.493553489285507,1802391003,Base SO RL
19999,-1.6320135062986514,1802391003,Base SO RL
20999,2.6998980323246875,1802391003,Base SO RL
21999,0.6482585191089464,1802391003,Base SO RL
22999,3.3108382499690667,1802391003,Base SO RL
23999,4.149018445334634,1802391003,Base SO RL
24999,6.623979952822507,1802391003,Base SO RL
25999,9.21117531399757,1802391003,Base SO RL
26999,11.257401699830558,1802391003,Base SO RL
27999,16.10913629522598,1802391003,Base SO RL
28999,18.94736546846759,1802391003,Base SO RL
29999,22.60645344569173,1802391003,Base SO RL
30999,32.243024001129484,1802391003,Base SO RL
31999,29.41975164037749,1802391003,Base SO RL
32999,42.77165840402984,1802391003,Base SO RL
33999,50.90507518303921,1802391003,Base SO RL
34999,68.35110783735456,1802391003,Base SO RL
35999,69.7213076765353,1802391003,Base SO RL
36999,76.07391269831278,1802391003,Base SO RL
37999,83.37428016571688,1802391003,Base SO RL
38999,86.39341956005855,1802391003,Base SO RL
39999,89.76610154933518,1802391003,Base SO RL
40999,95.30426746897132,1802391003,Base SO RL
41999,100.95959634470402,1802391003,Base SO RL
42999,103.02528888537589,1802391003,Base SO RL
43999,107.30215935869867,1802391003,Base SO RL
44999,111.72114237891252,1802391003,Base SO RL
45999,114.230658559885,1802391003,Base SO RL
46999,117.08840225444014,1802391003,Base SO RL
47999,122.97543382285932,1802391003,Base SO RL
48999,127.66935650094352,1802391003,Base SO RL
49999,129.65364221616008,1802391003,Base SO RL
50999,132.49623074759012,1802391003,Base SO RL
51999,137.6010551985439,1802391003,Base SO RL
52999,139.84760585128728,1802391003,Base SO RL
53999,143.08772085775027,1802391003,Base SO RL
54999,144.18452536881455,1802391003,Base SO RL
55999,147.39051759779787,1802391003,Base SO RL
56999,148.069018634758,1802391003,Base SO RL
57999,147.08129031470676,1802391003,Base SO RL
58999,149.26484077056276,1802391003,Base SO RL
59999,151.796966210311,1802391003,Base SO RL
60999,155.11390653074864,1802391003,Base SO RL
61999,155.30597650299785,1802391003,Base SO RL
62999,158.1211917418532,1802391003,Base SO RL
63999,154.8106484122305,1802391003,Base SO RL
64999,160.18815148616017,1802391003,Base SO RL
65999,157.80396908533191,1802391003,Base SO RL
66999,161.5606678088663,1802391003,Base SO RL
67999,162.75654737330825,1802391003,Base SO RL
68999,163.84665518409534,1802391003,Base SO RL
69999,164.03698586128613,1802391003,Base SO RL
70999,164.52172347747103,1802391003,Base SO RL
71999,166.2460592069924,1802391003,Base SO RL
72999,167.76039806168507,1802391003,Base SO RL
73999,167.72834503776593,1802391003,Base SO RL
74999,169.11166008625506,1802391003,Base SO RL
75999,170.83246566217952,1802391003,Base SO RL
76999,169.67191827322833,1802391003,Base SO RL
77999,170.5366596931191,1802391003,Base SO RL
78999,171.31395365795947,1802391003,Base SO RL
79999,174.73121583102787,1802391003,Base SO RL
80999,173.3098188361919,1802391003,Base SO RL
81999,176.74515925663843,1802391003,Base SO RL
82999,177.68102403691884,1802391003,Base SO RL
83999,176.6325490958779,1802391003,Base SO RL
84999,177.39036490727776,1802391003,Base SO RL
85999,177.65939415574587,1802391003,Base SO RL
86999,179.1521698955173,1802391003,Base SO RL
87999,183.4862104812412,1802391003,Base SO RL
88999,186.372064376501,1802391003,Base SO RL
89999,185.52975711432757,1802391003,Base SO RL
90999,185.0455612428611,1802391003,Base SO RL
91999,186.64516608327085,1802391003,Base SO RL
92999,188.201689683996,1802391003,Base SO RL
93999,190.18463466649047,1802391003,Base SO RL
94999,188.5441708446221,1802391003,Base SO RL
95999,191.49147674183772,1802391003,Base SO RL
96999,193.2987605583614,1802391003,Base SO RL
97999,194.1337584927537,1802391003,Base SO RL
98999,193.1101543696113,1802391003,Base SO RL
99999,192.96690116264944,1802391003,Base SO RL
100999,197.22003625633369,1802391003,Base SO RL
101999,199.67768830372088,1802391003,Base SO RL
102999,201.45401157547929,1802391003,Base SO RL
103999,204.4350097338357,1802391003,Base SO RL
104999,201.9243941569505,1802391003,Base SO RL
105999,205.8472469928789,1802391003,Base SO RL
106999,207.62926988340425,1802391003,Base SO RL
107999,206.63826711451745,1802391003,Base SO RL
108999,209.26572786978585,1802391003,Base SO RL
109999,211.1695703617042,1802391003,Base SO RL
110999,206.9426810814033,1802391003,Base SO RL
111999,211.92402401739196,1802391003,Base SO RL
112999,212.5746969748758,1802391003,Base SO RL
113999,211.88086493402807,1802391003,Base SO RL
114999,216.84890068264772,1802391003,Base SO RL
115999,218.12641799139047,1802391003,Base SO RL
116999,215.17909041123,1802391003,Base SO RL
117999,219.18691125149925,1802391003,Base SO RL
118999,217.6665148939861,1802391003,Base SO RL
119999,218.05750245321127,1802391003,Base SO RL
120999,218.6171356213718,1802391003,Base SO RL
121999,221.45810934461997,1802391003,Base SO RL
122999,225.8516471327812,1802391003,Base SO RL
123999,226.8765196188552,1802391003,Base SO RL
124999,231.90366929752847,1802391003,Base SO RL
125999,223.94462012759985,1802391003,Base SO RL
126999,227.02944043523487,1802391003,Base SO RL
127999,233.9496416578039,1802391003,Base SO RL
128999,230.56269451563105,1802391003,Base SO RL
129999,232.14878573981292,1802391003,Base SO RL
130999,232.8328146610348,1802391003,Base SO RL
131999,234.31688826863447,1802391003,Base SO RL
132999,230.8374367263704,1802391003,Base SO RL
133999,236.2976142680652,1802391003,Base SO RL
134999,230.3527062624532,1802391003,Base SO RL
135999,234.24083497033627,1802391003,Base SO RL
136999,239.31703420028333,1802391003,Base SO RL
137999,239.6914480348233,1802391003,Base SO RL
138999,234.4321666475937,1802391003,Base SO RL
139999,240.3263410448854,1802391003,Base SO RL
140999,238.76406367707992,1802391003,Base SO RL
141999,238.82956488167807,1802391003,Base SO RL
142999,240.2405433359288,1802391003,Base SO RL
143999,236.605026262296,1802391003,Base SO RL
144999,246.46774334739007,1802391003,Base SO RL
145999,243.7381854096205,1802391003,Base SO RL
146999,242.79008673642525,1802391003,Base SO RL
147999,242.94251286854072,1802391003,Base SO RL
148999,242.4618490766079,1802391003,Base SO RL
149999,241.89100747329852,1802391003,Base SO RL
150999,239.97491898437943,1802391003,Base SO RL
151999,247.86458152683025,1802391003,Base SO RL
152999,244.6856727896493,1802391003,Base SO RL
153999,243.16933254179105,1802391003,Base SO RL
154999,244.7275028647145,1802391003,Base SO RL
155999,247.9163996997409,1802391003,Base SO RL
156999,241.08531231385328,1802391003,Base SO RL
157999,242.41301999284744,1802391003,Base SO RL
158999,245.4745345586543,1802391003,Base SO RL
159999,244.674270968622,1802391003,Base SO RL
160999,240.5251119850357,1802391003,Base SO RL
161999,231.52564745891453,1802391003,Base SO RL
162999,247.71297999656372,1802391003,Base SO RL
163999,245.7645221832815,1802391003,Base SO RL
164999,242.17781092828983,1802391003,Base SO RL
165999,244.5906255161765,1802391003,Base SO RL
166999,249.0557801088516,1802391003,Base SO RL
167999,244.9261802262848,1802391003,Base SO RL
168999,248.27741130064743,1802391003,Base SO RL
169999,244.4573616462401,1802391003,Base SO RL
170999,242.884927937082,1802391003,Base SO RL
171999,239.6066284966016,1802391003,Base SO RL
172999,244.2700535311052,1802391003,Base SO RL
173999,245.18610026024325,1802391003,Base SO RL
174999,247.2444425273116,1802391003,Base SO RL
175999,249.76396528964165,1802391003,Base SO RL
176999,248.41441059235837,1802391003,Base SO RL
177999,252.0619167870858,1802391003,Base SO RL
178999,249.4274624191688,1802391003,Base SO RL
179999,249.02877744910597,1802391003,Base SO RL
180999,249.14810616072245,1802391003,Base SO RL
181999,249.0770989519286,1802391003,Base SO RL
182999,248.87257987466,1802391003,Base SO RL
183999,248.8157472944177,1802391003,Base SO RL
184999,250.93125687526629,1802391003,Base SO RL
185999,248.56354095835567,1802391003,Base SO RL
186999,248.61324600008703,1802391003,Base SO RL
187999,249.4390721052904,1802391003,Base SO RL
188999,247.9599167529223,1802391003,Base SO RL
189999,250.84183158529245,1802391003,Base SO RL
190999,254.3930065969063,1802391003,Base SO RL
191999,255.21239070226827,1802391003,Base SO RL
192999,251.6118108662282,1802391003,Base SO RL
193999,247.49901089329975,1802391003,Base SO RL
194999,251.8678289003784,1802391003,Base SO RL
195999,258.3907518676151,1802391003,Base SO RL
196999,253.16307114956717,1802391003,Base SO RL
197999,249.85991824882615,1802391003,Base SO RL
198999,258.14150473472483,1802391003,Base SO RL
199999,254.4412913899198,1802391003,Base SO RL
200999,250.5294505724554,1802391003,Base SO RL
201999,260.45651130584974,1802391003,Base SO RL
202999,254.24453716410372,1802391003,Base SO RL
203999,253.99672492033716,1802391003,Base SO RL
204999,259.5512216172354,1802391003,Base SO RL
205999,262.08813682506275,1802391003,Base SO RL
206999,262.32681922380044,1802391003,Base SO RL
207999,261.9260896829048,1802391003,Base SO RL
208999,259.92374474638973,1802391003,Base SO RL
209999,261.9057633483609,1802391003,Base SO RL
210999,260.4537113335099,1802391003,Base SO RL
211999,262.9053936351701,1802391003,Base SO RL
212999,262.3946372159665,1802391003,Base SO RL
213999,262.5860946381326,1802391003,Base SO RL
214999,265.31967241826976,1802391003,Base SO RL
215999,258.3749555189855,1802391003,Base SO RL
216999,259.78854102233163,1802391003,Base SO RL
217999,262.19434893908027,1802391003,Base SO RL
218999,262.0836696063305,1802391003,Base SO RL
219999,263.4910743851095,1802391003,Base SO RL
220999,266.04739586905055,1802391003,Base SO RL
221999,265.3767023516002,1802391003,Base SO RL
222999,265.23482477389604,1802391003,Base SO RL
223999,266.40979060807365,1802391003,Base SO RL
224999,269.5844366745553,1802391003,Base SO RL
225999,267.1951243436003,1802391003,Base SO RL
226999,271.7464486414059,1802391003,Base SO RL
227999,274.011351174479,1802391003,Base SO RL
228999,269.3662652797497,1802391003,Base SO RL
229999,271.8710152692116,1802391003,Base SO RL
230999,272.4057940858752,1802391003,Base SO RL
231999,271.99464961712545,1802391003,Base SO RL
232999,272.4870457761062,1802391003,Base SO RL
233999,273.2392271358693,1802391003,Base SO RL
234999,277.16179604767774,1802391003,Base SO RL
235999,273.0369477433626,1802391003,Base SO RL
236999,276.4326464472735,1802391003,Base SO RL
237999,269.3894053871689,1802391003,Base SO RL
238999,274.0761315636725,1802391003,Base SO RL
239999,264.3110354169788,1802391003,Base SO RL
240999,273.4743032879348,1802391003,Base SO RL
241999,263.56468186470767,1802391003,Base SO RL
242999,278.6401200316941,1802391003,Base SO RL
243999,277.2061816028066,1802391003,Base SO RL
244999,277.3555528501243,1802391003,Base SO RL
245999,281.6376154779702,1802391003,Base SO RL
246999,270.97472962065325,1802391003,Base SO RL
247999,273.4544985996331,1802391003,Base SO RL
248999,277.8108763794436,1802391003,Base SO RL
249999,275.8666876549124,1802391003,Base SO RL
250999,283.7480998140504,1802391003,Base SO RL
251999,286.25533444360065,1802391003,Base SO RL
252999,286.2309245528191,1802391003,Base SO RL
253999,282.28774410556247,1802391003,Base SO RL
254999,283.7991006368362,1802391003,Base SO RL
255999,280.4862013009652,1802391003,Base SO RL
256999,278.06216343315896,1802391003,Base SO RL
257999,281.63131001211434,1802391003,Base SO RL
258999,286.94787266323647,1802391003,Base SO RL
259999,283.79399640584364,1802391003,Base SO RL
260999,279.36948058438026,1802391003,Base SO RL
261999,286.3540530961981,1802391003,Base SO RL
262999,290.23691549401707,1802391003,Base SO RL
263999,285.9878269069461,1802391003,Base SO RL
264999,293.48700037554124,1802391003,Base SO RL
265999,291.72269655047626,1802391003,Base SO RL
266999,294.72610019168576,1802391003,Base SO RL
267999,287.2409761368063,1802391003,Base SO RL
268999,291.98714921250644,1802391003,Base SO RL
269999,291.30148460288683,1802391003,Base SO RL
270999,292.3351975713307,1802391003,Base SO RL
271999,291.60839717417645,1802391003,Base SO RL
272999,300.1125282684868,1802391003,Base SO RL
273999,292.3497242722564,1802391003,Base SO RL
274999,286.5112755853792,1802391003,Base SO RL
275999,289.6979680686196,1802391003,Base SO RL
276999,291.0189932355729,1802391003,Base SO RL
277999,293.3807642971801,1802391003,Base SO RL
278999,291.4543421632821,1802391003,Base SO RL
279999,296.38512829760634,1802391003,Base SO RL
280999,299.24248051655115,1802391003,Base SO RL
281999,292.3481443308855,1802391003,Base SO RL
282999,300.4644988206237,1802391003,Base SO RL
283999,293.6071670734694,1802391003,Base SO RL
284999,294.93089265783783,1802391003,Base SO RL
285999,296.4684248022221,1802391003,Base SO RL
286999,294.93321176274253,1802391003,Base SO RL
287999,301.6743749220595,1802391003,Base SO RL
288999,298.1730630057233,1802391003,Base SO RL
289999,298.2604947509705,1802391003,Base SO RL
290999,300.21316032324376,1802391003,Base SO RL
291999,299.55933775982294,1802391003,Base SO RL
292999,294.1702225226357,1802391003,Base SO RL
293999,294.2197562114526,1802391003,Base SO RL
294999,289.8554441219296,1802391003,Base SO RL
295999,299.95397950233905,1802391003,Base SO RL
296999,299.73632926190373,1802391003,Base SO RL
297999,303.38104867851365,1802391003,Base SO RL
298999,305.68808137660415,1802391003,Base SO RL
299999,298.7552426880558,1802391003,Base SO RL
300999,295.48350453339134,1802391003,Base SO RL
301999,306.7734505192059,1802391003,Base SO RL
302999,308.0160070727448,1802391003,Base SO RL
303999,306.8528699054117,1802391003,Base SO RL
304999,305.0341008418108,1802391003,Base SO RL
305999,306.2547222906403,1802391003,Base SO RL
306999,305.3082972792015,1802391003,Base SO RL
307999,312.96190829663533,1802391003,Base SO RL
308999,306.37243979908595,1802391003,Base SO RL
309999,304.74615378458327,1802391003,Base SO RL
310999,304.5195791924857,1802391003,Base SO RL
311999,306.46669275404383,1802391003,Base SO RL
312999,299.65417323395286,1802391003,Base SO RL
313999,306.6174396103587,1802391003,Base SO RL
314999,309.1943746643224,1802391003,Base SO RL
315999,299.2213618966736,1802391003,Base SO RL
316999,305.5002736028315,1802391003,Base SO RL
317999,309.19308919100166,1802391003,Base SO RL
318999,305.5245062950016,1802391003,Base SO RL
319999,301.5352814124732,1802391003,Base SO RL
320999,310.8305848525296,1802391003,Base SO RL
321999,302.12286749491875,1802391003,Base SO RL
322999,310.1008409547462,1802391003,Base SO RL
323999,298.86771051416287,1802391003,Base SO RL
324999,304.8917593753748,1802391003,Base SO RL
325999,313.1376039631438,1802391003,Base SO RL
326999,308.4642847021979,1802391003,Base SO RL
327999,312.7459067863443,1802391003,Base SO RL
328999,309.75077061335423,1802391003,Base SO RL
329999,312.829128114488,1802391003,Base SO RL
330999,306.1469337058957,1802391003,Base SO RL
331999,318.86708913863225,1802391003,Base SO RL
332999,314.2777375445322,1802391003,Base SO RL
333999,312.30717662039393,1802391003,Base SO RL
334999,312.558057936855,1802391003,Base SO RL
335999,313.11098290230683,1802391003,Base SO RL
336999,308.7155668088003,1802391003,Base SO RL
337999,313.9191873311504,1802391003,Base SO RL
338999,311.65570146651623,1802391003,Base SO RL
339999,313.47740288586846,1802391003,Base SO RL
340999,307.9386823874511,1802391003,Base SO RL
341999,310.49065481852483,1802391003,Base SO RL
342999,311.15228779844944,1802391003,Base SO RL
343999,317.4432070885405,1802391003,Base SO RL
344999,321.5489482810322,1802391003,Base SO RL
345999,312.06385332216007,1802391003,Base SO RL
346999,308.9712552346036,1802391003,Base SO RL
347999,319.5841369478308,1802391003,Base SO RL
348999,316.8100087139139,1802391003,Base SO RL
349999,299.3773479127124,1802391003,Base SO RL
350999,315.2862552531935,1802391003,Base SO RL
351999,319.200612396486,1802391003,Base SO RL
352999,316.8598763514917,1802391003,Base SO RL
353999,313.40599692736487,1802391003,Base SO RL
354999,313.32760196456906,1802391003,Base SO RL
355999,317.4878517963812,1802391003,Base SO RL
356999,319.7295332588466,1802391003,Base SO RL
357999,318.3680461914802,1802391003,Base SO RL
358999,312.80472654311103,1802391003,Base SO RL
359999,309.96207147036586,1802391003,Base SO RL
360999,321.0181236224606,1802391003,Base SO RL
361999,319.7317243309743,1802391003,Base SO RL
362999,320.18763044332906,1802391003,Base SO RL
363999,322.0533018299442,1802391003,Base SO RL
364999,319.0656744520477,1802391003,Base SO RL
365999,314.2608198020959,1802391003,Base SO RL
366999,314.73622840561745,1802391003,Base SO RL
367999,319.5746889757535,1802391003,Base SO RL
368999,316.85562121594785,1802391003,Base SO RL
369999,310.9510184560116,1802391003,Base SO RL
370999,318.8864788994378,1802391003,Base SO RL
371999,317.1399070870587,1802391003,Base SO RL
372999,317.09552353540664,1802391003,Base SO RL
373999,318.00817898721664,1802391003,Base SO RL
374999,318.98274251461567,1802391003,Base SO RL
375999,319.4604048141397,1802391003,Base SO RL
376999,315.28658820021866,1802391003,Base SO RL
377999,320.1029604566517,1802391003,Base SO RL
378999,318.6821412254287,1802391003,Base SO RL
379999,320.59173251250905,1802391003,Base SO RL
380999,320.94525719754574,1802391003,Base SO RL
381999,320.747661989333,1802391003,Base SO RL
382999,318.60997003562176,1802391003,Base SO RL
383999,323.053835391273,1802391003,Base SO RL
384999,315.85449831211537,1802391003,Base SO RL
385999,321.6115822348942,1802391003,Base SO RL
386999,322.0445954505504,1802391003,Base SO RL
387999,321.6413125829737,1802391003,Base SO RL
388999,327.0881903219818,1802391003,Base SO RL
389999,327.1985286648045,1802391003,Base SO RL
390999,319.87010183848287,1802391003,Base SO RL
391999,320.56412357016126,1802391003,Base SO RL
392999,324.39268657083494,1802391003,Base SO RL
393999,323.11277902644304,1802391003,Base SO RL
394999,325.1123254757454,1802391003,Base SO RL
395999,322.12981259668953,1802391003,Base SO RL
396999,321.63610104740656,1802391003,Base SO RL
397999,324.029229016673,1802391003,Base SO RL
398999,324.9767377742148,1802391003,Base SO RL
399999,330.1148479135488,1802391003,Base SO RL
400999,331.62674237376217,1802391003,Base SO RL
401999,327.11966927680936,1802391003,Base SO RL
402999,329.92896759081657,1802391003,Base SO RL
403999,333.7067234146231,1802391003,Base SO RL
404999,333.4266203762097,1802391003,Base SO RL
405999,332.3530266699188,1802391003,Base SO RL
406999,332.9264053589889,1802391003,Base SO RL
407999,334.54573282476883,1802391003,Base SO RL
408999,337.4645355354564,1802391003,Base SO RL
409999,335.7327523522844,1802391003,Base SO RL
410999,334.5726423587711,1802391003,Base SO RL
411999,341.6404008232993,1802391003,Base SO RL
412999,344.6947977187036,1802391003,Base SO RL
413999,338.4671752348739,1802391003,Base SO RL
414999,339.5443209454048,1802391003,Base SO RL
415999,348.4039387988249,1802391003,Base SO RL
416999,339.6374522505216,1802391003,Base SO RL
417999,341.06595621043226,1802391003,Base SO RL
418999,339.0453284254046,1802391003,Base SO RL
419999,341.58194468344345,1802391003,Base SO RL
420999,348.5849322453021,1802391003,Base SO RL
421999,346.2483637102148,1802391003,Base SO RL
422999,342.2842446638254,1802391003,Base SO RL
423999,335.9755576678306,1802391003,Base SO RL
424999,346.0893295396928,1802391003,Base SO RL
425999,345.8727812784154,1802391003,Base SO RL
426999,334.4773987290563,1802391003,Base SO RL
427999,343.5993076822532,1802391003,Base SO RL
428999,347.63347146847457,1802391003,Base SO RL
429999,347.6030260329388,1802391003,Base SO RL
430999,346.4218040284054,1802391003,Base SO RL
431999,341.6037782202717,1802391003,Base SO RL
432999,340.0919385940227,1802391003,Base SO RL
433999,343.41675936765535,1802391003,Base SO RL
434999,348.2777406314295,1802391003,Base SO RL
435999,344.6688791924741,1802391003,Base SO RL
436999,348.1947358822804,1802391003,Base SO RL
437999,343.5450357209168,1802391003,Base SO RL
438999,342.41246851056144,1802391003,Base SO RL
439999,336.4835921253543,1802391003,Base SO RL
440999,340.9267912764019,1802391003,Base SO RL
441999,344.2720076954194,1802391003,Base SO RL
442999,346.09884423384534,1802391003,Base SO RL
443999,344.1158422915201,1802391003,Base SO RL
444999,345.9918492232704,1802391003,Base SO RL
445999,352.06352973644266,1802391003,Base SO RL
446999,351.99986877716583,1802391003,Base SO RL
447999,351.78569412243013,1802391003,Base SO RL
448999,353.7309314053055,1802391003,Base SO RL
449999,353.37592217207305,1802391003,Base SO RL
450999,351.0846026174642,1802391003,Base SO RL
451999,351.19070997959966,1802391003,Base SO RL
452999,348.63796530252057,1802391003,Base SO RL
453999,352.6199547777697,1802391003,Base SO RL
454999,351.37821879481146,1802391003,Base SO RL
455999,354.6937305843395,1802391003,Base SO RL
456999,353.2844931229476,1802391003,Base SO RL
457999,354.1130904609471,1802391003,Base SO RL
458999,353.85590790178344,1802391003,Base SO RL
459999,354.8898664939667,1802391003,Base SO RL
460999,361.5834766249122,1802391003,Base SO RL
461999,355.3186506273263,1802391003,Base SO RL
462999,352.6476722216173,1802391003,Base SO RL
463999,357.93500340378324,1802391003,Base SO RL
464999,354.8149037461683,1802391003,Base SO RL
465999,358.53795278880466,1802391003,Base SO RL
466999,362.12153845945255,1802391003,Base SO RL
467999,362.5745237218586,1802391003,Base SO RL
468999,362.3122005384198,1802391003,Base SO RL
469999,359.27401799926673,1802391003,Base SO RL
470999,358.2201059545481,1802391003,Base SO RL
471999,366.48421868937857,1802391003,Base SO RL
472999,367.31787211495487,1802391003,Base SO RL
473999,361.1493875241155,1802391003,Base SO RL
474999,359.7887172808285,1802391003,Base SO RL
475999,361.2851346930838,1802391003,Base SO RL
476999,359.33130613966165,1802391003,Base SO RL
477999,364.5952322167231,1802391003,Base SO RL
478999,360.9852068453191,1802391003,Base SO RL
479999,364.0840071659874,1802391003,Base SO RL
480999,364.0621364947083,1802391003,Base SO RL
481999,366.2661564065705,1802391003,Base SO RL
482999,363.8632694940991,1802391003,Base SO RL
483999,368.1526556152915,1802391003,Base SO RL
484999,365.6955733733709,1802391003,Base SO RL
485999,364.4538760051637,1802391003,Base SO RL
486999,365.9833714737629,1802391003,Base SO RL
487999,368.4308407713965,1802391003,Base SO RL
488999,363.2110953303479,1802391003,Base SO RL
489999,367.2722757244172,1802391003,Base SO RL
490999,363.50020180588047,1802391003,Base SO RL
491999,366.7044643858912,1802391003,Base SO RL
492999,366.56835130104565,1802391003,Base SO RL
493999,361.6681054535187,1802391003,Base SO RL
494999,366.9258924311175,1802391003,Base SO RL
495999,359.6945110682132,1802391003,Base SO RL
496999,367.0843054096149,1802391003,Base SO RL
497999,369.2976601972496,1802391003,Base SO RL
498999,363.0192282217093,1802391003,Base SO RL
499999,364.65817060407966,1802391003,Base SO RL
999,-12.603616640160949,1725618014,Base SO RL
1999,4.265098180923952,1725618014,Base SO RL
2999,2.85691395598963,1725618014,Base SO RL
3999,1.5670017626948205,1725618014,Base SO RL
4999,-3.7121973814411966,1725618014,Base SO RL
5999,0.3796979185368498,1725618014,Base SO RL
6999,-10.219172339379655,1725618014,Base SO RL
7999,-4.280592249871525,1725618014,Base SO RL
8999,3.9088118839385166,1725618014,Base SO RL
9999,1.1204973920969086,1725618014,Base SO RL
10999,-5.930319049114002,1725618014,Base SO RL
11999,1.6204174667057327,1725618014,Base SO RL
12999,0.1354464317992762,1725618014,Base SO RL
13999,1.7315358257629727,1725618014,Base SO RL
14999,1.8942243879300176,1725618014,Base SO RL
15999,1.9347140641135443,1725618014,Base SO RL
16999,2.939218203120024,1725618014,Base SO RL
17999,3.109721742363877,1725618014,Base SO RL
18999,3.0802057792207087,1725618014,Base SO RL
19999,7.336842860490298,1725618014,Base SO RL
20999,16.576267304968322,1725618014,Base SO RL
21999,35.73674710116595,1725618014,Base SO RL
22999,43.53522807709616,1725618014,Base SO RL
23999,52.94661165833467,1725618014,Base SO RL
24999,46.54938733951366,1725618014,Base SO RL
25999,16.925758649922013,1725618014,Base SO RL
26999,2.286586753315932,1725618014,Base SO RL
27999,4.214544949774532,1725618014,Base SO RL
28999,2.484922647725922,1725618014,Base SO RL
29999,3.928010478851694,1725618014,Base SO RL
30999,70.46495322756998,1725618014,Base SO RL
31999,74.20161163897609,1725618014,Base SO RL
32999,79.1017558149226,1725618014,Base SO RL
33999,81.4014914988628,1725618014,Base SO RL
34999,95.99048187523375,1725618014,Base SO RL
35999,105.24780945596017,1725618014,Base SO RL
36999,116.56124898179894,1725618014,Base SO RL
37999,122.3681868333826,1725618014,Base SO RL
38999,127.0894789965958,1725618014,Base SO RL
39999,129.2783609148394,1725618014,Base SO RL
40999,136.8714069930156,1725618014,Base SO RL
41999,141.02430404937812,1725618014,Base SO RL
42999,147.469379471274,1725618014,Base SO RL
43999,147.16717309286292,1725618014,Base SO RL
44999,150.1549249279934,1725618014,Base SO RL
45999,155.33087364882195,1725618014,Base SO RL
46999,99.21374840820108,1725618014,Base SO RL
47999,156.186462224155,1725618014,Base SO RL
48999,156.19907363797654,1725618014,Base SO RL
49999,106.50319989084602,1725618014,Base SO RL
50999,158.26759070045028,1725618014,Base SO RL
51999,156.60256606623878,1725618014,Base SO RL
52999,159.22739496007608,1725618014,Base SO RL
53999,161.5236816436174,1725618014,Base SO RL
54999,157.9187388820646,1725618014,Base SO RL
55999,161.35707404100472,1725618014,Base SO RL
56999,165.2075448494437,1725618014,Base SO RL
57999,164.00654787135147,1725618014,Base SO RL
58999,167.1717599527851,1725618014,Base SO RL
59999,162.49251552240133,1725618014,Base SO RL
60999,169.13859004414067,1725618014,Base SO RL
61999,169.41678766948758,1725618014,Base SO RL
62999,171.84497616103295,1725618014,Base SO RL
63999,171.76421258677,1725618014,Base SO RL
64999,172.12464939676073,1725618014,Base SO RL
65999,168.395500279883,1725618014,Base SO RL
66999,173.4365905123697,1725618014,Base SO RL
67999,173.5553038403931,1725618014,Base SO RL
68999,171.67749730717244,1725618014,Base SO RL
69999,174.74514932271472,1725618014,Base SO RL
70999,175.85511009168513,1725618014,Base SO RL
71999,176.18178623016178,1725618014,Base SO RL
72999,177.67774478337432,1725618014,Base SO RL
73999,181.3443066866492,1725618014,Base SO RL
74999,182.6561139763097,1725618014,Base SO RL
75999,185.3104063834444,1725618014,Base SO RL
76999,187.9749249767057,1725618014,Base SO RL
77999,195.7485472684337,1725618014,Base SO RL
78999,194.721226010802,1725618014,Base SO RL
79999,197.7157348674956,1725618014,Base SO RL
80999,197.5168612668376,1725618014,Base SO RL
81999,196.3649317073708,1725618014,Base SO RL
82999,203.9406592337434,1725618014,Base SO RL
83999,202.8914738513637,1725618014,Base SO RL
84999,202.81594259216865,1725618014,Base SO RL
85999,203.93027694761903,1725618014,Base SO RL
86999,206.4514083536188,1725618014,Base SO RL
87999,209.43635576155967,1725618014,Base SO RL
88999,212.3129209913264,1725618014,Base SO RL
89999,209.9670044614086,1725618014,Base SO RL
90999,212.41999145040813,1725618014,Base SO RL
91999,213.62790407697867,1725618014,Base SO RL
92999,216.32734587051127,1725618014,Base SO RL
93999,213.25363879065893,1725618014,Base SO RL
94999,213.2444606721705,1725618014,Base SO RL
95999,216.7707024490616,1725618014,Base SO RL
96999,217.23933733134857,1725618014,Base SO RL
97999,219.6676071809847,1725618014,Base SO RL
98999,216.04826729894887,1725618014,Base SO RL
99999,213.72666771905676,1725618014,Base SO RL
100999,220.2969674277406,1725618014,Base SO RL
101999,220.571409891306,1725618014,Base SO RL
102999,218.4652811489128,1725618014,Base SO RL
103999,219.63952588201468,1725618014,Base SO RL
104999,222.99781692974577,1725618014,Base SO RL
105999,226.10180395308925,1725618014,Base SO RL
106999,223.23062227043263,1725618014,Base SO RL
107999,231.47170918145216,1725618014,Base SO RL
108999,232.42651833328887,1725618014,Base SO RL
109999,228.0952403994821,1725618014,Base SO RL
110999,227.48316473235712,1725618014,Base SO RL
111999,231.1395311064445,1725618014,Base SO RL
112999,226.69150968709425,1725618014,Base SO RL
113999,230.8454315733977,1725618014,Base SO RL
114999,235.451223809993,1725618014,Base SO RL
115999,229.14516250637843,1725618014,Base SO RL
116999,235.6670479383405,1725618014,Base SO RL
117999,236.57474736920148,1725618014,Base SO RL
118999,237.33819610333825,1725618014,Base SO RL
119999,239.4033564900593,1725618014,Base SO RL
120999,236.0242943354324,1725618014,Base SO RL
121999,243.88233889768404,1725618014,Base SO RL
122999,243.50449469719592,1725618014,Base SO RL
123999,250.98312515658344,1725618014,Base SO RL
124999,251.0718892406137,1725618014,Base SO RL
125999,163.78220086663637,1725618014,Base SO RL
126999,243.5800238225357,1725618014,Base SO RL
127999,248.86255438949016,1725618014,Base SO RL
128999,254.15455634392865,1725618014,Base SO RL
129999,257.74834272197904,1725618014,Base SO RL
130999,266.0638702696895,1725618014,Base SO RL
131999,270.26265313954417,1725618014,Base SO RL
132999,272.50996242961605,1725618014,Base SO RL
133999,270.0435308789035,1725618014,Base SO RL
134999,274.2423888822213,1725618014,Base SO RL
135999,274.3896930151434,1725618014,Base SO RL
136999,280.56420749596714,1725618014,Base SO RL
137999,285.0011476549092,1725618014,Base SO RL
138999,285.19362397397134,1725618014,Base SO RL
139999,294.9789638332446,1725618014,Base SO RL
140999,280.47928938672896,1725618014,Base SO RL
141999,281.73892342170143,1725618014,Base SO RL
142999,298.2605152166691,1725618014,Base SO RL
143999,294.55019247062046,1725618014,Base SO RL
144999,287.7853285576188,1725618014,Base SO RL
145999,303.0755687313686,1725618014,Base SO RL
146999,300.41592134808985,1725618014,Base SO RL
147999,303.90906943469264,1725618014,Base SO RL
148999,297.64933736174333,1725618014,Base SO RL
149999,303.03653693955533,1725618014,Base SO RL
150999,304.9377394573063,1725618014,Base SO RL
151999,304.61889351278927,1725618014,Base SO RL
152999,305.2209504848914,1725618014,Base SO RL
153999,309.21646423296573,1725618014,Base SO RL
154999,295.3976890391113,1725618014,Base SO RL
155999,308.45051867198634,1725618014,Base SO RL
156999,308.02518965302414,1725618014,Base SO RL
157999,316.8109771932165,1725618014,Base SO RL
158999,314.3542789759232,1725618014,Base SO RL
159999,319.78635789163286,1725618014,Base SO RL
160999,308.080320445004,1725618014,Base SO RL
161999,302.7453624623374,1725618014,Base SO RL
162999,298.45867409109354,1725618014,Base SO RL
163999,-0.3418047121346579,1725618014,Base SO RL
164999,317.4304367765976,1725618014,Base SO RL
165999,321.81219384963725,1725618014,Base SO RL
166999,-2.698884132401873,1725618014,Base SO RL
167999,314.4525768855961,1725618014,Base SO RL
168999,284.0120179961221,1725618014,Base SO RL
169999,308.1223685386398,1725618014,Base SO RL
170999,6.514560881785829,1725618014,Base SO RL
171999,1.399668237024392,1725618014,Base SO RL
172999,0.7333942694345945,1725618014,Base SO RL
173999,-0.0773741790986729,1725618014,Base SO RL
174999,-1.652436443583259,1725618014,Base SO RL
175999,1.092699742922538,1725618014,Base SO RL
176999,0.530831039189816,1725618014,Base SO RL
177999,0.1164775946980505,1725618014,Base SO RL
178999,0.1835895708373435,1725618014,Base SO RL
179999,5.238906043100569,1725618014,Base SO RL
180999,80.17531641091034,1725618014,Base SO RL
181999,304.7826041066588,1725618014,Base SO RL
182999,310.5644725871782,1725618014,Base SO RL
183999,304.7833958400701,1725618014,Base SO RL
184999,297.85699783574535,1725618014,Base SO RL
185999,320.2280614872471,1725618014,Base SO RL
186999,313.3226388663365,1725618014,Base SO RL
187999,307.7219648604733,1725618014,Base SO RL
188999,320.9681808082969,1725618014,Base SO RL
189999,326.1156418512343,1725618014,Base SO RL
190999,316.69013249815544,1725618014,Base SO RL
191999,322.6548811393253,1725618014,Base SO RL
192999,319.5784529793562,1725618014,Base SO RL
193999,328.38554592743645,1725618014,Base SO RL
194999,325.78365213899383,1725618014,Base SO RL
195999,328.5318263797693,1725618014,Base SO RL
196999,323.27218246170315,1725618014,Base SO RL
197999,328.90421712582867,1725618014,Base SO RL
198999,327.253245066558,1725618014,Base SO RL
199999,327.98356274231094,1725618014,Base SO RL
200999,327.5539052384424,1725618014,Base SO RL
201999,329.0871608926206,1725618014,Base SO RL
202999,334.7715686783482,1725618014,Base SO RL
203999,329.6849882848387,1725618014,Base SO RL
204999,338.27537420132273,1725618014,Base SO RL
205999,336.2957917289671,1725618014,Base SO RL
206999,344.01853704765455,1725618014,Base SO RL
207999,331.51643693155216,1725618014,Base SO RL
208999,336.4762677505113,1725618014,Base SO RL
209999,339.1595572626324,1725618014,Base SO RL
210999,332.7089128708729,1725618014,Base SO RL
211999,345.3693102633077,1725618014,Base SO RL
212999,342.119718988474,1725618014,Base SO RL
213999,344.6235651118611,1725618014,Base SO RL
214999,349.40886706126474,1725618014,Base SO RL
215999,346.37171070953843,1725618014,Base SO RL
216999,332.1659011230718,1725618014,Base SO RL
217999,349.440742282347,1725618014,Base SO RL
218999,337.6035681954701,1725618014,Base SO RL
219999,350.9731647110155,1725618014,Base SO RL
220999,352.2659765489202,1725618014,Base SO RL
221999,349.3494409753021,1725618014,Base SO RL
222999,343.8002527058915,1725618014,Base SO RL
223999,354.25182608458994,1725618014,Base SO RL
224999,354.1681796449085,1725618014,Base SO RL
225999,349.4453147621612,1725618014,Base SO RL
226999,350.0887618113956,1725618014,Base SO RL
227999,357.1173086294481,1725618014,Base SO RL
228999,344.1198392098229,1725618014,Base SO RL
229999,354.1928303720824,1725618014,Base SO RL
230999,347.02708272669867,1725618014,Base SO RL
231999,354.7280459509962,1725618014,Base SO RL
232999,356.09473674405444,1725618014,Base SO RL
233999,355.53217581907023,1725618014,Base SO RL
234999,352.3725457568132,1725618014,Base SO RL
235999,363.1585918748607,1725618014,Base SO RL
236999,358.0294718766943,1725618014,Base SO RL
237999,360.8524955901158,1725618014,Base SO RL
238999,362.6707492964409,1725618014,Base SO RL
239999,354.7129215869927,1725618014,Base SO RL
240999,357.8564432431425,1725618014,Base SO RL
241999,355.3901724402503,1725618014,Base SO RL
242999,355.65504271921645,1725618014,Base SO RL
243999,362.5169627778863,1725618014,Base SO RL
244999,360.05258636329074,1725618014,Base SO RL
245999,362.058151077243,1725618014,Base SO RL
246999,357.61865233318645,1725618014,Base SO RL
247999,364.5214527698189,1725618014,Base SO RL
248999,357.500694753047,1725618014,Base SO RL
249999,360.0116212341937,1725618014,Base SO RL
250999,367.0026857346851,1725618014,Base SO RL
251999,359.16770954662474,1725618014,Base SO RL
252999,366.6833044640453,1725618014,Base SO RL
253999,364.5652765016192,1725618014,Base SO RL
254999,359.2160818908924,1725618014,Base SO RL
255999,363.9863895422353,1725618014,Base SO RL
256999,363.6754554512686,1725618014,Base SO RL
257999,367.9028197573539,1725618014,Base SO RL
258999,361.9550919092614,1725618014,Base SO RL
259999,363.4334349523757,1725618014,Base SO RL
260999,365.396232157721,1725618014,Base SO RL
261999,359.7125428048188,1725618014,Base SO RL
262999,361.8151845041486,1725618014,Base SO RL
263999,366.4151626718702,1725618014,Base SO RL
264999,362.94968927684727,1725618014,Base SO RL
265999,358.6555847817926,1725618014,Base SO RL
266999,364.34598361710647,1725618014,Base SO RL
267999,368.3807206132505,1725618014,Base SO RL
268999,362.98592147366384,1725618014,Base SO RL
269999,355.84916630959265,1725618014,Base SO RL
270999,368.97036191968937,1725618014,Base SO RL
271999,366.40067873222415,1725618014,Base SO RL
272999,348.8662948491456,1725618014,Base SO RL
273999,1.5536659510002009,1725618014,Base SO RL
274999,0.409258034465206,1725618014,Base SO RL
275999,0.6840105455372804,1725618014,Base SO RL
276999,-3.62965902118672,1725618014,Base SO RL
277999,2.428506041672446,1725618014,Base SO RL
278999,0.5258499824294971,1725618014,Base SO RL
279999,-4.26694007253235,1725618014,Base SO RL
280999,-16.565775868213652,1725618014,Base SO RL
281999,-16.560003149954856,1725618014,Base SO RL
282999,-13.664940891760684,1725618014,Base SO RL
283999,-1.9895791576896025,1725618014,Base SO RL
284999,-0.32261511921179,1725618014,Base SO RL
285999,5.327616440637122,1725618014,Base SO RL
286999,3.534002294550833,1725618014,Base SO RL
287999,0.07543166668735,1725618014,Base SO RL
288999,0.8888396962627703,1725618014,Base SO RL
289999,0.0264106076600171,1725618014,Base SO RL
290999,1.226184742790067,1725618014,Base SO RL
291999,1.3889172915922812,1725618014,Base SO RL
292999,1.182243155770051,1725618014,Base SO RL
293999,18.887378956643104,1725618014,Base SO RL
294999,21.70890211170317,1725618014,Base SO RL
295999,5.542900027485774,1725618014,Base SO RL
296999,23.924066864780283,1725618014,Base SO RL
297999,129.74342753268533,1725618014,Base SO RL
298999,110.64179865764751,1725618014,Base SO RL
299999,144.05111610160276,1725618014,Base SO RL
300999,21.126201362188908,1725618014,Base SO RL
301999,79.84157438856501,1725618014,Base SO RL
302999,239.13367671111928,1725618014,Base SO RL
303999,66.90956402972192,1725618014,Base SO RL
304999,289.79456411813817,1725618014,Base SO RL
305999,310.1524975514851,1725618014,Base SO RL
306999,331.7880697221962,1725618014,Base SO RL
307999,331.1194666075877,1725618014,Base SO RL
308999,339.44873589834145,1725618014,Base SO RL
309999,331.4566975040848,1725618014,Base SO RL
310999,350.4261365663544,1725618014,Base SO RL
311999,354.1311366357655,1725618014,Base SO RL
312999,352.6777730137634,1725618014,Base SO RL
313999,362.0544508070773,1725618014,Base SO RL
314999,362.4372274115527,1725618014,Base SO RL
315999,354.49847557567193,1725618014,Base SO RL
316999,362.8792633761988,1725618014,Base SO RL
317999,369.54890468826136,1725618014,Base SO RL
318999,362.66033715245055,1725618014,Base SO RL
319999,353.511911589539,1725618014,Base SO RL
320999,367.0271562672239,1725618014,Base SO RL
321999,361.81566791263833,1725618014,Base SO RL
322999,356.12685458435504,1725618014,Base SO RL
323999,354.92858232651247,1725618014,Base SO RL
324999,363.4194359966697,1725618014,Base SO RL
325999,360.67858896412974,1725618014,Base SO RL
326999,352.2029122600406,1725618014,Base SO RL
327999,351.82865788842025,1725618014,Base SO RL
328999,332.3695575147451,1725618014,Base SO RL
329999,342.00885842239506,1725618014,Base SO RL
330999,349.8219294872546,1725618014,Base SO RL
331999,359.6920325165772,1725618014,Base SO RL
332999,355.45198953129074,1725618014,Base SO RL
333999,351.6713541479207,1725618014,Base SO RL
334999,362.16135391614426,1725618014,Base SO RL
335999,358.2073400109363,1725618014,Base SO RL
336999,354.71579512185184,1725618014,Base SO RL
337999,357.7562056948398,1725618014,Base SO RL
338999,361.9635754843457,1725618014,Base SO RL
339999,363.6051536300514,1725618014,Base SO RL
340999,360.1006777496973,1725618014,Base SO RL
341999,362.0339080900439,1725618014,Base SO RL
342999,367.360392675271,1725618014,Base SO RL
343999,357.6209374670195,1725618014,Base SO RL
344999,366.6619263022158,1725618014,Base SO RL
345999,359.91883219111656,1725618014,Base SO RL
346999,361.9884576926157,1725618014,Base SO RL
347999,360.7393465882351,1725618014,Base SO RL
348999,364.5637887256914,1725618014,Base SO RL
349999,364.0075499816875,1725618014,Base SO RL
350999,365.1825582768457,1725618014,Base SO RL
351999,360.7953527155551,1725618014,Base SO RL
352999,362.0781828069961,1725618014,Base SO RL
353999,354.8500720868126,1725618014,Base SO RL
354999,358.3239908370809,1725618014,Base SO RL
355999,361.570244888201,1725618014,Base SO RL
356999,362.69884029589343,1725618014,Base SO RL
357999,361.4110773998861,1725618014,Base SO RL
358999,355.2082494870036,1725618014,Base SO RL
359999,364.5958139917569,1725618014,Base SO RL
360999,359.5621424095658,1725618014,Base SO RL
361999,363.6570503351167,1725618014,Base SO RL
362999,358.71962888022534,1725618014,Base SO RL
363999,366.4114731733437,1725618014,Base SO RL
364999,363.1286566010017,1725618014,Base SO RL
365999,368.3608961184784,1725618014,Base SO RL
366999,360.8648121915045,1725618014,Base SO RL
367999,363.92372401332887,1725618014,Base SO RL
368999,363.9528061346791,1725618014,Base SO RL
369999,365.1877827068369,1725618014,Base SO RL
370999,357.8989187374556,1725618014,Base SO RL
371999,361.4433062756444,1725618014,Base SO RL
372999,365.0797517419369,1725618014,Base SO RL
373999,362.58750526163067,1725618014,Base SO RL
374999,366.5374723082047,1725618014,Base SO RL
375999,358.92373906271115,1725618014,Base SO RL
376999,358.74427621300737,1725618014,Base SO RL
377999,361.25969216052863,1725618014,Base SO RL
378999,362.3454402921183,1725618014,Base SO RL
379999,365.2340162102207,1725618014,Base SO RL
380999,359.18592817828267,1725618014,Base SO RL
381999,358.30903100836645,1725618014,Base SO RL
382999,355.32453940153147,1725618014,Base SO RL
383999,348.6676306796549,1725618014,Base SO RL
384999,362.6048493139305,1725618014,Base SO RL
385999,362.51952705831945,1725618014,Base SO RL
386999,363.6130453814957,1725618014,Base SO RL
387999,357.9322076381508,1725618014,Base SO RL
388999,360.8223733299242,1725618014,Base SO RL
389999,358.346897455025,1725618014,Base SO RL
390999,362.1888780069057,1725618014,Base SO RL
391999,367.1704847525365,1725618014,Base SO RL
392999,362.7501445537837,1725618014,Base SO RL
393999,366.63230891138994,1725618014,Base SO RL
394999,369.2670818531056,1725618014,Base SO RL
395999,364.373251141966,1725618014,Base SO RL
396999,364.87478752354576,1725618014,Base SO RL
397999,367.6506707275279,1725618014,Base SO RL
398999,364.8709279766795,1725618014,Base SO RL
399999,367.2818262331429,1725618014,Base SO RL
400999,366.2458343849706,1725618014,Base SO RL
401999,365.864972470865,1725618014,Base SO RL
402999,364.8109571954284,1725618014,Base SO RL
403999,360.2117192320781,1725618014,Base SO RL
404999,372.386369431559,1725618014,Base SO RL
405999,372.4350548380745,1725618014,Base SO RL
406999,367.4611377414665,1725618014,Base SO RL
407999,367.78083074557225,1725618014,Base SO RL
408999,365.761097720422,1725618014,Base SO RL
409999,366.3625600235176,1725618014,Base SO RL
410999,373.29659508160097,1725618014,Base SO RL
411999,370.5455443096034,1725618014,Base SO RL
412999,379.2561350427291,1725618014,Base SO RL
413999,370.26370910453335,1725618014,Base SO RL
414999,375.679079487695,1725618014,Base SO RL
415999,363.3380104345056,1725618014,Base SO RL
416999,369.327659157317,1725618014,Base SO RL
417999,368.93166653317127,1725618014,Base SO RL
418999,369.9147457370861,1725618014,Base SO RL
419999,362.7756501475226,1725618014,Base SO RL
420999,368.5911958975008,1725618014,Base SO RL
421999,368.6458176153048,1725618014,Base SO RL
422999,372.23186279278167,1725618014,Base SO RL
423999,369.5103911095592,1725618014,Base SO RL
424999,370.61298918735736,1725618014,Base SO RL
425999,371.0677445845902,1725618014,Base SO RL
426999,364.36193072244174,1725618014,Base SO RL
427999,370.6566535339316,1725618014,Base SO RL
428999,368.3081434732841,1725618014,Base SO RL
429999,364.0323351887452,1725618014,Base SO RL
430999,361.2835842626448,1725618014,Base SO RL
431999,365.8751245271894,1725618014,Base SO RL
432999,365.3053115115736,1725618014,Base SO RL
433999,367.5051925965645,1725618014,Base SO RL
434999,368.9006275397064,1725618014,Base SO RL
435999,366.4988052045228,1725618014,Base SO RL
436999,365.2044423454312,1725618014,Base SO RL
437999,367.1345669558016,1725618014,Base SO RL
438999,373.92349167313,1725618014,Base SO RL
439999,364.025442044481,1725618014,Base SO RL
440999,369.1803650203476,1725618014,Base SO RL
441999,366.8861011652553,1725618014,Base SO RL
442999,368.8349573151566,1725618014,Base SO RL
443999,367.770539115849,1725618014,Base SO RL
444999,364.3349196672421,1725618014,Base SO RL
445999,360.0856995066987,1725618014,Base SO RL
446999,372.60043288863545,1725618014,Base SO RL
447999,365.3459243556342,1725618014,Base SO RL
448999,367.7703567533071,1725618014,Base SO RL
449999,366.8087563612867,1725618014,Base SO RL
450999,371.1003583124379,1725618014,Base SO RL
451999,364.173487483588,1725618014,Base SO RL
452999,365.67556879047714,1725618014,Base SO RL
453999,368.83752713211226,1725618014,Base SO RL
454999,369.8443822104901,1725618014,Base SO RL
455999,369.3150326009341,1725618014,Base SO RL
456999,368.5228185086994,1725618014,Base SO RL
457999,372.3656406713371,1725618014,Base SO RL
458999,377.3528372917299,1725618014,Base SO RL
459999,373.54104503222766,1725618014,Base SO RL
460999,369.9273338874687,1725618014,Base SO RL
461999,369.4384829795002,1725618014,Base SO RL
462999,371.5558961809591,1725618014,Base SO RL
463999,375.8096336693721,1725618014,Base SO RL
464999,370.8426371398055,1725618014,Base SO RL
465999,370.9270388473605,1725618014,Base SO RL
466999,372.605920383724,1725618014,Base SO RL
467999,368.0645657813562,1725618014,Base SO RL
468999,376.3116265537161,1725618014,Base SO RL
469999,375.17467990487097,1725618014,Base SO RL
470999,369.95378693997895,1725618014,Base SO RL
471999,372.5144825066609,1725618014,Base SO RL
472999,374.9773622173818,1725618014,Base SO RL
473999,375.8889245756611,1725618014,Base SO RL
474999,378.7239740008801,1725618014,Base SO RL
475999,379.42735280082354,1725618014,Base SO RL
476999,371.5721197122797,1725618014,Base SO RL
477999,378.04895992793695,1725618014,Base SO RL
478999,380.57660889960096,1725618014,Base SO RL
479999,375.1319419047182,1725618014,Base SO RL
480999,381.1675576115233,1725618014,Base SO RL
481999,378.5755214923542,1725618014,Base SO RL
482999,382.1964883492623,1725618014,Base SO RL
483999,373.5647992735514,1725618014,Base SO RL
484999,187.53409482143493,1725618014,Base SO RL
485999,379.2805775257503,1725618014,Base SO RL
486999,380.9746446471904,1725618014,Base SO RL
487999,372.0993493450538,1725618014,Base SO RL
488999,384.0617707183424,1725618014,Base SO RL
489999,381.4040723228295,1725618014,Base SO RL
490999,384.266917616309,1725618014,Base SO RL
491999,383.4609040494153,1725618014,Base SO RL
492999,382.97198012284105,1725618014,Base SO RL
493999,379.4877436240178,1725618014,Base SO RL
494999,385.828615101892,1725618014,Base SO RL
495999,385.4748744102306,1725618014,Base SO RL
496999,387.4896000003014,1725618014,Base SO RL
497999,381.195494902706,1725618014,Base SO RL
498999,380.220249250284,1725618014,Base SO RL
499999,364.0202495108372,1725618014,Base SO RL
999,-6.793716675498991,1725593692,Base SO RL
1999,-4.719011913784295,1725593692,Base SO RL
2999,-7.223335294886201,1725593692,Base SO RL
3999,-8.015679547739637,1725593692,Base SO RL
4999,-8.502147931143496,1725593692,Base SO RL
5999,-5.992779444338674,1725593692,Base SO RL
6999,-2.1551895575919464,1725593692,Base SO RL
7999,1.009774545945745,1725593692,Base SO RL
8999,-3.664382610943868,1725593692,Base SO RL
9999,-2.102467290504851,1725593692,Base SO RL
10999,-8.326695467042239,1725593692,Base SO RL
11999,-1.8827845726087076,1725593692,Base SO RL
12999,0.8581747186181604,1725593692,Base SO RL
13999,1.234875744252764,1725593692,Base SO RL
14999,1.56513436826611,1725593692,Base SO RL
15999,1.5126755151989788,1725593692,Base SO RL
16999,2.2912236401794748,1725593692,Base SO RL
17999,2.306561492499629,1725593692,Base SO RL
18999,4.663675117479697,1725593692,Base SO RL
19999,12.563981150802126,1725593692,Base SO RL
20999,29.717909700462855,1725593692,Base SO RL
21999,37.42591906444769,1725593692,Base SO RL
22999,46.954198389131314,1725593692,Base SO RL
23999,53.96844664349613,1725593692,Base SO RL
24999,20.0056238416008,1725593692,Base SO RL
25999,38.27238582762855,1725593692,Base SO RL
26999,73.10539642100277,1725593692,Base SO RL
27999,75.2125039848462,1725593692,Base SO RL
28999,86.55189415411971,1725593692,Base SO RL
29999,61.12909852779823,1725593692,Base SO RL
30999,101.08197054312176,1725593692,Base SO RL
31999,106.29901936998291,1725593692,Base SO RL
32999,115.7115522128658,1725593692,Base SO RL
33999,120.10109189700331,1725593692,Base SO RL
34999,127.56197286364298,1725593692,Base SO RL
35999,129.94192672695783,1725593692,Base SO RL
36999,132.8544224490114,1725593692,Base SO RL
37999,138.54495104453514,1725593692,Base SO RL
38999,143.01488431401702,1725593692,Base SO RL
39999,148.40030191092413,1725593692,Base SO RL
40999,152.18007577315984,1725593692,Base SO RL
41999,155.2356756157318,1725593692,Base SO RL
42999,154.21367057532487,1725593692,Base SO RL
43999,156.69658833212196,1725593692,Base SO RL
44999,160.16754695273102,1725593692,Base SO RL
45999,162.3292847169859,1725593692,Base SO RL
46999,160.68301573731725,1725593692,Base SO RL
47999,161.79530311167107,1725593692,Base SO RL
48999,164.08839914401526,1725593692,Base SO RL
49999,165.02510081673884,1725593692,Base SO RL
50999,161.11070091052778,1725593692,Base SO RL
51999,163.43844351328167,1725593692,Base SO RL
52999,166.19689181307626,1725593692,Base SO RL
53999,167.1037773580529,1725593692,Base SO RL
54999,171.2513484845016,1725593692,Base SO RL
55999,172.83440135630462,1725593692,Base SO RL
56999,173.59634035643958,1725593692,Base SO RL
57999,176.09309118573077,1725593692,Base SO RL
58999,173.86895213396315,1725593692,Base SO RL
59999,176.61004695874414,1725593692,Base SO RL
60999,177.81157282863288,1725593692,Base SO RL
61999,178.80227112413064,1725593692,Base SO RL
62999,177.09332598822942,1725593692,Base SO RL
63999,181.66533369328369,1725593692,Base SO RL
64999,180.84105242954436,1725593692,Base SO RL
65999,179.2383564193905,1725593692,Base SO RL
66999,182.85331781504615,1725593692,Base SO RL
67999,182.0912493874833,1725593692,Base SO RL
68999,182.2881536399093,1725593692,Base SO RL
69999,186.08476611134824,1725593692,Base SO RL
70999,185.91083341698908,1725593692,Base SO RL
71999,187.19886052793788,1725593692,Base SO RL
72999,189.03361250169013,1725593692,Base SO RL
73999,187.05603465909837,1725593692,Base SO RL
74999,194.5490477837394,1725593692,Base SO RL
75999,197.2954850553244,1725593692,Base SO RL
76999,195.68847864829704,1725593692,Base SO RL
77999,198.20441309789976,1725593692,Base SO RL
78999,199.45651101244133,1725593692,Base SO RL
79999,200.37716010106507,1725593692,Base SO RL
80999,203.00121212838425,1725593692,Base SO RL
81999,202.9195734639449,1725593692,Base SO RL
82999,204.63122933630197,1725593692,Base SO RL
83999,207.7424157325348,1725593692,Base SO RL
84999,209.3134901133024,1725593692,Base SO RL
85999,209.3365656952374,1725593692,Base SO RL
86999,212.62993377506243,1725593692,Base SO RL
87999,210.9743078044681,1725593692,Base SO RL
88999,211.946864029582,1725593692,Base SO RL
89999,214.45515235668432,1725593692,Base SO RL
90999,214.19551425342277,1725593692,Base SO RL
91999,217.7106588377524,1725593692,Base SO RL
92999,219.02709781264485,1725593692,Base SO RL
93999,217.435600199229,1725593692,Base SO RL
94999,222.5603616384043,1725593692,Base SO RL
95999,223.6804989570209,1725593692,Base SO RL
96999,226.93758013131844,1725593692,Base SO RL
97999,224.7684855743964,1725593692,Base SO RL
98999,228.0389726565153,1725593692,Base SO RL
99999,226.75615463083565,1725593692,Base SO RL
100999,229.8009076500917,1725593692,Base SO RL
101999,228.89569810290453,1725593692,Base SO RL
102999,221.6957677093752,1725593692,Base SO RL
103999,232.83561149369257,1725593692,Base SO RL
104999,235.80989971877585,1725593692,Base SO RL
105999,233.74336835244648,1725593692,Base SO RL
106999,235.77603348329063,1725593692,Base SO RL
107999,242.56493592893457,1725593692,Base SO RL
108999,248.69053804508656,1725593692,Base SO RL
109999,242.82640048971743,1725593692,Base SO RL
110999,249.56088742344284,1725593692,Base SO RL
111999,107.73075260307957,1725593692,Base SO RL
112999,259.83188365513945,1725593692,Base SO RL
113999,249.87259393054936,1725593692,Base SO RL
114999,254.47843828976505,1725593692,Base SO RL
115999,253.37482862935263,1725593692,Base SO RL
116999,262.0374276750863,1725593692,Base SO RL
117999,251.72132380449528,1725593692,Base SO RL
118999,258.10852402084294,1725593692,Base SO RL
119999,261.65348267635625,1725593692,Base SO RL
120999,261.57162840764767,1725593692,Base SO RL
121999,277.5135877966817,1725593692,Base SO RL
122999,267.6402991128828,1725593692,Base SO RL
123999,279.6860009030777,1725593692,Base SO RL
124999,272.3783087541202,1725593692,Base SO RL
125999,275.8069194754951,1725593692,Base SO RL
126999,280.89691766250894,1725593692,Base SO RL
127999,290.1432637540427,1725593692,Base SO RL
128999,283.1475462608505,1725593692,Base SO RL
129999,297.67551224856186,1725593692,Base SO RL
130999,293.55587728357966,1725593692,Base SO RL
131999,297.61937147897623,1725593692,Base SO RL
132999,295.1128030128265,1725593692,Base SO RL
133999,304.2190845919429,1725593692,Base SO RL
134999,299.72964559572654,1725593692,Base SO RL
135999,300.32825306225146,1725593692,Base SO RL
136999,302.0765488208146,1725593692,Base SO RL
137999,302.8112891321591,1725593692,Base SO RL
138999,300.67795442210064,1725593692,Base SO RL
139999,306.94539851278586,1725593692,Base SO RL
140999,302.7228680924011,1725593692,Base SO RL
141999,310.92162892929485,1725593692,Base SO RL
142999,309.90991440197246,1725593692,Base SO RL
143999,317.4629780916675,1725593692,Base SO RL
144999,316.8712806396139,1725593692,Base SO RL
145999,321.685804430021,1725593692,Base SO RL
146999,309.28615919346595,1725593692,Base SO RL
147999,316.3059234954183,1725593692,Base SO RL
148999,320.3910437415995,1725593692,Base SO RL
149999,316.1317218999026,1725593692,Base SO RL
150999,314.30757142796205,1725593692,Base SO RL
151999,321.83592596908653,1725593692,Base SO RL
152999,317.18283247947807,1725593692,Base SO RL
153999,316.27490696988605,1725593692,Base SO RL
154999,323.5072256232559,1725593692,Base SO RL
155999,324.5022928813181,1725593692,Base SO RL
156999,325.410842713846,1725593692,Base SO RL
157999,333.02604322733947,1725593692,Base SO RL
158999,325.0913102798203,1725593692,Base SO RL
159999,332.487131495459,1725593692,Base SO RL
160999,324.8552559968608,1725593692,Base SO RL
161999,334.1134011895284,1725593692,Base SO RL
162999,331.37079687156216,1725593692,Base SO RL
163999,334.4075378816083,1725593692,Base SO RL
164999,335.08033097938335,1725593692,Base SO RL
165999,341.558619360456,1725593692,Base SO RL
166999,338.2642577980539,1725593692,Base SO RL
167999,339.44959557691504,1725593692,Base SO RL
168999,340.4722186613583,1725593692,Base SO RL
169999,338.0460608336402,1725593692,Base SO RL
170999,341.56025669845206,1725593692,Base SO RL
171999,340.08849869182285,1725593692,Base SO RL
172999,345.6082976835932,1725593692,Base SO RL
173999,342.2208780441926,1725593692,Base SO RL
174999,345.6964991327672,1725593692,Base SO RL
175999,344.787892431678,1725593692,Base SO RL
176999,341.06724011032884,1725593692,Base SO RL
177999,344.54605513216484,1725593692,Base SO RL
178999,352.7877335171495,1725593692,Base SO RL
179999,350.8543722204188,1725593692,Base SO RL
180999,353.2596280363041,1725593692,Base SO RL
181999,352.1968600999563,1725593692,Base SO RL
182999,352.19845789976955,1725593692,Base SO RL
183999,350.0729873483885,1725593692,Base SO RL
184999,351.88309319719355,1725593692,Base SO RL
185999,348.2154459112215,1725593692,Base SO RL
186999,343.90065791188204,1725593692,Base SO RL
187999,348.82691573158814,1725593692,Base SO RL
188999,348.2096191969649,1725593692,Base SO RL
189999,353.3635641994746,1725593692,Base SO RL
190999,356.9680889311577,1725593692,Base SO RL
191999,352.8617074326372,1725593692,Base SO RL
192999,357.37104204024115,1725593692,Base SO RL
193999,354.353700290822,1725593692,Base SO RL
194999,358.8599605209256,1725593692,Base SO RL
195999,352.16310476367045,1725593692,Base SO RL
196999,352.6536619462402,1725593692,Base SO RL
197999,361.2319571371692,1725593692,Base SO RL
198999,353.3307395677132,1725593692,Base SO RL
199999,351.81993902607866,1725593692,Base SO RL
200999,359.774312545287,1725593692,Base SO RL
201999,357.70443595986654,1725593692,Base SO RL
202999,350.20243702748536,1725593692,Base SO RL
203999,348.5142962156932,1725593692,Base SO RL
204999,349.64123681379107,1725593692,Base SO RL
205999,349.8281456257108,1725593692,Base SO RL
206999,349.8797026875972,1725593692,Base SO RL
207999,356.7923494628216,1725593692,Base SO RL
208999,357.1901163147491,1725593692,Base SO RL
209999,357.2429773336078,1725593692,Base SO RL
210999,350.0225529015364,1725593692,Base SO RL
211999,356.83493320893643,1725593692,Base SO RL
212999,354.7416067899602,1725593692,Base SO RL
213999,358.50470570768607,1725593692,Base SO RL
214999,353.82039723036286,1725593692,Base SO RL
215999,353.0721533789992,1725593692,Base SO RL
216999,354.6006122378471,1725593692,Base SO RL
217999,354.688869555061,1725593692,Base SO RL
218999,360.07908001233625,1725593692,Base SO RL
219999,356.6136009860016,1725593692,Base SO RL
220999,364.0337840683598,1725593692,Base SO RL
221999,358.760587817151,1725593692,Base SO RL
222999,364.53720979446433,1725593692,Base SO RL
223999,361.54211485377033,1725593692,Base SO RL
224999,364.9692581311837,1725593692,Base SO RL
225999,359.5915778882602,1725593692,Base SO RL
226999,365.54702657604975,1725593692,Base SO RL
227999,362.72451247646194,1725593692,Base SO RL
228999,353.9477200311045,1725593692,Base SO RL
229999,363.4861741261894,1725593692,Base SO RL
230999,361.861352246652,1725593692,Base SO RL
231999,363.5588121093168,1725593692,Base SO RL
232999,365.9079471063761,1725593692,Base SO RL
233999,355.5605608432954,1725593692,Base SO RL
234999,358.27690105357306,1725593692,Base SO RL
235999,364.0783273947858,1725593692,Base SO RL
236999,367.9517005188834,1725593692,Base SO RL
237999,362.5757558583441,1725593692,Base SO RL
238999,362.5420242326357,1725593692,Base SO RL
239999,368.75158911070776,1725593692,Base SO RL
240999,368.0075386969433,1725593692,Base SO RL
241999,366.4656527576438,1725593692,Base SO RL
242999,364.9926373907438,1725593692,Base SO RL
243999,362.9034915292302,1725593692,Base SO RL
244999,364.9001529687766,1725593692,Base SO RL
245999,363.93117884729935,1725593692,Base SO RL
246999,368.3396936237562,1725593692,Base SO RL
247999,363.4325853960957,1725593692,Base SO RL
248999,367.9634850545805,1725593692,Base SO RL
249999,366.7758472330042,1725593692,Base SO RL
250999,364.45264025471647,1725593692,Base SO RL
251999,363.0293971113518,1725593692,Base SO RL
252999,367.07078488026417,1725593692,Base SO RL
253999,364.4148182850573,1725593692,Base SO RL
254999,364.2103529379447,1725593692,Base SO RL
255999,365.2572913538292,1725593692,Base SO RL
256999,357.4318526180034,1725593692,Base SO RL
257999,360.88021288619694,1725593692,Base SO RL
258999,367.4330750117037,1725593692,Base SO RL
259999,365.6436539157495,1725593692,Base SO RL
260999,366.3166790169968,1725593692,Base SO RL
261999,368.2670668738161,1725593692,Base SO RL
262999,365.3063987861767,1725593692,Base SO RL
263999,370.1375522081441,1725593692,Base SO RL
264999,372.0319940619629,1725593692,Base SO RL
265999,370.232934098892,1725593692,Base SO RL
266999,370.02579654854605,1725593692,Base SO RL
267999,372.8166343346126,1725593692,Base SO RL
268999,356.79078834212675,1725593692,Base SO RL
269999,366.623207235004,1725593692,Base SO RL
270999,372.2447522031267,1725593692,Base SO RL
271999,368.6562546982873,1725593692,Base SO RL
272999,371.9304091823012,1725593692,Base SO RL
273999,364.67656574958016,1725593692,Base SO RL
274999,361.0558669522642,1725593692,Base SO RL
275999,356.4925564213116,1725593692,Base SO RL
276999,361.0627130492287,1725593692,Base SO RL
277999,364.503487256542,1725593692,Base SO RL
278999,362.8861120604864,1725593692,Base SO RL
279999,365.9258052938152,1725593692,Base SO RL
280999,366.0147482760022,1725593692,Base SO RL
281999,364.4918501892178,1725593692,Base SO RL
282999,369.5584309728542,1725593692,Base SO RL
283999,377.4472335791017,1725593692,Base SO RL
284999,365.446783108132,1725593692,Base SO RL
285999,368.8835778519349,1725593692,Base SO RL
286999,370.6555363675943,1725593692,Base SO RL
287999,373.20075396036594,1725593692,Base SO RL
288999,366.9393250332859,1725593692,Base SO RL
289999,370.2585645206384,1725593692,Base SO RL
290999,370.517856119505,1725593692,Base SO RL
291999,368.4900045718392,1725593692,Base SO RL
292999,364.2316839485373,1725593692,Base SO RL
293999,369.73779201107374,1725593692,Base SO RL
294999,368.4416322443982,1725593692,Base SO RL
295999,370.1717465602585,1725593692,Base SO RL
296999,365.56046375508265,1725593692,Base SO RL
297999,359.2897290404624,1725593692,Base SO RL
298999,358.0124062634949,1725593692,Base SO RL
299999,366.8456207911487,1725593692,Base SO RL
300999,368.0100853501894,1725593692,Base SO RL
301999,370.411859074295,1725593692,Base SO RL
302999,370.55077083761057,1725593692,Base SO RL
303999,367.869139701977,1725593692,Base SO RL
304999,368.9952479658068,1725593692,Base SO RL
305999,368.4891128159343,1725593692,Base SO RL
306999,365.6898882675128,1725593692,Base SO RL
307999,368.34245693823135,1725593692,Base SO RL
308999,375.2434430275897,1725593692,Base SO RL
309999,368.7320206282066,1725593692,Base SO RL
310999,360.959844589724,1725593692,Base SO RL
311999,367.8434187062712,1725593692,Base SO RL
312999,375.1235383531237,1725593692,Base SO RL
313999,371.83178262118753,1725593692,Base SO RL
314999,372.5725910114453,1725593692,Base SO RL
315999,368.8104227071728,1725593692,Base SO RL
316999,369.6034812092629,1725593692,Base SO RL
317999,365.80753635928585,1725593692,Base SO RL
318999,372.981949978148,1725593692,Base SO RL
319999,371.3849491835468,1725593692,Base SO RL
320999,366.97579584578216,1725593692,Base SO RL
321999,373.7573141592604,1725593692,Base SO RL
322999,370.2530907821248,1725593692,Base SO RL
323999,365.0961076244279,1725593692,Base SO RL
324999,361.6374458447066,1725593692,Base SO RL
325999,372.66885646326216,1725593692,Base SO RL
326999,367.4555280290041,1725593692,Base SO RL
327999,378.41404774475023,1725593692,Base SO RL
328999,374.269432991728,1725593692,Base SO RL
329999,369.2551624982487,1725593692,Base SO RL
330999,368.0684830204006,1725593692,Base SO RL
331999,369.1468952523775,1725593692,Base SO RL
332999,372.6756710834685,1725593692,Base SO RL
333999,374.2486446366779,1725593692,Base SO RL
334999,362.3202354057008,1725593692,Base SO RL
335999,373.57549311947577,1725593692,Base SO RL
336999,370.0454026472597,1725593692,Base SO RL
337999,371.0814640277816,1725593692,Base SO RL
338999,370.2382733380352,1725593692,Base SO RL
339999,371.75053830773214,1725593692,Base SO RL
340999,374.6020514564634,1725593692,Base SO RL
341999,369.15034954599946,1725593692,Base SO RL
342999,369.9964950035189,1725593692,Base SO RL
343999,372.52359151766063,1725593692,Base SO RL
344999,372.941080948998,1725593692,Base SO RL
345999,376.6488693815019,1725593692,Base SO RL
346999,366.5103246410764,1725593692,Base SO RL
347999,379.57790511989214,1725593692,Base SO RL
348999,368.9222283648228,1725593692,Base SO RL
349999,376.8667885819553,1725593692,Base SO RL
350999,373.8953492852999,1725593692,Base SO RL
351999,372.2559689345255,1725593692,Base SO RL
352999,380.5338731600128,1725593692,Base SO RL
353999,370.7252532012548,1725593692,Base SO RL
354999,376.2595365454762,1725593692,Base SO RL
355999,381.8959851889879,1725593692,Base SO RL
356999,378.9784487581191,1725593692,Base SO RL
357999,373.7838359198548,1725593692,Base SO RL
358999,372.24344961358014,1725593692,Base SO RL
359999,368.8992180515161,1725593692,Base SO RL
360999,367.6923012803058,1725593692,Base SO RL
361999,372.4637635612821,1725593692,Base SO RL
362999,368.8689361642073,1725593692,Base SO RL
363999,373.6892694701153,1725593692,Base SO RL
364999,377.7631869983241,1725593692,Base SO RL
365999,369.40947144065456,1725593692,Base SO RL
366999,372.50984640599273,1725593692,Base SO RL
367999,367.692067471681,1725593692,Base SO RL
368999,368.7703173135465,1725593692,Base SO RL
369999,374.9986383940015,1725593692,Base SO RL
370999,371.2473635933246,1725593692,Base SO RL
371999,373.004606912092,1725593692,Base SO RL
372999,369.51167851678,1725593692,Base SO RL
373999,379.8751905942661,1725593692,Base SO RL
374999,373.3529865126287,1725593692,Base SO RL
375999,374.5656977445177,1725593692,Base SO RL
376999,373.4250621737229,1725593692,Base SO RL
377999,367.2310489976342,1725593692,Base SO RL
378999,379.0494339945378,1725593692,Base SO RL
379999,353.33273148336934,1725593692,Base SO RL
380999,361.7764788744504,1725593692,Base SO RL
381999,366.7301331011313,1725593692,Base SO RL
382999,368.6561997373028,1725593692,Base SO RL
383999,372.321186052852,1725593692,Base SO RL
384999,364.6560223756976,1725593692,Base SO RL
385999,372.0246702705089,1725593692,Base SO RL
386999,368.5062029406604,1725593692,Base SO RL
387999,377.5662485025472,1725593692,Base SO RL
388999,378.6079825360103,1725593692,Base SO RL
389999,373.65467594746514,1725593692,Base SO RL
390999,365.46319305840433,1725593692,Base SO RL
391999,360.4538160709455,1725593692,Base SO RL
392999,373.2711749642263,1725593692,Base SO RL
393999,367.9747268839005,1725593692,Base SO RL
394999,367.39447465067286,1725593692,Base SO RL
395999,372.6856177657355,1725593692,Base SO RL
396999,368.41019061254815,1725593692,Base SO RL
397999,376.54578118825634,1725593692,Base SO RL
398999,366.2952938426583,1725593692,Base SO RL
399999,372.59513985252295,1725593692,Base SO RL
400999,370.6650866600585,1725593692,Base SO RL
401999,367.9697751664025,1725593692,Base SO RL
402999,376.5806877323832,1725593692,Base SO RL
403999,370.7243549769003,1725593692,Base SO RL
404999,366.4203244362877,1725593692,Base SO RL
405999,373.21097590217545,1725593692,Base SO RL
406999,376.74213123886506,1725593692,Base SO RL
407999,376.1558710257108,1725593692,Base SO RL
408999,367.1404222170954,1725593692,Base SO RL
409999,374.8454186080128,1725593692,Base SO RL
410999,367.06910453314975,1725593692,Base SO RL
411999,362.45753038243134,1725593692,Base SO RL
412999,368.961834576861,1725593692,Base SO RL
413999,368.0236752580164,1725593692,Base SO RL
414999,364.3539806006144,1725593692,Base SO RL
415999,370.560558297432,1725593692,Base SO RL
416999,369.6048084885125,1725593692,Base SO RL
417999,367.9643310565932,1725593692,Base SO RL
418999,367.5392217114984,1725593692,Base SO RL
419999,368.9053022546175,1725593692,Base SO RL
420999,373.0890628728719,1725593692,Base SO RL
421999,377.51991776147736,1725593692,Base SO RL
422999,372.0629962380352,1725593692,Base SO RL
423999,375.9247372082408,1725593692,Base SO RL
424999,371.3318774578671,1725593692,Base SO RL
425999,369.7370744221893,1725593692,Base SO RL
426999,373.0017480233533,1725593692,Base SO RL
427999,376.16426970163695,1725593692,Base SO RL
428999,381.8244551199701,1725593692,Base SO RL
429999,381.85861327110655,1725593692,Base SO RL
430999,375.04696591739287,1725593692,Base SO RL
431999,372.9215753425418,1725593692,Base SO RL
432999,379.9467415430668,1725593692,Base SO RL
433999,365.8078949519076,1725593692,Base SO RL
434999,379.8694558126612,1725593692,Base SO RL
435999,373.3207904945071,1725593692,Base SO RL
436999,369.6502841464135,1725593692,Base SO RL
437999,368.4884060506993,1725593692,Base SO RL
438999,380.0466712348069,1725593692,Base SO RL
439999,377.19970020675385,1725593692,Base SO RL
440999,379.2137276997046,1725593692,Base SO RL
441999,376.3633677470359,1725593692,Base SO RL
442999,378.8895402206781,1725593692,Base SO RL
443999,374.4080653481033,1725593692,Base SO RL
444999,369.167131806354,1725593692,Base SO RL
445999,375.8275891584271,1725593692,Base SO RL
446999,374.60534981189386,1725593692,Base SO RL
447999,380.0700284868949,1725593692,Base SO RL
448999,375.6599150078692,1725593692,Base SO RL
449999,375.3811189400536,1725593692,Base SO RL
450999,375.0246429657611,1725593692,Base SO RL
451999,369.2754179089065,1725593692,Base SO RL
452999,369.7124915858455,1725593692,Base SO RL
453999,376.508716975186,1725593692,Base SO RL
454999,377.57772799574064,1725593692,Base SO RL
455999,375.7381023550008,1725593692,Base SO RL
456999,387.0203159616621,1725593692,Base SO RL
457999,378.0134698698399,1725593692,Base SO RL
458999,379.7219345239836,1725593692,Base SO RL
459999,373.2355584341881,1725593692,Base SO RL
460999,381.1380886498508,1725593692,Base SO RL
461999,372.70409983100507,1725593692,Base SO RL
462999,379.190731860933,1725593692,Base SO RL
463999,381.1785314503871,1725593692,Base SO RL
464999,374.9235896528096,1725593692,Base SO RL
465999,372.80230353938657,1725593692,Base SO RL
466999,377.85166314012366,1725593692,Base SO RL
467999,378.4817967849465,1725593692,Base SO RL
468999,378.5233986247957,1725593692,Base SO RL
469999,376.66739741153225,1725593692,Base SO RL
470999,376.57548430303,1725593692,Base SO RL
471999,379.3887470693246,1725593692,Base SO RL
472999,382.04163596068366,1725593692,Base SO RL
473999,379.5484315465012,1725593692,Base SO RL
474999,378.60339438653193,1725593692,Base SO RL
475999,379.21914057199336,1725593692,Base SO RL
476999,379.5717892016806,1725593692,Base SO RL
477999,378.0418762771904,1725593692,Base SO RL
478999,376.2288268985593,1725593692,Base SO RL
479999,380.59565982397766,1725593692,Base SO RL
480999,378.7374047367257,1725593692,Base SO RL
481999,381.600430899086,1725593692,Base SO RL
482999,383.6292512254744,1725593692,Base SO RL
483999,380.5168990353663,1725593692,Base SO RL
484999,384.4907451642035,1725593692,Base SO RL
485999,379.9567844973082,1725593692,Base SO RL
486999,381.46764866420176,1725593692,Base SO RL
487999,380.17879017153217,1725593692,Base SO RL
488999,392.9326917075844,1725593692,Base SO RL
489999,388.91794476474826,1725593692,Base SO RL
490999,381.34290796218585,1725593692,Base SO RL
491999,384.43083166525406,1725593692,Base SO RL
492999,386.9565002991749,1725593692,Base SO RL
493999,386.24982518644,1725593692,Base SO RL
494999,383.0257291972353,1725593692,Base SO RL
495999,382.2936959402725,1725593692,Base SO RL
496999,386.6443624701959,1725593692,Base SO RL
497999,384.9458913220153,1725593692,Base SO RL
498999,364.76056187236327,1725593692,Base SO RL
499999,385.0309689142798,1725593692,Base SO RL
999,-8.41861090149092,1725581989,Base SO RL
1999,-4.070789228549426,1725581989,Base SO RL
2999,-1.3309314831838304,1725581989,Base SO RL
3999,-7.120948993896711,1725581989,Base SO RL
4999,-8.981497079189053,1725581989,Base SO RL
5999,-6.588336511119611,1725581989,Base SO RL
6999,-2.7881313267489203,1725581989,Base SO RL
7999,-14.397251034693838,1725581989,Base SO RL
8999,-3.8391984302932527,1725581989,Base SO RL
9999,1.4904080291414972,1725581989,Base SO RL
10999,-1.226219195525682,1725581989,Base SO RL
11999,-3.0091424759975016,1725581989,Base SO RL
12999,3.4275552210189644,1725581989,Base SO RL
13999,0.5844709249469738,1725581989,Base SO RL
14999,1.6220254427798229,1725581989,Base SO RL
15999,1.6935355119706577,1725581989,Base SO RL
16999,2.080535315770776,1725581989,Base SO RL
17999,4.950425012773606,1725581989,Base SO RL
18999,16.26365403385821,1725581989,Base SO RL
19999,35.81007317646327,1725581989,Base SO RL
20999,6.5326695050514605,1725581989,Base SO RL
21999,2.384884415116219,1725581989,Base SO RL
22999,1.2116358359569286,1725581989,Base SO RL
23999,1.1858489070921585,1725581989,Base SO RL
24999,1.5604844627481416,1725581989,Base SO RL
25999,1.4046828015919155,1725581989,Base SO RL
26999,15.194102426746683,1725581989,Base SO RL
27999,32.99623539506453,1725581989,Base SO RL
28999,4.981499300116558,1725581989,Base SO RL
29999,63.50232529273533,1725581989,Base SO RL
30999,8.406221714540349,1725581989,Base SO RL
31999,75.89380930932255,1725581989,Base SO RL
32999,81.65984752506371,1725581989,Base SO RL
33999,87.93396717822922,1725581989,Base SO RL
34999,95.75300134932596,1725581989,Base SO RL
35999,104.71391754330628,1725581989,Base SO RL
36999,113.67893857347926,1725581989,Base SO RL
37999,119.40764666401144,1725581989,Base SO RL
38999,128.22398729206125,1725581989,Base SO RL
39999,133.76555496507868,1725581989,Base SO RL
40999,139.08149327601828,1725581989,Base SO RL
41999,144.35293697430225,1725581989,Base SO RL
42999,148.39325244596705,1725581989,Base SO RL
43999,146.83146035886818,1725581989,Base SO RL
44999,155.23852821416344,1725581989,Base SO RL
45999,159.33717241858918,1725581989,Base SO RL
46999,162.45301744576778,1725581989,Base SO RL
47999,160.43576989072267,1725581989,Base SO RL
48999,164.48330745774723,1725581989,Base SO RL
49999,166.33344703969098,1725581989,Base SO RL
50999,170.53913407743107,1725581989,Base SO RL
51999,172.87701052926013,1725581989,Base SO RL
52999,176.38015470617538,1725581989,Base SO RL
53999,172.17503590118054,1725581989,Base SO RL
54999,178.74229707603092,1725581989,Base SO RL
55999,181.471220275605,1725581989,Base SO RL
56999,180.86617508871592,1725581989,Base SO RL
57999,182.88463094535356,1725581989,Base SO RL
58999,185.9573814839236,1725581989,Base SO RL
59999,188.3006960764568,1725581989,Base SO RL
60999,191.12016539830068,1725581989,Base SO RL
61999,189.2094118006113,1725581989,Base SO RL
62999,195.4984253402914,1725581989,Base SO RL
63999,191.39170861808344,1725581989,Base SO RL
64999,192.3658131829787,1725581989,Base SO RL
65999,199.2625257754637,1725581989,Base SO RL
66999,202.34590308435835,1725581989,Base SO RL
67999,198.1707409716082,1725581989,Base SO RL
68999,202.6089172341368,1725581989,Base SO RL
69999,201.12105706773607,1725581989,Base SO RL
70999,205.6032260826541,1725581989,Base SO RL
71999,204.91826832682096,1725581989,Base SO RL
72999,206.14661642882837,1725581989,Base SO RL
73999,210.19929329008124,1725581989,Base SO RL
74999,212.4493602544175,1725581989,Base SO RL
75999,218.3426054372236,1725581989,Base SO RL
76999,220.9931556081978,1725581989,Base SO RL
77999,225.3592254420917,1725581989,Base SO RL
78999,227.1636330488041,1725581989,Base SO RL
79999,230.1565323971235,1725581989,Base SO RL
80999,232.85177213970704,1725581989,Base SO RL
81999,232.8044141154135,1725581989,Base SO RL
82999,236.5782685803396,1725581989,Base SO RL
83999,238.39498783076985,1725581989,Base SO RL
84999,244.13214870575175,1725581989,Base SO RL
85999,246.80081653407083,1725581989,Base SO RL
86999,246.47339550841696,1725581989,Base SO RL
87999,245.79067048606032,1725581989,Base SO RL
88999,250.18488250798237,1725581989,Base SO RL
89999,245.0496373622397,1725581989,Base SO RL
90999,244.85355862926625,1725581989,Base SO RL
91999,248.90557798658384,1725581989,Base SO RL
92999,249.37850489129943,1725581989,Base SO RL
93999,256.8876032367153,1725581989,Base SO RL
94999,255.76843579410124,1725581989,Base SO RL
95999,260.8574320609913,1725581989,Base SO RL
96999,265.3209306121045,1725581989,Base SO RL
97999,257.1223033953519,1725581989,Base SO RL
98999,271.3079554775005,1725581989,Base SO RL
99999,276.0712252279695,1725581989,Base SO RL
100999,274.64237646526067,1725581989,Base SO RL
101999,283.61654585984,1725581989,Base SO RL
102999,281.34832850702844,1725581989,Base SO RL
103999,284.410572034707,1725581989,Base SO RL
104999,285.2681836805042,1725581989,Base SO RL
105999,290.0217414886869,1725581989,Base SO RL
106999,289.53259435486336,1725581989,Base SO RL
107999,280.23018120449865,1725581989,Base SO RL
108999,277.14673898044987,1725581989,Base SO RL
109999,279.1008343346723,1725581989,Base SO RL
110999,11.203461099927518,1725581989,Base SO RL
111999,0.0998863262569594,1725581989,Base SO RL
112999,0.7237358090846832,1725581989,Base SO RL
113999,-2.7052661201366357,1725581989,Base SO RL
114999,-0.6456769269013063,1725581989,Base SO RL
115999,15.112224977042652,1725581989,Base SO RL
116999,4.207826052805023,1725581989,Base SO RL
117999,4.525210108955935,1725581989,Base SO RL
118999,12.107825973521212,1725581989,Base SO RL
119999,32.66973707119917,1725581989,Base SO RL
120999,72.26875804561848,1725581989,Base SO RL
121999,56.57273576773432,1725581989,Base SO RL
122999,195.84919924042737,1725581989,Base SO RL
123999,36.28808472541781,1725581989,Base SO RL
124999,270.48717244373745,1725581989,Base SO RL
125999,272.65905959749176,1725581989,Base SO RL
126999,277.1754933890216,1725581989,Base SO RL
127999,276.9358896741618,1725581989,Base SO RL
128999,267.1057579211577,1725581989,Base SO RL
129999,278.9314894079944,1725581989,Base SO RL
130999,278.283465466222,1725581989,Base SO RL
131999,265.2995297090325,1725581989,Base SO RL
132999,265.5352173879048,1725581989,Base SO RL
133999,275.7997575603768,1725581989,Base SO RL
134999,262.98014756386885,1725581989,Base SO RL
135999,247.9318326196073,1725581989,Base SO RL
136999,270.00909632537287,1725581989,Base SO RL
137999,277.737522116053,1725581989,Base SO RL
138999,280.35319062203166,1725581989,Base SO RL
139999,282.52428227509705,1725581989,Base SO RL
140999,276.8226786552765,1725581989,Base SO RL
141999,279.7005922392624,1725581989,Base SO RL
142999,281.6954986397519,1725581989,Base SO RL
143999,278.4305256750522,1725581989,Base SO RL
144999,287.49073975206545,1725581989,Base SO RL
145999,281.8964983276884,1725581989,Base SO RL
146999,290.1977095814124,1725581989,Base SO RL
147999,296.1531787157776,1725581989,Base SO RL
148999,298.8786660798513,1725581989,Base SO RL
149999,290.2593197098011,1725581989,Base SO RL
150999,298.74603398435033,1725581989,Base SO RL
151999,297.70367858872964,1725581989,Base SO RL
152999,303.9987700885319,1725581989,Base SO RL
153999,291.811256365766,1725581989,Base SO RL
154999,291.6513291105198,1725581989,Base SO RL
155999,304.36713300354785,1725581989,Base SO RL
156999,299.9284663251222,1725581989,Base SO RL
157999,303.2422166651624,1725581989,Base SO RL
158999,304.8553081792508,1725581989,Base SO RL
159999,311.58116527995577,1725581989,Base SO RL
160999,311.07033032560304,1725581989,Base SO RL
161999,310.0763136171919,1725581989,Base SO RL
162999,307.94280158654504,1725581989,Base SO RL
163999,318.28442582388305,1725581989,Base SO RL
164999,317.4653509562835,1725581989,Base SO RL
165999,321.4144865782764,1725581989,Base SO RL
166999,321.0949755066392,1725581989,Base SO RL
167999,325.5240434049443,1725581989,Base SO RL
168999,321.259992984294,1725581989,Base SO RL
169999,327.0672909495337,1725581989,Base SO RL
170999,320.4152204856667,1725581989,Base SO RL
171999,323.40712554997697,1725581989,Base SO RL
172999,328.54711507501827,1725581989,Base SO RL
173999,328.1051246912449,1725581989,Base SO RL
174999,325.47423148359,1725581989,Base SO RL
175999,324.7086694485178,1725581989,Base SO RL
176999,325.45248707563945,1725581989,Base SO RL
177999,330.9136816544989,1725581989,Base SO RL
178999,326.64772630109474,1725581989,Base SO RL
179999,324.7889660952849,1725581989,Base SO RL
180999,331.5675902644575,1725581989,Base SO RL
181999,332.6990852092332,1725581989,Base SO RL
182999,331.5586335130238,1725581989,Base SO RL
183999,337.2878932127575,1725581989,Base SO RL
184999,341.84795677861484,1725581989,Base SO RL
185999,340.629068859713,1725581989,Base SO RL
186999,339.0384931754161,1725581989,Base SO RL
187999,339.65283193280527,1725581989,Base SO RL
188999,346.00618271546483,1725581989,Base SO RL
189999,344.3664429340116,1725581989,Base SO RL
190999,342.4886952407604,1725581989,Base SO RL
191999,351.417127969686,1725581989,Base SO RL
192999,346.5477700117264,1725581989,Base SO RL
193999,352.4779305341305,1725581989,Base SO RL
194999,349.05430434293544,1725581989,Base SO RL
195999,356.7022417863846,1725581989,Base SO RL
196999,351.3882347841779,1725581989,Base SO RL
197999,356.5910456233703,1725581989,Base SO RL
198999,344.07840142606204,1725581989,Base SO RL
199999,354.6965104024632,1725581989,Base SO RL
200999,351.32051440061787,1725581989,Base SO RL
201999,349.4768881390682,1725581989,Base SO RL
202999,358.6204703632395,1725581989,Base SO RL
203999,362.4144620135116,1725581989,Base SO RL
204999,355.9027972788781,1725581989,Base SO RL
205999,359.0127127065049,1725581989,Base SO RL
206999,359.0380388530125,1725581989,Base SO RL
207999,362.5482031462121,1725581989,Base SO RL
208999,358.5438619751489,1725581989,Base SO RL
209999,355.34591100724344,1725581989,Base SO RL
210999,358.6518464276179,1725581989,Base SO RL
211999,360.4983675332934,1725581989,Base SO RL
212999,358.0392155095237,1725581989,Base SO RL
213999,366.60445029062254,1725581989,Base SO RL
214999,364.3155552454648,1725581989,Base SO RL
215999,362.7514934568162,1725581989,Base SO RL
216999,366.2619330080021,1725581989,Base SO RL
217999,366.0939360656208,1725581989,Base SO RL
218999,360.9098730335366,1725581989,Base SO RL
219999,362.2075384539673,1725581989,Base SO RL
220999,364.6427765803172,1725581989,Base SO RL
221999,362.4996616971987,1725581989,Base SO RL
222999,368.994724394677,1725581989,Base SO RL
223999,368.1622464527827,1725581989,Base SO RL
224999,362.7032343453832,1725581989,Base SO RL
225999,368.877847778603,1725581989,Base SO RL
226999,365.2962152220832,1725581989,Base SO RL
227999,366.29566265519645,1725581989,Base SO RL
228999,363.6668255180216,1725581989,Base SO RL
229999,361.3431512477629,1725581989,Base SO RL
230999,362.5614675733518,1725581989,Base SO RL
231999,363.55450901801805,1725581989,Base SO RL
232999,369.3281405829893,1725581989,Base SO RL
233999,368.54767384267495,1725581989,Base SO RL
234999,369.8403878933727,1725581989,Base SO RL
235999,370.39674429497927,1725581989,Base SO RL
236999,368.5034397395021,1725581989,Base SO RL
237999,363.1638782310909,1725581989,Base SO RL
238999,370.1461604017664,1725581989,Base SO RL
239999,368.5977552870883,1725581989,Base SO RL
240999,356.41658100575347,1725581989,Base SO RL
241999,357.2788591012351,1725581989,Base SO RL
242999,360.71010869875454,1725581989,Base SO RL
243999,366.2386197626783,1725581989,Base SO RL
244999,368.766438910855,1725581989,Base SO RL
245999,367.16963211479737,1725581989,Base SO RL
246999,364.72946583112633,1725581989,Base SO RL
247999,366.8738880312576,1725581989,Base SO RL
248999,367.85980273681935,1725581989,Base SO RL
249999,364.2437898035906,1725581989,Base SO RL
250999,366.2340969666527,1725581989,Base SO RL
251999,369.86605328653417,1725581989,Base SO RL
252999,361.2919992777946,1725581989,Base SO RL
253999,365.8636392983066,1725581989,Base SO RL
254999,361.8968973083345,1725581989,Base SO RL
255999,362.2117933262048,1725581989,Base SO RL
256999,363.6146190685794,1725581989,Base SO RL
257999,48.73162446308012,1725581989,Base SO RL
258999,368.1576132497073,1725581989,Base SO RL
259999,356.38683248453657,1725581989,Base SO RL
260999,366.6954431017523,1725581989,Base SO RL
261999,371.09188707583263,1725581989,Base SO RL
262999,348.56350324611753,1725581989,Base SO RL
263999,370.3914574584272,1725581989,Base SO RL
264999,366.2294565192623,1725581989,Base SO RL
265999,359.78369084609426,1725581989,Base SO RL
266999,366.0929359974367,1725581989,Base SO RL
267999,364.1142781757549,1725581989,Base SO RL
268999,358.55863219453295,1725581989,Base SO RL
269999,365.7838977217768,1725581989,Base SO RL
270999,362.1204585930385,1725581989,Base SO RL
271999,370.4428365390507,1725581989,Base SO RL
272999,357.6359010367966,1725581989,Base SO RL
273999,364.2281251993398,1725581989,Base SO RL
274999,365.0472902977066,1725581989,Base SO RL
275999,367.3107085867446,1725581989,Base SO RL
276999,369.807266930732,1725581989,Base SO RL
277999,363.1470670929182,1725581989,Base SO RL
278999,366.6086355777667,1725581989,Base SO RL
279999,368.8598469902666,1725581989,Base SO RL
280999,369.3025001499016,1725581989,Base SO RL
281999,368.8955194882117,1725581989,Base SO RL
282999,366.5126107191565,1725581989,Base SO RL
283999,360.5534587362127,1725581989,Base SO RL
284999,364.1086175288222,1725581989,Base SO RL
285999,371.5494840052699,1725581989,Base SO RL
286999,365.53844828572375,1725581989,Base SO RL
287999,372.8768031872696,1725581989,Base SO RL
288999,368.0330541510527,1725581989,Base SO RL
289999,369.6667605589793,1725581989,Base SO RL
290999,359.71820631074456,1725581989,Base SO RL
291999,368.5551071261939,1725581989,Base SO RL
292999,362.06043978485474,1725581989,Base SO RL
293999,363.62950602164136,1725581989,Base SO RL
294999,369.6814523006896,1725581989,Base SO RL
295999,366.0585496668274,1725581989,Base SO RL
296999,372.40375456316445,1725581989,Base SO RL
297999,369.870329265466,1725581989,Base SO RL
298999,372.23610110293936,1725581989,Base SO RL
299999,366.3142878351405,1725581989,Base SO RL
300999,368.6681555832041,1725581989,Base SO RL
301999,361.4736532409684,1725581989,Base SO RL
302999,377.2939400944081,1725581989,Base SO RL
303999,372.0199099027356,1725581989,Base SO RL
304999,359.6016159509047,1725581989,Base SO RL
305999,367.3493770421412,1725581989,Base SO RL
306999,369.1667445975229,1725581989,Base SO RL
307999,369.0437643608852,1725581989,Base SO RL
308999,372.5307913120479,1725581989,Base SO RL
309999,378.84207232216994,1725581989,Base SO RL
310999,372.2431466096602,1725581989,Base SO RL
311999,370.1371561707545,1725581989,Base SO RL
312999,368.7699767570699,1725581989,Base SO RL
313999,373.0794957613115,1725581989,Base SO RL
314999,366.7308912398451,1725581989,Base SO RL
315999,354.46567483457835,1725581989,Base SO RL
316999,373.2493461310823,1725581989,Base SO RL
317999,367.4451343053939,1725581989,Base SO RL
318999,371.52245977327385,1725581989,Base SO RL
319999,367.6055898427163,1725581989,Base SO RL
320999,372.8713541421906,1725581989,Base SO RL
321999,369.8917830271141,1725581989,Base SO RL
322999,361.73168248608135,1725581989,Base SO RL
323999,372.2765743195144,1725581989,Base SO RL
324999,372.2868344221412,1725581989,Base SO RL
325999,373.3016405622578,1725581989,Base SO RL
326999,364.1280643476926,1725581989,Base SO RL
327999,374.17605700636113,1725581989,Base SO RL
328999,369.9848527796603,1725581989,Base SO RL
329999,374.1756134050415,1725581989,Base SO RL
330999,373.5918257900143,1725581989,Base SO RL
331999,368.8083090840817,1725581989,Base SO RL
332999,369.805558021548,1725581989,Base SO RL
333999,365.7623291398736,1725581989,Base SO RL
334999,360.50762718248205,1725581989,Base SO RL
335999,374.630741596648,1725581989,Base SO RL
336999,372.1121277028519,1725581989,Base SO RL
337999,373.38250119702207,1725581989,Base SO RL
338999,364.9962589950118,1725581989,Base SO RL
339999,373.17867373305785,1725581989,Base SO RL
340999,378.23106480233565,1725581989,Base SO RL
341999,381.4954266768039,1725581989,Base SO RL
342999,377.1776600965628,1725581989,Base SO RL
343999,375.1192747450544,1725581989,Base SO RL
344999,372.5408210849102,1725581989,Base SO RL
345999,377.6316523318184,1725581989,Base SO RL
346999,371.55953716145024,1725581989,Base SO RL
347999,376.2782368683603,1725581989,Base SO RL
348999,379.7332094526749,1725581989,Base SO RL
349999,377.824280836239,1725581989,Base SO RL
350999,373.1564269583869,1725581989,Base SO RL
351999,365.9618050542228,1725581989,Base SO RL
352999,376.6845912197859,1725581989,Base SO RL
353999,375.51854744482887,1725581989,Base SO RL
354999,385.28498729937655,1725581989,Base SO RL
355999,383.91344041561496,1725581989,Base SO RL
356999,374.26517005783046,1725581989,Base SO RL
357999,379.491456106444,1725581989,Base SO RL
358999,378.0096605204736,1725581989,Base SO RL
359999,382.3322224546692,1725581989,Base SO RL
360999,369.4976313957061,1725581989,Base SO RL
361999,380.1881659942548,1725581989,Base SO RL
362999,377.0222530344104,1725581989,Base SO RL
363999,375.6586150203042,1725581989,Base SO RL
364999,376.1294810784231,1725581989,Base SO RL
365999,386.2465650620105,1725581989,Base SO RL
366999,375.3020714901649,1725581989,Base SO RL
367999,372.9900033415518,1725581989,Base SO RL
368999,373.8286799667372,1725581989,Base SO RL
369999,377.7069650812099,1725581989,Base SO RL
370999,381.18232014430185,1725581989,Base SO RL
371999,381.3001576936808,1725581989,Base SO RL
372999,373.3596402863624,1725581989,Base SO RL
373999,376.8182794550755,1725581989,Base SO RL
374999,382.3925418113076,1725581989,Base SO RL
375999,378.897420497108,1725581989,Base SO RL
376999,388.1963254417315,1725581989,Base SO RL
377999,383.2925499603047,1725581989,Base SO RL
378999,374.66314864613577,1725581989,Base SO RL
379999,372.2870540425324,1725581989,Base SO RL
380999,374.0547385278464,1725581989,Base SO RL
381999,376.2693531495317,1725581989,Base SO RL
382999,381.4073829376598,1725581989,Base SO RL
383999,385.2207821804705,1725581989,Base SO RL
384999,384.8581579505739,1725581989,Base SO RL
385999,383.568457614618,1725581989,Base SO RL
386999,386.5724882990062,1725581989,Base SO RL
387999,389.9085124899299,1725581989,Base SO RL
388999,393.1518237662141,1725581989,Base SO RL
389999,388.9458357084064,1725581989,Base SO RL
390999,384.54528614100633,1725581989,Base SO RL
391999,386.4121488670844,1725581989,Base SO RL
392999,383.78930743937406,1725581989,Base SO RL
393999,384.60837056092726,1725581989,Base SO RL
394999,387.731012739638,1725581989,Base SO RL
395999,390.00841479280336,1725581989,Base SO RL
396999,390.0993151216813,1725581989,Base SO RL
397999,393.6995350742364,1725581989,Base SO RL
398999,387.3588757628924,1725581989,Base SO RL
399999,386.6512122060066,1725581989,Base SO RL
400999,387.8521139757389,1725581989,Base SO RL
401999,396.6626076701509,1725581989,Base SO RL
402999,394.1565351861232,1725581989,Base SO RL
403999,397.5861400141292,1725581989,Base SO RL
404999,396.7608710761829,1725581989,Base SO RL
405999,390.6008887699319,1725581989,Base SO RL
406999,391.1767703555832,1725581989,Base SO RL
407999,388.34156298866526,1725581989,Base SO RL
408999,395.4862876933771,1725581989,Base SO RL
409999,398.7762211596351,1725581989,Base SO RL
410999,389.66603157716514,1725581989,Base SO RL
411999,390.9829310784978,1725581989,Base SO RL
412999,400.3713169854571,1725581989,Base SO RL
413999,389.5685119008968,1725581989,Base SO RL
414999,394.2887175675069,1725581989,Base SO RL
415999,395.566917492292,1725581989,Base SO RL
416999,396.8787130427625,1725581989,Base SO RL
417999,395.0608940083876,1725581989,Base SO RL
418999,391.0389445490148,1725581989,Base SO RL
419999,388.3254081760967,1725581989,Base SO RL
420999,396.9455152085266,1725581989,Base SO RL
421999,403.22735163773865,1725581989,Base SO RL
422999,405.98582944101054,1725581989,Base SO RL
423999,396.4201600722957,1725581989,Base SO RL
424999,395.63029508660446,1725581989,Base SO RL
425999,399.8349830718856,1725581989,Base SO RL
426999,391.5633271727586,1725581989,Base SO RL
427999,403.34441161068577,1725581989,Base SO RL
428999,393.9848857364809,1725581989,Base SO RL
429999,387.0317499849673,1725581989,Base SO RL
430999,402.254715641883,1725581989,Base SO RL
431999,402.9626486334385,1725581989,Base SO RL
432999,401.58367533265033,1725581989,Base SO RL
433999,384.2148412801327,1725581989,Base SO RL
434999,397.0334723445677,1725581989,Base SO RL
435999,395.4055918727578,1725581989,Base SO RL
436999,387.5891131611623,1725581989,Base SO RL
437999,395.101380611464,1725581989,Base SO RL
438999,387.690275930736,1725581989,Base SO RL
439999,392.569223342179,1725581989,Base SO RL
440999,396.500616624649,1725581989,Base SO RL
441999,394.28600015046,1725581989,Base SO RL
442999,402.87774721246143,1725581989,Base SO RL
443999,392.2973461989871,1725581989,Base SO RL
444999,402.171940855308,1725581989,Base SO RL
445999,400.6177651236162,1725581989,Base SO RL
446999,388.7127288384573,1725581989,Base SO RL
447999,377.3279534434065,1725581989,Base SO RL
448999,400.4891398876,1725581989,Base SO RL
449999,387.7385155334741,1725581989,Base SO RL
450999,387.91898290432897,1725581989,Base SO RL
451999,399.3792405076886,1725581989,Base SO RL
452999,393.68489018552737,1725581989,Base SO RL
453999,395.0920490891383,1725581989,Base SO RL
454999,392.6929291423811,1725581989,Base SO RL
455999,400.4764189364063,1725581989,Base SO RL
456999,394.931184920566,1725581989,Base SO RL
457999,399.6767578130344,1725581989,Base SO RL
458999,385.9711390012597,1725581989,Base SO RL
459999,395.6196868723926,1725581989,Base SO RL
460999,398.4669434209929,1725581989,Base SO RL
461999,391.497952589908,1725581989,Base SO RL
462999,401.1340828768812,1725581989,Base SO RL
463999,389.6759649682818,1725581989,Base SO RL
464999,403.27631344077577,1725581989,Base SO RL
465999,404.5841281649237,1725581989,Base SO RL
466999,408.9918351320912,1725581989,Base SO RL
467999,397.49439222404897,1725581989,Base SO RL
468999,395.1482798759752,1725581989,Base SO RL
469999,392.2179489906009,1725581989,Base SO RL
470999,398.32801232754935,1725581989,Base SO RL
471999,399.1725454437968,1725581989,Base SO RL
472999,393.9546455610846,1725581989,Base SO RL
473999,403.94817287547,1725581989,Base SO RL
474999,403.3407937972368,1725581989,Base SO RL
475999,391.17446771435874,1725581989,Base SO RL
476999,394.2614413245117,1725581989,Base SO RL
477999,403.3895417418739,1725581989,Base SO RL
478999,401.9562509231345,1725581989,Base SO RL
479999,397.9496130732557,1725581989,Base SO RL
480999,406.0126781343995,1725581989,Base SO RL
481999,396.80047195810783,1725581989,Base SO RL
482999,392.24485936105134,1725581989,Base SO RL
483999,402.3820538330661,1725581989,Base SO RL
484999,405.3607702755564,1725581989,Base SO RL
485999,402.1913527994448,1725581989,Base SO RL
486999,398.7248798524012,1725581989,Base SO RL
487999,409.0540958023004,1725581989,Base SO RL
488999,408.76337063344965,1725581989,Base SO RL
489999,407.5062447826861,1725581989,Base SO RL
490999,403.7009855600005,1725581989,Base SO RL
491999,395.0277910646134,1725581989,Base SO RL
492999,408.6467693207038,1725581989,Base SO RL
493999,410.9859554617815,1725581989,Base SO RL
494999,404.4935639246764,1725581989,Base SO RL
495999,404.79625175066985,1725581989,Base SO RL
496999,413.60414522916585,1725581989,Base SO RL
497999,390.4467428658375,1725581989,Base SO RL
498999,405.9027271824377,1725581989,Base SO RL
499999,404.0773502185432,1725581989,Base SO RL
999,-2.739102141904653,1725570205,Base SO RL
1999,-0.9065027277146578,1725570205,Base SO RL
2999,-3.016410559187652,1725570205,Base SO RL
3999,-11.890011910836815,1725570205,Base SO RL
4999,-4.71132033069348,1725570205,Base SO RL
5999,-3.4291314204230625,1725570205,Base SO RL
6999,-4.664305320366306,1725570205,Base SO RL
7999,-4.689109873784447,1725570205,Base SO RL
8999,-2.3914243369728547,1725570205,Base SO RL
9999,-2.282528279318373,1725570205,Base SO RL
10999,-3.797316614467415,1725570205,Base SO RL
11999,1.126503227439157,1725570205,Base SO RL
12999,0.5713114486390363,1725570205,Base SO RL
13999,1.322349604218261,1725570205,Base SO RL
14999,1.5535027036328617,1725570205,Base SO RL
15999,2.1820747511991554,1725570205,Base SO RL
16999,3.105190882219139,1725570205,Base SO RL
17999,9.112990140399,1725570205,Base SO RL
18999,23.85768091623943,1725570205,Base SO RL
19999,38.6683984686567,1725570205,Base SO RL
20999,33.328691675303496,1725570205,Base SO RL
21999,15.479921229366784,1725570205,Base SO RL
22999,38.80071221772944,1725570205,Base SO RL
23999,38.354263540727,1725570205,Base SO RL
24999,2.60659470110287,1725570205,Base SO RL
25999,6.568724259057869,1725570205,Base SO RL
26999,14.687329645647807,1725570205,Base SO RL
27999,75.22586151534966,1725570205,Base SO RL
28999,80.61778538850893,1725570205,Base SO RL
29999,88.31946421808847,1725570205,Base SO RL
30999,99.66311516491086,1725570205,Base SO RL
31999,105.80750290911196,1725570205,Base SO RL
32999,117.18925823430524,1725570205,Base SO RL
33999,122.04986945704428,1725570205,Base SO RL
34999,126.5367005164436,1725570205,Base SO RL
35999,132.86865025495248,1725570205,Base SO RL
36999,140.5461652570384,1725570205,Base SO RL
37999,144.8149491106514,1725570205,Base SO RL
38999,149.12380290387975,1725570205,Base SO RL
39999,155.22850633544508,1725570205,Base SO RL
40999,156.8078164676791,1725570205,Base SO RL
41999,161.98657358084557,1725570205,Base SO RL
42999,163.2965848083133,1725570205,Base SO RL
43999,165.55547625811158,1725570205,Base SO RL
44999,167.29825153693136,1725570205,Base SO RL
45999,167.38186688973298,1725570205,Base SO RL
46999,169.63783116608198,1725570205,Base SO RL
47999,170.2723468280149,1725570205,Base SO RL
48999,170.52226103433546,1725570205,Base SO RL
49999,172.30022655546912,1725570205,Base SO RL
50999,173.71301901603056,1725570205,Base SO RL
51999,179.66141883912604,1725570205,Base SO RL
52999,179.8873353371912,1725570205,Base SO RL
53999,178.93872667688285,1725570205,Base SO RL
54999,179.6279258369282,1725570205,Base SO RL
55999,185.07822630837177,1725570205,Base SO RL
56999,179.72552766600523,1725570205,Base SO RL
57999,180.7070060679248,1725570205,Base SO RL
58999,183.7568860241061,1725570205,Base SO RL
59999,190.4449364190372,1725570205,Base SO RL
60999,187.8351181848145,1725570205,Base SO RL
61999,188.45480899278093,1725570205,Base SO RL
62999,190.5671596121207,1725570205,Base SO RL
63999,196.88650930985764,1725570205,Base SO RL
64999,195.79129441025253,1725570205,Base SO RL
65999,198.98433508698648,1725570205,Base SO RL
66999,204.09974874474295,1725570205,Base SO RL
67999,202.84796413421972,1725570205,Base SO RL
68999,207.62646212823103,1725570205,Base SO RL
69999,211.2075072340507,1725570205,Base SO RL
70999,216.1476368980151,1725570205,Base SO RL
71999,223.8198374202035,1725570205,Base SO RL
72999,221.26480127284057,1725570205,Base SO RL
73999,224.0404715903824,1725570205,Base SO RL
74999,236.23162460902,1725570205,Base SO RL
75999,233.19767856718823,1725570205,Base SO RL
76999,230.54246904944588,1725570205,Base SO RL
77999,232.3978357442351,1725570205,Base SO RL
78999,237.7279973948777,1725570205,Base SO RL
79999,242.18143908355984,1725570205,Base SO RL
80999,243.0421212974842,1725570205,Base SO RL
81999,251.06443541696456,1725570205,Base SO RL
82999,256.1228237314239,1725570205,Base SO RL
83999,252.10878190311269,1725570205,Base SO RL
84999,261.4184860517907,1725570205,Base SO RL
85999,268.4673581735772,1725570205,Base SO RL
86999,262.37147116077887,1725570205,Base SO RL
87999,269.5348780890165,1725570205,Base SO RL
88999,269.2163191048244,1725570205,Base SO RL
89999,274.85395163693846,1725570205,Base SO RL
90999,280.2031095690811,1725570205,Base SO RL
91999,277.279320419057,1725570205,Base SO RL
92999,281.7149042545744,1725570205,Base SO RL
93999,282.53080006775866,1725570205,Base SO RL
94999,279.29612990166714,1725570205,Base SO RL
95999,282.2291909042634,1725570205,Base SO RL
96999,280.772278384448,1725570205,Base SO RL
97999,288.9517762227486,1725570205,Base SO RL
98999,284.85853258189286,1725570205,Base SO RL
99999,284.4453022870247,1725570205,Base SO RL
100999,286.2961378794679,1725570205,Base SO RL
101999,285.38667120472303,1725570205,Base SO RL
102999,291.4513009396207,1725570205,Base SO RL
103999,291.3958576179473,1725570205,Base SO RL
104999,290.24813846722327,1725570205,Base SO RL
105999,292.09758930023844,1725570205,Base SO RL
106999,289.62612873660925,1725570205,Base SO RL
107999,291.62142799280946,1725570205,Base SO RL
108999,297.2594222029275,1725570205,Base SO RL
109999,299.2916430358238,1725570205,Base SO RL
110999,301.9556593579556,1725570205,Base SO RL
111999,298.8375674727308,1725570205,Base SO RL
112999,302.39460837003764,1725570205,Base SO RL
113999,300.69676452624884,1725570205,Base SO RL
114999,302.17409780513526,1725570205,Base SO RL
115999,296.4496681074377,1725570205,Base SO RL
116999,304.18122644829054,1725570205,Base SO RL
117999,301.62741941879244,1725570205,Base SO RL
118999,302.16809794390247,1725570205,Base SO RL
119999,296.5903826235547,1725570205,Base SO RL
120999,302.70226501589667,1725570205,Base SO RL
121999,298.9123731807347,1725570205,Base SO RL
122999,299.67948670172865,1725570205,Base SO RL
123999,302.3212457328791,1725570205,Base SO RL
124999,303.7271368939989,1725570205,Base SO RL
125999,299.81359808520654,1725570205,Base SO RL
126999,308.93384976800155,1725570205,Base SO RL
127999,303.02583865057005,1725570205,Base SO RL
128999,308.79771600412334,1725570205,Base SO RL
129999,304.48697121870555,1725570205,Base SO RL
130999,294.4384388019669,1725570205,Base SO RL
131999,306.11158673963627,1725570205,Base SO RL
132999,304.7535350771956,1725570205,Base SO RL
133999,305.83635945895026,1725570205,Base SO RL
134999,312.91102906843975,1725570205,Base SO RL
135999,305.0313127870639,1725570205,Base SO RL
136999,306.0689874348437,1725570205,Base SO RL
137999,311.2535769653161,1725570205,Base SO RL
138999,310.6398481352959,1725570205,Base SO RL
139999,308.1256833191176,1725570205,Base SO RL
140999,310.35760494808,1725570205,Base SO RL
141999,310.06465252104624,1725570205,Base SO RL
142999,312.41797765251755,1725570205,Base SO RL
143999,309.69808914835414,1725570205,Base SO RL
144999,313.0035458192707,1725570205,Base SO RL
145999,315.5177184814151,1725570205,Base SO RL
146999,307.5067404437177,1725570205,Base SO RL
147999,313.3502770932251,1725570205,Base SO RL
148999,299.08646141666253,1725570205,Base SO RL
149999,315.8792305810361,1725570205,Base SO RL
150999,316.9512971655395,1725570205,Base SO RL
151999,308.78258071175327,1725570205,Base SO RL
152999,314.83843174228645,1725570205,Base SO RL
153999,314.06742269206933,1725570205,Base SO RL
154999,321.62310905484475,1725570205,Base SO RL
155999,319.89370516731174,1725570205,Base SO RL
156999,313.6181362403452,1725570205,Base SO RL
157999,321.3873712814171,1725570205,Base SO RL
158999,319.51004604999594,1725570205,Base SO RL
159999,320.16253461229985,1725570205,Base SO RL
160999,322.5302417132932,1725570205,Base SO RL
161999,321.7233680419636,1725570205,Base SO RL
162999,326.8840643738675,1725570205,Base SO RL
163999,324.953456345155,1725570205,Base SO RL
164999,319.68044855375695,1725570205,Base SO RL
165999,321.77929760845427,1725570205,Base SO RL
166999,323.4199797369962,1725570205,Base SO RL
167999,324.8875037228678,1725570205,Base SO RL
168999,322.0131588953911,1725570205,Base SO RL
169999,329.3612428238045,1725570205,Base SO RL
170999,323.7481676861416,1725570205,Base SO RL
171999,326.33263391454733,1725570205,Base SO RL
172999,329.89774501654347,1725570205,Base SO RL
173999,324.5858024233506,1725570205,Base SO RL
174999,327.9768094907951,1725570205,Base SO RL
175999,326.2550957611979,1725570205,Base SO RL
176999,334.6586291092888,1725570205,Base SO RL
177999,335.14271286805683,1725570205,Base SO RL
178999,330.6678679885838,1725570205,Base SO RL
179999,317.01604610467024,1725570205,Base SO RL
180999,40.27369254993973,1725570205,Base SO RL
181999,33.76203016052374,1725570205,Base SO RL
182999,30.442658581048427,1725570205,Base SO RL
183999,7.534575865196946,1725570205,Base SO RL
184999,4.853616609485824,1725570205,Base SO RL
185999,-2.5955941795616533,1725570205,Base SO RL
186999,0.4157913537906766,1725570205,Base SO RL
187999,17.118844033857727,1725570205,Base SO RL
188999,5.693452404286277,1725570205,Base SO RL
189999,-3.874402419150269,1725570205,Base SO RL
190999,1.336306762306764,1725570205,Base SO RL
191999,1.1600261496425428,1725570205,Base SO RL
192999,0.2825132844448529,1725570205,Base SO RL
193999,1.8713724484463756,1725570205,Base SO RL
194999,0.0137374590355456,1725570205,Base SO RL
195999,0.9275248626388922,1725570205,Base SO RL
196999,1.3272736754983034,1725570205,Base SO RL
197999,10.82065607182106,1725570205,Base SO RL
198999,11.149634140717827,1725570205,Base SO RL
199999,11.77121008009286,1725570205,Base SO RL
200999,23.339801819702647,1725570205,Base SO RL
201999,50.495392424577126,1725570205,Base SO RL
202999,29.978411767323053,1725570205,Base SO RL
203999,34.88758205554929,1725570205,Base SO RL
204999,43.63873960515247,1725570205,Base SO RL
205999,179.93267441553112,1725570205,Base SO RL
206999,94.60517213253192,1725570205,Base SO RL
207999,231.07432153616745,1725570205,Base SO RL
208999,54.08880712380087,1725570205,Base SO RL
209999,282.10376560604675,1725570205,Base SO RL
210999,278.7866085917968,1725570205,Base SO RL
211999,288.7860464652417,1725570205,Base SO RL
212999,297.40726685937983,1725570205,Base SO RL
213999,317.5388217102754,1725570205,Base SO RL
214999,311.97551245301526,1725570205,Base SO RL
215999,319.6677559291802,1725570205,Base SO RL
216999,320.0967087403566,1725570205,Base SO RL
217999,315.9818561299501,1725570205,Base SO RL
218999,320.90108032544936,1725570205,Base SO RL
219999,296.54841092135626,1725570205,Base SO RL
220999,311.1253884479746,1725570205,Base SO RL
221999,304.91140346230674,1725570205,Base SO RL
222999,322.30258048649284,1725570205,Base SO RL
223999,314.9287085522502,1725570205,Base SO RL
224999,323.2459883738691,1725570205,Base SO RL
225999,322.8654743033904,1725570205,Base SO RL
226999,318.5889009912416,1725570205,Base SO RL
227999,313.3638041165837,1725570205,Base SO RL
228999,318.89335095532954,1725570205,Base SO RL
229999,317.65408415097454,1725570205,Base SO RL
230999,328.2535907419746,1725570205,Base SO RL
231999,323.5858351247173,1725570205,Base SO RL
232999,322.7693962266279,1725570205,Base SO RL
233999,322.14814499825627,1725570205,Base SO RL
234999,324.5781659028364,1725570205,Base SO RL
235999,315.4855807386152,1725570205,Base SO RL
236999,319.4770220955835,1725570205,Base SO RL
237999,327.6478760046922,1725570205,Base SO RL
238999,328.0858345254856,1725570205,Base SO RL
239999,316.9874049191664,1725570205,Base SO RL
240999,324.0764383563986,1725570205,Base SO RL
241999,327.2451170066727,1725570205,Base SO RL
242999,319.86147819704644,1725570205,Base SO RL
243999,326.5119260136287,1725570205,Base SO RL
244999,330.3691050618806,1725570205,Base SO RL
245999,328.6014837312002,1725570205,Base SO RL
246999,329.4930456215669,1725570205,Base SO RL
247999,321.5150880101408,1725570205,Base SO RL
248999,324.8642895590153,1725570205,Base SO RL
249999,326.5821488210178,1725570205,Base SO RL
250999,334.02538651432667,1725570205,Base SO RL
251999,330.34145837806705,1725570205,Base SO RL
252999,321.39895737761594,1725570205,Base SO RL
253999,331.2425082940824,1725570205,Base SO RL
254999,336.20536843329774,1725570205,Base SO RL
255999,336.2491294112501,1725570205,Base SO RL
256999,340.776401930185,1725570205,Base SO RL
257999,336.34489139385704,1725570205,Base SO RL
258999,342.62464542079863,1725570205,Base SO RL
259999,337.05415867947363,1725570205,Base SO RL
260999,338.38778670408647,1725570205,Base SO RL
261999,338.8709236286266,1725570205,Base SO RL
262999,339.4739480053356,1725570205,Base SO RL
263999,338.1082011599427,1725570205,Base SO RL
264999,343.1001709276599,1725570205,Base SO RL
265999,347.68869067599496,1725570205,Base SO RL
266999,347.6997709086017,1725570205,Base SO RL
267999,339.2512147343396,1725570205,Base SO RL
268999,346.90445011356,1725570205,Base SO RL
269999,343.6557203244264,1725570205,Base SO RL
270999,344.19345357335607,1725570205,Base SO RL
271999,340.4085424637077,1725570205,Base SO RL
272999,346.5427205741905,1725570205,Base SO RL
273999,343.592881806226,1725570205,Base SO RL
274999,350.5255550340714,1725570205,Base SO RL
275999,352.4722794956334,1725570205,Base SO RL
276999,351.1884246871556,1725570205,Base SO RL
277999,353.8484545966868,1725570205,Base SO RL
278999,355.5700107695991,1725570205,Base SO RL
279999,355.0162808177794,1725570205,Base SO RL
280999,356.6543181825997,1725570205,Base SO RL
281999,359.7016415390752,1725570205,Base SO RL
282999,353.1464191443181,1725570205,Base SO RL
283999,357.97978774181865,1725570205,Base SO RL
284999,351.4029378107678,1725570205,Base SO RL
285999,357.4646745875631,1725570205,Base SO RL
286999,361.179444554812,1725570205,Base SO RL
287999,356.5925067243779,1725570205,Base SO RL
288999,360.4609989710684,1725570205,Base SO RL
289999,362.98410122106594,1725570205,Base SO RL
290999,357.6542134235714,1725570205,Base SO RL
291999,367.7699643565179,1725570205,Base SO RL
292999,360.0331306231233,1725570205,Base SO RL
293999,358.043842143366,1725570205,Base SO RL
294999,364.21985583465136,1725570205,Base SO RL
295999,362.10613186123794,1725570205,Base SO RL
296999,367.6478762271856,1725570205,Base SO RL
297999,368.4903395544588,1725570205,Base SO RL
298999,365.88168076886734,1725570205,Base SO RL
299999,364.6535951383922,1725570205,Base SO RL
300999,362.0626167992663,1725570205,Base SO RL
301999,367.559186501191,1725570205,Base SO RL
302999,357.10729567902456,1725570205,Base SO RL
303999,362.0837252073429,1725570205,Base SO RL
304999,359.54797218786234,1725570205,Base SO RL
305999,366.22232798207614,1725570205,Base SO RL
306999,365.7753428059685,1725570205,Base SO RL
307999,370.1212004916677,1725570205,Base SO RL
308999,364.6240277572884,1725570205,Base SO RL
309999,367.9809263062545,1725570205,Base SO RL
310999,364.8509400120581,1725570205,Base SO RL
311999,369.44930799248,1725570205,Base SO RL
312999,370.1625200706041,1725570205,Base SO RL
313999,368.81619384598366,1725570205,Base SO RL
314999,355.8853902607576,1725570205,Base SO RL
315999,368.5473247762303,1725570205,Base SO RL
316999,371.266961409328,1725570205,Base SO RL
317999,368.0102495168642,1725570205,Base SO RL
318999,365.6994618686886,1725570205,Base SO RL
319999,370.2561577722984,1725570205,Base SO RL
320999,370.252400617331,1725570205,Base SO RL
321999,368.44385983466657,1725570205,Base SO RL
322999,364.02813823138456,1725570205,Base SO RL
323999,358.4847467936626,1725570205,Base SO RL
324999,359.6408723636765,1725570205,Base SO RL
325999,363.7365967896008,1725570205,Base SO RL
326999,372.9616987545091,1725570205,Base SO RL
327999,371.372292732739,1725570205,Base SO RL
328999,367.57467653810994,1725570205,Base SO RL
329999,369.75592945451217,1725570205,Base SO RL
330999,373.02846317610135,1725570205,Base SO RL
331999,372.1134046800681,1725570205,Base SO RL
332999,367.7221417852254,1725570205,Base SO RL
333999,368.6008462898442,1725570205,Base SO RL
334999,370.3653791854929,1725570205,Base SO RL
335999,364.6503802462616,1725570205,Base SO RL
336999,376.1497109384258,1725570205,Base SO RL
337999,360.7254343950182,1725570205,Base SO RL
338999,370.8219578708236,1725570205,Base SO RL
339999,373.6662263650466,1725570205,Base SO RL
340999,361.33900064599055,1725570205,Base SO RL
341999,373.4239232216838,1725570205,Base SO RL
342999,374.24355183995993,1725570205,Base SO RL
343999,380.4508139379792,1725570205,Base SO RL
344999,369.62151292436783,1725570205,Base SO RL
345999,372.0742585490296,1725570205,Base SO RL
346999,373.2980685410822,1725570205,Base SO RL
347999,374.315181554167,1725570205,Base SO RL
348999,366.9591517583678,1725570205,Base SO RL
349999,379.5193703963384,1725570205,Base SO RL
350999,373.1437046787957,1725570205,Base SO RL
351999,376.9935859313051,1725570205,Base SO RL
352999,378.36815862186313,1725570205,Base SO RL
353999,373.641784748696,1725570205,Base SO RL
354999,377.2497291574797,1725570205,Base SO RL
355999,373.769876358074,1725570205,Base SO RL
356999,380.0939164850877,1725570205,Base SO RL
357999,380.63094938093406,1725570205,Base SO RL
358999,376.0577850386382,1725570205,Base SO RL
359999,380.4628030826744,1725570205,Base SO RL
360999,372.9432743934121,1725570205,Base SO RL
361999,380.6045272250811,1725570205,Base SO RL
362999,376.7307744667372,1725570205,Base SO RL
363999,376.83882511199215,1725570205,Base SO RL
364999,382.8400033780617,1725570205,Base SO RL
365999,384.09531571464913,1725570205,Base SO RL
366999,386.1581624417777,1725570205,Base SO RL
367999,373.9503223413949,1725570205,Base SO RL
368999,384.1344776732157,1725570205,Base SO RL
369999,384.39087164052967,1725570205,Base SO RL
370999,383.255178456171,1725570205,Base SO RL
371999,386.2953562907006,1725570205,Base SO RL
372999,388.0093157408101,1725570205,Base SO RL
373999,392.5968027801472,1725570205,Base SO RL
374999,392.08217003555046,1725570205,Base SO RL
375999,386.3503700068701,1725570205,Base SO RL
376999,388.69768988719926,1725570205,Base SO RL
377999,379.4841763633346,1725570205,Base SO RL
378999,384.0048367170456,1725570205,Base SO RL
379999,391.5094642710916,1725570205,Base SO RL
380999,388.3146809306434,1725570205,Base SO RL
381999,386.9996346238893,1725570205,Base SO RL
382999,387.9444636249338,1725570205,Base SO RL
383999,394.4241592365224,1725570205,Base SO RL
384999,388.9753464851022,1725570205,Base SO RL
385999,391.7259364330411,1725570205,Base SO RL
386999,397.05205145209294,1725570205,Base SO RL
387999,394.8038000729333,1725570205,Base SO RL
388999,391.47973884896936,1725570205,Base SO RL
389999,391.20788133399657,1725570205,Base SO RL
390999,383.1124645656285,1725570205,Base SO RL
391999,380.2661318694058,1725570205,Base SO RL
392999,388.56076906227815,1725570205,Base SO RL
393999,387.7847121120253,1725570205,Base SO RL
394999,376.5599565788542,1725570205,Base SO RL
395999,285.9914525036833,1725570205,Base SO RL
396999,377.6047604401057,1725570205,Base SO RL
397999,373.55881660753954,1725570205,Base SO RL
398999,376.72471362620166,1725570205,Base SO RL
399999,387.8725547794272,1725570205,Base SO RL
400999,382.3415674890881,1725570205,Base SO RL
401999,384.7534241971272,1725570205,Base SO RL
402999,377.6061837809606,1725570205,Base SO RL
403999,376.6228511893293,1725570205,Base SO RL
404999,392.6324591517158,1725570205,Base SO RL
405999,389.7357142484709,1725570205,Base SO RL
406999,384.55968027605576,1725570205,Base SO RL
407999,388.27445105956673,1725570205,Base SO RL
408999,384.5052761962397,1725570205,Base SO RL
409999,391.444984833846,1725570205,Base SO RL
410999,388.7755526308839,1725570205,Base SO RL
411999,397.7043866044582,1725570205,Base SO RL
412999,386.46387208314974,1725570205,Base SO RL
413999,386.3415195146097,1725570205,Base SO RL
414999,390.76379258459474,1725570205,Base SO RL
415999,385.72471050888737,1725570205,Base SO RL
416999,388.4191549040444,1725570205,Base SO RL
417999,392.2744592216958,1725570205,Base SO RL
418999,383.8477446436414,1725570205,Base SO RL
419999,396.11197881202776,1725570205,Base SO RL
420999,395.3145961145784,1725570205,Base SO RL
421999,385.92525341456457,1725570205,Base SO RL
422999,383.6647921432482,1725570205,Base SO RL
423999,392.1804218760968,1725570205,Base SO RL
424999,386.33778720210967,1725570205,Base SO RL
425999,394.9415989749195,1725570205,Base SO RL
426999,407.7802464653994,1725570205,Base SO RL
427999,389.9463972803791,1725570205,Base SO RL
428999,398.9585339168937,1725570205,Base SO RL
429999,403.249171340087,1725570205,Base SO RL
430999,399.5125869033057,1725570205,Base SO RL
431999,401.0237259851073,1725570205,Base SO RL
432999,406.371562343053,1725570205,Base SO RL
433999,411.1789828875076,1725570205,Base SO RL
434999,403.2627845058275,1725570205,Base SO RL
435999,387.2291210833724,1725570205,Base SO RL
436999,404.2128877093173,1725570205,Base SO RL
437999,404.68349090084894,1725570205,Base SO RL
438999,414.2042190658682,1725570205,Base SO RL
439999,406.222488369597,1725570205,Base SO RL
440999,394.6733138535085,1725570205,Base SO RL
441999,413.6778306139545,1725570205,Base SO RL
442999,405.97453903919256,1725570205,Base SO RL
443999,410.3429211928155,1725570205,Base SO RL
444999,408.4382802693978,1725570205,Base SO RL
445999,414.7542381569916,1725570205,Base SO RL
446999,416.3900885420009,1725570205,Base SO RL
447999,412.8840115278369,1725570205,Base SO RL
448999,408.04813671505,1725570205,Base SO RL
449999,411.33911480626864,1725570205,Base SO RL
450999,410.4821373294338,1725570205,Base SO RL
451999,409.0437057095905,1725570205,Base SO RL
452999,414.1263051223249,1725570205,Base SO RL
453999,414.91988111661743,1725570205,Base SO RL
454999,402.9210384397722,1725570205,Base SO RL
455999,411.0114878172161,1725570205,Base SO RL
456999,409.52363266902745,1725570205,Base SO RL
457999,416.7602349751468,1725570205,Base SO RL
458999,429.24306531606607,1725570205,Base SO RL
459999,411.78280149638914,1725570205,Base SO RL
460999,424.50802112484,1725570205,Base SO RL
461999,428.48762953763793,1725570205,Base SO RL
462999,415.8984236753852,1725570205,Base SO RL
463999,417.4892966836375,1725570205,Base SO RL
464999,419.8316704320953,1725570205,Base SO RL
465999,414.9666829264157,1725570205,Base SO RL
466999,422.2280466933726,1725570205,Base SO RL
467999,424.591612266379,1725570205,Base SO RL
468999,411.7235151213887,1725570205,Base SO RL
469999,421.4690207376782,1725570205,Base SO RL
470999,428.9369158497891,1725570205,Base SO RL
471999,427.5559644393586,1725570205,Base SO RL
472999,431.1971045066444,1725570205,Base SO RL
473999,407.7907876875613,1725570205,Base SO RL
474999,422.06651109939776,1725570205,Base SO RL
475999,424.6030594446984,1725570205,Base SO RL
476999,402.18870236498736,1725570205,Base SO RL
477999,422.99972656118325,1725570205,Base SO RL
478999,409.1543449395972,1725570205,Base SO RL
479999,424.4058264955992,1725570205,Base SO RL
480999,401.83954466694007,1725570205,Base SO RL
481999,419.89861617408656,1725570205,Base SO RL
482999,428.8689224002833,1725570205,Base SO RL
483999,425.6229631585774,1725570205,Base SO RL
484999,432.1679853413731,1725570205,Base SO RL
485999,431.9001266904957,1725570205,Base SO RL
486999,416.6019265701148,1725570205,Base SO RL
487999,424.5358551742008,1725570205,Base SO RL
488999,411.4245036454266,1725570205,Base SO RL
489999,425.8209977047005,1725570205,Base SO RL
490999,429.2620546671287,1725570205,Base SO RL
491999,413.35804163942703,1725570205,Base SO RL
492999,420.5965112692916,1725570205,Base SO RL
493999,426.1773317063191,1725570205,Base SO RL
494999,414.9364078321019,1725570205,Base SO RL
495999,424.2147654721713,1725570205,Base SO RL
496999,419.0851081192778,1725570205,Base SO RL
497999,420.9226555282626,1725570205,Base SO RL
498999,432.61177279908446,1725570205,Base SO RL
499999,429.47708445459216,1725570205,Base SO RL
999,-12.661652181766712,1725557916,Base SO RL
1999,-9.026274765436732,1725557916,Base SO RL
2999,-2.861497455993495,1725557916,Base SO RL
3999,2.471984315039184,1725557916,Base SO RL
4999,-2.72123867723901,1725557916,Base SO RL
5999,-6.602615230448768,1725557916,Base SO RL
6999,-2.3325187745782587,1725557916,Base SO RL
7999,-4.3421751182437545,1725557916,Base SO RL
8999,-6.647389431100633,1725557916,Base SO RL
9999,-4.822899037102784,1725557916,Base SO RL
10999,-4.82731845992691,1725557916,Base SO RL
11999,-1.7040872975089574,1725557916,Base SO RL
12999,0.9123494410465658,1725557916,Base SO RL
13999,1.2001667018233422,1725557916,Base SO RL
14999,0.860806256933968,1725557916,Base SO RL
15999,2.5929116879788063,1725557916,Base SO RL
16999,3.937388198321055,1725557916,Base SO RL
17999,7.506901272225195,1725557916,Base SO RL
18999,27.345833933253783,1725557916,Base SO RL
19999,41.47857768166724,1725557916,Base SO RL
20999,52.97833060791356,1725557916,Base SO RL
21999,61.524802281486686,1725557916,Base SO RL
22999,38.57426749567581,1725557916,Base SO RL
23999,71.6955614077405,1725557916,Base SO RL
24999,38.85696412881492,1725557916,Base SO RL
25999,81.59682694916442,1725557916,Base SO RL
26999,83.97182453777165,1725557916,Base SO RL
27999,92.68027639151164,1725557916,Base SO RL
28999,97.97944884663562,1725557916,Base SO RL
29999,108.06286122444524,1725557916,Base SO RL
30999,116.42922191088002,1725557916,Base SO RL
31999,119.2496235825446,1725557916,Base SO RL
32999,126.85400069567412,1725557916,Base SO RL
33999,128.4254919551696,1725557916,Base SO RL
34999,134.8306230121111,1725557916,Base SO RL
35999,136.2426372306608,1725557916,Base SO RL
36999,143.142168700086,1725557916,Base SO RL
37999,138.53205181071712,1725557916,Base SO RL
38999,149.09391193039474,1725557916,Base SO RL
39999,152.71656651087258,1725557916,Base SO RL
40999,152.03411851998604,1725557916,Base SO RL
41999,157.48878836497894,1725557916,Base SO RL
42999,156.4266669336971,1725557916,Base SO RL
43999,161.32871864486495,1725557916,Base SO RL
44999,159.90950824809752,1725557916,Base SO RL
45999,165.6382998972334,1725557916,Base SO RL
46999,165.4977437169686,1725557916,Base SO RL
47999,167.2511750143576,1725557916,Base SO RL
48999,169.52654596439612,1725557916,Base SO RL
49999,170.42442368311274,1725557916,Base SO RL
50999,175.35239226635082,1725557916,Base SO RL
51999,171.69292677103965,1725557916,Base SO RL
52999,170.96025287073036,1725557916,Base SO RL
53999,175.23649345625304,1725557916,Base SO RL
54999,178.07750514006204,1725557916,Base SO RL
55999,177.58837840030708,1725557916,Base SO RL
56999,175.45260333631506,1725557916,Base SO RL
57999,179.5925273052106,1725557916,Base SO RL
58999,181.2525258698458,1725557916,Base SO RL
59999,180.14635232962436,1725557916,Base SO RL
60999,182.2198061332651,1725557916,Base SO RL
61999,182.0036094611698,1725557916,Base SO RL
62999,184.4137578361885,1725557916,Base SO RL
63999,186.7336388988179,1725557916,Base SO RL
64999,187.5507081049064,1725557916,Base SO RL
65999,189.6122700098381,1725557916,Base SO RL
66999,190.05648564179492,1725557916,Base SO RL
67999,194.7049014445108,1725557916,Base SO RL
68999,193.69350338620364,1725557916,Base SO RL
69999,191.8961781816927,1725557916,Base SO RL
70999,197.90057719866437,1725557916,Base SO RL
71999,201.55925175105148,1725557916,Base SO RL
72999,199.6142464952076,1725557916,Base SO RL
73999,203.2514649010543,1725557916,Base SO RL
74999,206.467116187156,1725557916,Base SO RL
75999,208.247072298628,1725557916,Base SO RL
76999,214.9911861571589,1725557916,Base SO RL
77999,218.0637857110532,1725557916,Base SO RL
78999,217.15157440262377,1725557916,Base SO RL
79999,217.17115046240585,1725557916,Base SO RL
80999,223.3138287356969,1725557916,Base SO RL
81999,226.05116567927956,1725557916,Base SO RL
82999,228.38487882462283,1725557916,Base SO RL
83999,229.5489391067061,1725557916,Base SO RL
84999,234.35074484513447,1725557916,Base SO RL
85999,243.6880197041339,1725557916,Base SO RL
86999,246.46228813950697,1725557916,Base SO RL
87999,247.137655160324,1725557916,Base SO RL
88999,248.3580963192492,1725557916,Base SO RL
89999,254.63057003821055,1725557916,Base SO RL
90999,255.91138366006305,1725557916,Base SO RL
91999,256.1022968690044,1725557916,Base SO RL
92999,267.8828518615677,1725557916,Base SO RL
93999,266.71383996639685,1725557916,Base SO RL
94999,266.5074784740005,1725557916,Base SO RL
95999,269.7932305573254,1725557916,Base SO RL
96999,270.81108359138256,1725557916,Base SO RL
97999,273.9497912404961,1725557916,Base SO RL
98999,280.8929688647796,1725557916,Base SO RL
99999,274.20163992867725,1725557916,Base SO RL
100999,285.7372425567236,1725557916,Base SO RL
101999,281.83367218718,1725557916,Base SO RL
102999,282.1396100327414,1725557916,Base SO RL
103999,290.4249049509824,1725557916,Base SO RL
104999,288.28881146578635,1725557916,Base SO RL
105999,296.3598651026611,1725557916,Base SO RL
106999,289.25179534423773,1725557916,Base SO RL
107999,302.71367362789414,1725557916,Base SO RL
108999,285.70030044534974,1725557916,Base SO RL
109999,304.1680413145356,1725557916,Base SO RL
110999,309.5232545272288,1725557916,Base SO RL
111999,310.25190827659986,1725557916,Base SO RL
112999,301.8058891994489,1725557916,Base SO RL
113999,314.7241706558776,1725557916,Base SO RL
114999,314.6556988714632,1725557916,Base SO RL
115999,322.97037486501057,1725557916,Base SO RL
116999,321.3274630165401,1725557916,Base SO RL
117999,317.44898109689626,1725557916,Base SO RL
118999,315.7994654413301,1725557916,Base SO RL
119999,324.28357815766685,1725557916,Base SO RL
120999,328.8696953488724,1725557916,Base SO RL
121999,327.4476827183207,1725557916,Base SO RL
122999,326.55951343862097,1725557916,Base SO RL
123999,322.3168339972805,1725557916,Base SO RL
124999,333.49503822997985,1725557916,Base SO RL
125999,331.90360737374823,1725557916,Base SO RL
126999,332.92445259568785,1725557916,Base SO RL
127999,335.11825239981346,1725557916,Base SO RL
128999,327.5142441011873,1725557916,Base SO RL
129999,335.0269896849689,1725557916,Base SO RL
130999,336.7778062859794,1725557916,Base SO RL
131999,330.5216177084941,1725557916,Base SO RL
132999,336.0758364802208,1725557916,Base SO RL
133999,335.37995125330264,1725557916,Base SO RL
134999,344.6603489075441,1725557916,Base SO RL
135999,337.8032385534795,1725557916,Base SO RL
136999,337.809479113508,1725557916,Base SO RL
137999,340.1015876453667,1725557916,Base SO RL
138999,337.3276971139547,1725557916,Base SO RL
139999,343.7813799015047,1725557916,Base SO RL
140999,350.4527505929433,1725557916,Base SO RL
141999,343.22962955284083,1725557916,Base SO RL
142999,344.1477748398544,1725557916,Base SO RL
143999,339.6290109429144,1725557916,Base SO RL
144999,343.80035771059573,1725557916,Base SO RL
145999,349.1165673610509,1725557916,Base SO RL
146999,349.71204970910213,1725557916,Base SO RL
147999,350.18671841714126,1725557916,Base SO RL
148999,347.8231485266379,1725557916,Base SO RL
149999,352.09807569804235,1725557916,Base SO RL
150999,344.15951567003185,1725557916,Base SO RL
151999,341.9974953621288,1725557916,Base SO RL
152999,348.9083330339509,1725557916,Base SO RL
153999,352.47726146486343,1725557916,Base SO RL
154999,347.2302857340701,1725557916,Base SO RL
155999,349.87770696529594,1725557916,Base SO RL
156999,349.1916239863589,1725557916,Base SO RL
157999,341.2196961717044,1725557916,Base SO RL
158999,351.4729441139217,1725557916,Base SO RL
159999,352.8113233075824,1725557916,Base SO RL
160999,353.5373260701634,1725557916,Base SO RL
161999,349.35385045016005,1725557916,Base SO RL
162999,349.2118502185274,1725557916,Base SO RL
163999,340.9640175580899,1725557916,Base SO RL
164999,350.90900720945723,1725557916,Base SO RL
165999,354.4502665935823,1725557916,Base SO RL
166999,352.12545422462665,1725557916,Base SO RL
167999,350.994667014931,1725557916,Base SO RL
168999,344.2422239268218,1725557916,Base SO RL
169999,246.35012852769628,1725557916,Base SO RL
170999,357.0930746012093,1725557916,Base SO RL
171999,342.3627812464128,1725557916,Base SO RL
172999,345.2540813000207,1725557916,Base SO RL
173999,349.3719070661068,1725557916,Base SO RL
174999,351.41303506447696,1725557916,Base SO RL
175999,352.75682270779504,1725557916,Base SO RL
176999,352.5541467044979,1725557916,Base SO RL
177999,347.69509478261364,1725557916,Base SO RL
178999,353.79784185829874,1725557916,Base SO RL
179999,348.91659349204,1725557916,Base SO RL
180999,349.0522559263926,1725557916,Base SO RL
181999,356.76540507015284,1725557916,Base SO RL
182999,341.4821739985021,1725557916,Base SO RL
183999,346.34413448499475,1725557916,Base SO RL
184999,358.5045448972443,1725557916,Base SO RL
185999,353.91128258756544,1725557916,Base SO RL
186999,352.2740692923125,1725557916,Base SO RL
187999,347.089766464208,1725557916,Base SO RL
188999,356.9640258265408,1725557916,Base SO RL
189999,352.8915401871544,1725557916,Base SO RL
190999,354.88533664408817,1725557916,Base SO RL
191999,356.758743253889,1725557916,Base SO RL
192999,355.21726939984245,1725557916,Base SO RL
193999,355.2662835132145,1725557916,Base SO RL
194999,349.5169872372745,1725557916,Base SO RL
195999,363.6614467047454,1725557916,Base SO RL
196999,345.90724339062064,1725557916,Base SO RL
197999,354.8252181012234,1725557916,Base SO RL
198999,357.63027582330403,1725557916,Base SO RL
199999,354.975936141946,1725557916,Base SO RL
200999,361.9475120322013,1725557916,Base SO RL
201999,360.1615592705699,1725557916,Base SO RL
202999,361.865080606028,1725557916,Base SO RL
203999,357.2732180755222,1725557916,Base SO RL
204999,358.0877211725029,1725557916,Base SO RL
205999,363.5787557144215,1725557916,Base SO RL
206999,356.0880333209642,1725557916,Base SO RL
207999,367.355442322974,1725557916,Base SO RL
208999,10.715633868916234,1725557916,Base SO RL
209999,356.2734547952912,1725557916,Base SO RL
210999,361.4516940923791,1725557916,Base SO RL
211999,359.666563617516,1725557916,Base SO RL
212999,354.01618621393925,1725557916,Base SO RL
213999,360.4748911644885,1725557916,Base SO RL
214999,361.4075927640636,1725557916,Base SO RL
215999,367.6281909533837,1725557916,Base SO RL
216999,368.6205576944466,1725557916,Base SO RL
217999,369.433450705877,1725557916,Base SO RL
218999,362.969961272468,1725557916,Base SO RL
219999,360.9088508901035,1725557916,Base SO RL
220999,361.6589815856052,1725557916,Base SO RL
221999,365.0298451964305,1725557916,Base SO RL
222999,356.8022818146225,1725557916,Base SO RL
223999,371.39714714182907,1725557916,Base SO RL
224999,360.5309347401586,1725557916,Base SO RL
225999,365.1155589772341,1725557916,Base SO RL
226999,363.7760803500528,1725557916,Base SO RL
227999,359.7766883958861,1725557916,Base SO RL
228999,365.1720767116241,1725557916,Base SO RL
229999,369.65934831345487,1725557916,Base SO RL
230999,364.18868225339554,1725557916,Base SO RL
231999,360.9254020243076,1725557916,Base SO RL
232999,365.3436324147698,1725557916,Base SO RL
233999,362.4639985930823,1725557916,Base SO RL
234999,360.4974860617051,1725557916,Base SO RL
235999,364.3079985270225,1725557916,Base SO RL
236999,362.0616419156431,1725557916,Base SO RL
237999,363.925014871534,1725557916,Base SO RL
238999,365.7317431639167,1725557916,Base SO RL
239999,360.42660808843874,1725557916,Base SO RL
240999,354.0965604166967,1725557916,Base SO RL
241999,365.2921708158162,1725557916,Base SO RL
242999,361.35773518144896,1725557916,Base SO RL
243999,362.5276522372823,1725557916,Base SO RL
244999,366.1999409396182,1725557916,Base SO RL
245999,367.39426168793074,1725557916,Base SO RL
246999,363.52395111554415,1725557916,Base SO RL
247999,368.1443686157328,1725557916,Base SO RL
248999,364.8348050201632,1725557916,Base SO RL
249999,366.2215566707033,1725557916,Base SO RL
250999,359.1615959170811,1725557916,Base SO RL
251999,372.0340721380868,1725557916,Base SO RL
252999,367.08013306002783,1725557916,Base SO RL
253999,366.57157232290245,1725557916,Base SO RL
254999,366.3740631652676,1725557916,Base SO RL
255999,369.0203534531022,1725557916,Base SO RL
256999,366.4331356610112,1725557916,Base SO RL
257999,365.082468523094,1725557916,Base SO RL
258999,371.038653719179,1725557916,Base SO RL
259999,373.6430195140496,1725557916,Base SO RL
260999,369.9143315247396,1725557916,Base SO RL
261999,367.8778953820199,1725557916,Base SO RL
262999,370.077502612874,1725557916,Base SO RL
263999,368.8944515057784,1725557916,Base SO RL
264999,366.3424375660654,1725557916,Base SO RL
265999,374.2034899085185,1725557916,Base SO RL
266999,368.5348284309634,1725557916,Base SO RL
267999,371.7133283826947,1725557916,Base SO RL
268999,369.5227768982239,1725557916,Base SO RL
269999,363.8377817196772,1725557916,Base SO RL
270999,367.9950472402215,1725557916,Base SO RL
271999,373.6246006363909,1725557916,Base SO RL
272999,369.460844013115,1725557916,Base SO RL
273999,371.67528879935935,1725557916,Base SO RL
274999,367.90149712218346,1725557916,Base SO RL
275999,365.503786598274,1725557916,Base SO RL
276999,369.5151161871565,1725557916,Base SO RL
277999,357.19823007658255,1725557916,Base SO RL
278999,369.9019088964215,1725557916,Base SO RL
279999,371.0756751199416,1725557916,Base SO RL
280999,368.0314335409413,1725557916,Base SO RL
281999,366.9439725143036,1725557916,Base SO RL
282999,365.8963500837922,1725557916,Base SO RL
283999,370.42352255723495,1725557916,Base SO RL
284999,368.6821021579409,1725557916,Base SO RL
285999,373.684399935894,1725557916,Base SO RL
286999,364.22782029743365,1725557916,Base SO RL
287999,373.026588803413,1725557916,Base SO RL
288999,370.8140499299528,1725557916,Base SO RL
289999,369.5918326832357,1725557916,Base SO RL
290999,356.77235806022304,1725557916,Base SO RL
291999,359.76781143273365,1725557916,Base SO RL
292999,371.85889591919897,1725557916,Base SO RL
293999,367.79133501177176,1725557916,Base SO RL
294999,364.32197222353045,1725557916,Base SO RL
295999,347.74656848496915,1725557916,Base SO RL
296999,350.544355934311,1725557916,Base SO RL
297999,361.4799134564676,1725557916,Base SO RL
298999,359.41076217406385,1725557916,Base SO RL
299999,352.4901608264529,1725557916,Base SO RL
300999,342.1884282474677,1725557916,Base SO RL
301999,354.0124657456868,1725557916,Base SO RL
302999,361.87793011973855,1725557916,Base SO RL
303999,355.3517648510369,1725557916,Base SO RL
304999,362.49929664604974,1725557916,Base SO RL
305999,368.9932332091682,1725557916,Base SO RL
306999,368.9991213445956,1725557916,Base SO RL
307999,365.4444245607235,1725557916,Base SO RL
308999,366.1209553918448,1725557916,Base SO RL
309999,355.61206474762747,1725557916,Base SO RL
310999,365.510032672555,1725557916,Base SO RL
311999,362.8376866520755,1725557916,Base SO RL
312999,372.0861180947396,1725557916,Base SO RL
313999,368.2199746790808,1725557916,Base SO RL
314999,366.4912361788056,1725557916,Base SO RL
315999,370.165024585267,1725557916,Base SO RL
316999,368.8285468783118,1725557916,Base SO RL
317999,369.5032699978081,1725557916,Base SO RL
318999,362.21333090027656,1725557916,Base SO RL
319999,361.2653335722157,1725557916,Base SO RL
320999,371.74826618288,1725557916,Base SO RL
321999,370.0078954082797,1725557916,Base SO RL
322999,371.5606686431918,1725557916,Base SO RL
323999,375.3669103205437,1725557916,Base SO RL
324999,372.8156637112448,1725557916,Base SO RL
325999,375.7050278755758,1725557916,Base SO RL
326999,367.6117837672055,1725557916,Base SO RL
327999,372.3665592851062,1725557916,Base SO RL
328999,373.882325766904,1725557916,Base SO RL
329999,373.5094569785633,1725557916,Base SO RL
330999,361.59562137560965,1725557916,Base SO RL
331999,367.7440553574291,1725557916,Base SO RL
332999,377.3068151022704,1725557916,Base SO RL
333999,379.6482032070807,1725557916,Base SO RL
334999,375.1515632422576,1725557916,Base SO RL
335999,381.7955708909181,1725557916,Base SO RL
336999,373.6081662207037,1725557916,Base SO RL
337999,374.5627714278765,1725557916,Base SO RL
338999,381.1220635430768,1725557916,Base SO RL
339999,377.4346997667294,1725557916,Base SO RL
340999,380.2947617594773,1725557916,Base SO RL
341999,382.1222729417012,1725557916,Base SO RL
342999,374.2237504084418,1725557916,Base SO RL
343999,373.25617192357055,1725557916,Base SO RL
344999,382.4482482773079,1725557916,Base SO RL
345999,379.9141376125607,1725557916,Base SO RL
346999,378.7361992023308,1725557916,Base SO RL
347999,375.0541767712485,1725557916,Base SO RL
348999,368.4814283907164,1725557916,Base SO RL
349999,381.6954749094911,1725557916,Base SO RL
350999,386.2797420128371,1725557916,Base SO RL
351999,381.8847114695197,1725557916,Base SO RL
352999,367.29259343229023,1725557916,Base SO RL
353999,377.3543836227022,1725557916,Base SO RL
354999,387.6210024376437,1725557916,Base SO RL
355999,378.99952358329216,1725557916,Base SO RL
356999,376.337348211722,1725557916,Base SO RL
357999,384.5714022700615,1725557916,Base SO RL
358999,387.34787896808575,1725557916,Base SO RL
359999,384.323418415597,1725557916,Base SO RL
360999,379.32286550367695,1725557916,Base SO RL
361999,383.340963631862,1725557916,Base SO RL
362999,382.1539123810836,1725557916,Base SO RL
363999,390.2575591815265,1725557916,Base SO RL
364999,388.0175990952904,1725557916,Base SO RL
365999,384.63527716687895,1725557916,Base SO RL
366999,378.5975263763974,1725557916,Base SO RL
367999,379.70286378459343,1725557916,Base SO RL
368999,379.4027987315097,1725557916,Base SO RL
369999,364.2374998496778,1725557916,Base SO RL
370999,383.9712381468476,1725557916,Base SO RL
371999,378.23136623788486,1725557916,Base SO RL
372999,383.8721678566517,1725557916,Base SO RL
373999,387.3102319027761,1725557916,Base SO RL
374999,385.4382471558992,1725557916,Base SO RL
375999,383.4610924632098,1725557916,Base SO RL
376999,383.7646521616927,1725557916,Base SO RL
377999,389.11860858809496,1725557916,Base SO RL
378999,383.03976911413554,1725557916,Base SO RL
379999,379.1103608348646,1725557916,Base SO RL
380999,384.8340048860628,1725557916,Base SO RL
381999,380.58569702506696,1725557916,Base SO RL
382999,384.5320253105469,1725557916,Base SO RL
383999,382.6203463374176,1725557916,Base SO RL
384999,382.8422955221304,1725557916,Base SO RL
385999,371.93946857567227,1725557916,Base SO RL
386999,370.7234958045138,1725557916,Base SO RL
387999,384.22235165811753,1725557916,Base SO RL
388999,385.1605942050509,1725557916,Base SO RL
389999,386.5767238980028,1725557916,Base SO RL
390999,382.7897668957278,1725557916,Base SO RL
391999,382.7910813966957,1725557916,Base SO RL
392999,387.92770651519066,1725557916,Base SO RL
393999,390.4307818468939,1725557916,Base SO RL
394999,385.8311046355117,1725557916,Base SO RL
395999,383.6868344971497,1725557916,Base SO RL
396999,378.0007191730404,1725557916,Base SO RL
397999,394.4871082332776,1725557916,Base SO RL
398999,392.35334844289474,1725557916,Base SO RL
399999,383.8594066391939,1725557916,Base SO RL
400999,385.1673911037066,1725557916,Base SO RL
401999,383.3802974011227,1725557916,Base SO RL
402999,385.9948013458652,1725557916,Base SO RL
403999,383.943213715302,1725557916,Base SO RL
404999,381.9184255337408,1725557916,Base SO RL
405999,377.3175368057703,1725557916,Base SO RL
406999,386.2545213979582,1725557916,Base SO RL
407999,389.5462332448241,1725557916,Base SO RL
408999,384.23326952606783,1725557916,Base SO RL
409999,378.6128238550528,1725557916,Base SO RL
410999,371.5662045742426,1725557916,Base SO RL
411999,391.084964052282,1725557916,Base SO RL
412999,388.94734455413806,1725557916,Base SO RL
413999,393.1870451894758,1725557916,Base SO RL
414999,399.94304706370895,1725557916,Base SO RL
415999,386.3190072959733,1725557916,Base SO RL
416999,393.683477094463,1725557916,Base SO RL
417999,394.0011791925253,1725557916,Base SO RL
418999,386.6896761891048,1725557916,Base SO RL
419999,394.22018144787353,1725557916,Base SO RL
420999,389.0471891712222,1725557916,Base SO RL
421999,385.77827282604494,1725557916,Base SO RL
422999,387.6236393694345,1725557916,Base SO RL
423999,386.2463153180453,1725557916,Base SO RL
424999,395.27706375839927,1725557916,Base SO RL
425999,396.0126758230164,1725557916,Base SO RL
426999,391.7083945667507,1725557916,Base SO RL
427999,392.9492307558424,1725557916,Base SO RL
428999,392.4133432388615,1725557916,Base SO RL
429999,394.0954355183168,1725557916,Base SO RL
430999,387.76214036422095,1725557916,Base SO RL
431999,391.0124408491204,1725557916,Base SO RL
432999,392.37440829940414,1725557916,Base SO RL
433999,402.6498910605488,1725557916,Base SO RL
434999,405.69835044937344,1725557916,Base SO RL
435999,395.03300437872304,1725557916,Base SO RL
436999,405.5300133466519,1725557916,Base SO RL
437999,397.96380894888296,1725557916,Base SO RL
438999,395.0149677218458,1725557916,Base SO RL
439999,398.1021322352534,1725557916,Base SO RL
440999,399.8974620939844,1725557916,Base SO RL
441999,404.1371517154605,1725557916,Base SO RL
442999,402.5683354678456,1725557916,Base SO RL
443999,399.0355294067865,1725557916,Base SO RL
444999,402.5796771529721,1725557916,Base SO RL
445999,401.5470681524644,1725557916,Base SO RL
446999,391.07316154734,1725557916,Base SO RL
447999,395.5507882661304,1725557916,Base SO RL
448999,386.4317394443586,1725557916,Base SO RL
449999,389.7572692028651,1725557916,Base SO RL
450999,360.5379178690528,1725557916,Base SO RL
451999,378.6226018057064,1725557916,Base SO RL
452999,359.78890724761766,1725557916,Base SO RL
453999,351.0711090305083,1725557916,Base SO RL
454999,361.7211309316082,1725557916,Base SO RL
455999,374.0737548569552,1725557916,Base SO RL
456999,378.0251457732669,1725557916,Base SO RL
457999,367.99674807176746,1725557916,Base SO RL
458999,373.95532643460064,1725557916,Base SO RL
459999,387.882252724113,1725557916,Base SO RL
460999,384.92954545476607,1725557916,Base SO RL
461999,394.83760965251633,1725557916,Base SO RL
462999,387.8564274426056,1725557916,Base SO RL
463999,393.1257624746801,1725557916,Base SO RL
464999,392.0046920004148,1725557916,Base SO RL
465999,392.8893502955733,1725557916,Base SO RL
466999,260.1379435182216,1725557916,Base SO RL
467999,399.669473298103,1725557916,Base SO RL
468999,401.09718460283153,1725557916,Base SO RL
469999,403.59947813698,1725557916,Base SO RL
470999,401.1084631539992,1725557916,Base SO RL
471999,392.4832101793712,1725557916,Base SO RL
472999,397.0368381243579,1725557916,Base SO RL
473999,390.14606895886135,1725557916,Base SO RL
474999,402.7398732305889,1725557916,Base SO RL
475999,403.2589915859685,1725557916,Base SO RL
476999,399.5532781773833,1725557916,Base SO RL
477999,400.8367412897957,1725557916,Base SO RL
478999,393.7687483883911,1725557916,Base SO RL
479999,399.7023926610987,1725557916,Base SO RL
480999,398.3332213673376,1725557916,Base SO RL
481999,394.4210322777528,1725557916,Base SO RL
482999,393.90350714603903,1725557916,Base SO RL
483999,390.7340353162249,1725557916,Base SO RL
484999,407.6614612148082,1725557916,Base SO RL
485999,403.3297780213237,1725557916,Base SO RL
486999,400.5409181337304,1725557916,Base SO RL
487999,411.4731116925419,1725557916,Base SO RL
488999,405.4226895804756,1725557916,Base SO RL
489999,409.3738473955455,1725557916,Base SO RL
490999,406.6533755547474,1725557916,Base SO RL
491999,412.0154575810266,1725557916,Base SO RL
492999,339.03358748978786,1725557916,Base SO RL
493999,415.86789780713167,1725557916,Base SO RL
494999,401.7178680269941,1725557916,Base SO RL
495999,406.8682256769485,1725557916,Base SO RL
496999,403.6586556156285,1725557916,Base SO RL
497999,407.80629387670655,1725557916,Base SO RL
498999,411.0060350997106,1725557916,Base SO RL
499999,408.494942721847,1725557916,Base SO RL
999,-1.0870374872675574,1738289755,UDC
1999,-6.561018446554242,1738289755,UDC
2999,1.928645680321936,1738289755,UDC
3999,-3.2385393956541817,1738289755,UDC
4999,-4.6554428980554485,1738289755,UDC
5999,3.877215337096074,1738289755,UDC
6999,-0.6522659693832945,1738289755,UDC
7999,0.8838151474175809,1738289755,UDC
8999,-0.3462809719963792,1738289755,UDC
9999,-0.949475075638608,1738289755,UDC
10999,0.2414491201722013,1738289755,UDC
11999,-4.132074856387513,1738289755,UDC
12999,-0.3989651634151037,1738289755,UDC
13999,-1.3174854209633442,1738289755,UDC
14999,2.8029671490509847,1738289755,UDC
15999,1.7373435671469584,1738289755,UDC
16999,2.4364819759385665,1738289755,UDC
17999,4.4267997798876575,1738289755,UDC
18999,12.861357506573716,1738289755,UDC
19999,24.649803698919804,1738289755,UDC
20999,30.947807884808856,1738289755,UDC
21999,28.534765293177085,1738289755,UDC
22999,33.09461427278821,1738289755,UDC
23999,40.44108051439367,1738289755,UDC
24999,38.29395583603902,1738289755,UDC
25999,46.68653871694096,1738289755,UDC
26999,50.74377563079317,1738289755,UDC
27999,52.57882841918822,1738289755,UDC
28999,56.8045593155709,1738289755,UDC
29999,55.41087703268938,1738289755,UDC
30999,62.746402530023374,1738289755,UDC
31999,65.43318295166152,1738289755,UDC
32999,67.23566073497332,1738289755,UDC
33999,71.40863675546399,1738289755,UDC
34999,71.18353874839558,1738289755,UDC
35999,76.9557536812479,1738289755,UDC
36999,75.74115703783262,1738289755,UDC
37999,79.6209033310467,1738289755,UDC
38999,85.38795315793651,1738289755,UDC
39999,91.58249360684208,1738289755,UDC
40999,95.69272732335816,1738289755,UDC
41999,98.24636207701047,1738289755,UDC
42999,104.16923167606356,1738289755,UDC
43999,102.3950337135356,1738289755,UDC
44999,105.69042644381597,1738289755,UDC
45999,109.45197928217068,1738289755,UDC
46999,111.43298758171788,1738289755,UDC
47999,115.90047273486807,1738289755,UDC
48999,118.16915962713452,1738289755,UDC
49999,120.68409126117632,1738289755,UDC
50999,124.16959831187192,1738289755,UDC
51999,123.01387292104464,1738289755,UDC
52999,126.41935529515864,1738289755,UDC
53999,130.09077557689625,1738289755,UDC
54999,128.10222451519496,1738289755,UDC
55999,131.32539691243858,1738289755,UDC
56999,131.9912638975139,1738289755,UDC
57999,133.48310757155997,1738289755,UDC
58999,133.6763618314188,1738289755,UDC
59999,138.05372544616674,1738289755,UDC
60999,137.01199397342177,1738289755,UDC
61999,137.91533417391574,1738289755,UDC
62999,140.28348895713,1738289755,UDC
63999,137.1159730830761,1738289755,UDC
64999,138.56451236587324,1738289755,UDC
65999,140.60345855431115,1738289755,UDC
66999,141.3885752839165,1738289755,UDC
67999,143.28468299393478,1738289755,UDC
68999,142.53128701187262,1738289755,UDC
69999,143.40247992667034,1738289755,UDC
70999,146.88184344975213,1738289755,UDC
71999,148.08836598327915,1738289755,UDC
72999,148.3701258550253,1738289755,UDC
73999,151.09385348219058,1738289755,UDC
74999,155.0106012037933,1738289755,UDC
75999,156.30098923424836,1738289755,UDC
76999,158.65711378383818,1738289755,UDC
77999,162.10745873749755,1738289755,UDC
78999,162.798401507754,1738289755,UDC
79999,163.45167864869572,1738289755,UDC
80999,167.29822151968003,1738289755,UDC
81999,165.1015091895437,1738289755,UDC
82999,167.41985551006286,1738289755,UDC
83999,164.99359009579496,1738289755,UDC
84999,169.26739955439731,1738289755,UDC
85999,170.15066389523437,1738289755,UDC
86999,169.77529947554416,1738289755,UDC
87999,170.9630191987571,1738289755,UDC
88999,174.04812983678224,1738289755,UDC
89999,173.28589692810365,1738289755,UDC
90999,171.64120423665432,1738289755,UDC
91999,174.61690253636385,1738289755,UDC
92999,173.18817315519496,1738289755,UDC
93999,178.21347340648495,1738289755,UDC
94999,172.78892159018156,1738289755,UDC
95999,176.99059773070263,1738289755,UDC
96999,176.89220143739828,1738289755,UDC
97999,180.55387471493648,1738289755,UDC
98999,178.00714414874074,1738289755,UDC
99999,178.7170002203964,1738289755,UDC
100999,184.15337744948764,1738289755,UDC
101999,181.35986820656132,1738289755,UDC
102999,182.4488146256764,1738289755,UDC
103999,180.1621786336304,1738289755,UDC
104999,179.24015029703904,1738289755,UDC
105999,179.91041872885594,1738289755,UDC
106999,178.82385723640897,1738289755,UDC
107999,182.0011757854662,1738289755,UDC
108999,180.0919021428452,1738289755,UDC
109999,178.9638437403337,1738289755,UDC
110999,182.0242571748408,1738289755,UDC
111999,184.9315920175835,1738289755,UDC
112999,183.53695835966064,1738289755,UDC
113999,186.25061892201492,1738289755,UDC
114999,183.004936530567,1738289755,UDC
115999,184.39635274042536,1738289755,UDC
116999,184.00626448312968,1738289755,UDC
117999,187.1042773440876,1738289755,UDC
118999,187.27179486240817,1738289755,UDC
119999,191.7855958512064,1738289755,UDC
120999,192.8847705806271,1738289755,UDC
121999,189.16453935598224,1738289755,UDC
122999,190.52463332810277,1738289755,UDC
123999,188.8896774318033,1738289755,UDC
124999,196.25545112661868,1738289755,UDC
125999,193.3124707769177,1738289755,UDC
126999,195.43807194863336,1738289755,UDC
127999,194.9057487141921,1738289755,UDC
128999,196.14708141027268,1738289755,UDC
129999,195.86320974992225,1738289755,UDC
130999,195.3053809861883,1738289755,UDC
131999,194.4780801853304,1738289755,UDC
132999,192.02008320730508,1738289755,UDC
133999,191.6827341684956,1738289755,UDC
134999,194.6747177992749,1738289755,UDC
135999,198.2040686413996,1738289755,UDC
136999,195.10409182588785,1738289755,UDC
137999,195.30224043630037,1738289755,UDC
138999,197.3804122598761,1738289755,UDC
139999,200.87349273011364,1738289755,UDC
140999,199.634744470377,1738289755,UDC
141999,200.28488881577337,1738289755,UDC
142999,202.792652997316,1738289755,UDC
143999,198.18536341993052,1738289755,UDC
144999,203.9914185025921,1738289755,UDC
145999,205.67529764008037,1738289755,UDC
146999,205.7145852184404,1738289755,UDC
147999,199.7672810137962,1738289755,UDC
148999,210.4219238798305,1738289755,UDC
149999,202.8864836142366,1738289755,UDC
150999,203.5950060375865,1738289755,UDC
151999,205.39587940857905,1738289755,UDC
152999,212.68781297483815,1738289755,UDC
153999,210.1735292251469,1738289755,UDC
154999,209.2055418096238,1738289755,UDC
155999,208.22960625091352,1738289755,UDC
156999,212.138342685233,1738289755,UDC
157999,211.08170483937877,1738289755,UDC
158999,215.7708197122056,1738289755,UDC
159999,210.369080970026,1738289755,UDC
160999,213.7132845032756,1738289755,UDC
161999,215.08621271669867,1738289755,UDC
162999,199.4625433490037,1738289755,UDC
163999,219.503652135388,1738289755,UDC
164999,215.4536326117051,1738289755,UDC
165999,215.0209862304252,1738289755,UDC
166999,222.6554119798612,1738289755,UDC
167999,218.9225616686171,1738289755,UDC
168999,215.7275810266146,1738289755,UDC
169999,209.2118284615053,1738289755,UDC
170999,221.70645724873663,1738289755,UDC
171999,220.20468602596867,1738289755,UDC
172999,215.368763416774,1738289755,UDC
173999,213.9018256831383,1738289755,UDC
174999,217.6395603537349,1738289755,UDC
175999,217.48026649133968,1738289755,UDC
176999,215.5884981714701,1738289755,UDC
177999,220.06100700185672,1738289755,UDC
178999,221.36830048361628,1738289755,UDC
179999,228.06569195746607,1738289755,UDC
180999,224.0144726500582,1738289755,UDC
181999,224.60707456078256,1738289755,UDC
182999,224.0659363634759,1738289755,UDC
183999,227.7475903070042,1738289755,UDC
184999,223.06457999272635,1738289755,UDC
185999,225.54582366802532,1738289755,UDC
186999,228.50534823471764,1738289755,UDC
187999,215.80374402937235,1738289755,UDC
188999,237.85356477100305,1738289755,UDC
189999,226.77939745951204,1738289755,UDC
190999,218.68395672921093,1738289755,UDC
191999,227.33618418944928,1738289755,UDC
192999,237.16760269882656,1738289755,UDC
193999,229.2374714516064,1738289755,UDC
194999,233.3359273664333,1738289755,UDC
195999,235.0165061308926,1738289755,UDC
196999,234.00993249922504,1738289755,UDC
197999,235.9987087066561,1738289755,UDC
198999,238.08423906216493,1738289755,UDC
199999,228.9205716675454,1738289755,UDC
200999,236.23191020161843,1738289755,UDC
201999,242.4199843591209,1738289755,UDC
202999,246.7840437838189,1738289755,UDC
203999,240.60044154005445,1738289755,UDC
204999,236.6048728911216,1738289755,UDC
205999,245.4326144465141,1738289755,UDC
206999,246.64998815784745,1738289755,UDC
207999,245.4015039119515,1738289755,UDC
208999,248.7929210311952,1738289755,UDC
209999,255.15508368329336,1738289755,UDC
210999,245.89902909581647,1738289755,UDC
211999,247.47743914738075,1738289755,UDC
212999,254.38844862630268,1738289755,UDC
213999,251.1872994243794,1738289755,UDC
214999,251.35995247688965,1738289755,UDC
215999,249.52313910343076,1738289755,UDC
216999,254.7912363333681,1738289755,UDC
217999,256.36379527901715,1738289755,UDC
218999,258.4192244831749,1738289755,UDC
219999,256.5439102118116,1738289755,UDC
220999,251.5079966671613,1738289755,UDC
221999,260.6834465626484,1738289755,UDC
222999,255.70933632790477,1738289755,UDC
223999,263.54992299252814,1738289755,UDC
224999,256.0374077310923,1738289755,UDC
225999,263.1939825948081,1738289755,UDC
226999,269.54312780462226,1738289755,UDC
227999,262.3245931497343,1738289755,UDC
228999,268.0961740755711,1738289755,UDC
229999,273.2396293453013,1738289755,UDC
230999,263.68711002189383,1738289755,UDC
231999,274.17112612970857,1738289755,UDC
232999,276.2386407480065,1738289755,UDC
233999,269.59941917716725,1738289755,UDC
234999,277.94410990472363,1738289755,UDC
235999,272.6172109307807,1738289755,UDC
236999,280.5868337871232,1738289755,UDC
237999,287.8297433234702,1738289755,UDC
238999,273.84555674503787,1738289755,UDC
239999,279.579191944434,1738289755,UDC
240999,278.54562108924927,1738289755,UDC
241999,276.3023232607191,1738289755,UDC
242999,290.6704654038229,1738289755,UDC
243999,286.92306776529045,1738289755,UDC
244999,283.1480627497002,1738289755,UDC
245999,281.36471415663465,1738289755,UDC
246999,283.0803673890319,1738289755,UDC
247999,287.8804785044103,1738289755,UDC
248999,285.5700095205704,1738289755,UDC
249999,287.9611516568682,1738289755,UDC
250999,286.39492940203803,1738289755,UDC
251999,284.9679265584628,1738289755,UDC
252999,295.33669360358954,1738289755,UDC
253999,286.70933163185015,1738289755,UDC
254999,297.0680870333473,1738289755,UDC
255999,295.70371327977904,1738289755,UDC
256999,293.1956662839847,1738289755,UDC
257999,298.0064605121283,1738289755,UDC
258999,297.10277406609504,1738289755,UDC
259999,295.85027224116624,1738289755,UDC
260999,295.0089511670676,1738289755,UDC
261999,298.226751442262,1738289755,UDC
262999,292.7419269736414,1738289755,UDC
263999,295.69896491640435,1738289755,UDC
264999,297.0414354477343,1738289755,UDC
265999,287.22451911884536,1738289755,UDC
266999,302.4169795769528,1738289755,UDC
267999,303.1102869587188,1738289755,UDC
268999,295.15212522197874,1738289755,UDC
269999,303.8919456331691,1738289755,UDC
270999,301.71642719329185,1738289755,UDC
271999,300.93505042753463,1738289755,UDC
272999,305.47774585531545,1738289755,UDC
273999,305.8672228143884,1738289755,UDC
274999,306.3629597278079,1738289755,UDC
275999,302.6787202444253,1738289755,UDC
276999,308.9972335001067,1738289755,UDC
277999,304.799884425832,1738289755,UDC
278999,307.6261830829253,1738289755,UDC
279999,304.1438228770527,1738289755,UDC
280999,312.7717604843347,1738289755,UDC
281999,306.3115827408515,1738289755,UDC
282999,306.6846419708386,1738289755,UDC
283999,300.1784052522062,1738289755,UDC
284999,305.14741267869005,1738289755,UDC
285999,312.6815707922753,1738289755,UDC
286999,309.6869736024926,1738289755,UDC
287999,304.36227817582045,1738289755,UDC
288999,311.7304152886053,1738289755,UDC
289999,301.9978518788052,1738289755,UDC
290999,314.8765201220814,1738289755,UDC
291999,304.7585805585041,1738289755,UDC
292999,307.5833039589006,1738289755,UDC
293999,311.2979170407427,1738289755,UDC
294999,309.93697824282543,1738289755,UDC
295999,312.656265545297,1738289755,UDC
296999,310.76491169734373,1738289755,UDC
297999,313.0623210254103,1738289755,UDC
298999,318.94485649199214,1738289755,UDC
299999,313.5053844926759,1738289755,UDC
300999,320.927639491402,1738289755,UDC
301999,314.6947062836879,1738289755,UDC
302999,310.90720284013923,1738289755,UDC
303999,313.33927366515,1738289755,UDC
304999,314.2326196978704,1738289755,UDC
305999,309.8496213920963,1738289755,UDC
306999,315.88603380670725,1738289755,UDC
307999,316.4319158194961,1738289755,UDC
308999,321.9727777908452,1738289755,UDC
309999,317.46396389945306,1738289755,UDC
310999,320.4330755570002,1738289755,UDC
311999,319.07701673544045,1738289755,UDC
312999,320.19516628207253,1738289755,UDC
313999,317.67390974860484,1738289755,UDC
314999,324.91487720991995,1738289755,UDC
315999,321.07716203580367,1738289755,UDC
316999,316.01970122138107,1738289755,UDC
317999,322.48407742078456,1738289755,UDC
318999,313.96457844291774,1738289755,UDC
319999,327.41261398936035,1738289755,UDC
320999,327.1239659599658,1738289755,UDC
321999,326.4533575769673,1738289755,UDC
322999,321.75688483200247,1738289755,UDC
323999,330.4789422797504,1738289755,UDC
324999,326.3403323145241,1738289755,UDC
325999,329.85978445692894,1738289755,UDC
326999,327.6502690183997,1738289755,UDC
327999,322.57218387688306,1738289755,UDC
328999,326.8013463628977,1738289755,UDC
329999,325.7734146215204,1738289755,UDC
330999,324.14509451859567,1738289755,UDC
331999,332.00974855482656,1738289755,UDC
332999,330.5798035005192,1738289755,UDC
333999,316.1012706948711,1738289755,UDC
334999,319.26130321246177,1738289755,UDC
335999,323.4239907408169,1738289755,UDC
336999,329.6506528205521,1738289755,UDC
337999,324.9276788643659,1738289755,UDC
338999,321.96033447583426,1738289755,UDC
339999,328.44560926130947,1738289755,UDC
340999,317.02280269882726,1738289755,UDC
341999,322.9803822049378,1738289755,UDC
342999,330.528873888752,1738289755,UDC
343999,328.01384663875626,1738289755,UDC
344999,317.3419898956831,1738289755,UDC
345999,333.15357453500746,1738289755,UDC
346999,337.6860848244253,1738289755,UDC
347999,328.7155985106042,1738289755,UDC
348999,315.25704314495584,1738289755,UDC
349999,323.6534196641901,1738289755,UDC
350999,322.75473921064014,1738289755,UDC
351999,327.8445366663443,1738289755,UDC
352999,327.3364747480767,1738289755,UDC
353999,325.2267186024892,1738289755,UDC
354999,335.6280152579636,1738289755,UDC
355999,332.3390731181452,1738289755,UDC
356999,333.57605434612253,1738289755,UDC
357999,339.6680864275908,1738289755,UDC
358999,332.5886031687662,1738289755,UDC
359999,333.1838567853195,1738289755,UDC
360999,333.2142511491814,1738289755,UDC
361999,333.69759685305206,1738289755,UDC
362999,331.10868381068184,1738289755,UDC
363999,331.94246780558706,1738289755,UDC
364999,337.85941697891394,1738289755,UDC
365999,337.1681953365518,1738289755,UDC
366999,331.4776010270618,1738289755,UDC
367999,336.5841502380986,1738289755,UDC
368999,339.2461978484437,1738289755,UDC
369999,338.11504899114465,1738289755,UDC
370999,334.44597440183003,1738289755,UDC
371999,334.4661088890852,1738289755,UDC
372999,330.0711972309164,1738289755,UDC
373999,325.33898344480764,1738289755,UDC
374999,339.16028004183744,1738289755,UDC
375999,335.5811751889493,1738289755,UDC
376999,337.2194650752573,1738289755,UDC
377999,341.610987883754,1738289755,UDC
378999,339.0359221746604,1738289755,UDC
379999,337.84325313347176,1738289755,UDC
380999,346.3682994353687,1738289755,UDC
381999,339.56625624592704,1738289755,UDC
382999,342.742763126234,1738289755,UDC
383999,340.52526654645607,1738289755,UDC
384999,340.00895523674905,1738289755,UDC
385999,336.7522930008533,1738289755,UDC
386999,343.0460544590049,1738289755,UDC
387999,339.899990476925,1738289755,UDC
388999,339.7031873285626,1738289755,UDC
389999,338.6198249387656,1738289755,UDC
390999,345.9411250060516,1738289755,UDC
391999,343.2880346153759,1738289755,UDC
392999,340.2618396059669,1738289755,UDC
393999,346.68606121947874,1738289755,UDC
394999,336.1492723707048,1738289755,UDC
395999,342.28961106331445,1738289755,UDC
396999,333.4021270102216,1738289755,UDC
397999,338.3638141986326,1738289755,UDC
398999,345.6869452934419,1738289755,UDC
399999,342.41523692335164,1738289755,UDC
400999,340.5187099040024,1738289755,UDC
401999,341.74607206678206,1738289755,UDC
402999,347.1386767079121,1738289755,UDC
403999,350.71676434995805,1738289755,UDC
404999,349.9091797919968,1738289755,UDC
405999,353.1384518006619,1738289755,UDC
406999,347.2601121009501,1738289755,UDC
407999,351.7783159482191,1738289755,UDC
408999,353.84563167359227,1738289755,UDC
409999,348.92105835864913,1738289755,UDC
410999,337.76283233495377,1738289755,UDC
411999,352.7774561255145,1738289755,UDC
412999,341.60440038395564,1738289755,UDC
413999,344.4669443950646,1738289755,UDC
414999,354.22187690633524,1738289755,UDC
415999,348.9580097139172,1738289755,UDC
416999,343.6955830088328,1738289755,UDC
417999,349.7182865550109,1738289755,UDC
418999,339.89678052434283,1738289755,UDC
419999,344.5945370241306,1738289755,UDC
420999,344.46210118301406,1738289755,UDC
421999,350.363273514871,1738289755,UDC
422999,348.40102689091225,1738289755,UDC
423999,347.9794977663304,1738289755,UDC
424999,350.14581418292727,1738289755,UDC
425999,348.8865146471524,1738289755,UDC
426999,347.0419745103994,1738289755,UDC
427999,351.195666977058,1738289755,UDC
428999,346.486443168424,1738289755,UDC
429999,347.88840851699024,1738289755,UDC
430999,347.27952125254893,1738289755,UDC
431999,345.8830429741033,1738289755,UDC
432999,351.44311510747605,1738289755,UDC
433999,348.1863482159293,1738289755,UDC
434999,348.5872857352888,1738289755,UDC
435999,352.0411570084544,1738289755,UDC
436999,345.48167170256744,1738289755,UDC
437999,349.4786285813032,1738289755,UDC
438999,349.0569679771372,1738289755,UDC
439999,356.3599075740993,1738289755,UDC
440999,355.3681900301841,1738289755,UDC
441999,348.1740246196109,1738289755,UDC
442999,356.4210013361563,1738289755,UDC
443999,352.44631215120216,1738289755,UDC
444999,359.2271122244248,1738289755,UDC
445999,354.9399541844619,1738289755,UDC
446999,352.5135743866156,1738289755,UDC
447999,354.29442395950724,1738289755,UDC
448999,350.96995096694354,1738289755,UDC
449999,352.3728655582055,1738289755,UDC
450999,360.5760127406685,1738289755,UDC
451999,323.0569701868756,1738289755,UDC
452999,351.55466565781666,1738289755,UDC
453999,348.80977869977744,1738289755,UDC
454999,351.67831744697656,1738289755,UDC
455999,355.1074863946952,1738289755,UDC
456999,354.83182733991083,1738289755,UDC
457999,348.12043920699466,1738289755,UDC
458999,356.587539004856,1738289755,UDC
459999,355.50069384266726,1738289755,UDC
460999,358.69010353247427,1738289755,UDC
461999,348.702195593498,1738289755,UDC
462999,349.95804589244875,1738289755,UDC
463999,356.1079227720693,1738289755,UDC
464999,352.2154686032506,1738289755,UDC
465999,358.8443645010543,1738289755,UDC
466999,349.3774910549979,1738289755,UDC
467999,354.67053216319624,1738289755,UDC
468999,355.8551651791446,1738289755,UDC
469999,356.589823423525,1738289755,UDC
470999,359.5546678400695,1738289755,UDC
471999,354.6741909596342,1738289755,UDC
472999,358.78952763512825,1738289755,UDC
473999,359.2176449506313,1738289755,UDC
474999,359.03401762492024,1738289755,UDC
475999,354.4161156646901,1738289755,UDC
476999,358.5768999094324,1738289755,UDC
477999,357.40110384540947,1738289755,UDC
478999,362.65926184429634,1738289755,UDC
479999,361.2881406513546,1738289755,UDC
480999,361.4554660876965,1738289755,UDC
481999,361.3476125540448,1738289755,UDC
482999,362.2757706134724,1738289755,UDC
483999,345.91370287442214,1738289755,UDC
484999,357.3179071284108,1738289755,UDC
485999,357.71204878063224,1738289755,UDC
486999,359.82924527797616,1738289755,UDC
487999,363.7082435079578,1738289755,UDC
488999,362.0468634981826,1738289755,UDC
489999,358.1792012379736,1738289755,UDC
490999,354.0091784134854,1738289755,UDC
491999,359.95807501633305,1738289755,UDC
492999,356.5258708102236,1738289755,UDC
493999,358.7622264350907,1738289755,UDC
494999,366.8895086711641,1738289755,UDC
495999,355.202868827139,1738289755,UDC
496999,359.88147539207523,1738289755,UDC
497999,354.1225705321554,1738289755,UDC
498999,364.0873765743854,1738289755,UDC
499999,366.3251038768041,1738289755,UDC
999,-2.207670314395927,1728042937,UDC
1999,0.7284355887965922,1728042937,UDC
2999,1.843133229732857,1728042937,UDC
3999,-5.243008575263125,1728042937,UDC
4999,0.4551663113152902,1728042937,UDC
5999,1.80704396010054,1728042937,UDC
6999,-2.254407968417007,1728042937,UDC
7999,-11.110751616537945,1728042937,UDC
8999,-3.756416643380852,1728042937,UDC
9999,-12.033747169767366,1728042937,UDC
10999,-3.489361600206608,1728042937,UDC
11999,-0.7801011781164057,1728042937,UDC
12999,-1.9245520113124497,1728042937,UDC
13999,-0.6303004336300332,1728042937,UDC
14999,2.5477077550347578,1728042937,UDC
15999,3.112796867255185,1728042937,UDC
16999,1.6620820565042471,1728042937,UDC
17999,2.5890853440253223,1728042937,UDC
18999,2.8539237021674007,1728042937,UDC
19999,7.094355317158983,1728042937,UDC
20999,21.75175266820024,1728042937,UDC
21999,30.26268012529845,1728042937,UDC
22999,36.26900423463634,1728042937,UDC
23999,39.50703447992313,1728042937,UDC
24999,41.52968125872249,1728042937,UDC
25999,49.12493094818021,1728042937,UDC
26999,49.700659814596,1728042937,UDC
27999,50.53078981428739,1728042937,UDC
28999,53.85063926219232,1728042937,UDC
29999,58.533819854008975,1728042937,UDC
30999,61.10388263868045,1728042937,UDC
31999,62.99010701446421,1728042937,UDC
32999,66.40288162364378,1728042937,UDC
33999,67.08412181849324,1728042937,UDC
34999,70.36514199621455,1728042937,UDC
35999,71.83809344629536,1728042937,UDC
36999,74.90816143655509,1728042937,UDC
37999,78.50715714747771,1728042937,UDC
38999,83.3153464257848,1728042937,UDC
39999,86.4810563108971,1728042937,UDC
40999,94.77757023949228,1728042937,UDC
41999,97.9184685926606,1728042937,UDC
42999,100.97995819945754,1728042937,UDC
43999,106.40429072852578,1728042937,UDC
44999,109.54028472486011,1728042937,UDC
45999,114.42502509621352,1728042937,UDC
46999,119.13934242361886,1728042937,UDC
47999,122.79629164013566,1728042937,UDC
48999,126.6370706454973,1728042937,UDC
49999,127.32315171120148,1728042937,UDC
50999,133.84765069297592,1728042937,UDC
51999,134.3739865828408,1728042937,UDC
52999,136.30342702346277,1728042937,UDC
53999,137.5797380301567,1728042937,UDC
54999,141.86020595940428,1728042937,UDC
55999,140.32358200910815,1728042937,UDC
56999,142.11718449344522,1728042937,UDC
57999,143.42657559872112,1728042937,UDC
58999,145.1335208342123,1728042937,UDC
59999,146.42094658739535,1728042937,UDC
60999,146.31904285492527,1728042937,UDC
61999,145.28741533737875,1728042937,UDC
62999,148.05328377176534,1728042937,UDC
63999,144.69551837369082,1728042937,UDC
64999,140.27761870921222,1728042937,UDC
65999,145.12221363243526,1728042937,UDC
66999,152.2427840472925,1728042937,UDC
67999,154.04129232697872,1728042937,UDC
68999,154.35258839492766,1728042937,UDC
69999,158.19485057938113,1728042937,UDC
70999,162.7348493351006,1728042937,UDC
71999,158.77314694012642,1728042937,UDC
72999,159.90314032654237,1728042937,UDC
73999,160.93127223753285,1728042937,UDC
74999,170.2487283030164,1728042937,UDC
75999,173.6821618931777,1728042937,UDC
76999,177.0492202244103,1728042937,UDC
77999,179.35436862176238,1728042937,UDC
78999,178.95030117295903,1728042937,UDC
79999,183.18833531966808,1728042937,UDC
80999,185.5824350964586,1728042937,UDC
81999,184.4834138366528,1728042937,UDC
82999,178.59649577944109,1728042937,UDC
83999,177.53572568901376,1728042937,UDC
84999,182.47857430383627,1728042937,UDC
85999,183.49052155085565,1728042937,UDC
86999,182.3650286432737,1728042937,UDC
87999,183.4398929986397,1728042937,UDC
88999,186.7602768052103,1728042937,UDC
89999,187.63716474214027,1728042937,UDC
90999,190.6830845129332,1728042937,UDC
91999,189.63133059244836,1728042937,UDC
92999,190.2355153801996,1728042937,UDC
93999,191.16765854114172,1728042937,UDC
94999,191.3607624332995,1728042937,UDC
95999,194.97907390623007,1728042937,UDC
96999,195.64784066127157,1728042937,UDC
97999,194.9040135247228,1728042937,UDC
98999,198.31896813426764,1728042937,UDC
99999,200.3103271786727,1728042937,UDC
100999,203.2280604112404,1728042937,UDC
101999,204.58395254660329,1728042937,UDC
102999,206.60097225803892,1728042937,UDC
103999,205.4697959812713,1728042937,UDC
104999,206.85133133671985,1728042937,UDC
105999,211.0452281393454,1728042937,UDC
106999,210.29844911465813,1728042937,UDC
107999,213.79244680942185,1728042937,UDC
108999,213.27411651809425,1728042937,UDC
109999,216.31490015110936,1728042937,UDC
110999,216.00514636516507,1728042937,UDC
111999,217.28934122076808,1728042937,UDC
112999,213.37068296602405,1728042937,UDC
113999,219.49252183729885,1728042937,UDC
114999,221.3800181146709,1728042937,UDC
115999,220.8268710442201,1728042937,UDC
116999,223.40755142218512,1728042937,UDC
117999,219.3949281830865,1728042937,UDC
118999,225.20271644233785,1728042937,UDC
119999,229.036995799858,1728042937,UDC
120999,223.3208208265657,1728042937,UDC
121999,229.8846572981024,1728042937,UDC
122999,231.43677817468463,1728042937,UDC
123999,230.16968621644392,1728042937,UDC
124999,233.95650108643684,1728042937,UDC
125999,235.04135851615243,1728042937,UDC
126999,238.56957094843003,1728042937,UDC
127999,243.411017314898,1728042937,UDC
128999,107.06236335249564,1728042937,UDC
129999,240.42811455150036,1728042937,UDC
130999,248.59646180718053,1728042937,UDC
131999,251.37092057626265,1728042937,UDC
132999,251.67558306226837,1728042937,UDC
133999,255.4544891039272,1728042937,UDC
134999,256.1945675779836,1728042937,UDC
135999,257.4591340379986,1728042937,UDC
136999,264.4054871389837,1728042937,UDC
137999,266.97382990823274,1728042937,UDC
138999,267.4882189988584,1728042937,UDC
139999,271.6003625591674,1728042937,UDC
140999,273.20989422221663,1728042937,UDC
141999,274.4947047832051,1728042937,UDC
142999,280.3607911469492,1728042937,UDC
143999,278.17852573090136,1728042937,UDC
144999,277.79793149245023,1728042937,UDC
145999,272.44560621796995,1728042937,UDC
146999,280.223528434595,1728042937,UDC
147999,280.65077499922563,1728042937,UDC
148999,278.6642554217795,1728042937,UDC
149999,278.61079039548275,1728042937,UDC
150999,284.66051197139564,1728042937,UDC
151999,286.1980981532556,1728042937,UDC
152999,286.7672122659325,1728042937,UDC
153999,287.553147813278,1728042937,UDC
154999,284.40017708376,1728042937,UDC
155999,284.6065419047103,1728042937,UDC
156999,292.05634203162344,1728042937,UDC
157999,275.4282941463948,1728042937,UDC
158999,288.4534052924771,1728042937,UDC
159999,296.29548470516744,1728042937,UDC
160999,293.9475757208207,1728042937,UDC
161999,282.9178312537758,1728042937,UDC
162999,294.25176876463246,1728042937,UDC
163999,291.78189661877667,1728042937,UDC
164999,296.3499399100825,1728042937,UDC
165999,290.44930061269656,1728042937,UDC
166999,297.3006607508415,1728042937,UDC
167999,287.5377393897812,1728042937,UDC
168999,295.6572358410572,1728042937,UDC
169999,299.48496843809374,1728042937,UDC
170999,298.1011095126094,1728042937,UDC
171999,298.21448632593246,1728042937,UDC
172999,296.77163621772024,1728042937,UDC
173999,299.62071058717123,1728042937,UDC
174999,296.5721889770851,1728042937,UDC
175999,305.3594414484934,1728042937,UDC
176999,297.5762516520784,1728042937,UDC
177999,304.1465680523846,1728042937,UDC
178999,301.1411140137139,1728042937,UDC
179999,298.8346499120651,1728042937,UDC
180999,305.60531901769366,1728042937,UDC
181999,303.03609133631863,1728042937,UDC
182999,313.4979880727657,1728042937,UDC
183999,304.0309168650725,1728042937,UDC
184999,307.4297413627532,1728042937,UDC
185999,310.61657759076337,1728042937,UDC
186999,308.1136460290924,1728042937,UDC
187999,305.59899457833444,1728042937,UDC
188999,310.58426125098737,1728042937,UDC
189999,312.0125020488461,1728042937,UDC
190999,312.18667166679245,1728042937,UDC
191999,317.17288962691805,1728042937,UDC
192999,314.7493208722029,1728042937,UDC
193999,322.29697002678427,1728042937,UDC
194999,327.39519446737245,1728042937,UDC
195999,323.9675867024429,1728042937,UDC
196999,326.70837357945004,1728042937,UDC
197999,330.1016132973478,1728042937,UDC
198999,325.8775260041853,1728042937,UDC
199999,329.35107333504044,1728042937,UDC
200999,323.8897038386366,1728042937,UDC
201999,328.1640640448569,1728042937,UDC
202999,329.0576667455203,1728042937,UDC
203999,328.044020466485,1728042937,UDC
204999,327.5888977812596,1728042937,UDC
205999,317.8148354575916,1728042937,UDC
206999,332.5357237837121,1728042937,UDC
207999,328.96208745226346,1728042937,UDC
208999,330.3367769098481,1728042937,UDC
209999,331.31901441929665,1728042937,UDC
210999,333.81066445343725,1728042937,UDC
211999,329.3823792255985,1728042937,UDC
212999,335.4438384514237,1728042937,UDC
213999,334.7344615074226,1728042937,UDC
214999,333.1954586143331,1728042937,UDC
215999,330.7370456633764,1728042937,UDC
216999,334.68217495732455,1728042937,UDC
217999,336.00713754420127,1728042937,UDC
218999,330.80867140398567,1728042937,UDC
219999,332.2450941919816,1728042937,UDC
220999,331.8169730726097,1728042937,UDC
221999,334.10675318812747,1728042937,UDC
222999,333.0371979980413,1728042937,UDC
223999,336.9119443690249,1728042937,UDC
224999,333.5207256458972,1728042937,UDC
225999,339.06780220749266,1728042937,UDC
226999,335.5935741269002,1728042937,UDC
227999,336.52540313471366,1728042937,UDC
228999,336.4217380762371,1728042937,UDC
229999,339.13314309055363,1728042937,UDC
230999,336.2827550992941,1728042937,UDC
231999,341.66255911443164,1728042937,UDC
232999,339.87625112114466,1728042937,UDC
233999,339.73520282632904,1728042937,UDC
234999,339.7040697825748,1728042937,UDC
235999,338.8542673574608,1728042937,UDC
236999,334.54489171149504,1728042937,UDC
237999,338.1831364549689,1728042937,UDC
238999,332.6847129969752,1728042937,UDC
239999,336.6271012086744,1728042937,UDC
240999,337.94174690051125,1728042937,UDC
241999,337.1817038989059,1728042937,UDC
242999,339.257092714324,1728042937,UDC
243999,340.2526791354409,1728042937,UDC
244999,339.3096062140068,1728042937,UDC
245999,337.352867870073,1728042937,UDC
246999,346.4022703860274,1728042937,UDC
247999,339.2303744624421,1728042937,UDC
248999,334.35187497137474,1728042937,UDC
249999,342.4429761218251,1728042937,UDC
250999,339.9836455525582,1728042937,UDC
251999,335.3948111494766,1728042937,UDC
252999,342.80541717207774,1728042937,UDC
253999,343.3818178529843,1728042937,UDC
254999,341.09281682611385,1728042937,UDC
255999,340.1121785108326,1728042937,UDC
256999,343.6304145960846,1728042937,UDC
257999,347.68367998776154,1728042937,UDC
258999,341.0192566956586,1728042937,UDC
259999,346.8246496172991,1728042937,UDC
260999,341.2145413608484,1728042937,UDC
261999,342.5361149648558,1728042937,UDC
262999,342.72586668126587,1728042937,UDC
263999,342.61615351881125,1728042937,UDC
264999,342.6374758579958,1728042937,UDC
265999,338.0079403484186,1728042937,UDC
266999,341.24381466507015,1728042937,UDC
267999,347.00416861748295,1728042937,UDC
268999,342.94418958396227,1728042937,UDC
269999,343.51136975387084,1728042937,UDC
270999,348.52646587702463,1728042937,UDC
271999,344.1519002081425,1728042937,UDC
272999,336.0442918738012,1728042937,UDC
273999,350.0980805187163,1728042937,UDC
274999,352.4480328270374,1728042937,UDC
275999,349.2932792611703,1728042937,UDC
276999,343.67270904033484,1728042937,UDC
277999,349.63265654094306,1728042937,UDC
278999,345.8632695734702,1728042937,UDC
279999,347.34156952573625,1728042937,UDC
280999,353.80507065398456,1728042937,UDC
281999,351.69085263630313,1728042937,UDC
282999,346.4900867330856,1728042937,UDC
283999,341.51576264774195,1728042937,UDC
284999,348.9232631249481,1728042937,UDC
285999,344.8856197538167,1728042937,UDC
286999,346.56894158200555,1728042937,UDC
287999,345.75473849492187,1728042937,UDC
288999,346.3384264425595,1728042937,UDC
289999,347.68806252017174,1728042937,UDC
290999,349.36470070475286,1728042937,UDC
291999,346.04616377948383,1728042937,UDC
292999,340.89171002106434,1728042937,UDC
293999,341.62023201698935,1728042937,UDC
294999,346.5689409967265,1728042937,UDC
295999,342.1774807989438,1728042937,UDC
296999,344.3918192931885,1728042937,UDC
297999,349.5412180415674,1728042937,UDC
298999,344.21556446521856,1728042937,UDC
299999,351.4428691966816,1728042937,UDC
300999,351.81125667813603,1728042937,UDC
301999,346.9099589755495,1728042937,UDC
302999,348.2795148194054,1728042937,UDC
303999,350.9668883179962,1728042937,UDC
304999,348.3672515709112,1728042937,UDC
305999,349.52716247551047,1728042937,UDC
306999,352.61743694035727,1728042937,UDC
307999,353.0573742271207,1728042937,UDC
308999,355.6908556037913,1728042937,UDC
309999,355.3683348537689,1728042937,UDC
310999,353.21968024696605,1728042937,UDC
311999,353.903769083084,1728042937,UDC
312999,355.83452589928146,1728042937,UDC
313999,350.92353316079937,1728042937,UDC
314999,353.27117027924294,1728042937,UDC
315999,355.4357423224105,1728042937,UDC
316999,361.8761717401461,1728042937,UDC
317999,358.7000675006563,1728042937,UDC
318999,356.35508411559533,1728042937,UDC
319999,358.2991996875974,1728042937,UDC
320999,362.1847785531671,1728042937,UDC
321999,357.50458994407205,1728042937,UDC
322999,359.4106032382228,1728042937,UDC
323999,359.50365324598204,1728042937,UDC
324999,365.044831078761,1728042937,UDC
325999,362.7195513393381,1728042937,UDC
326999,368.8958991938926,1728042937,UDC
327999,364.4390308581289,1728042937,UDC
328999,367.10258869157735,1728042937,UDC
329999,359.52929831655894,1728042937,UDC
330999,367.3489339304237,1728042937,UDC
331999,374.99410555046825,1728042937,UDC
332999,366.3701381621007,1728042937,UDC
333999,368.5668555723626,1728042937,UDC
334999,371.34807714303537,1728042937,UDC
335999,371.0100055941608,1728042937,UDC
336999,378.45478428409984,1728042937,UDC
337999,372.48465514095614,1728042937,UDC
338999,379.1913776397403,1728042937,UDC
339999,375.7628422784665,1728042937,UDC
340999,374.8719301769655,1728042937,UDC
341999,378.5757455064317,1728042937,UDC
342999,375.8689300998016,1728042937,UDC
343999,369.251957526208,1728042937,UDC
344999,377.15693687667846,1728042937,UDC
345999,369.31221451471504,1728042937,UDC
346999,350.6940950446237,1728042937,UDC
347999,357.6130109134811,1728042937,UDC
348999,341.3586820913145,1728042937,UDC
349999,343.20639487614875,1728042937,UDC
350999,341.75054236223326,1728042937,UDC
351999,333.7148805304673,1728042937,UDC
352999,142.89376905133102,1728042937,UDC
353999,313.65582393907164,1728042937,UDC
354999,352.7113534203221,1728042937,UDC
355999,320.79163327634615,1728042937,UDC
356999,339.9836374329909,1728042937,UDC
357999,357.30294336565544,1728042937,UDC
358999,344.7415346685335,1728042937,UDC
359999,361.0916591028984,1728042937,UDC
360999,372.352472523603,1728042937,UDC
361999,348.3139683696478,1728042937,UDC
362999,361.027738797698,1728042937,UDC
363999,367.38095210526274,1728042937,UDC
364999,374.0838426247835,1728042937,UDC
365999,378.6965417065721,1728042937,UDC
366999,366.2367173309132,1728042937,UDC
367999,369.7280347003668,1728042937,UDC
368999,370.653712889816,1728042937,UDC
369999,370.18767560999953,1728042937,UDC
370999,367.14073657076113,1728042937,UDC
371999,375.95391825442647,1728042937,UDC
372999,375.2838644128146,1728042937,UDC
373999,380.6026178718877,1728042937,UDC
374999,377.8959384554486,1728042937,UDC
375999,376.6176201774978,1728042937,UDC
376999,370.31271216735314,1728042937,UDC
377999,378.0950495354983,1728042937,UDC
378999,380.31154403731705,1728042937,UDC
379999,385.1485979139928,1728042937,UDC
380999,380.5727017641685,1728042937,UDC
381999,386.1484581574881,1728042937,UDC
382999,381.8922187252246,1728042937,UDC
383999,376.7250767240898,1728042937,UDC
384999,385.9433983741396,1728042937,UDC
385999,390.9484721117701,1728042937,UDC
386999,393.8724194230941,1728042937,UDC
387999,391.91950697548936,1728042937,UDC
388999,391.3916965771208,1728042937,UDC
389999,389.4674523288304,1728042937,UDC
390999,382.2125424727657,1728042937,UDC
391999,394.3932525100496,1728042937,UDC
392999,397.4822347953693,1728042937,UDC
393999,393.6748472820921,1728042937,UDC
394999,391.01990661880126,1728042937,UDC
395999,406.4759839425852,1728042937,UDC
396999,400.241339001777,1728042937,UDC
397999,398.3983943052852,1728042937,UDC
398999,408.3062292981439,1728042937,UDC
399999,406.756246758977,1728042937,UDC
400999,402.3496535750408,1728042937,UDC
401999,402.1241666755923,1728042937,UDC
402999,410.9145040033832,1728042937,UDC
403999,403.64566653693856,1728042937,UDC
404999,406.8402756293096,1728042937,UDC
405999,403.2003468890109,1728042937,UDC
406999,407.8929590498354,1728042937,UDC
407999,407.07998097693866,1728042937,UDC
408999,415.9826133050416,1728042937,UDC
409999,414.3643882492679,1728042937,UDC
410999,407.7164676733581,1728042937,UDC
411999,412.11538487587217,1728042937,UDC
412999,416.453215623712,1728042937,UDC
413999,414.9946663356424,1728042937,UDC
414999,416.9344817118564,1728042937,UDC
415999,411.5702566871112,1728042937,UDC
416999,407.8194430070564,1728042937,UDC
417999,415.56935108895823,1728042937,UDC
418999,404.5068110118282,1728042937,UDC
419999,412.3720787296682,1728042937,UDC
420999,415.1577986633988,1728042937,UDC
421999,417.8868313295183,1728042937,UDC
422999,406.7251665772535,1728042937,UDC
423999,415.67246662406257,1728042937,UDC
424999,422.890041549916,1728042937,UDC
425999,409.7674433418359,1728042937,UDC
426999,417.67255869789057,1728042937,UDC
427999,420.0242900494666,1728042937,UDC
428999,423.966764097956,1728042937,UDC
429999,409.3450402235659,1728042937,UDC
430999,424.1633042395808,1728042937,UDC
431999,407.2537626527052,1728042937,UDC
432999,416.9489150774347,1728042937,UDC
433999,399.30714550950574,1728042937,UDC
434999,405.3541989679617,1728042937,UDC
435999,375.18184049519465,1728042937,UDC
436999,397.2635550073256,1728042937,UDC
437999,368.756267084871,1728042937,UDC
438999,387.0873746401548,1728042937,UDC
439999,421.4981100867855,1728042937,UDC
440999,407.89438616105394,1728042937,UDC
441999,388.6750205200873,1728042937,UDC
442999,399.0900359684177,1728042937,UDC
443999,401.0316854944784,1728042937,UDC
444999,413.61028910032417,1728042937,UDC
445999,398.5317980668022,1728042937,UDC
446999,394.703419637226,1728042937,UDC
447999,409.77451747500953,1728042937,UDC
448999,410.8843376336407,1728042937,UDC
449999,413.3499163997357,1728042937,UDC
450999,402.7215464054537,1728042937,UDC
451999,422.2444528369368,1728042937,UDC
452999,400.0643411031604,1728042937,UDC
453999,412.4034129338575,1728042937,UDC
454999,423.5080723492431,1728042937,UDC
455999,422.1718680360667,1728042937,UDC
456999,409.6135758080961,1728042937,UDC
457999,417.5793062057925,1728042937,UDC
458999,403.5520077656644,1728042937,UDC
459999,423.1672741439792,1728042937,UDC
460999,423.1686201222847,1728042937,UDC
461999,423.46998160561975,1728042937,UDC
462999,411.76235802438737,1728042937,UDC
463999,403.2512063336084,1728042937,UDC
464999,409.5858744608604,1728042937,UDC
465999,416.51328126297136,1728042937,UDC
466999,430.5046442252162,1728042937,UDC
467999,396.5498653206409,1728042937,UDC
468999,411.0298720127798,1728042937,UDC
469999,414.19177348874473,1728042937,UDC
470999,411.2662058119803,1728042937,UDC
471999,416.4986229620855,1728042937,UDC
472999,408.31902566052617,1728042937,UDC
473999,429.5107580639915,1728042937,UDC
474999,424.6192145543373,1728042937,UDC
475999,422.6154790622673,1728042937,UDC
476999,429.1667790904553,1728042937,UDC
477999,432.5885772198478,1728042937,UDC
478999,409.9044929244362,1728042937,UDC
479999,416.8045421104122,1728042937,UDC
480999,422.8229274782821,1728042937,UDC
481999,429.23112209813473,1728042937,UDC
482999,427.0187281847881,1728042937,UDC
483999,436.8840453455081,1728042937,UDC
484999,437.95213784184415,1728042937,UDC
485999,439.8257141842501,1728042937,UDC
486999,442.6057091934036,1728042937,UDC
487999,422.899421781038,1728042937,UDC
488999,440.0394473727853,1728042937,UDC
489999,428.83413324451953,1728042937,UDC
490999,437.4023277689189,1728042937,UDC
491999,437.5632352855012,1728042937,UDC
492999,432.44675234734456,1728042937,UDC
493999,442.7183220952164,1728042937,UDC
494999,434.0295490550026,1728042937,UDC
495999,430.7868451341357,1728042937,UDC
496999,440.0113339607701,1728042937,UDC
497999,442.7906119826554,1728042937,UDC
498999,442.32483330319695,1728042937,UDC
499999,445.8826730692807,1728042937,UDC
999,-10.844929997294884,1728042935,UDC
1999,-5.781604057228898,1728042935,UDC
2999,-5.438034328582439,1728042935,UDC
3999,2.50579516969157,1728042935,UDC
4999,-3.608347764251608,1728042935,UDC
5999,-1.6049557386989275,1728042935,UDC
6999,-10.121150045112422,1728042935,UDC
7999,-3.611785909067665,1728042935,UDC
8999,-5.081526561200391,1728042935,UDC
9999,-11.25253823899676,1728042935,UDC
10999,-3.540044768722694,1728042935,UDC
11999,-0.726510099858525,1728042935,UDC
12999,-2.4961720128076688,1728042935,UDC
13999,-1.2525518944479312,1728042935,UDC
14999,-0.2680801962265839,1728042935,UDC
15999,1.4328963386806473,1728042935,UDC
16999,1.7922920776791054,1728042935,UDC
17999,2.8373551268138275,1728042935,UDC
18999,2.6797085559381832,1728042935,UDC
19999,6.34285625691425,1728042935,UDC
20999,13.156315872286582,1728042935,UDC
21999,23.28299391070988,1728042935,UDC
22999,28.01704970808424,1728042935,UDC
23999,34.1545071102626,1728042935,UDC
24999,44.02862341424068,1728042935,UDC
25999,48.47446275967615,1728042935,UDC
26999,53.32361220115975,1728042935,UDC
27999,54.35142730262477,1728042935,UDC
28999,58.29422977773001,1728042935,UDC
29999,62.10515932577256,1728042935,UDC
30999,66.13571407847913,1728042935,UDC
31999,68.79931889668141,1728042935,UDC
32999,75.11162055434251,1728042935,UDC
33999,83.34328092945324,1728042935,UDC
34999,90.10810089762582,1728042935,UDC
35999,91.16832903143398,1728042935,UDC
36999,94.2813353048849,1728042935,UDC
37999,99.49917783493254,1728042935,UDC
38999,101.33457878069548,1728042935,UDC
39999,103.9743641046016,1728042935,UDC
40999,108.50245852810646,1728042935,UDC
41999,110.14325541520115,1728042935,UDC
42999,112.42509362760444,1728042935,UDC
43999,116.68760908216136,1728042935,UDC
44999,117.93717169134796,1728042935,UDC
45999,121.71903430488167,1728042935,UDC
46999,125.10715688225102,1728042935,UDC
47999,125.81178302370488,1728042935,UDC
48999,126.55161196796593,1728042935,UDC
49999,128.51331159007162,1728042935,UDC
50999,129.16537391859748,1728042935,UDC
51999,128.31537347862204,1728042935,UDC
52999,131.34735998918245,1728042935,UDC
53999,129.10895089213747,1728042935,UDC
54999,130.80632067380145,1728042935,UDC
55999,134.18160295761265,1728042935,UDC
56999,132.15929590634877,1728042935,UDC
57999,130.25733532611963,1728042935,UDC
58999,133.25699940595484,1728042935,UDC
59999,135.37011884674314,1728042935,UDC
60999,136.2761391218553,1728042935,UDC
61999,134.86229593161977,1728042935,UDC
62999,132.62544369072208,1728042935,UDC
63999,134.6009410253174,1728042935,UDC
64999,136.2832936524751,1728042935,UDC
65999,138.77554291660485,1728042935,UDC
66999,141.0043698895218,1728042935,UDC
67999,137.29295109870682,1728042935,UDC
68999,143.14979579331597,1728042935,UDC
69999,144.54273334149096,1728042935,UDC
70999,146.28895500801485,1728042935,UDC
71999,147.01341434321185,1728042935,UDC
72999,145.1746762494826,1728042935,UDC
73999,148.67847597333324,1728042935,UDC
74999,147.8106134741354,1728042935,UDC
75999,150.1981701305354,1728042935,UDC
76999,151.76671538928042,1728042935,UDC
77999,154.21763339096532,1728042935,UDC
78999,159.78688836328797,1728042935,UDC
79999,159.9641234322768,1728042935,UDC
80999,159.53207833373204,1728042935,UDC
81999,158.89013646219337,1728042935,UDC
82999,161.6664822748047,1728042935,UDC
83999,163.88760364921006,1728042935,UDC
84999,163.1612647327578,1728042935,UDC
85999,163.73528705909567,1728042935,UDC
86999,166.9264865322764,1728042935,UDC
87999,169.92239484833232,1728042935,UDC
88999,168.6337676025082,1728042935,UDC
89999,171.19466680174742,1728042935,UDC
90999,171.62520036834923,1728042935,UDC
91999,170.25516029349205,1728042935,UDC
92999,172.67815319978192,1728042935,UDC
93999,173.27474684057046,1728042935,UDC
94999,172.97684505841067,1728042935,UDC
95999,175.3830704935149,1728042935,UDC
96999,172.4995910149939,1728042935,UDC
97999,174.20941708774345,1728042935,UDC
98999,174.1215372792385,1728042935,UDC
99999,176.50338876023795,1728042935,UDC
100999,175.29124497393215,1728042935,UDC
101999,175.0463459535388,1728042935,UDC
102999,178.51944065662235,1728042935,UDC
103999,177.40945093491635,1728042935,UDC
104999,179.81221132188637,1728042935,UDC
105999,180.12729802443053,1728042935,UDC
106999,180.6714438979324,1728042935,UDC
107999,182.11382549847536,1728042935,UDC
108999,179.52995736228416,1728042935,UDC
109999,181.637637525586,1728042935,UDC
110999,184.30057115531096,1728042935,UDC
111999,186.25731960529305,1728042935,UDC
112999,186.7286009404197,1728042935,UDC
113999,186.09340878885865,1728042935,UDC
114999,185.408109385595,1728042935,UDC
115999,185.81439230066016,1728042935,UDC
116999,186.16659622664412,1728042935,UDC
117999,189.14094325513648,1728042935,UDC
118999,190.1431809001549,1728042935,UDC
119999,192.37171602806785,1728042935,UDC
120999,189.38057099406367,1728042935,UDC
121999,191.1243565194735,1728042935,UDC
122999,190.1584072834296,1728042935,UDC
123999,189.95163493880293,1728042935,UDC
124999,190.9785843477048,1728042935,UDC
125999,191.88977704086437,1728042935,UDC
126999,188.7850966005003,1728042935,UDC
127999,188.4655943021933,1728042935,UDC
128999,189.35815540417056,1728042935,UDC
129999,188.8758467143693,1728042935,UDC
130999,188.85687054784196,1728042935,UDC
131999,190.401913584903,1728042935,UDC
132999,190.41647430789843,1728042935,UDC
133999,192.3193217875348,1728042935,UDC
134999,191.2191024220236,1728042935,UDC
135999,191.0368292209241,1728042935,UDC
136999,190.09583877057747,1728042935,UDC
137999,192.15813916388225,1728042935,UDC
138999,192.43437737611987,1728042935,UDC
139999,191.35394758974505,1728042935,UDC
140999,192.49325768683485,1728042935,UDC
141999,192.6794166098154,1728042935,UDC
142999,192.7970782934241,1728042935,UDC
143999,194.6126361357947,1728042935,UDC
144999,193.9511691948327,1728042935,UDC
145999,193.28364155192463,1728042935,UDC
146999,193.09891283116303,1728042935,UDC
147999,193.66526510831488,1728042935,UDC
148999,195.30172642123236,1728042935,UDC
149999,196.6332821708421,1728042935,UDC
150999,196.2585442432953,1728042935,UDC
151999,195.261251272904,1728042935,UDC
152999,198.00159274670605,1728042935,UDC
153999,198.8364834689165,1728042935,UDC
154999,201.37844678234728,1728042935,UDC
155999,198.28797222682937,1728042935,UDC
156999,196.16895041491972,1728042935,UDC
157999,199.3184648059477,1728042935,UDC
158999,200.7646333049885,1728042935,UDC
159999,198.8268717231869,1728042935,UDC
160999,198.7134671446382,1728042935,UDC
161999,200.97307554128724,1728042935,UDC
162999,199.1449364163205,1728042935,UDC
163999,197.8722073489492,1728042935,UDC
164999,199.31127139331664,1728042935,UDC
165999,201.17678533909935,1728042935,UDC
166999,200.90334006419883,1728042935,UDC
167999,204.31150019105567,1728042935,UDC
168999,201.7536726005941,1728042935,UDC
169999,207.17981058170813,1728042935,UDC
170999,206.72320447677671,1728042935,UDC
171999,204.98997878660197,1728042935,UDC
172999,206.3680740596667,1728042935,UDC
173999,204.56762993924363,1728042935,UDC
174999,205.90666694311815,1728042935,UDC
175999,204.8783365487581,1728042935,UDC
176999,203.5786653366669,1728042935,UDC
177999,202.78658341523257,1728042935,UDC
178999,206.2040029048686,1728042935,UDC
179999,209.0380112490564,1728042935,UDC
180999,205.80372212016565,1728042935,UDC
181999,205.99015734293744,1728042935,UDC
182999,206.40759632363904,1728042935,UDC
183999,206.049201112506,1728042935,UDC
184999,204.28377207622768,1728042935,UDC
185999,207.4152135820304,1728042935,UDC
186999,205.3827664031896,1728042935,UDC
187999,205.03509126739755,1728042935,UDC
188999,205.58796369345316,1728042935,UDC
189999,205.98536096234045,1728042935,UDC
190999,205.7071983161293,1728042935,UDC
191999,206.6201998956557,1728042935,UDC
192999,206.72407961326985,1728042935,UDC
193999,202.8133834472021,1728042935,UDC
194999,208.09422593277463,1728042935,UDC
195999,207.38789499050665,1728042935,UDC
196999,206.5284628444884,1728042935,UDC
197999,208.143080274144,1728042935,UDC
198999,209.42466954969936,1728042935,UDC
199999,208.109551308371,1728042935,UDC
200999,209.5468621166818,1728042935,UDC
201999,209.42030353798168,1728042935,UDC
202999,210.53096238528028,1728042935,UDC
203999,214.095180447258,1728042935,UDC
204999,211.10061953292876,1728042935,UDC
205999,216.9257600469197,1728042935,UDC
206999,210.1618419854916,1728042935,UDC
207999,210.52959708683943,1728042935,UDC
208999,214.42290208656723,1728042935,UDC
209999,215.9583475606745,1728042935,UDC
210999,213.4786394681127,1728042935,UDC
211999,213.70760186529813,1728042935,UDC
212999,210.91480919893527,1728042935,UDC
213999,215.05385788697205,1728042935,UDC
214999,215.5631882003689,1728042935,UDC
215999,213.481205553991,1728042935,UDC
216999,213.00124492182044,1728042935,UDC
217999,212.48940257016469,1728042935,UDC
218999,212.8443768643216,1728042935,UDC
219999,214.0240236204289,1728042935,UDC
220999,212.56353309012192,1728042935,UDC
221999,214.6340699935137,1728042935,UDC
222999,214.19693032106036,1728042935,UDC
223999,214.1818474664792,1728042935,UDC
224999,212.20075062261373,1728042935,UDC
225999,212.86706770824912,1728042935,UDC
226999,215.9173881648917,1728042935,UDC
227999,212.70063516581575,1728042935,UDC
228999,213.5120099612659,1728042935,UDC
229999,210.35353778642187,1728042935,UDC
230999,213.79814447578053,1728042935,UDC
231999,211.6702107710392,1728042935,UDC
232999,211.08376861602932,1728042935,UDC
233999,214.2747526820253,1728042935,UDC
234999,209.10123354465168,1728042935,UDC
235999,212.5164500044057,1728042935,UDC
236999,214.5946601778167,1728042935,UDC
237999,214.136051192704,1728042935,UDC
238999,215.4693876397475,1728042935,UDC
239999,211.5507597391148,1728042935,UDC
240999,215.9284630147932,1728042935,UDC
241999,213.80600625155063,1728042935,UDC
242999,212.53510367081148,1728042935,UDC
243999,214.29669921589112,1728042935,UDC
244999,217.4729912227534,1728042935,UDC
245999,216.0733010082369,1728042935,UDC
246999,217.1498331576864,1728042935,UDC
247999,215.19326594967868,1728042935,UDC
248999,214.5988211663364,1728042935,UDC
249999,216.7252764315692,1728042935,UDC
250999,217.2617583824231,1728042935,UDC
251999,215.5236253535356,1728042935,UDC
252999,212.34148478721875,1728042935,UDC
253999,216.187515037818,1728042935,UDC
254999,217.35399217633383,1728042935,UDC
255999,220.069145799182,1728042935,UDC
256999,215.54342114323512,1728042935,UDC
257999,217.01413320095537,1728042935,UDC
258999,215.28975729740696,1728042935,UDC
259999,215.80656949068333,1728042935,UDC
260999,217.18214895883284,1728042935,UDC
261999,218.3495293170058,1728042935,UDC
262999,216.5706361695188,1728042935,UDC
263999,218.32505878230003,1728042935,UDC
264999,217.62769432806127,1728042935,UDC
265999,218.2509325100176,1728042935,UDC
266999,219.51256536146488,1728042935,UDC
267999,218.32174817825185,1728042935,UDC
268999,219.10694443989357,1728042935,UDC
269999,222.6037489731955,1728042935,UDC
270999,220.0742701015401,1728042935,UDC
271999,220.38837112652385,1728042935,UDC
272999,218.3365694737967,1728042935,UDC
273999,222.0601834771909,1728042935,UDC
274999,222.995960097456,1728042935,UDC
275999,221.24545409479623,1728042935,UDC
276999,218.88795300572096,1728042935,UDC
277999,218.3973166012384,1728042935,UDC
278999,218.7664910680122,1728042935,UDC
279999,217.0383969956113,1728042935,UDC
280999,218.29448562586143,1728042935,UDC
281999,218.2372558140241,1728042935,UDC
282999,221.07187825980583,1728042935,UDC
283999,218.0428480259647,1728042935,UDC
284999,222.6560505654832,1728042935,UDC
285999,219.62870102036388,1728042935,UDC
286999,218.1966328454954,1728042935,UDC
287999,206.5660911913981,1728042935,UDC
288999,216.6776113379185,1728042935,UDC
289999,218.3451569647997,1728042935,UDC
290999,221.3201481057565,1728042935,UDC
291999,222.85057807465995,1728042935,UDC
292999,221.56649183913197,1728042935,UDC
293999,226.6567730646485,1728042935,UDC
294999,224.9342238104321,1728042935,UDC
295999,224.14757718988355,1728042935,UDC
296999,222.14776539725943,1728042935,UDC
297999,222.67646326037743,1728042935,UDC
298999,228.409956945888,1728042935,UDC
299999,230.6491395944412,1728042935,UDC
300999,219.68870733579368,1728042935,UDC
301999,219.51191424753347,1728042935,UDC
302999,222.449861416786,1728042935,UDC
303999,223.00517562368717,1728042935,UDC
304999,224.15390250791904,1728042935,UDC
305999,226.1257246850964,1728042935,UDC
306999,226.78759821659256,1728042935,UDC
307999,225.2463755497669,1728042935,UDC
308999,224.32535901924388,1728042935,UDC
309999,226.15081271226884,1728042935,UDC
310999,220.5511118914859,1728042935,UDC
311999,222.8760459542097,1728042935,UDC
312999,219.9037178117831,1728042935,UDC
313999,226.3122289988514,1728042935,UDC
314999,226.24862958852447,1728042935,UDC
315999,223.50166815868607,1728042935,UDC
316999,223.83448151380912,1728042935,UDC
317999,222.64253870504368,1728042935,UDC
318999,217.05833380670015,1728042935,UDC
319999,224.2623203238595,1728042935,UDC
320999,225.62636019557968,1728042935,UDC
321999,224.41860161964223,1728042935,UDC
322999,221.4255765876036,1728042935,UDC
323999,223.50924167364715,1728042935,UDC
324999,227.3231277560793,1728042935,UDC
325999,223.528544062115,1728042935,UDC
326999,226.69421386088007,1728042935,UDC
327999,227.5443271313391,1728042935,UDC
328999,226.37647762460367,1728042935,UDC
329999,224.86762738106967,1728042935,UDC
330999,223.55642270953024,1728042935,UDC
331999,225.16999660810004,1728042935,UDC
332999,224.5742596855238,1728042935,UDC
333999,225.58528509922925,1728042935,UDC
334999,224.1963838746053,1728042935,UDC
335999,223.77287570593327,1728042935,UDC
336999,225.7651645206388,1728042935,UDC
337999,228.4091324400281,1728042935,UDC
338999,224.0742240900618,1728042935,UDC
339999,225.36788179608556,1728042935,UDC
340999,223.2354278494696,1728042935,UDC
341999,224.10978701188492,1728042935,UDC
342999,222.97032290705425,1728042935,UDC
343999,226.50322800109024,1728042935,UDC
344999,222.26198106009517,1728042935,UDC
345999,222.9274225000512,1728042935,UDC
346999,221.98738520806305,1728042935,UDC
347999,224.0307280468961,1728042935,UDC
348999,222.95434259019177,1728042935,UDC
349999,224.03347507165503,1728042935,UDC
350999,223.1113329313553,1728042935,UDC
351999,224.754545076614,1728042935,UDC
352999,222.98876448804108,1728042935,UDC
353999,218.5195012899352,1728042935,UDC
354999,221.0561229697861,1728042935,UDC
355999,225.25089491973333,1728042935,UDC
356999,218.4092285997146,1728042935,UDC
357999,221.5599281400451,1728042935,UDC
358999,223.01398189398665,1728042935,UDC
359999,224.31267684449284,1728042935,UDC
360999,225.14761490925085,1728042935,UDC
361999,225.22094584533917,1728042935,UDC
362999,224.01213731057555,1728042935,UDC
363999,223.54297625163215,1728042935,UDC
364999,222.96133829325635,1728042935,UDC
365999,223.86677396277724,1728042935,UDC
366999,226.99905801851665,1728042935,UDC
367999,222.22521308370816,1728042935,UDC
368999,229.41908524517808,1728042935,UDC
369999,228.1864447541208,1728042935,UDC
370999,224.3015940545432,1728042935,UDC
371999,224.4004724904394,1728042935,UDC
372999,226.5789734443316,1728042935,UDC
373999,224.0110275064138,1728042935,UDC
374999,227.4315278634284,1728042935,UDC
375999,225.24066729900585,1728042935,UDC
376999,225.8110790750561,1728042935,UDC
377999,223.622630291491,1728042935,UDC
378999,224.93964571337736,1728042935,UDC
379999,227.82781683202484,1728042935,UDC
380999,226.39367404331887,1728042935,UDC
381999,228.1746988490605,1728042935,UDC
382999,229.24704988319692,1728042935,UDC
383999,228.5527178524208,1728042935,UDC
384999,226.73975834122305,1728042935,UDC
385999,228.45372418681868,1728042935,UDC
386999,230.14765284311795,1728042935,UDC
387999,227.9929278568923,1728042935,UDC
388999,227.1173551399372,1728042935,UDC
389999,226.03268273978168,1728042935,UDC
390999,229.70481407590896,1728042935,UDC
391999,228.4967155474833,1728042935,UDC
392999,229.37638106358696,1728042935,UDC
393999,233.6810096215423,1728042935,UDC
394999,229.7745857214548,1728042935,UDC
395999,229.4607199965372,1728042935,UDC
396999,231.80927805255072,1728042935,UDC
397999,229.9603736961986,1728042935,UDC
398999,231.3798506513519,1728042935,UDC
399999,231.0257976879544,1728042935,UDC
400999,230.63243639001576,1728042935,UDC
401999,229.5226280567516,1728042935,UDC
402999,233.8654366267745,1728042935,UDC
403999,228.9915652036482,1728042935,UDC
404999,232.7275666546256,1728042935,UDC
405999,236.63589679496204,1728042935,UDC
406999,228.63274852306515,1728042935,UDC
407999,233.4838970825285,1728042935,UDC
408999,226.51464205249084,1728042935,UDC
409999,227.6805821942528,1728042935,UDC
410999,232.62185647021863,1728042935,UDC
411999,233.26244998531465,1728042935,UDC
412999,231.71094397537783,1728042935,UDC
413999,232.00199110782623,1728042935,UDC
414999,231.5809659694374,1728042935,UDC
415999,236.0637279846988,1728042935,UDC
416999,236.50579587022665,1728042935,UDC
417999,234.58296778586296,1728042935,UDC
418999,233.1905542663319,1728042935,UDC
419999,226.02649268770293,1728042935,UDC
420999,230.52094526929912,1728042935,UDC
421999,230.5286825373396,1728042935,UDC
422999,231.25361504204577,1728042935,UDC
423999,227.7970964972699,1728042935,UDC
424999,232.4072320082364,1728042935,UDC
425999,231.96334081123723,1728042935,UDC
426999,233.3852375537409,1728042935,UDC
427999,234.5401331157015,1728042935,UDC
428999,229.94144301195627,1728042935,UDC
429999,232.04576530212424,1728042935,UDC
430999,235.2904496249332,1728042935,UDC
431999,236.83765313881952,1728042935,UDC
432999,230.96892154509956,1728042935,UDC
433999,225.9846346841378,1728042935,UDC
434999,229.73471906635373,1728042935,UDC
435999,227.41173997885232,1728042935,UDC
436999,235.532850595363,1728042935,UDC
437999,227.61187340199004,1728042935,UDC
438999,230.0130594587936,1728042935,UDC
439999,231.7362817901629,1728042935,UDC
440999,235.06208757633004,1728042935,UDC
441999,233.8612631426517,1728042935,UDC
442999,231.88528688929668,1728042935,UDC
443999,229.88977687585088,1728042935,UDC
444999,232.3845252176416,1728042935,UDC
445999,232.80931957607177,1728042935,UDC
446999,226.718617692784,1728042935,UDC
447999,226.40107065236865,1728042935,UDC
448999,227.01775111030872,1728042935,UDC
449999,229.75268660196863,1728042935,UDC
450999,233.9888912633401,1728042935,UDC
451999,239.00499150511249,1728042935,UDC
452999,236.03205879706195,1728042935,UDC
453999,231.6392587090248,1728042935,UDC
454999,237.6409666110943,1728042935,UDC
455999,239.2888830979007,1728042935,UDC
456999,230.8539686894768,1728042935,UDC
457999,231.88297873254828,1728042935,UDC
458999,232.1401921568482,1728042935,UDC
459999,234.97440233859535,1728042935,UDC
460999,235.2134240400436,1728042935,UDC
461999,230.8635107839704,1728042935,UDC
462999,234.06545071397832,1728042935,UDC
463999,235.06453780740347,1728042935,UDC
464999,237.6437230262282,1728042935,UDC
465999,239.4078224751712,1728042935,UDC
466999,237.7792583850333,1728042935,UDC
467999,243.5476627281857,1728042935,UDC
468999,244.3517316069908,1728042935,UDC
469999,242.9629527743384,1728042935,UDC
470999,239.98831197062032,1728042935,UDC
471999,237.2993727967736,1728042935,UDC
472999,245.84170602548596,1728042935,UDC
473999,242.5077307336369,1728042935,UDC
474999,247.1818931898413,1728042935,UDC
475999,246.49215609203807,1728042935,UDC
476999,243.2901609409907,1728042935,UDC
477999,243.9355978632029,1728042935,UDC
478999,243.5396964380286,1728042935,UDC
479999,245.78058887912863,1728042935,UDC
480999,236.4756209056531,1728042935,UDC
481999,240.52211116768217,1728042935,UDC
482999,242.42105344010025,1728042935,UDC
483999,242.547546724256,1728042935,UDC
484999,242.9674841387288,1728042935,UDC
485999,246.34407669056657,1728042935,UDC
486999,242.32756447100684,1728042935,UDC
487999,240.32645215850852,1728042935,UDC
488999,238.88515128045933,1728042935,UDC
489999,240.89674733249976,1728042935,UDC
490999,236.53843799045967,1728042935,UDC
491999,239.68174646749648,1728042935,UDC
492999,243.48139963758032,1728042935,UDC
493999,240.41589080026523,1728042935,UDC
494999,244.7110456507284,1728042935,UDC
495999,239.8427923645033,1728042935,UDC
496999,241.51651337613637,1728042935,UDC
497999,239.51020241909723,1728042935,UDC
498999,247.4231667987029,1728042935,UDC
499999,244.33386343533115,1728042935,UDC
999,-7.344770131529295,1728042933,UDC
1999,-7.923176500950099,1728042933,UDC
2999,-3.4010529592070866,1728042933,UDC
3999,-8.113176349032676,1728042933,UDC
4999,-5.336301248986415,1728042933,UDC
5999,1.0209581189170094,1728042933,UDC
6999,-7.994844343155951,1728042933,UDC
7999,-6.649094967117048,1728042933,UDC
8999,-5.73801127440176,1728042933,UDC
9999,-2.041332484216929,1728042933,UDC
10999,-0.1507473268713748,1728042933,UDC
11999,-2.8456291797015814,1728042933,UDC
12999,4.819849715691151,1728042933,UDC
13999,-1.1272467174692216,1728042933,UDC
14999,-0.1856217255990695,1728042933,UDC
15999,1.7371402425207183,1728042933,UDC
16999,2.4706136130192,1728042933,UDC
17999,2.3955490172558567,1728042933,UDC
18999,3.876323097197649,1728042933,UDC
19999,10.492908040979763,1728042933,UDC
20999,18.96365676006052,1728042933,UDC
21999,24.93849554479864,1728042933,UDC
22999,29.638393199339983,1728042933,UDC
23999,33.850835811987345,1728042933,UDC
24999,40.86727628955141,1728042933,UDC
25999,45.04314073277215,1728042933,UDC
26999,53.33010920865489,1728042933,UDC
27999,56.001646369197154,1728042933,UDC
28999,60.85788754004885,1728042933,UDC
29999,66.33301776077813,1728042933,UDC
30999,68.34272414085872,1728042933,UDC
31999,71.09524358893998,1728042933,UDC
32999,75.45914121469677,1728042933,UDC
33999,78.77961830222159,1728042933,UDC
34999,82.22016218498095,1728042933,UDC
35999,86.36613672692027,1728042933,UDC
36999,89.60777225175825,1728042933,UDC
37999,94.46145812746364,1728042933,UDC
38999,99.69016866617794,1728042933,UDC
39999,102.23868027396514,1728042933,UDC
40999,104.1092969769683,1728042933,UDC
41999,108.87498027747682,1728042933,UDC
42999,110.75393862741458,1728042933,UDC
43999,111.85955512960858,1728042933,UDC
44999,113.17989735681508,1728042933,UDC
45999,116.8383552747112,1728042933,UDC
46999,121.03810786950103,1728042933,UDC
47999,122.65875592941136,1728042933,UDC
48999,123.07075528288271,1728042933,UDC
49999,125.57646559032727,1728042933,UDC
50999,129.05131099939695,1728042933,UDC
51999,131.0859947420086,1728042933,UDC
52999,131.01658805779306,1728042933,UDC
53999,135.7573247753087,1728042933,UDC
54999,134.02862775420706,1728042933,UDC
55999,137.59074784362335,1728042933,UDC
56999,138.56163177144978,1728042933,UDC
57999,138.71540314628672,1728042933,UDC
58999,142.35845244847442,1728042933,UDC
59999,143.3774857573455,1728042933,UDC
60999,140.62217317967944,1728042933,UDC
61999,146.22594091232867,1728042933,UDC
62999,144.73689290198007,1728042933,UDC
63999,144.72716973799498,1728042933,UDC
64999,147.85973156967614,1728042933,UDC
65999,147.42692346851368,1728042933,UDC
66999,147.90632268315318,1728042933,UDC
67999,148.56878412126113,1728042933,UDC
68999,151.9023153753803,1728042933,UDC
69999,154.99432107362517,1728042933,UDC
70999,156.85372168241838,1728042933,UDC
71999,156.96513466541813,1728042933,UDC
72999,161.71558925557937,1728042933,UDC
73999,166.5226124509445,1728042933,UDC
74999,171.57519232616326,1728042933,UDC
75999,168.09380117895105,1728042933,UDC
76999,174.89365232424385,1728042933,UDC
77999,170.75168575950502,1728042933,UDC
78999,174.84640780601185,1728042933,UDC
79999,174.85870524267838,1728042933,UDC
80999,178.12902456123874,1728042933,UDC
81999,177.21222594724244,1728042933,UDC
82999,178.632310901297,1728042933,UDC
83999,182.3442345487045,1728042933,UDC
84999,184.0206763934463,1728042933,UDC
85999,184.5043506196756,1728042933,UDC
86999,183.84452804352333,1728042933,UDC
87999,188.96728693154844,1728042933,UDC
88999,192.04642578202888,1728042933,UDC
89999,194.2197524701722,1728042933,UDC
90999,199.85062957864525,1728042933,UDC
91999,199.2252445752404,1728042933,UDC
92999,201.7748913864617,1728042933,UDC
93999,200.8420616044639,1728042933,UDC
94999,199.9296659677438,1728042933,UDC
95999,199.63296481287395,1728042933,UDC
96999,199.31970762212336,1728042933,UDC
97999,198.50528728870472,1728042933,UDC
98999,196.4397825677292,1728042933,UDC
99999,201.37034682150377,1728042933,UDC
100999,199.55165349339933,1728042933,UDC
101999,200.6973396463727,1728042933,UDC
102999,198.1068095425133,1728042933,UDC
103999,198.42248815098796,1728042933,UDC
104999,199.20336120197703,1728042933,UDC
105999,198.018667042658,1728042933,UDC
106999,198.51756304990369,1728042933,UDC
107999,199.79991363109195,1728042933,UDC
108999,198.88381113420965,1728042933,UDC
109999,201.01971657837564,1728042933,UDC
110999,203.4325311890373,1728042933,UDC
111999,203.07888212431183,1728042933,UDC
112999,202.18469983911945,1728042933,UDC
113999,201.26826089203192,1728042933,UDC
114999,203.4641101886908,1728042933,UDC
115999,203.34409992622656,1728042933,UDC
116999,202.9511886238841,1728042933,UDC
117999,202.5827441704056,1728042933,UDC
118999,204.9153988336745,1728042933,UDC
119999,204.11192098291397,1728042933,UDC
120999,202.33450537448223,1728042933,UDC
121999,203.28510129907352,1728042933,UDC
122999,204.43918065322447,1728042933,UDC
123999,204.22804295507285,1728042933,UDC
124999,203.53444759678476,1728042933,UDC
125999,206.4336704041881,1728042933,UDC
126999,207.23771363561403,1728042933,UDC
127999,205.1867588752424,1728042933,UDC
128999,207.96796480492543,1728042933,UDC
129999,206.7681571363229,1728042933,UDC
130999,206.40963827775147,1728042933,UDC
131999,211.4386044489147,1728042933,UDC
132999,209.5501583683524,1728042933,UDC
133999,211.0658234468551,1728042933,UDC
134999,210.3693393173976,1728042933,UDC
135999,210.15556446861885,1728042933,UDC
136999,212.21586536103857,1728042933,UDC
137999,211.93756028017387,1728042933,UDC
138999,210.60881964561784,1728042933,UDC
139999,210.14478785449205,1728042933,UDC
140999,213.68116257400675,1728042933,UDC
141999,214.08751401239863,1728042933,UDC
142999,215.16734701865295,1728042933,UDC
143999,213.24723970865648,1728042933,UDC
144999,211.4210334740617,1728042933,UDC
145999,211.50344575478084,1728042933,UDC
146999,210.88398828763977,1728042933,UDC
147999,213.06751476691008,1728042933,UDC
148999,211.22411755264068,1728042933,UDC
149999,211.9817735425131,1728042933,UDC
150999,215.2118581832344,1728042933,UDC
151999,212.9269027408884,1728042933,UDC
152999,213.72261233685467,1728042933,UDC
153999,215.0504909172065,1728042933,UDC
154999,214.4779793692328,1728042933,UDC
155999,214.3206003654184,1728042933,UDC
156999,214.31030328175,1728042933,UDC
157999,213.92445275167623,1728042933,UDC
158999,213.5154679687643,1728042933,UDC
159999,214.0942490390299,1728042933,UDC
160999,212.539829577889,1728042933,UDC
161999,216.5358654958121,1728042933,UDC
162999,214.99824247460955,1728042933,UDC
163999,215.05704730131885,1728042933,UDC
164999,214.8682157412137,1728042933,UDC
165999,215.6949858459353,1728042933,UDC
166999,215.41748452772188,1728042933,UDC
167999,215.51896434397375,1728042933,UDC
168999,215.3933583378776,1728042933,UDC
169999,215.23944267241805,1728042933,UDC
170999,214.3845075730159,1728042933,UDC
171999,214.9595626132297,1728042933,UDC
172999,216.0338001673087,1728042933,UDC
173999,215.1605636424407,1728042933,UDC
174999,214.12398181725055,1728042933,UDC
175999,215.3113804558228,1728042933,UDC
176999,212.3712813099771,1728042933,UDC
177999,214.3818042361798,1728042933,UDC
178999,215.2102448252001,1728042933,UDC
179999,213.6510229871016,1728042933,UDC
180999,217.30913975214585,1728042933,UDC
181999,216.55576429923744,1728042933,UDC
182999,215.82377458740223,1728042933,UDC
183999,215.4930946678184,1728042933,UDC
184999,217.2973022203809,1728042933,UDC
185999,215.11131824103876,1728042933,UDC
186999,216.84257645126,1728042933,UDC
187999,217.2363112362908,1728042933,UDC
188999,217.13018504142127,1728042933,UDC
189999,217.78536182621693,1728042933,UDC
190999,215.8073273042164,1728042933,UDC
191999,217.91407278254223,1728042933,UDC
192999,219.01875163108815,1728042933,UDC
193999,216.2383039012861,1728042933,UDC
194999,218.54414473522723,1728042933,UDC
195999,216.3330277987952,1728042933,UDC
196999,220.0859184085116,1728042933,UDC
197999,220.8813379674017,1728042933,UDC
198999,222.02600367304143,1728042933,UDC
199999,220.2338185198585,1728042933,UDC
200999,220.43511387035423,1728042933,UDC
201999,220.6273190114972,1728042933,UDC
202999,219.7254112582634,1728042933,UDC
203999,220.854731739387,1728042933,UDC
204999,218.1117030783781,1728042933,UDC
205999,222.09086170050384,1728042933,UDC
206999,219.61907674711244,1728042933,UDC
207999,219.7336904062728,1728042933,UDC
208999,221.1741035547252,1728042933,UDC
209999,219.68467012355973,1728042933,UDC
210999,219.9453502262793,1728042933,UDC
211999,222.0774020394956,1728042933,UDC
212999,222.22993634439604,1728042933,UDC
213999,218.85758974873823,1728042933,UDC
214999,221.3254983200411,1728042933,UDC
215999,222.63834414765304,1728042933,UDC
216999,222.2173820345432,1728042933,UDC
217999,219.5862195192501,1728042933,UDC
218999,216.6936277639492,1728042933,UDC
219999,222.137392833844,1728042933,UDC
220999,223.74722015735773,1728042933,UDC
221999,225.07497682169304,1728042933,UDC
222999,222.8822778363044,1728042933,UDC
223999,221.63579342276452,1728042933,UDC
224999,222.6356543805305,1728042933,UDC
225999,222.7181771717189,1728042933,UDC
226999,221.4523507652387,1728042933,UDC
227999,221.86608970208889,1728042933,UDC
228999,223.1073278912917,1728042933,UDC
229999,221.9488778812848,1728042933,UDC
230999,223.82127801129056,1728042933,UDC
231999,225.1384919194049,1728042933,UDC
232999,223.6296538661822,1728042933,UDC
233999,219.4627256372564,1728042933,UDC
234999,218.626080139062,1728042933,UDC
235999,222.759556630687,1728042933,UDC
236999,225.58176300929375,1728042933,UDC
237999,222.6641009935608,1728042933,UDC
238999,221.89069979463977,1728042933,UDC
239999,224.1963473272684,1728042933,UDC
240999,225.0554038395279,1728042933,UDC
241999,223.1820450795455,1728042933,UDC
242999,223.91063238083572,1728042933,UDC
243999,218.8176811488998,1728042933,UDC
244999,220.4626121774772,1728042933,UDC
245999,221.66593386536653,1728042933,UDC
246999,216.7631763468566,1728042933,UDC
247999,221.81944891149024,1728042933,UDC
248999,224.85412299127083,1728042933,UDC
249999,222.00977330839305,1728042933,UDC
250999,219.4788768608933,1728042933,UDC
251999,223.400409884424,1728042933,UDC
252999,219.92735817655807,1728042933,UDC
253999,218.44431916849712,1728042933,UDC
254999,223.59099697222453,1728042933,UDC
255999,223.94200894973952,1728042933,UDC
256999,219.6833408507324,1728042933,UDC
257999,223.36732128435096,1728042933,UDC
258999,221.87731277679444,1728042933,UDC
259999,221.57198710516616,1728042933,UDC
260999,222.84305534264627,1728042933,UDC
261999,222.9613301058751,1728042933,UDC
262999,223.76558437780636,1728042933,UDC
263999,220.4427870802034,1728042933,UDC
264999,222.7304828906523,1728042933,UDC
265999,223.5938453334439,1728042933,UDC
266999,224.24194708927223,1728042933,UDC
267999,224.73168272200425,1728042933,UDC
268999,226.05756645020284,1728042933,UDC
269999,222.78746911362447,1728042933,UDC
270999,223.5342352605476,1728042933,UDC
271999,226.0027833259061,1728042933,UDC
272999,223.9194858808605,1728042933,UDC
273999,223.0003188726785,1728042933,UDC
274999,224.58886986311768,1728042933,UDC
275999,221.24093056583555,1728042933,UDC
276999,224.7928941135675,1728042933,UDC
277999,223.93230416511588,1728042933,UDC
278999,222.56562614033496,1728042933,UDC
279999,220.39538041207132,1728042933,UDC
280999,222.86507407500795,1728042933,UDC
281999,222.86763965992395,1728042933,UDC
282999,220.60148297710936,1728042933,UDC
283999,226.07164906967455,1728042933,UDC
284999,220.41495721320933,1728042933,UDC
285999,221.32396362642615,1728042933,UDC
286999,221.4917676960931,1728042933,UDC
287999,219.9285598549001,1728042933,UDC
288999,222.5936635320689,1728042933,UDC
289999,220.88882513290253,1728042933,UDC
290999,220.4284116987016,1728042933,UDC
291999,219.59032953048265,1728042933,UDC
292999,223.5177826429627,1728042933,UDC
293999,223.4675069451345,1728042933,UDC
294999,224.0361325400837,1728042933,UDC
295999,222.55909618545317,1728042933,UDC
296999,224.6731343908813,1728042933,UDC
297999,222.4608762498826,1728042933,UDC
298999,223.9568639446804,1728042933,UDC
299999,226.92018659295584,1728042933,UDC
300999,223.88406177062407,1728042933,UDC
301999,225.36949100360212,1728042933,UDC
302999,225.6608036032298,1728042933,UDC
303999,223.80928963301005,1728042933,UDC
304999,224.95571359886893,1728042933,UDC
305999,225.9424314072172,1728042933,UDC
306999,224.1455637511047,1728042933,UDC
307999,224.98290563892508,1728042933,UDC
308999,223.5058820356714,1728042933,UDC
309999,222.2919758723562,1728042933,UDC
310999,223.1677767410145,1728042933,UDC
311999,222.25149846323544,1728042933,UDC
312999,221.01204677981195,1728042933,UDC
313999,220.70973015434836,1728042933,UDC
314999,220.6709033867837,1728042933,UDC
315999,224.84229955530893,1728042933,UDC
316999,222.80220278047304,1728042933,UDC
317999,222.58492225424973,1728042933,UDC
318999,226.6629045864201,1728042933,UDC
319999,219.97447091386647,1728042933,UDC
320999,221.5367181326848,1728042933,UDC
321999,223.67757830853023,1728042933,UDC
322999,220.80512224163564,1728042933,UDC
323999,223.3648021630056,1728042933,UDC
324999,220.1845779645235,1728042933,UDC
325999,212.9781816132016,1728042933,UDC
326999,220.08877787697224,1728042933,UDC
327999,221.90184084261284,1728042933,UDC
328999,222.4815428525304,1728042933,UDC
329999,215.88815865974576,1728042933,UDC
330999,220.28480308412625,1728042933,UDC
331999,220.51605163724489,1728042933,UDC
332999,220.1563608565711,1728042933,UDC
333999,223.0635543136196,1728042933,UDC
334999,221.447325246607,1728042933,UDC
335999,220.2867218980732,1728042933,UDC
336999,220.74819944096672,1728042933,UDC
337999,218.3391975262483,1728042933,UDC
338999,221.6398006344241,1728042933,UDC
339999,219.6943601317108,1728042933,UDC
340999,220.00478445814045,1728042933,UDC
341999,218.98399825215293,1728042933,UDC
342999,219.81769074075115,1728042933,UDC
343999,218.5836648629363,1728042933,UDC
344999,218.59563693603363,1728042933,UDC
345999,218.7380438759536,1728042933,UDC
346999,218.27849380742836,1728042933,UDC
347999,217.48917125254752,1728042933,UDC
348999,221.04849528910563,1728042933,UDC
349999,218.4403893575448,1728042933,UDC
350999,220.73018522478307,1728042933,UDC
351999,219.5708885997897,1728042933,UDC
352999,220.0178685126652,1728042933,UDC
353999,217.9420463053168,1728042933,UDC
354999,220.6697839174037,1728042933,UDC
355999,218.38010242719423,1728042933,UDC
356999,217.6599310067001,1728042933,UDC
357999,222.0281787684793,1728042933,UDC
358999,221.79309692050225,1728042933,UDC
359999,219.6196189033841,1728042933,UDC
360999,221.16079143646056,1728042933,UDC
361999,220.1186280983914,1728042933,UDC
362999,219.02945309245172,1728042933,UDC
363999,222.0618215067041,1728042933,UDC
364999,220.2120442154844,1728042933,UDC
365999,222.91162016821485,1728042933,UDC
366999,221.95470122375397,1728042933,UDC
367999,223.5907570242697,1728042933,UDC
368999,224.7361426552813,1728042933,UDC
369999,222.6396641742093,1728042933,UDC
370999,223.0617515981068,1728042933,UDC
371999,223.20198986112007,1728042933,UDC
372999,223.19759869274836,1728042933,UDC
373999,221.264118397093,1728042933,UDC
374999,222.33337046807708,1728042933,UDC
375999,223.33530132200409,1728042933,UDC
376999,224.7989901661877,1728042933,UDC
377999,223.26330206196144,1728042933,UDC
378999,223.87718534528716,1728042933,UDC
379999,224.0293253325928,1728042933,UDC
380999,221.23994130039972,1728042933,UDC
381999,219.02135729222,1728042933,UDC
382999,222.33825016951536,1728042933,UDC
383999,224.80210616095832,1728042933,UDC
384999,221.9350195127513,1728042933,UDC
385999,221.24111093155724,1728042933,UDC
386999,224.58205208435947,1728042933,UDC
387999,223.68895286584348,1728042933,UDC
388999,222.97377335586637,1728042933,UDC
389999,222.2651034246317,1728042933,UDC
390999,222.1377287769184,1728042933,UDC
391999,223.7261762680385,1728042933,UDC
392999,224.9526439709853,1728042933,UDC
393999,223.6778764817292,1728042933,UDC
394999,222.0510961185592,1728042933,UDC
395999,223.4930676144324,1728042933,UDC
396999,223.3015911495928,1728042933,UDC
397999,223.2234482394656,1728042933,UDC
398999,222.14535441767853,1728042933,UDC
399999,222.34936238786105,1728042933,UDC
400999,222.7917538401593,1728042933,UDC
401999,222.32612176325824,1728042933,UDC
402999,224.2884619709345,1728042933,UDC
403999,224.90023558453615,1728042933,UDC
404999,223.4079345162067,1728042933,UDC
405999,225.83467222113185,1728042933,UDC
406999,222.52581800848105,1728042933,UDC
407999,223.28281873087076,1728042933,UDC
408999,221.77209658496864,1728042933,UDC
409999,221.61883083480737,1728042933,UDC
410999,221.6405271775668,1728042933,UDC
411999,221.000173685151,1728042933,UDC
412999,226.55455799875045,1728042933,UDC
413999,223.343466991442,1728042933,UDC
414999,223.81127081079555,1728042933,UDC
415999,224.04132185321356,1728042933,UDC
416999,224.1278677395761,1728042933,UDC
417999,222.28752540011567,1728042933,UDC
418999,224.97860758656225,1728042933,UDC
419999,224.65681782028173,1728042933,UDC
420999,223.48868505243956,1728042933,UDC
421999,222.42771810206924,1728042933,UDC
422999,224.0897863885613,1728042933,UDC
423999,224.676706619698,1728042933,UDC
424999,223.79424570000484,1728042933,UDC
425999,225.11369065639136,1728042933,UDC
426999,225.0929165080347,1728042933,UDC
427999,224.3983540002361,1728042933,UDC
428999,223.54310061108723,1728042933,UDC
429999,222.35082687352903,1728042933,UDC
430999,223.8595465442084,1728042933,UDC
431999,220.9897413475405,1728042933,UDC
432999,225.58463289735383,1728042933,UDC
433999,222.7412688439125,1728042933,UDC
434999,223.3673086862335,1728042933,UDC
435999,224.01010121523075,1728042933,UDC
436999,222.593415894003,1728042933,UDC
437999,224.06586106676863,1728042933,UDC
438999,222.78225237042707,1728042933,UDC
439999,224.3545571820727,1728042933,UDC
440999,223.37651152056932,1728042933,UDC
441999,225.00694022661256,1728042933,UDC
442999,224.43117385269085,1728042933,UDC
443999,223.90494360018184,1728042933,UDC
444999,224.2129288110941,1728042933,UDC
445999,223.5612503729682,1728042933,UDC
446999,223.35050755229244,1728042933,UDC
447999,224.0559019060292,1728042933,UDC
448999,223.8683262033151,1728042933,UDC
449999,224.18155027962248,1728042933,UDC
450999,223.81387966693424,1728042933,UDC
451999,223.3421342470477,1728042933,UDC
452999,222.55381175161185,1728042933,UDC
453999,222.73622482692883,1728042933,UDC
454999,224.67234278323227,1728042933,UDC
455999,223.4297074155062,1728042933,UDC
456999,225.13444282708303,1728042933,UDC
457999,222.63161982979483,1728042933,UDC
458999,225.9261661658923,1728042933,UDC
459999,224.1306749725851,1728042933,UDC
460999,225.70347840766567,1728042933,UDC
461999,223.7510841471208,1728042933,UDC
462999,223.0175675734558,1728042933,UDC
463999,223.4436697406261,1728042933,UDC
464999,223.51470433217744,1728042933,UDC
465999,224.4941632974385,1728042933,UDC
466999,225.1100659265479,1728042933,UDC
467999,224.0395772859379,1728042933,UDC
468999,223.66019843807132,1728042933,UDC
469999,221.683152090222,1728042933,UDC
470999,222.88297051196287,1728042933,UDC
471999,222.20514029939,1728042933,UDC
472999,223.11895080486065,1728042933,UDC
473999,222.22813192383447,1728042933,UDC
474999,222.73686340954896,1728042933,UDC
475999,222.24803746189235,1728042933,UDC
476999,221.6633967544694,1728042933,UDC
477999,222.0210671871241,1728042933,UDC
478999,220.1291210414244,1728042933,UDC
479999,221.4183426303724,1728042933,UDC
480999,221.20406934688648,1728042933,UDC
481999,222.9092958620192,1728042933,UDC
482999,222.4545417550381,1728042933,UDC
483999,220.95752792619425,1728042933,UDC
484999,222.40757684110332,1728042933,UDC
485999,222.44307477327632,1728042933,UDC
486999,221.80544454419444,1728042933,UDC
487999,221.87870255660997,1728042933,UDC
488999,223.23208177930567,1728042933,UDC
489999,222.34208656003136,1728042933,UDC
490999,221.0885952797081,1728042933,UDC
491999,222.59967441843528,1728042933,UDC
492999,222.08773837734128,1728042933,UDC
493999,221.71157257370672,1728042933,UDC
494999,221.34220445611007,1728042933,UDC
495999,222.74019223395095,1728042933,UDC
496999,220.66961647295813,1728042933,UDC
497999,222.06749459195768,1728042933,UDC
498999,221.13963264923976,1728042933,UDC
499999,220.15355952728336,1728042933,UDC
999,-4.494803054736575,1728042930,UDC
1999,-5.45352679474785,1728042930,UDC
2999,-8.221332750031378,1728042930,UDC
3999,-2.25552041756123,1728042930,UDC
4999,-2.022867286787684,1728042930,UDC
5999,-7.524871049244905,1728042930,UDC
6999,-2.5756567398919272,1728042930,UDC
7999,-1.779675773343793,1728042930,UDC
8999,-4.150979101109941,1728042930,UDC
9999,0.0795580872378365,1728042930,UDC
10999,-2.2122136735755955,1728042930,UDC
11999,-1.8431749696662512,1728042930,UDC
12999,2.1965060429554977,1728042930,UDC
13999,-1.5740943063939818,1728042930,UDC
14999,-1.7118118827625828,1728042930,UDC
15999,1.284967200316826,1728042930,UDC
16999,1.262543181402702,1728042930,UDC
17999,0.59056782650951,1728042930,UDC
18999,2.0114890304121986,1728042930,UDC
19999,3.337194916765684,1728042930,UDC
20999,8.442630371658742,1728042930,UDC
21999,11.347244090989513,1728042930,UDC
22999,13.429572455975803,1728042930,UDC
23999,15.98619377866265,1728042930,UDC
24999,21.51666923443653,1728042930,UDC
25999,29.21936820300899,1728042930,UDC
26999,33.207921163439515,1728042930,UDC
27999,38.680251510499865,1728042930,UDC
28999,46.54578749447968,1728042930,UDC
29999,53.24942961711661,1728042930,UDC
30999,61.32699020460182,1728042930,UDC
31999,65.70794938744547,1728042930,UDC
32999,68.5053650215494,1728042930,UDC
33999,72.20865935127469,1728042930,UDC
34999,80.5992849411494,1728042930,UDC
35999,85.2001541333482,1728042930,UDC
36999,88.28788525955498,1728042930,UDC
37999,93.35389142470258,1728042930,UDC
38999,97.65557479465735,1728042930,UDC
39999,100.87565921335386,1728042930,UDC
40999,105.20823599606814,1728042930,UDC
41999,107.78718659404356,1728042930,UDC
42999,111.32713369087546,1728042930,UDC
43999,117.48215498418536,1728042930,UDC
44999,120.7756131250994,1728042930,UDC
45999,121.28321117241995,1728042930,UDC
46999,122.9310919491768,1728042930,UDC
47999,125.4295713847943,1728042930,UDC
48999,126.79513976528848,1728042930,UDC
49999,123.61748833452468,1728042930,UDC
50999,130.4251040443963,1728042930,UDC
51999,129.53825163931748,1728042930,UDC
52999,130.30175867869934,1728042930,UDC
53999,131.94256547636883,1728042930,UDC
54999,134.03335928092915,1728042930,UDC
55999,135.6376095519491,1728042930,UDC
56999,132.61752614062843,1728042930,UDC
57999,138.6159869377903,1728042930,UDC
58999,138.46369248925862,1728042930,UDC
59999,140.7320428107153,1728042930,UDC
60999,138.050584750454,1728042930,UDC
61999,138.2534774868031,1728042930,UDC
62999,140.48461110859435,1728042930,UDC
63999,141.52641555911904,1728042930,UDC
64999,144.78507619276775,1728042930,UDC
65999,142.25398054326718,1728042930,UDC
66999,142.42033635934345,1728042930,UDC
67999,145.93512239198745,1728042930,UDC
68999,147.34066811686324,1728042930,UDC
69999,148.43630388562724,1728042930,UDC
70999,149.8852771829177,1728042930,UDC
71999,151.3539200477359,1728042930,UDC
72999,153.9135913887707,1728042930,UDC
73999,154.07532010465766,1728042930,UDC
74999,154.98203257756208,1728042930,UDC
75999,159.51058702561323,1728042930,UDC
76999,159.94820316622773,1728042930,UDC
77999,161.56766309957064,1728042930,UDC
78999,165.68780634751,1728042930,UDC
79999,169.5395316615419,1728042930,UDC
80999,173.29530339021946,1728042930,UDC
81999,172.6787298905121,1728042930,UDC
82999,179.07164798419322,1728042930,UDC
83999,178.3780470070839,1728042930,UDC
84999,179.1186532883721,1728042930,UDC
85999,177.47321177888202,1728042930,UDC
86999,179.39384941042823,1728042930,UDC
87999,178.77103483708774,1728042930,UDC
88999,182.73624246273056,1728042930,UDC
89999,183.2549946678857,1728042930,UDC
90999,182.47521831907244,1728042930,UDC
91999,182.6750287658378,1728042930,UDC
92999,183.00878106773385,1728042930,UDC
93999,182.5710696760368,1728042930,UDC
94999,183.90821518622408,1728042930,UDC
95999,185.4728663103685,1728042930,UDC
96999,185.11938359561012,1728042930,UDC
97999,187.34103989152487,1728042930,UDC
98999,188.60599604698476,1728042930,UDC
99999,186.9627740149753,1728042930,UDC
100999,188.70359386448465,1728042930,UDC
101999,189.68075664153943,1728042930,UDC
102999,189.55239123760936,1728042930,UDC
103999,187.864342461679,1728042930,UDC
104999,188.3618276923473,1728042930,UDC
105999,189.1928128921218,1728042930,UDC
106999,192.37351484532653,1728042930,UDC
107999,192.73305236010037,1728042930,UDC
108999,194.4040718171696,1728042930,UDC
109999,194.58516030517484,1728042930,UDC
110999,191.90611220215465,1728042930,UDC
111999,193.04464488939607,1728042930,UDC
112999,194.1376584644285,1728042930,UDC
113999,194.79547691832,1728042930,UDC
114999,195.7876707610134,1728042930,UDC
115999,195.2658002311012,1728042930,UDC
116999,198.6683897499127,1728042930,UDC
117999,195.51494324226292,1728042930,UDC
118999,198.283687850502,1728042930,UDC
119999,197.4212968283248,1728042930,UDC
120999,199.76931809113384,1728042930,UDC
121999,199.3438436499688,1728042930,UDC
122999,200.7897329431412,1728042930,UDC
123999,200.44264173606635,1728042930,UDC
124999,202.8865775476616,1728042930,UDC
125999,201.93502124524144,1728042930,UDC
126999,202.0519628115885,1728042930,UDC
127999,203.8944769247882,1728042930,UDC
128999,203.04213448651956,1728042930,UDC
129999,203.28347642757743,1728042930,UDC
130999,204.1488872793634,1728042930,UDC
131999,205.11536377062723,1728042930,UDC
132999,207.26537327000645,1728042930,UDC
133999,208.296890986386,1728042930,UDC
134999,207.0789849543724,1728042930,UDC
135999,210.52941899782653,1728042930,UDC
136999,208.30323425618045,1728042930,UDC
137999,210.43218177899297,1728042930,UDC
138999,210.30120927353508,1728042930,UDC
139999,212.3574749537282,1728042930,UDC
140999,214.08320145333803,1728042930,UDC
141999,215.52808557555457,1728042930,UDC
142999,215.9140166466755,1728042930,UDC
143999,220.69958956300133,1728042930,UDC
144999,219.83436996308563,1728042930,UDC
145999,222.59410312362584,1728042930,UDC
146999,223.836766418718,1728042930,UDC
147999,221.6299225297224,1728042930,UDC
148999,222.1644151521803,1728042930,UDC
149999,222.374708209931,1728042930,UDC
150999,222.7696995531113,1728042930,UDC
151999,225.81041548694157,1728042930,UDC
152999,225.61418449477264,1728042930,UDC
153999,220.9444240282266,1728042930,UDC
154999,221.6703317339388,1728042930,UDC
155999,231.0600926348223,1728042930,UDC
156999,226.56601624072087,1728042930,UDC
157999,232.23663873263328,1728042930,UDC
158999,231.13247926699776,1728042930,UDC
159999,229.36349424492923,1728042930,UDC
160999,233.83564704651383,1728042930,UDC
161999,232.04045343314712,1728042930,UDC
162999,239.16429714134424,1728042930,UDC
163999,235.98098716051632,1728042930,UDC
164999,240.68439047230615,1728042930,UDC
165999,239.44157678930145,1728042930,UDC
166999,239.98358545728925,1728042930,UDC
167999,239.26156783383465,1728042930,UDC
168999,245.3519968766137,1728042930,UDC
169999,244.58944122204275,1728042930,UDC
170999,248.3755783996968,1728042930,UDC
171999,249.8776279909239,1728042930,UDC
172999,250.2189919655538,1728042930,UDC
173999,258.25094651906346,1728042930,UDC
174999,255.14785442906168,1728042930,UDC
175999,260.89632224344393,1728042930,UDC
176999,263.332734695964,1728042930,UDC
177999,260.32478095172405,1728042930,UDC
178999,269.55298250844623,1728042930,UDC
179999,271.5278732459781,1728042930,UDC
180999,267.6112927860386,1728042930,UDC
181999,268.9790033775313,1728042930,UDC
182999,278.24044989018074,1728042930,UDC
183999,281.8605952596825,1728042930,UDC
184999,281.31374890122004,1728042930,UDC
185999,282.601722493896,1728042930,UDC
186999,294.55301835665995,1728042930,UDC
187999,286.2706658955384,1728042930,UDC
188999,294.73838256512704,1728042930,UDC
189999,290.30094517503727,1728042930,UDC
190999,285.8537582402128,1728042930,UDC
191999,300.9705957512117,1728042930,UDC
192999,296.14793496909044,1728042930,UDC
193999,293.98540878212134,1728042930,UDC
194999,300.5289910172907,1728042930,UDC
195999,294.41050198049027,1728042930,UDC
196999,298.7567805461398,1728042930,UDC
197999,296.73339012888806,1728042930,UDC
198999,307.1731418782592,1728042930,UDC
199999,305.67845773551056,1728042930,UDC
200999,302.5967042663957,1728042930,UDC
201999,300.3484906230907,1728042930,UDC
202999,303.0450164665532,1728042930,UDC
203999,307.7009596269058,1728042930,UDC
204999,308.3751022164604,1728042930,UDC
205999,310.0428156923174,1728042930,UDC
206999,317.0475888109572,1728042930,UDC
207999,312.68142680875485,1728042930,UDC
208999,310.77796495738386,1728042930,UDC
209999,308.1086503466052,1728042930,UDC
210999,308.7173401805519,1728042930,UDC
211999,311.6467687320581,1728042930,UDC
212999,316.6023277489266,1728042930,UDC
213999,323.11380601661205,1728042930,UDC
214999,313.3191830128976,1728042930,UDC
215999,324.4849895693425,1728042930,UDC
216999,319.9479575489082,1728042930,UDC
217999,317.9573046567792,1728042930,UDC
218999,325.07749193288487,1728042930,UDC
219999,325.1348060573626,1728042930,UDC
220999,322.0928200455064,1728042930,UDC
221999,324.49617892401625,1728042930,UDC
222999,325.4858583194089,1728042930,UDC
223999,325.039913159255,1728042930,UDC
224999,330.092483328574,1728042930,UDC
225999,336.06737414135506,1728042930,UDC
226999,333.0731988187697,1728042930,UDC
227999,333.7458442272107,1728042930,UDC
228999,336.00713994180575,1728042930,UDC
229999,329.06213703511094,1728042930,UDC
230999,331.6697695629742,1728042930,UDC
231999,334.1031432500364,1728042930,UDC
232999,336.89332897506085,1728042930,UDC
233999,331.25341647735354,1728042930,UDC
234999,337.07318924526254,1728042930,UDC
235999,343.8065234226512,1728042930,UDC
236999,342.4036966235098,1728042930,UDC
237999,336.10537853368845,1728042930,UDC
238999,344.2178977797309,1728042930,UDC
239999,338.67760892610704,1728042930,UDC
240999,339.1205592057646,1728042930,UDC
241999,343.6600860973306,1728042930,UDC
242999,345.9108525107565,1728042930,UDC
243999,346.95015164678904,1728042930,UDC
244999,350.8917319828084,1728042930,UDC
245999,338.6728741027396,1728042930,UDC
246999,348.44338958529937,1728042930,UDC
247999,351.0355156387789,1728042930,UDC
248999,343.96328466078603,1728042930,UDC
249999,347.51861208104947,1728042930,UDC
250999,351.7350740789966,1728042930,UDC
251999,350.99689919635347,1728042930,UDC
252999,340.2655173899249,1728042930,UDC
253999,351.31148004850445,1728042930,UDC
254999,349.3294162177135,1728042930,UDC
255999,349.1221305495014,1728042930,UDC
256999,343.649192857018,1728042930,UDC
257999,346.4897340243938,1728042930,UDC
258999,346.6518853678418,1728042930,UDC
259999,349.05947734108526,1728042930,UDC
260999,350.44494047108884,1728042930,UDC
261999,61.150818822522034,1728042930,UDC
262999,347.54445518265135,1728042930,UDC
263999,344.94157966534686,1728042930,UDC
264999,340.91633593703875,1728042930,UDC
265999,348.5354425136017,1728042930,UDC
266999,336.5247914179933,1728042930,UDC
267999,340.0769275588039,1728042930,UDC
268999,338.3449098202861,1728042930,UDC
269999,339.46890900258944,1728042930,UDC
270999,337.6186709454922,1728042930,UDC
271999,340.8143947011815,1728042930,UDC
272999,336.0857002721211,1728042930,UDC
273999,343.3261124621574,1728042930,UDC
274999,345.66007751241546,1728042930,UDC
275999,349.0001301262966,1728042930,UDC
276999,343.41313383086896,1728042930,UDC
277999,346.43155693612056,1728042930,UDC
278999,343.8468521259002,1728042930,UDC
279999,341.6658332516241,1728042930,UDC
280999,343.0409166602344,1728042930,UDC
281999,340.0672229048418,1728042930,UDC
282999,341.07565472372704,1728042930,UDC
283999,337.58321458741574,1728042930,UDC
284999,341.6757374968722,1728042930,UDC
285999,347.6864555314588,1728042930,UDC
286999,345.22643075938936,1728042930,UDC
287999,338.5114789311576,1728042930,UDC
288999,342.6084723702081,1728042930,UDC
289999,341.2302917179643,1728042930,UDC
290999,343.72207623443364,1728042930,UDC
291999,346.9734058484286,1728042930,UDC
292999,341.5482275192298,1728042930,UDC
293999,347.9626363609164,1728042930,UDC
294999,348.57972307644104,1728042930,UDC
295999,341.9073315156904,1728042930,UDC
296999,353.9600152520162,1728042930,UDC
297999,354.84121237737884,1728042930,UDC
298999,349.0215020394252,1728042930,UDC
299999,351.2827064078157,1728042930,UDC
300999,342.64455939827684,1728042930,UDC
301999,345.3888173525751,1728042930,UDC
302999,346.2079037074528,1728042930,UDC
303999,348.0791231756228,1728042930,UDC
304999,355.1322828266409,1728042930,UDC
305999,343.527994063077,1728042930,UDC
306999,354.1692508927963,1728042930,UDC
307999,351.44214097598865,1728042930,UDC
308999,346.7894150341254,1728042930,UDC
309999,353.482268127458,1728042930,UDC
310999,346.82380922855174,1728042930,UDC
311999,354.9847936156889,1728042930,UDC
312999,351.328341241356,1728042930,UDC
313999,343.2308787352479,1728042930,UDC
314999,352.81938657839515,1728042930,UDC
315999,356.1368849479101,1728042930,UDC
316999,352.388178001382,1728042930,UDC
317999,357.7252283865999,1728042930,UDC
318999,353.5967402452546,1728042930,UDC
319999,357.1461134998315,1728042930,UDC
320999,351.7486334557326,1728042930,UDC
321999,356.8297578123963,1728042930,UDC
322999,356.606270312624,1728042930,UDC
323999,348.0764629744956,1728042930,UDC
324999,356.97337726378174,1728042930,UDC
325999,358.2370097736372,1728042930,UDC
326999,349.42892557396993,1728042930,UDC
327999,357.83295689288383,1728042930,UDC
328999,364.4639604183079,1728042930,UDC
329999,358.8366993588908,1728042930,UDC
330999,350.0064953150593,1728042930,UDC
331999,357.27740490535115,1728042930,UDC
332999,352.624183103114,1728042930,UDC
333999,356.9631203921565,1728042930,UDC
334999,358.8643385832364,1728042930,UDC
335999,351.785015743154,1728042930,UDC
336999,356.3100058320872,1728042930,UDC
337999,351.7394891492085,1728042930,UDC
338999,352.03951604751035,1728042930,UDC
339999,352.25147385453886,1728042930,UDC
340999,354.690478477855,1728042930,UDC
341999,355.7804245240687,1728042930,UDC
342999,355.8414123044881,1728042930,UDC
343999,356.5096907199732,1728042930,UDC
344999,350.6089373092138,1728042930,UDC
345999,355.33660126887213,1728042930,UDC
346999,354.22626473224085,1728042930,UDC
347999,356.5413522616456,1728042930,UDC
348999,363.54663389068463,1728042930,UDC
349999,354.089269676532,1728042930,UDC
350999,352.41027283149594,1728042930,UDC
351999,354.27145367196806,1728042930,UDC
352999,352.8911079413644,1728042930,UDC
353999,341.0626048699569,1728042930,UDC
354999,351.0993350742097,1728042930,UDC
355999,355.01764065040175,1728042930,UDC
356999,352.6249290662468,1728042930,UDC
357999,358.8226356208746,1728042930,UDC
358999,359.4559758025237,1728042930,UDC
359999,353.4383702438448,1728042930,UDC
360999,358.05589536654423,1728042930,UDC
361999,353.58748720960835,1728042930,UDC
362999,353.5452792840728,1728042930,UDC
363999,351.7499237813277,1728042930,UDC
364999,357.0423859059453,1728042930,UDC
365999,350.63376421401955,1728042930,UDC
366999,350.07272262420435,1728042930,UDC
367999,350.2078282942362,1728042930,UDC
368999,341.0478669973191,1728042930,UDC
369999,350.5139352155676,1728042930,UDC
370999,349.7083230962557,1728042930,UDC
371999,358.3970386929555,1728042930,UDC
372999,352.4316959640119,1728042930,UDC
373999,340.86526759029664,1728042930,UDC
374999,347.55466039443587,1728042930,UDC
375999,349.77034317603113,1728042930,UDC
376999,357.6297943481032,1728042930,UDC
377999,357.14976800020685,1728042930,UDC
378999,354.0804244586711,1728042930,UDC
379999,361.54517953159245,1728042930,UDC
380999,358.66476410872286,1728042930,UDC
381999,355.3127900379683,1728042930,UDC
382999,361.6697911577154,1728042930,UDC
383999,355.63627955456485,1728042930,UDC
384999,358.154012000135,1728042930,UDC
385999,358.3290798322059,1728042930,UDC
386999,361.2656553030996,1728042930,UDC
387999,352.3261566360917,1728042930,UDC
388999,356.9948653022286,1728042930,UDC
389999,358.4402165187345,1728042930,UDC
390999,359.2964752978688,1728042930,UDC
391999,360.4783127498597,1728042930,UDC
392999,362.2116353205095,1728042930,UDC
393999,360.7507282032616,1728042930,UDC
394999,361.0493364872739,1728042930,UDC
395999,355.3520549958907,1728042930,UDC
396999,362.2976681601282,1728042930,UDC
397999,362.64568647871664,1728042930,UDC
398999,363.3853850677705,1728042930,UDC
399999,360.9106482643969,1728042930,UDC
400999,364.1700445677901,1728042930,UDC
401999,360.04271810668484,1728042930,UDC
402999,362.1428708087166,1728042930,UDC
403999,359.9148776526897,1728042930,UDC
404999,364.3353712923868,1728042930,UDC
405999,355.86635861068,1728042930,UDC
406999,358.0585236464552,1728042930,UDC
407999,357.098353043431,1728042930,UDC
408999,352.75966419972343,1728042930,UDC
409999,344.8649187881606,1728042930,UDC
410999,348.2179598414424,1728042930,UDC
411999,347.0059932875759,1728042930,UDC
412999,348.0748513384039,1728042930,UDC
413999,354.3408930960021,1728042930,UDC
414999,345.6036855808881,1728042930,UDC
415999,358.4501579750428,1728042930,UDC
416999,357.8440902513945,1728042930,UDC
417999,348.0784294512104,1728042930,UDC
418999,357.41167489405416,1728042930,UDC
419999,354.7180774325233,1728042930,UDC
420999,349.9452776283793,1728042930,UDC
421999,355.4458122350093,1728042930,UDC
422999,354.9901823491246,1728042930,UDC
423999,352.71226705195,1728042930,UDC
424999,359.22988224498164,1728042930,UDC
425999,358.42186902206583,1728042930,UDC
426999,358.57062028324754,1728042930,UDC
427999,366.3037951782301,1728042930,UDC
428999,362.7787662280777,1728042930,UDC
429999,357.7415062669339,1728042930,UDC
430999,360.65429650790384,1728042930,UDC
431999,359.9064327965044,1728042930,UDC
432999,364.7527301722406,1728042930,UDC
433999,361.165647448124,1728042930,UDC
434999,355.20743071253094,1728042930,UDC
435999,361.3147130569717,1728042930,UDC
436999,364.3067126685426,1728042930,UDC
437999,363.7164884281399,1728042930,UDC
438999,361.86535130871823,1728042930,UDC
439999,358.5829757419756,1728042930,UDC
440999,361.83314441314417,1728042930,UDC
441999,361.27046171502496,1728042930,UDC
442999,355.21435049879693,1728042930,UDC
443999,365.32424678520897,1728042930,UDC
444999,363.5325427156514,1728042930,UDC
445999,358.851788800741,1728042930,UDC
446999,360.0606116170225,1728042930,UDC
447999,359.5671375722266,1728042930,UDC
448999,360.26475594193266,1728042930,UDC
449999,364.18428339029816,1728042930,UDC
450999,359.0229707538145,1728042930,UDC
451999,357.9786067649889,1728042930,UDC
452999,352.4749348778943,1728042930,UDC
453999,364.3733484709487,1728042930,UDC
454999,359.5321420212716,1728042930,UDC
455999,355.7111611500183,1728042930,UDC
456999,356.18583876908593,1728042930,UDC
457999,359.01780433066926,1728042930,UDC
458999,360.6454957655004,1728042930,UDC
459999,358.151047532604,1728042930,UDC
460999,357.29137684274014,1728042930,UDC
461999,358.2646845170782,1728042930,UDC
462999,361.11407131747706,1728042930,UDC
463999,359.6901339191939,1728042930,UDC
464999,358.2960711968013,1728042930,UDC
465999,353.7335256466238,1728042930,UDC
466999,355.30848219018384,1728042930,UDC
467999,361.2504513579004,1728042930,UDC
468999,355.6293732931688,1728042930,UDC
469999,349.964045441504,1728042930,UDC
470999,363.1996891028221,1728042930,UDC
471999,362.28462694435393,1728042930,UDC
472999,364.7325845629034,1728042930,UDC
473999,356.20330050513786,1728042930,UDC
474999,358.57679862511964,1728042930,UDC
475999,363.855006168676,1728042930,UDC
476999,363.0188125638109,1728042930,UDC
477999,361.83016184062126,1728042930,UDC
478999,358.44121506438967,1728042930,UDC
479999,367.5211108748787,1728042930,UDC
480999,363.8931310708438,1728042930,UDC
481999,362.9587227636666,1728042930,UDC
482999,355.72060951575173,1728042930,UDC
483999,363.3070844789603,1728042930,UDC
484999,359.87226530017466,1728042930,UDC
485999,363.0191468017076,1728042930,UDC
486999,348.4635608971405,1728042930,UDC
487999,365.4843154567336,1728042930,UDC
488999,362.6142331654963,1728042930,UDC
489999,359.4383784037628,1728042930,UDC
490999,362.0469374599149,1728042930,UDC
491999,357.26954077098816,1728042930,UDC
492999,362.1717306597272,1728042930,UDC
493999,361.9974140788696,1728042930,UDC
494999,360.17923618122893,1728042930,UDC
495999,360.4766909020444,1728042930,UDC
496999,360.99764634926686,1728042930,UDC
497999,363.3372793117016,1728042930,UDC
498999,360.2559449060436,1728042930,UDC
499999,358.2909052380375,1728042930,UDC
999,-1.69817609815717,1727998918,UDC
1999,-2.448252697413639,1727998918,UDC
2999,-3.635529772519116,1727998918,UDC
3999,-3.994898357500448,1727998918,UDC
4999,-3.409502517144784,1727998918,UDC
5999,-7.076926258662879,1727998918,UDC
6999,-0.7716128119980281,1727998918,UDC
7999,-0.3492312167322861,1727998918,UDC
8999,-9.782072360703689,1727998918,UDC
9999,-3.2350792615481434,1727998918,UDC
10999,-5.494808267097704,1727998918,UDC
11999,-2.667869956947737,1727998918,UDC
12999,-3.492230539946688,1727998918,UDC
13999,-0.4958115797673766,1727998918,UDC
14999,0.568224405153105,1727998918,UDC
15999,0.5127304149797326,1727998918,UDC
16999,2.3229581388675906,1727998918,UDC
17999,2.545106997475661,1727998918,UDC
18999,2.26154552763396,1727998918,UDC
19999,4.556441433431311,1727998918,UDC
20999,14.64191960143797,1727998918,UDC
21999,24.302672020389483,1727998918,UDC
22999,28.05146085273892,1727998918,UDC
23999,29.45668476606301,1727998918,UDC
24999,32.092382324068055,1727998918,UDC
25999,37.6139295719297,1727998918,UDC
26999,45.28163159778607,1727998918,UDC
27999,49.51081952958402,1727998918,UDC
28999,50.98691011584224,1727998918,UDC
29999,55.931754928940514,1727998918,UDC
30999,57.09752088457946,1727998918,UDC
31999,61.28606008916266,1727998918,UDC
32999,64.91433357756986,1727998918,UDC
33999,69.1364286970852,1727998918,UDC
34999,71.79289565671262,1727998918,UDC
35999,78.40251276049975,1727998918,UDC
36999,83.8476280538806,1727998918,UDC
37999,91.05580473428056,1727998918,UDC
38999,91.72198794135704,1727998918,UDC
39999,97.24697976679003,1727998918,UDC
40999,103.42953638582271,1727998918,UDC
41999,108.59729995442842,1727998918,UDC
42999,111.57259446237522,1727998918,UDC
43999,116.91298843254587,1727998918,UDC
44999,117.94456455344891,1727998918,UDC
45999,123.68843608323142,1727998918,UDC
46999,124.18228769859552,1727998918,UDC
47999,127.37050144914808,1727998918,UDC
48999,130.32339886301756,1727998918,UDC
49999,135.40284289916,1727998918,UDC
50999,134.83231304595142,1727998918,UDC
51999,133.84225859609717,1727998918,UDC
52999,136.9236680520711,1727998918,UDC
53999,140.2802922997088,1727998918,UDC
54999,139.58766534063912,1727998918,UDC
55999,138.3642701202255,1727998918,UDC
56999,138.5697259124668,1727998918,UDC
57999,142.22125057302617,1727998918,UDC
58999,143.9146968144486,1727998918,UDC
59999,144.76152016121858,1727998918,UDC
60999,145.27620536096697,1727998918,UDC
61999,146.6295296722654,1727998918,UDC
62999,147.91642368446438,1727998918,UDC
63999,148.38739997043933,1727998918,UDC
64999,152.02444368062544,1727998918,UDC
65999,149.76853048713602,1727998918,UDC
66999,153.61122509397106,1727998918,UDC
67999,152.22809408994277,1727998918,UDC
68999,153.80473909698225,1727998918,UDC
69999,158.43149291142367,1727998918,UDC
70999,156.01045065100277,1727998918,UDC
71999,160.9103587142903,1727998918,UDC
72999,162.11034755485286,1727998918,UDC
73999,164.13418400348922,1727998918,UDC
74999,165.84706558629634,1727998918,UDC
75999,170.49660786632006,1727998918,UDC
76999,171.02103796073354,1727998918,UDC
77999,171.2829226458606,1727998918,UDC
78999,178.64616188791027,1727998918,UDC
79999,180.52327210572696,1727998918,UDC
80999,182.16733864826,1727998918,UDC
81999,180.71888476035735,1727998918,UDC
82999,183.5315481213184,1727998918,UDC
83999,181.450725479571,1727998918,UDC
84999,181.18720606097943,1727998918,UDC
85999,181.8067158518434,1727998918,UDC
86999,184.13387394902765,1727998918,UDC
87999,184.76626953806252,1727998918,UDC
88999,182.86993013511872,1727998918,UDC
89999,184.94406608372532,1727998918,UDC
90999,187.64907933908668,1727998918,UDC
91999,186.2715326296021,1727998918,UDC
92999,189.0834557488595,1727998918,UDC
93999,192.5864876722696,1727998918,UDC
94999,189.483990960694,1727998918,UDC
95999,190.0774309175156,1727998918,UDC
96999,193.0892173381539,1727998918,UDC
97999,192.40888110954515,1727998918,UDC
98999,195.4089266108129,1727998918,UDC
99999,199.1219930867264,1727998918,UDC
100999,199.32272951668696,1727998918,UDC
101999,201.4180551890892,1727998918,UDC
102999,198.6481580989914,1727998918,UDC
103999,202.56349525186815,1727998918,UDC
104999,204.8481223991864,1727998918,UDC
105999,208.55852535554672,1727998918,UDC
106999,202.5270614879819,1727998918,UDC
107999,209.20473013259004,1727998918,UDC
108999,206.0360104923651,1727998918,UDC
109999,208.55993948540865,1727998918,UDC
110999,210.8378242601229,1727998918,UDC
111999,208.01522190735648,1727998918,UDC
112999,215.05217497284704,1727998918,UDC
113999,219.72172669369547,1727998918,UDC
114999,219.17184655392217,1727998918,UDC
115999,215.79791866292908,1727998918,UDC
116999,215.8189246086869,1727998918,UDC
117999,218.8306724231321,1727998918,UDC
118999,220.2937706932984,1727998918,UDC
119999,219.12117553476864,1727998918,UDC
120999,223.443563288636,1727998918,UDC
121999,222.55098619387,1727998918,UDC
122999,227.22970152628417,1727998918,UDC
123999,223.44329449852933,1727998918,UDC
124999,226.89987508158984,1727998918,UDC
125999,226.65776312386689,1727998918,UDC
126999,226.0994414550988,1727998918,UDC
127999,228.00549318211773,1727998918,UDC
128999,227.76651979059557,1727998918,UDC
129999,231.455392700286,1727998918,UDC
130999,229.9169518492625,1727998918,UDC
131999,235.43459956986857,1727998918,UDC
132999,235.51073340071108,1727998918,UDC
133999,228.08903801743247,1727998918,UDC
134999,233.25430945015611,1727998918,UDC
135999,236.9352603340625,1727998918,UDC
136999,240.09601450311956,1727998918,UDC
137999,240.78230372621164,1727998918,UDC
138999,244.7496947021076,1727998918,UDC
139999,245.0131864783679,1727998918,UDC
140999,244.7967269579654,1727998918,UDC
141999,245.5764922749726,1727998918,UDC
142999,248.85481240662,1727998918,UDC
143999,250.5153431934084,1727998918,UDC
144999,247.61048120078732,1727998918,UDC
145999,251.9915479141668,1727998918,UDC
146999,256.57216408720177,1727998918,UDC
147999,260.3901857887437,1727998918,UDC
148999,255.35542098931344,1727998918,UDC
149999,260.4805460023942,1727998918,UDC
150999,261.1118985573835,1727998918,UDC
151999,264.93215805647657,1727998918,UDC
152999,267.5822318044105,1727998918,UDC
153999,270.8774427181955,1727998918,UDC
154999,275.68562829343165,1727998918,UDC
155999,276.8332977733945,1727998918,UDC
156999,272.0521319756897,1727998918,UDC
157999,279.60634973578146,1727998918,UDC
158999,266.7583223555592,1727998918,UDC
159999,275.827023770594,1727998918,UDC
160999,278.4453758670393,1727998918,UDC
161999,277.08038857970564,1727998918,UDC
162999,284.2830958642579,1727998918,UDC
163999,279.59089926469346,1727998918,UDC
164999,280.33893029164415,1727998918,UDC
165999,277.618786279504,1727998918,UDC
166999,281.32596438151006,1727998918,UDC
167999,278.36202989958474,1727998918,UDC
168999,288.019700744574,1727998918,UDC
169999,290.9092406106363,1727998918,UDC
170999,284.04301586888664,1727998918,UDC
171999,282.35791578158984,1727998918,UDC
172999,281.89759720921165,1727998918,UDC
173999,286.7841945565481,1727998918,UDC
174999,290.937730439735,1727998918,UDC
175999,289.9562972856665,1727998918,UDC
176999,288.348566907322,1727998918,UDC
177999,297.014244920378,1727998918,UDC
178999,291.44886216616857,1727998918,UDC
179999,287.43414463181745,1727998918,UDC
180999,294.62793411306257,1727998918,UDC
181999,303.6821219191185,1727998918,UDC
182999,299.9027230823937,1727998918,UDC
183999,302.88370427525547,1727998918,UDC
184999,304.1604566749961,1727998918,UDC
185999,308.10622726049,1727998918,UDC
186999,308.37377144034906,1727998918,UDC
187999,299.9506196961865,1727998918,UDC
188999,308.9270011954092,1727998918,UDC
189999,306.5841318484305,1727998918,UDC
190999,312.31103733182096,1727998918,UDC
191999,308.5174125378742,1727998918,UDC
192999,304.09751332235936,1727998918,UDC
193999,314.31045975950167,1727998918,UDC
194999,312.13205399986657,1727998918,UDC
195999,314.04866799753927,1727998918,UDC
196999,315.42784025020154,1727998918,UDC
197999,312.56597107208404,1727998918,UDC
198999,314.1767399767622,1727998918,UDC
199999,306.81303856496936,1727998918,UDC
200999,319.4139934405328,1727998918,UDC
201999,313.9443262170288,1727998918,UDC
202999,315.0837001097891,1727998918,UDC
203999,317.4270866139767,1727998918,UDC
204999,317.1248540610778,1727998918,UDC
205999,322.8954549094224,1727998918,UDC
206999,322.9094905641815,1727998918,UDC
207999,321.4699857240551,1727998918,UDC
208999,321.9359470157249,1727998918,UDC
209999,317.7939455424625,1727998918,UDC
210999,318.1155337191424,1727998918,UDC
211999,322.9118853481212,1727998918,UDC
212999,324.622607018617,1727998918,UDC
213999,318.45826512801096,1727998918,UDC
214999,324.77001671832613,1727998918,UDC
215999,323.55437689270184,1727998918,UDC
216999,324.51744170379345,1727998918,UDC
217999,324.83014045132734,1727998918,UDC
218999,322.36891068447386,1727998918,UDC
219999,323.56337752589786,1727998918,UDC
220999,329.694462082554,1727998918,UDC
221999,324.35252984796807,1727998918,UDC
222999,325.8722323928436,1727998918,UDC
223999,320.3019815410311,1727998918,UDC
224999,322.43446908925114,1727998918,UDC
225999,329.74521272998965,1727998918,UDC
226999,330.38529785441546,1727998918,UDC
227999,319.2194733079682,1727998918,UDC
228999,328.0626683430353,1727998918,UDC
229999,321.82710444275847,1727998918,UDC
230999,328.7775903990662,1727998918,UDC
231999,328.1544699620289,1727998918,UDC
232999,329.5005142715879,1727998918,UDC
233999,337.2376855282204,1727998918,UDC
234999,330.4583188090842,1727998918,UDC
235999,333.5637712008489,1727998918,UDC
236999,335.3402361056258,1727998918,UDC
237999,327.43555706305995,1727998918,UDC
238999,333.43605468396174,1727998918,UDC
239999,334.82866358338555,1727998918,UDC
240999,334.2625569799591,1727998918,UDC
241999,335.5296610114703,1727998918,UDC
242999,332.16349382393514,1727998918,UDC
243999,336.6876245361367,1727998918,UDC
244999,332.009185384431,1727998918,UDC
245999,333.6474160732633,1727998918,UDC
246999,336.44957665799615,1727998918,UDC
247999,323.487077127601,1727998918,UDC
248999,332.3431229395882,1727998918,UDC
249999,336.253048856021,1727998918,UDC
250999,326.50261414155926,1727998918,UDC
251999,331.49125568883386,1727998918,UDC
252999,332.311933357191,1727998918,UDC
253999,333.42554102485747,1727998918,UDC
254999,335.2016103480621,1727998918,UDC
255999,335.74113357216265,1727998918,UDC
256999,335.9221574008802,1727998918,UDC
257999,332.18263887467435,1727998918,UDC
258999,333.6560621966185,1727998918,UDC
259999,337.1301060898675,1727998918,UDC
260999,337.26433747369066,1727998918,UDC
261999,333.78188443722485,1727998918,UDC
262999,332.06158176127946,1727998918,UDC
263999,334.3580646945655,1727998918,UDC
264999,331.4626055705833,1727998918,UDC
265999,333.62096900739834,1727998918,UDC
266999,334.7656679441793,1727998918,UDC
267999,332.39883077375333,1727998918,UDC
268999,332.4896130851334,1727998918,UDC
269999,335.6216033780132,1727998918,UDC
270999,332.9367122897761,1727998918,UDC
271999,328.9118757548157,1727998918,UDC
272999,331.7949234503386,1727998918,UDC
273999,313.8975308066964,1727998918,UDC
274999,335.2600325542101,1727998918,UDC
275999,333.64181288071,1727998918,UDC
276999,333.2048885969919,1727998918,UDC
277999,335.46192041237776,1727998918,UDC
278999,338.24505777617907,1727998918,UDC
279999,330.791748045598,1727998918,UDC
280999,333.3784312781846,1727998918,UDC
281999,337.452124403432,1727998918,UDC
282999,333.4741857827524,1727998918,UDC
283999,336.6994474603036,1727998918,UDC
284999,340.6717014248827,1727998918,UDC
285999,336.2900722338333,1727998918,UDC
286999,339.152252148401,1727998918,UDC
287999,340.4040951341556,1727998918,UDC
288999,337.7643249183976,1727998918,UDC
289999,339.4836183296695,1727998918,UDC
290999,340.5889805944677,1727998918,UDC
291999,336.8078414625014,1727998918,UDC
292999,332.6883703122921,1727998918,UDC
293999,334.7790254570177,1727998918,UDC
294999,337.27829498553945,1727998918,UDC
295999,338.1109427025745,1727998918,UDC
296999,338.27022595283046,1727998918,UDC
297999,338.4794402870272,1727998918,UDC
298999,339.8399397703819,1727998918,UDC
299999,341.5697636008656,1727998918,UDC
300999,335.6166363316869,1727998918,UDC
301999,341.04129398026924,1727998918,UDC
302999,341.13046097098413,1727998918,UDC
303999,339.61315713350604,1727998918,UDC
304999,343.9265710768735,1727998918,UDC
305999,342.75979785513306,1727998918,UDC
306999,342.62499562510624,1727998918,UDC
307999,340.12327254494886,1727998918,UDC
308999,351.84247563238443,1727998918,UDC
309999,340.2885881084466,1727998918,UDC
310999,348.4090023547973,1727998918,UDC
311999,348.010963982733,1727998918,UDC
312999,342.11715759930865,1727998918,UDC
313999,335.3174187010811,1727998918,UDC
314999,343.03280205054256,1727998918,UDC
315999,341.7700694121937,1727998918,UDC
316999,322.5447034103367,1727998918,UDC
317999,345.9031095057739,1727998918,UDC
318999,343.8939168824928,1727998918,UDC
319999,350.3380387935219,1727998918,UDC
320999,348.40579999834046,1727998918,UDC
321999,346.7594924054521,1727998918,UDC
322999,346.88694814829216,1727998918,UDC
323999,347.9997352358699,1727998918,UDC
324999,342.2968924783184,1727998918,UDC
325999,347.80710512010256,1727998918,UDC
326999,343.7718756847268,1727998918,UDC
327999,343.3765990759667,1727998918,UDC
328999,343.57347092209926,1727998918,UDC
329999,344.6590854346438,1727998918,UDC
330999,347.9483397825932,1727998918,UDC
331999,341.5141074398203,1727998918,UDC
332999,344.0467066750942,1727998918,UDC
333999,342.503890555345,1727998918,UDC
334999,347.9932718094158,1727998918,UDC
335999,338.88191682479686,1727998918,UDC
336999,338.167748183804,1727998918,UDC
337999,345.30317038626816,1727998918,UDC
338999,337.02488669814767,1727998918,UDC
339999,342.8399533311116,1727998918,UDC
340999,340.4758385611812,1727998918,UDC
341999,346.0522205810463,1727998918,UDC
342999,343.96129904150854,1727998918,UDC
343999,340.9783195462811,1727998918,UDC
344999,343.08915074555983,1727998918,UDC
345999,341.5222173590677,1727998918,UDC
346999,339.7210516016717,1727998918,UDC
347999,343.94319358407904,1727998918,UDC
348999,347.54481090884974,1727998918,UDC
349999,344.9147956374469,1727998918,UDC
350999,342.4459816079805,1727998918,UDC
351999,344.8308025612795,1727998918,UDC
352999,343.81774110305224,1727998918,UDC
353999,342.56872574156006,1727998918,UDC
354999,346.48489141287075,1727998918,UDC
355999,349.0354370740717,1727998918,UDC
356999,343.1147416893449,1727998918,UDC
357999,346.34553532548006,1727998918,UDC
358999,344.0645559582681,1727998918,UDC
359999,350.6734542295419,1727998918,UDC
360999,349.8412968032684,1727998918,UDC
361999,341.2407921219475,1727998918,UDC
362999,345.22075943102084,1727998918,UDC
363999,347.8286884573393,1727998918,UDC
364999,349.94035102881696,1727998918,UDC
365999,350.2315745040036,1727998918,UDC
366999,350.14538703667847,1727998918,UDC
367999,347.179287658758,1727998918,UDC
368999,347.78639924277115,1727998918,UDC
369999,341.5568770704137,1727998918,UDC
370999,354.07017990765496,1727998918,UDC
371999,350.24321689373147,1727998918,UDC
372999,345.27949072314703,1727998918,UDC
373999,350.734805813466,1727998918,UDC
374999,353.853974584197,1727998918,UDC
375999,355.19035571629024,1727998918,UDC
376999,351.08574084381485,1727998918,UDC
377999,352.468608748014,1727998918,UDC
378999,356.2677562213926,1727998918,UDC
379999,350.68405818382246,1727998918,UDC
380999,348.49582143847493,1727998918,UDC
381999,349.9067003122319,1727998918,UDC
382999,346.2564930926288,1727998918,UDC
383999,350.0389565267466,1727998918,UDC
384999,346.8777117797078,1727998918,UDC
385999,347.38066290503696,1727998918,UDC
386999,342.9388654792058,1727998918,UDC
387999,346.96787982923007,1727998918,UDC
388999,354.50210992015377,1727998918,UDC
389999,355.0409827297985,1727998918,UDC
390999,348.33601547238766,1727998918,UDC
391999,353.95289973553,1727998918,UDC
392999,352.3812575913091,1727998918,UDC
393999,347.65563936376634,1727998918,UDC
394999,353.2170308791958,1727998918,UDC
395999,352.1189527594397,1727998918,UDC
396999,357.43163859337653,1727998918,UDC
397999,357.57511368468954,1727998918,UDC
398999,357.26082537008216,1727998918,UDC
399999,359.9380744023616,1727998918,UDC
400999,361.3873799076059,1727998918,UDC
401999,357.99823091282616,1727998918,UDC
402999,356.81064023424113,1727998918,UDC
403999,361.9739840071823,1727998918,UDC
404999,363.6701573703636,1727998918,UDC
405999,362.43475574353255,1727998918,UDC
406999,360.638548950252,1727998918,UDC
407999,357.6568312355931,1727998918,UDC
408999,361.9447752212338,1727998918,UDC
409999,361.29696360683647,1727998918,UDC
410999,362.75921159628126,1727998918,UDC
411999,361.0845384143164,1727998918,UDC
412999,364.47726655231895,1727998918,UDC
413999,365.865994888713,1727998918,UDC
414999,360.0484193390908,1727998918,UDC
415999,358.98306045280657,1727998918,UDC
416999,362.84762326446304,1727998918,UDC
417999,366.90598317281945,1727998918,UDC
418999,359.2165990202448,1727998918,UDC
419999,358.2039926033195,1727998918,UDC
420999,353.1931463726244,1727998918,UDC
421999,360.1593903452025,1727998918,UDC
422999,357.1446491073253,1727998918,UDC
423999,358.9437214246392,1727998918,UDC
424999,349.66121895403325,1727998918,UDC
425999,342.85088565548136,1727998918,UDC
426999,328.569243313587,1727998918,UDC
427999,366.6812527443561,1727998918,UDC
428999,355.46467351769485,1727998918,UDC
429999,342.23454027103185,1727998918,UDC
430999,356.38816453763786,1727998918,UDC
431999,341.53273529025586,1727998918,UDC
432999,348.46325384800394,1727998918,UDC
433999,351.0551717727893,1727998918,UDC
434999,353.5825861042104,1727998918,UDC
435999,353.49274829028894,1727998918,UDC
436999,354.53668324931584,1727998918,UDC
437999,351.94771010374353,1727998918,UDC
438999,348.0716667315524,1727998918,UDC
439999,361.8430886812697,1727998918,UDC
440999,353.44435384052923,1727998918,UDC
441999,366.8718461237463,1727998918,UDC
442999,360.6854489187676,1727998918,UDC
443999,355.8267104973784,1727998918,UDC
444999,361.98240464904416,1727998918,UDC
445999,358.54209179921446,1727998918,UDC
446999,362.9937819012599,1727998918,UDC
447999,365.7720186095416,1727998918,UDC
448999,359.95754549399584,1727998918,UDC
449999,370.4874715944004,1727998918,UDC
450999,367.96507905297295,1727998918,UDC
451999,368.0082905710008,1727998918,UDC
452999,363.7159456127591,1727998918,UDC
453999,358.58336546723064,1727998918,UDC
454999,361.3630721597562,1727998918,UDC
455999,368.7944464764741,1727998918,UDC
456999,360.5847727593823,1727998918,UDC
457999,374.58316194735374,1727998918,UDC
458999,363.0900147150728,1727998918,UDC
459999,356.2769446985486,1727998918,UDC
460999,365.4999017761425,1727998918,UDC
461999,371.8978100168024,1727998918,UDC
462999,371.64449840708704,1727998918,UDC
463999,379.0273476770131,1727998918,UDC
464999,380.3613564403017,1727998918,UDC
465999,380.8319513040916,1727998918,UDC
466999,367.7482258843682,1727998918,UDC
467999,380.6745723778776,1727998918,UDC
468999,376.4026242430493,1727998918,UDC
469999,369.6961447398184,1727998918,UDC
470999,370.1916388048545,1727998918,UDC
471999,378.395174334984,1727998918,UDC
472999,379.7809566967096,1727998918,UDC
473999,366.1938370834592,1727998918,UDC
474999,381.0931795093345,1727998918,UDC
475999,384.4062334082875,1727998918,UDC
476999,382.4017015033283,1727998918,UDC
477999,380.34604233640897,1727998918,UDC
478999,371.3017493908873,1727998918,UDC
479999,375.6468912561234,1727998918,UDC
480999,385.47245765469984,1727998918,UDC
481999,386.0734104184008,1727998918,UDC
482999,379.8038273139607,1727998918,UDC
483999,384.9838798280493,1727998918,UDC
484999,376.3622160671524,1727998918,UDC
485999,386.2652389656868,1727998918,UDC
486999,380.3160011804269,1727998918,UDC
487999,386.4944704714216,1727998918,UDC
488999,390.2364197265192,1727998918,UDC
489999,382.6221401502593,1727998918,UDC
490999,385.3591194883624,1727998918,UDC
491999,384.1233939560423,1727998918,UDC
492999,381.5918887359503,1727998918,UDC
493999,386.1851485616816,1727998918,UDC
494999,388.0295556428173,1727998918,UDC
495999,391.8832636543029,1727998918,UDC
496999,389.60539789929,1727998918,UDC
497999,395.2822542574665,1727998918,UDC
498999,389.55226304219343,1727998918,UDC
499999,381.6566375344806,1727998918,UDC
999,3.2353698934034747,1781379615,DyLam
1999,-3.145797496478844,1781379615,DyLam
2999,-0.8763167264584388,1781379615,DyLam
3999,-0.7936256373283102,1781379615,DyLam
4999,-3.760706337507455,1781379615,DyLam
5999,0.6457872006410641,1781379615,DyLam
6999,-2.4312155358143337,1781379615,DyLam
7999,-7.988659744979232,1781379615,DyLam
8999,3.6489470583394863,1781379615,DyLam
9999,-6.144100687354607,1781379615,DyLam
10999,-5.987604164845775,1781379615,DyLam
11999,-2.9933972093142103,1781379615,DyLam
12999,1.177606587700436,1781379615,DyLam
13999,-0.7921024784415881,1781379615,DyLam
14999,3.101312101359696,1781379615,DyLam
15999,-0.7724693451028657,1781379615,DyLam
16999,-3.8636074667331615,1781379615,DyLam
17999,-6.561084008411344,1781379615,DyLam
18999,-3.7913685563715527,1781379615,DyLam
19999,-5.5807596440755365,1781379615,DyLam
20999,-5.702416724415967,1781379615,DyLam
21999,-1.065918144157474,1781379615,DyLam
22999,0.6134783227363424,1781379615,DyLam
23999,4.827417061599374,1781379615,DyLam
24999,6.124903001694138,1781379615,DyLam
25999,-0.513763707652091,1781379615,DyLam
26999,5.038228991309875,1781379615,DyLam
27999,10.812995557145364,1781379615,DyLam
28999,9.131353663957238,1781379615,DyLam
29999,4.1098740232755615,1781379615,DyLam
30999,15.097240498712996,1781379615,DyLam
31999,19.04036140632244,1781379615,DyLam
32999,10.937964454899475,1781379615,DyLam
33999,12.820234733844028,1781379615,DyLam
34999,32.57068003711695,1781379615,DyLam
35999,50.90759938800309,1781379615,DyLam
36999,120.21023198140944,1781379615,DyLam
37999,128.67099937662087,1781379615,DyLam
38999,132.6698489799784,1781379615,DyLam
39999,159.3577422825014,1781379615,DyLam
40999,177.98196845801675,1781379615,DyLam
41999,179.26371500853173,1781379615,DyLam
42999,88.61451239234269,1781379615,DyLam
43999,209.92501057372803,1781379615,DyLam
44999,207.59944207009931,1781379615,DyLam
45999,220.32234326554416,1781379615,DyLam
46999,213.4668887136607,1781379615,DyLam
47999,218.3243971449011,1781379615,DyLam
48999,233.6718051999791,1781379615,DyLam
49999,123.661335702415,1781379615,DyLam
50999,242.4811349649494,1781379615,DyLam
51999,245.9904407866193,1781379615,DyLam
52999,253.12579557098243,1781379615,DyLam
53999,256.55699659425443,1781379615,DyLam
54999,261.26022875041326,1781379615,DyLam
55999,269.94115094038966,1781379615,DyLam
56999,286.2553573899871,1781379615,DyLam
57999,193.98637015912655,1781379615,DyLam
58999,271.7748181886221,1781379615,DyLam
59999,273.8101033442489,1781379615,DyLam
60999,280.72563267633143,1781379615,DyLam
61999,284.4406609278441,1781379615,DyLam
62999,280.0774887573567,1781379615,DyLam
63999,271.3040409089461,1781379615,DyLam
64999,272.19665917631045,1781379615,DyLam
65999,262.0546810325093,1781379615,DyLam
66999,264.98158210739547,1781379615,DyLam
67999,261.85611433885015,1781379615,DyLam
68999,263.7534868722511,1781379615,DyLam
69999,255.260386383794,1781379615,DyLam
70999,247.1827807758694,1781379615,DyLam
71999,245.8501834491296,1781379615,DyLam
72999,248.74039185163173,1781379615,DyLam
73999,249.9857030085964,1781379615,DyLam
74999,250.79829654790265,1781379615,DyLam
75999,238.70010402845455,1781379615,DyLam
76999,243.6844266176726,1781379615,DyLam
77999,247.9753133833612,1781379615,DyLam
78999,249.02675753743387,1781379615,DyLam
79999,252.9702254821869,1781379615,DyLam
80999,249.89910565535885,1781379615,DyLam
81999,261.3216441804459,1781379615,DyLam
82999,256.5567528352874,1781379615,DyLam
83999,257.6857128664567,1781379615,DyLam
84999,264.7635653054213,1781379615,DyLam
85999,259.8702382249245,1781379615,DyLam
86999,259.3219767094441,1781379615,DyLam
87999,274.43382225925933,1781379615,DyLam
88999,266.7629359724703,1781379615,DyLam
89999,280.0377861182014,1781379615,DyLam
90999,281.5090157972808,1781379615,DyLam
91999,289.5134138620178,1781379615,DyLam
92999,286.8372318441507,1781379615,DyLam
93999,292.2677998686123,1781379615,DyLam
94999,289.1286964130399,1781379615,DyLam
95999,296.5202163892976,1781379615,DyLam
96999,288.95338576426883,1781379615,DyLam
97999,295.36153007013365,1781379615,DyLam
98999,294.29004942340435,1781379615,DyLam
99999,290.2647853203282,1781379615,DyLam
100999,307.4632529792595,1781379615,DyLam
101999,306.20913000564593,1781379615,DyLam
102999,311.10055487129694,1781379615,DyLam
103999,304.0582643900872,1781379615,DyLam
104999,314.076454858194,1781379615,DyLam
105999,317.9745675167794,1781379615,DyLam
106999,314.50716261472894,1781379615,DyLam
107999,318.36620325859394,1781379615,DyLam
108999,324.144479516957,1781379615,DyLam
109999,317.1803565849285,1781379615,DyLam
110999,326.99573388699537,1781379615,DyLam
111999,330.3061358674964,1781379615,DyLam
112999,333.8293623182198,1781379615,DyLam
113999,344.29027730294814,1781379615,DyLam
114999,339.9979084372335,1781379615,DyLam
115999,346.2272560723039,1781379615,DyLam
116999,353.59040155569744,1781379615,DyLam
117999,345.27808317472494,1781379615,DyLam
118999,338.0531077571463,1781379615,DyLam
119999,362.2744327650329,1781379615,DyLam
120999,355.0872224369996,1781379615,DyLam
121999,296.374257060796,1781379615,DyLam
122999,346.45044318028096,1781379615,DyLam
123999,354.0153052664922,1781379615,DyLam
124999,376.33437273002846,1781379615,DyLam
125999,379.2728143852203,1781379615,DyLam
126999,381.5705473600576,1781379615,DyLam
127999,381.9039074581418,1781379615,DyLam
128999,379.0286741103469,1781379615,DyLam
129999,379.1306428018576,1781379615,DyLam
130999,389.7027740540104,1781379615,DyLam
131999,405.2164363968511,1781379615,DyLam
132999,376.6250041132482,1781379615,DyLam
133999,399.85075524848094,1781379615,DyLam
134999,404.19723111391687,1781379615,DyLam
135999,406.9372178440981,1781379615,DyLam
136999,394.95381227552775,1781379615,DyLam
137999,400.17525938172935,1781379615,DyLam
138999,408.2249528880734,1781379615,DyLam
139999,402.23851004195296,1781379615,DyLam
140999,418.8857574080128,1781379615,DyLam
141999,410.7324673124938,1781379615,DyLam
142999,408.2065263292033,1781379615,DyLam
143999,403.95553443818056,1781379615,DyLam
144999,414.5720934611034,1781379615,DyLam
145999,406.69401141660734,1781379615,DyLam
146999,426.1111209345301,1781379615,DyLam
147999,419.8358852115754,1781379615,DyLam
148999,418.257262679872,1781379615,DyLam
149999,411.4140435682608,1781379615,DyLam
150999,416.8222580301869,1781379615,DyLam
151999,416.2468128630294,1781379615,DyLam
152999,426.4750582557277,1781379615,DyLam
153999,429.6154280322277,1781379615,DyLam
154999,427.8081868069282,1781379615,DyLam
155999,413.2328988496378,1781379615,DyLam
156999,402.62073311298224,1781379615,DyLam
157999,418.9324471557794,1781379615,DyLam
158999,423.84520727485113,1781379615,DyLam
159999,431.212517187543,1781379615,DyLam
160999,437.4980566222052,1781379615,DyLam
161999,425.40184317307626,1781379615,DyLam
162999,415.4079569318272,1781379615,DyLam
163999,448.9236799532477,1781379615,DyLam
164999,409.87973475824725,1781379615,DyLam
165999,455.887702696307,1781379615,DyLam
166999,425.7461989882139,1781379615,DyLam
167999,414.7641387357784,1781379615,DyLam
168999,423.7181411982745,1781379615,DyLam
169999,441.0587023324448,1781379615,DyLam
170999,429.3661731149237,1781379615,DyLam
171999,453.01022570228696,1781379615,DyLam
172999,434.6770846791376,1781379615,DyLam
173999,435.52104888585575,1781379615,DyLam
174999,436.683175010608,1781379615,DyLam
175999,428.81055525610265,1781379615,DyLam
176999,444.9886139592351,1781379615,DyLam
177999,440.30662029236254,1781379615,DyLam
178999,452.6452134475472,1781379615,DyLam
179999,446.3451491881985,1781379615,DyLam
180999,445.832311786293,1781379615,DyLam
181999,452.4088131613565,1781379615,DyLam
182999,454.5916516730557,1781379615,DyLam
183999,460.0923079695171,1781379615,DyLam
184999,445.3578724011826,1781379615,DyLam
185999,459.4106122996201,1781379615,DyLam
186999,467.22807572224974,1781379615,DyLam
187999,473.2963117810777,1781379615,DyLam
188999,458.7602836863911,1781379615,DyLam
189999,458.8373443721386,1781379615,DyLam
190999,470.4830891364395,1781379615,DyLam
191999,466.5503146584353,1781379615,DyLam
192999,451.5210162637995,1781379615,DyLam
193999,460.6308419719181,1781379615,DyLam
194999,446.7818494030864,1781379615,DyLam
195999,452.63958959499337,1781379615,DyLam
196999,464.3718300393512,1781379615,DyLam
197999,475.7307843745204,1781379615,DyLam
198999,479.35185821466274,1781379615,DyLam
199999,455.99144224480216,1781379615,DyLam
200999,454.54433784153,1781379615,DyLam
201999,467.8878121337521,1781379615,DyLam
202999,455.90654795556645,1781379615,DyLam
203999,450.798149183197,1781379615,DyLam
204999,434.70549973481263,1781379615,DyLam
205999,461.986124281796,1781379615,DyLam
206999,184.2948160006704,1781379615,DyLam
207999,445.7938649821641,1781379615,DyLam
208999,458.897574821676,1781379615,DyLam
209999,456.7342223215924,1781379615,DyLam
210999,475.6707269713141,1781379615,DyLam
211999,443.1591178003303,1781379615,DyLam
212999,464.4074072907848,1781379615,DyLam
213999,477.9607540493912,1781379615,DyLam
214999,472.9707693674873,1781379615,DyLam
215999,470.4035860001721,1781379615,DyLam
216999,458.0008730794596,1781379615,DyLam
217999,463.64676517198063,1781379615,DyLam
218999,458.84604027875736,1781379615,DyLam
219999,466.1453805632745,1781379615,DyLam
220999,464.4648579549899,1781379615,DyLam
221999,471.2088334620694,1781379615,DyLam
222999,453.958673587437,1781379615,DyLam
223999,313.4372011874804,1781379615,DyLam
224999,456.3667650401389,1781379615,DyLam
225999,456.12440113765473,1781379615,DyLam
226999,462.909987396096,1781379615,DyLam
227999,468.1675310012956,1781379615,DyLam
228999,433.0498247575864,1781379615,DyLam
229999,448.4192156231247,1781379615,DyLam
230999,458.254924139481,1781379615,DyLam
231999,477.8154284467855,1781379615,DyLam
232999,461.95447992692976,1781379615,DyLam
233999,479.19768754472585,1781379615,DyLam
234999,459.4975513693688,1781379615,DyLam
235999,473.9875838253884,1781379615,DyLam
236999,480.2150863173901,1781379615,DyLam
237999,475.95580888137664,1781379615,DyLam
238999,480.60358102303815,1781379615,DyLam
239999,454.9286206276146,1781379615,DyLam
240999,429.8132194515814,1781379615,DyLam
241999,459.6952517025287,1781379615,DyLam
242999,473.9643818301442,1781379615,DyLam
243999,466.5667071970935,1781379615,DyLam
244999,448.11135924628246,1781379615,DyLam
245999,464.0555409332159,1781379615,DyLam
246999,454.91772280753736,1781379615,DyLam
247999,448.8115694262501,1781379615,DyLam
248999,465.6880735510793,1781379615,DyLam
249999,464.4638077581102,1781379615,DyLam
250999,434.8329495842198,1781379615,DyLam
251999,484.4595647000128,1781379615,DyLam
252999,467.6055025959839,1781379615,DyLam
253999,468.1442240012778,1781379615,DyLam
254999,437.2016987177152,1781379615,DyLam
255999,465.5493532574348,1781379615,DyLam
256999,470.81058049984097,1781379615,DyLam
257999,458.2418639982048,1781379615,DyLam
258999,469.4039267067162,1781379615,DyLam
259999,471.2566029250144,1781379615,DyLam
260999,473.4200421685983,1781379615,DyLam
261999,464.3628818310101,1781379615,DyLam
262999,474.40478125214594,1781379615,DyLam
263999,433.5500980331641,1781379615,DyLam
264999,466.6936206247016,1781379615,DyLam
265999,479.3874558677724,1781379615,DyLam
266999,476.48082188766375,1781379615,DyLam
267999,486.02617651853217,1781379615,DyLam
268999,464.26771150943136,1781379615,DyLam
269999,465.8282882195279,1781379615,DyLam
270999,472.3314174934837,1781379615,DyLam
271999,483.00316108993707,1781379615,DyLam
272999,472.3863857930498,1781379615,DyLam
273999,469.3161309811711,1781379615,DyLam
274999,468.79051137101214,1781379615,DyLam
275999,477.9623295373052,1781379615,DyLam
276999,468.55074174631096,1781379615,DyLam
277999,468.8345764673367,1781379615,DyLam
278999,466.1166178802844,1781379615,DyLam
279999,473.6642495534651,1781379615,DyLam
280999,482.7934735084748,1781379615,DyLam
281999,493.0977660732569,1781379615,DyLam
282999,500.193679838145,1781379615,DyLam
283999,463.82223404887424,1781379615,DyLam
284999,482.026710074917,1781379615,DyLam
285999,464.7275797284384,1781379615,DyLam
286999,493.5634816493112,1781379615,DyLam
287999,329.0959055631444,1781379615,DyLam
288999,462.3586181182943,1781379615,DyLam
289999,107.4377344060145,1781379615,DyLam
290999,429.57124743206725,1781379615,DyLam
291999,459.5991679640149,1781379615,DyLam
292999,474.1779302125275,1781379615,DyLam
293999,470.9767604339039,1781379615,DyLam
294999,478.8805419824813,1781379615,DyLam
295999,450.7231575802711,1781379615,DyLam
296999,467.0170310610826,1781379615,DyLam
297999,482.62978914674767,1781379615,DyLam
298999,476.7102697126975,1781379615,DyLam
299999,452.78495354422887,1781379615,DyLam
300999,459.23728885780713,1781379615,DyLam
301999,488.7322497325649,1781379615,DyLam
302999,470.5753562640801,1781379615,DyLam
303999,438.7996987267381,1781379615,DyLam
304999,452.58702826871786,1781379615,DyLam
305999,447.5880325148035,1781379615,DyLam
306999,471.0602592580324,1781379615,DyLam
307999,456.3801368771943,1781379615,DyLam
308999,462.06556258501433,1781379615,DyLam
309999,462.8283128384159,1781379615,DyLam
310999,465.902936774847,1781379615,DyLam
311999,467.29227150844326,1781379615,DyLam
312999,466.03267046663393,1781379615,DyLam
313999,462.9561147711438,1781379615,DyLam
314999,472.6323342875363,1781379615,DyLam
315999,478.9832935322204,1781379615,DyLam
316999,467.3798440284562,1781379615,DyLam
317999,477.0322219459674,1781379615,DyLam
318999,453.7668390382232,1781379615,DyLam
319999,481.1648562696376,1781379615,DyLam
320999,459.6033626925228,1781379615,DyLam
321999,475.8240506493912,1781379615,DyLam
322999,481.754933111872,1781379615,DyLam
323999,472.63317845478736,1781379615,DyLam
324999,473.5492759758709,1781379615,DyLam
325999,467.5590636693399,1781379615,DyLam
326999,472.4730376999577,1781379615,DyLam
327999,475.79318798704384,1781379615,DyLam
328999,481.6110156458883,1781379615,DyLam
329999,476.8925143636802,1781379615,DyLam
330999,487.1247413508932,1781379615,DyLam
331999,488.55687172665,1781379615,DyLam
332999,480.688130041716,1781379615,DyLam
333999,488.8446982098243,1781379615,DyLam
334999,469.0343639119278,1781379615,DyLam
335999,496.36081059721926,1781379615,DyLam
336999,472.2765861918088,1781379615,DyLam
337999,440.9477685955094,1781379615,DyLam
338999,478.3758970969631,1781379615,DyLam
339999,477.3353973484953,1781379615,DyLam
340999,483.4646800980933,1781379615,DyLam
341999,484.306445521466,1781379615,DyLam
342999,482.3051046546132,1781379615,DyLam
343999,475.75238697715656,1781379615,DyLam
344999,477.39900392959896,1781379615,DyLam
345999,482.3542329872103,1781379615,DyLam
346999,481.5617606885,1781379615,DyLam
347999,481.5597144023869,1781379615,DyLam
348999,483.1333500710837,1781379615,DyLam
349999,483.7126449725493,1781379615,DyLam
350999,493.1778718323412,1781379615,DyLam
351999,481.7368873681592,1781379615,DyLam
352999,480.73441510669016,1781379615,DyLam
353999,486.2554461436802,1781379615,DyLam
354999,455.8190101280381,1781379615,DyLam
355999,471.8714079422603,1781379615,DyLam
356999,492.4237027193861,1781379615,DyLam
357999,474.6039392716156,1781379615,DyLam
358999,472.06399054811936,1781379615,DyLam
359999,482.45167837387686,1781379615,DyLam
360999,490.04376402838034,1781379615,DyLam
361999,474.4302643769881,1781379615,DyLam
362999,486.71739264749095,1781379615,DyLam
363999,492.755403427308,1781379615,DyLam
364999,470.476061848269,1781379615,DyLam
365999,493.28492961160487,1781379615,DyLam
366999,494.7053315093336,1781379615,DyLam
367999,507.1697876433988,1781379615,DyLam
368999,497.0389951324287,1781379615,DyLam
369999,488.2410884119116,1781379615,DyLam
370999,491.30142756806015,1781379615,DyLam
371999,501.2861604269068,1781379615,DyLam
372999,484.1540017632393,1781379615,DyLam
373999,495.7886370203399,1781379615,DyLam
374999,500.4849438024713,1781379615,DyLam
375999,488.4905142706123,1781379615,DyLam
376999,503.53571244595634,1781379615,DyLam
377999,468.8894412794754,1781379615,DyLam
378999,494.5518328127518,1781379615,DyLam
379999,483.9845791277281,1781379615,DyLam
380999,474.9935771642114,1781379615,DyLam
381999,469.2031278465542,1781379615,DyLam
382999,492.2611719084463,1781379615,DyLam
383999,492.4257847934796,1781379615,DyLam
384999,494.22914608844735,1781379615,DyLam
385999,492.03527862587447,1781379615,DyLam
386999,463.9976368931611,1781379615,DyLam
387999,486.7260830452778,1781379615,DyLam
388999,488.5096026472439,1781379615,DyLam
389999,316.3024355333452,1781379615,DyLam
390999,496.5903061415156,1781379615,DyLam
391999,470.4588940479504,1781379615,DyLam
392999,504.6017033232442,1781379615,DyLam
393999,486.3415967834829,1781379615,DyLam
394999,482.5258718852002,1781379615,DyLam
395999,473.19938432546326,1781379615,DyLam
396999,480.0553751892158,1781379615,DyLam
397999,490.1074254764451,1781379615,DyLam
398999,492.5826146436346,1781379615,DyLam
399999,478.70930477176535,1781379615,DyLam
400999,488.2322177053449,1781379615,DyLam
401999,481.409365509527,1781379615,DyLam
402999,507.299513600868,1781379615,DyLam
403999,493.49760155909007,1781379615,DyLam
404999,484.63030843736186,1781379615,DyLam
405999,478.69906206703007,1781379615,DyLam
406999,497.0747287041117,1781379615,DyLam
407999,488.6224475750126,1781379615,DyLam
408999,496.0096585206709,1781379615,DyLam
409999,498.5987323100137,1781379615,DyLam
410999,494.5433537863425,1781379615,DyLam
411999,489.208358011025,1781379615,DyLam
412999,492.4593653364063,1781379615,DyLam
413999,505.3999804969472,1781379615,DyLam
414999,491.8911848423399,1781379615,DyLam
415999,497.52060091383777,1781379615,DyLam
416999,499.691822435752,1781379615,DyLam
417999,489.7400610548465,1781379615,DyLam
418999,505.82772354905967,1781379615,DyLam
419999,504.41702075544833,1781379615,DyLam
420999,498.5768403305739,1781379615,DyLam
421999,490.4510658051002,1781379615,DyLam
422999,500.9617141918655,1781379615,DyLam
423999,498.0668117534045,1781379615,DyLam
424999,496.7816071413959,1781379615,DyLam
425999,496.5642927992887,1781379615,DyLam
426999,506.7647726147173,1781379615,DyLam
427999,494.9052292718274,1781379615,DyLam
428999,508.94999725446905,1781379615,DyLam
429999,484.211947217566,1781379615,DyLam
430999,498.9068553344001,1781379615,DyLam
431999,499.0284765627288,1781379615,DyLam
432999,495.6485153909764,1781379615,DyLam
433999,403.0867134430719,1781379615,DyLam
434999,488.33039677957504,1781379615,DyLam
435999,477.5815187281426,1781379615,DyLam
436999,506.5132029904752,1781379615,DyLam
437999,489.2329137924862,1781379615,DyLam
438999,473.0644216999232,1781379615,DyLam
439999,500.4902032999785,1781379615,DyLam
440999,342.3958702267216,1781379615,DyLam
441999,498.85185073536513,1781379615,DyLam
442999,495.91169679807285,1781379615,DyLam
443999,518.5277561200581,1781379615,DyLam
444999,500.4004252061424,1781379615,DyLam
445999,510.0053780376878,1781379615,DyLam
446999,501.5948660526251,1781379615,DyLam
447999,509.1115625725665,1781379615,DyLam
448999,507.8144374642494,1781379615,DyLam
449999,192.8359892827389,1781379615,DyLam
450999,514.1696512380811,1781379615,DyLam
451999,519.9039690902041,1781379615,DyLam
452999,503.8892241341365,1781379615,DyLam
453999,508.6448622542582,1781379615,DyLam
454999,509.32364523645344,1781379615,DyLam
455999,486.1552667016863,1781379615,DyLam
456999,483.930772920014,1781379615,DyLam
457999,507.448293463499,1781379615,DyLam
458999,503.6506330819052,1781379615,DyLam
459999,503.4249127034983,1781379615,DyLam
460999,497.8084653010642,1781379615,DyLam
461999,505.3628721839479,1781379615,DyLam
462999,497.1952332356207,1781379615,DyLam
463999,503.13505602931656,1781379615,DyLam
464999,503.88439219074735,1781379615,DyLam
465999,497.84533330598,1781379615,DyLam
466999,513.2981357097432,1781379615,DyLam
467999,502.4828316372408,1781379615,DyLam
468999,491.00440946523054,1781379615,DyLam
469999,487.0956239687377,1781379615,DyLam
470999,501.55400950783,1781379615,DyLam
471999,513.6867019705535,1781379615,DyLam
472999,502.59410901689887,1781379615,DyLam
473999,487.3843187979932,1781379615,DyLam
474999,491.22600894663645,1781379615,DyLam
475999,507.8047433421524,1781379615,DyLam
476999,476.21413489341415,1781379615,DyLam
477999,504.0453438788354,1781379615,DyLam
478999,495.1596620182785,1781379615,DyLam
479999,504.07808992511775,1781379615,DyLam
480999,501.65914842032765,1781379615,DyLam
481999,506.3550133219084,1781379615,DyLam
482999,513.3268997401632,1781379615,DyLam
483999,509.2344360457566,1781379615,DyLam
484999,503.8376243315525,1781379615,DyLam
485999,504.22740013561446,1781379615,DyLam
486999,508.2996979745652,1781379615,DyLam
487999,504.4746866292467,1781379615,DyLam
488999,499.6378905578612,1781379615,DyLam
489999,506.6614461561799,1781379615,DyLam
490999,504.3329252562655,1781379615,DyLam
491999,490.9642610865849,1781379615,DyLam
492999,503.2959506919929,1781379615,DyLam
493999,509.9008436604178,1781379615,DyLam
494999,527.9261202422967,1781379615,DyLam
495999,520.8632545609353,1781379615,DyLam
496999,512.9257192761389,1781379615,DyLam
497999,498.5454213228956,1781379615,DyLam
498999,479.0450357704312,1781379615,DyLam
499999,524.2002803038597,1781379615,DyLam
999,-2.4752446732613618,1781379610,DyLam
1999,0.6966888164969092,1781379610,DyLam
2999,-2.052107493202705,1781379610,DyLam
3999,-1.2379394213891983,1781379610,DyLam
4999,-5.474168813715061,1781379610,DyLam
5999,0.8020355392504238,1781379610,DyLam
6999,-13.8562184995848,1781379610,DyLam
7999,-5.690275697169244,1781379610,DyLam
8999,-6.696800742124519,1781379610,DyLam
9999,-2.128371420794995,1781379610,DyLam
10999,-1.5118152251670314,1781379610,DyLam
11999,-7.688303443095027,1781379610,DyLam
12999,3.141555535892704,1781379610,DyLam
13999,-5.067403862851996,1781379610,DyLam
14999,-2.740203362274979,1781379610,DyLam
15999,-3.770931678273761,1781379610,DyLam
16999,-6.748212203768767,1781379610,DyLam
17999,-1.847630458536957,1781379610,DyLam
18999,-4.124774808443763,1781379610,DyLam
19999,-6.796169001909569,1781379610,DyLam
20999,1.6953814839972372,1781379610,DyLam
21999,3.698377113830333,1781379610,DyLam
22999,-3.3042528847088706,1781379610,DyLam
23999,-0.3162333939030414,1781379610,DyLam
24999,-0.8931551516910949,1781379610,DyLam
25999,3.560305899403023,1781379610,DyLam
26999,-0.9153301744868642,1781379610,DyLam
27999,8.15626442903843,1781379610,DyLam
28999,9.426194403712111,1781379610,DyLam
29999,9.429816192337176,1781379610,DyLam
30999,14.842609684611343,1781379610,DyLam
31999,13.654265896849903,1781379610,DyLam
32999,10.102526480486787,1781379610,DyLam
33999,8.740340919669126,1781379610,DyLam
34999,21.355020734923315,1781379610,DyLam
35999,16.71034088861841,1781379610,DyLam
36999,80.08364045444236,1781379610,DyLam
37999,18.742453986341065,1781379610,DyLam
38999,113.58113047785552,1781379610,DyLam
39999,125.48855501347695,1781379610,DyLam
40999,142.84006124955425,1781379610,DyLam
41999,155.0205595224999,1781379610,DyLam
42999,169.13068176573924,1781379610,DyLam
43999,178.2937403229867,1781379610,DyLam
44999,196.32534164135933,1781379610,DyLam
45999,189.5668554479808,1781379610,DyLam
46999,199.54941763264128,1781379610,DyLam
47999,210.5149426182041,1781379610,DyLam
48999,215.81398333529896,1781379610,DyLam
49999,228.16934774530932,1781379610,DyLam
50999,230.59142211927383,1781379610,DyLam
51999,206.19641594746744,1781379610,DyLam
52999,247.84165960983125,1781379610,DyLam
53999,243.7099217132662,1781379610,DyLam
54999,200.4493255347404,1781379610,DyLam
55999,249.43982095708432,1781379610,DyLam
56999,105.74078816857214,1781379610,DyLam
57999,246.97844739906225,1781379610,DyLam
58999,244.16683838685,1781379610,DyLam
59999,253.1385575777599,1781379610,DyLam
60999,255.6890285447148,1781379610,DyLam
61999,253.0454196509902,1781379610,DyLam
62999,262.3112925685402,1781379610,DyLam
63999,258.6751365023761,1781379610,DyLam
64999,259.85634036103266,1781379610,DyLam
65999,265.6828153341729,1781379610,DyLam
66999,251.90333036968224,1781379610,DyLam
67999,260.35585760907827,1781379610,DyLam
68999,259.67987743520746,1781379610,DyLam
69999,251.4720486600031,1781379610,DyLam
70999,245.91996364028745,1781379610,DyLam
71999,254.7146472473572,1781379610,DyLam
72999,242.04072446567295,1781379610,DyLam
73999,242.71980437100424,1781379610,DyLam
74999,243.18100301746327,1781379610,DyLam
75999,246.65291236816512,1781379610,DyLam
76999,240.63076770786267,1781379610,DyLam
77999,227.22094371366228,1781379610,DyLam
78999,228.90020284361947,1781379610,DyLam
79999,225.87689607177893,1781379610,DyLam
80999,224.24142655018127,1781379610,DyLam
81999,233.6926740034708,1781379610,DyLam
82999,236.7161935013914,1781379610,DyLam
83999,229.47085402873824,1781379610,DyLam
84999,234.29442483236863,1781379610,DyLam
85999,230.82457598069485,1781379610,DyLam
86999,230.52713668063407,1781379610,DyLam
87999,234.3088062001762,1781379610,DyLam
88999,243.7935058534613,1781379610,DyLam
89999,243.5785132027196,1781379610,DyLam
90999,243.86793133926173,1781379610,DyLam
91999,242.47589827878164,1781379610,DyLam
92999,246.85254453685923,1781379610,DyLam
93999,245.14953213553247,1781379610,DyLam
94999,248.5953835816975,1781379610,DyLam
95999,251.52939344208224,1781379610,DyLam
96999,251.74908622382944,1781379610,DyLam
97999,254.0451114931991,1781379610,DyLam
98999,251.98900960586712,1781379610,DyLam
99999,259.17402007138537,1781379610,DyLam
100999,258.28180579020795,1781379610,DyLam
101999,252.5586804721771,1781379610,DyLam
102999,250.3865788488345,1781379610,DyLam
103999,257.3261862040374,1781379610,DyLam
104999,260.7902390794885,1781379610,DyLam
105999,257.33355470556074,1781379610,DyLam
106999,266.6287719014585,1781379610,DyLam
107999,265.15607043705126,1781379610,DyLam
108999,269.0730403334259,1781379610,DyLam
109999,266.9090677494371,1781379610,DyLam
110999,191.2810456607836,1781379610,DyLam
111999,264.7569534142912,1781379610,DyLam
112999,266.5153526715299,1781379610,DyLam
113999,278.9252531451774,1781379610,DyLam
114999,267.16894066316934,1781379610,DyLam
115999,285.1921207569834,1781379610,DyLam
116999,282.6031312940626,1781379610,DyLam
117999,280.4234407813174,1781379610,DyLam
118999,278.87933292291143,1781379610,DyLam
119999,281.19982947160025,1781379610,DyLam
120999,283.7106422113976,1781379610,DyLam
121999,285.06238322373326,1781379610,DyLam
122999,285.6261447610676,1781379610,DyLam
123999,283.5315185756877,1781379610,DyLam
124999,286.8581162590042,1781379610,DyLam
125999,280.7357230210165,1781379610,DyLam
126999,285.0102305228609,1781379610,DyLam
127999,282.17577813368723,1781379610,DyLam
128999,285.95511350745454,1781379610,DyLam
129999,284.35639596638845,1781379610,DyLam
130999,288.50101840895763,1781379610,DyLam
131999,291.205923932868,1781379610,DyLam
132999,285.2011612685936,1781379610,DyLam
133999,289.4796161744221,1781379610,DyLam
134999,285.28510694304816,1781379610,DyLam
135999,291.1719338350701,1781379610,DyLam
136999,281.6954032654773,1781379610,DyLam
137999,281.0575397013107,1781379610,DyLam
138999,286.9654149825384,1781379610,DyLam
139999,286.1662439208178,1781379610,DyLam
140999,287.61612149018384,1781379610,DyLam
141999,291.30397681205085,1781379610,DyLam
142999,288.29430502950686,1781379610,DyLam
143999,293.45571588258,1781379610,DyLam
144999,288.8706621572474,1781379610,DyLam
145999,285.8369494552625,1781379610,DyLam
146999,290.06641978353986,1781379610,DyLam
147999,286.8788567576819,1781379610,DyLam
148999,295.4031124484461,1781379610,DyLam
149999,290.2394516091154,1781379610,DyLam
150999,287.9380807450439,1781379610,DyLam
151999,288.91172576195726,1781379610,DyLam
152999,299.8629650050934,1781379610,DyLam
153999,298.23792124744784,1781379610,DyLam
154999,298.160225572944,1781379610,DyLam
155999,297.1208854034173,1781379610,DyLam
156999,296.17413205078003,1781379610,DyLam
157999,297.82040566224106,1781379610,DyLam
158999,297.54588547138985,1781379610,DyLam
159999,298.30289002867,1781379610,DyLam
160999,295.1540264703672,1781379610,DyLam
161999,296.2775003010201,1781379610,DyLam
162999,298.2101954033645,1781379610,DyLam
163999,301.0252514790073,1781379610,DyLam
164999,302.4230265710418,1781379610,DyLam
165999,300.4010611108969,1781379610,DyLam
166999,301.2693955466109,1781379610,DyLam
167999,291.9542582948486,1781379610,DyLam
168999,306.91129513396106,1781379610,DyLam
169999,305.28180944950594,1781379610,DyLam
170999,300.40891181867835,1781379610,DyLam
171999,299.1501091270084,1781379610,DyLam
172999,301.0112930553095,1781379610,DyLam
173999,304.2118303067639,1781379610,DyLam
174999,302.8020624960751,1781379610,DyLam
175999,303.0738584059668,1781379610,DyLam
176999,303.9493849810141,1781379610,DyLam
177999,310.3339470136779,1781379610,DyLam
178999,306.14401945844327,1781379610,DyLam
179999,308.292234457181,1781379610,DyLam
180999,307.16877621701707,1781379610,DyLam
181999,305.9453441669329,1781379610,DyLam
182999,308.22013368944334,1781379610,DyLam
183999,311.3213757229431,1781379610,DyLam
184999,311.3301922808656,1781379610,DyLam
185999,311.4714291416849,1781379610,DyLam
186999,314.1362656743548,1781379610,DyLam
187999,314.9909332791582,1781379610,DyLam
188999,311.035986174246,1781379610,DyLam
189999,303.67396308541214,1781379610,DyLam
190999,309.6644309646568,1781379610,DyLam
191999,310.7715905914974,1781379610,DyLam
192999,313.7570180881454,1781379610,DyLam
193999,309.5241875124225,1781379610,DyLam
194999,313.028878316317,1781379610,DyLam
195999,312.37189645752755,1781379610,DyLam
196999,312.6454705573605,1781379610,DyLam
197999,305.45088725373466,1781379610,DyLam
198999,311.23040083807314,1781379610,DyLam
199999,310.2316048002616,1781379610,DyLam
200999,311.77065413391387,1781379610,DyLam
201999,312.5186067411152,1781379610,DyLam
202999,311.2820519534263,1781379610,DyLam
203999,311.56190219209554,1781379610,DyLam
204999,312.3678822623119,1781379610,DyLam
205999,313.01385591956347,1781379610,DyLam
206999,312.93450210754133,1781379610,DyLam
207999,305.41782902844403,1781379610,DyLam
208999,314.562452311819,1781379610,DyLam
209999,306.757796324196,1781379610,DyLam
210999,311.19401884599336,1781379610,DyLam
211999,308.3238591884193,1781379610,DyLam
212999,308.1668480068472,1781379610,DyLam
213999,310.7858962225032,1781379610,DyLam
214999,311.385053285246,1781379610,DyLam
215999,307.4197845253792,1781379610,DyLam
216999,315.1818790319313,1781379610,DyLam
217999,306.7397823875082,1781379610,DyLam
218999,310.051791246182,1781379610,DyLam
219999,310.8550430028243,1781379610,DyLam
220999,319.6807157114325,1781379610,DyLam
221999,314.7775159612887,1781379610,DyLam
222999,317.08141132131067,1781379610,DyLam
223999,320.43331706914904,1781379610,DyLam
224999,316.04695414553333,1781379610,DyLam
225999,316.295183065383,1781379610,DyLam
226999,320.2920442040596,1781379610,DyLam
227999,310.4314558494352,1781379610,DyLam
228999,315.20387124660084,1781379610,DyLam
229999,312.33287614055683,1781379610,DyLam
230999,310.7891688167437,1781379610,DyLam
231999,320.5480549466171,1781379610,DyLam
232999,318.0144280162548,1781379610,DyLam
233999,312.7869833898756,1781379610,DyLam
234999,313.5970656969054,1781379610,DyLam
235999,305.6876383159295,1781379610,DyLam
236999,317.09412650645567,1781379610,DyLam
237999,316.2271896523708,1781379610,DyLam
238999,318.936042093171,1781379610,DyLam
239999,315.419681081022,1781379610,DyLam
240999,316.60029739531257,1781379610,DyLam
241999,314.71828819212675,1781379610,DyLam
242999,319.37704563374456,1781379610,DyLam
243999,314.8440349960469,1781379610,DyLam
244999,314.3401228791939,1781379610,DyLam
245999,313.02424574491414,1781379610,DyLam
246999,320.1763035417918,1781379610,DyLam
247999,320.5633283148549,1781379610,DyLam
248999,316.50206435563626,1781379610,DyLam
249999,314.08157411084807,1781379610,DyLam
250999,314.54346775527523,1781379610,DyLam
251999,315.6217068786313,1781379610,DyLam
252999,316.7771595485681,1781379610,DyLam
253999,320.1289451184383,1781379610,DyLam
254999,322.7386532723447,1781379610,DyLam
255999,313.51407201726107,1781379610,DyLam
256999,319.4792295700713,1781379610,DyLam
257999,320.6005285720934,1781379610,DyLam
258999,320.9824320602931,1781379610,DyLam
259999,318.4781128630781,1781379610,DyLam
260999,320.7058729069203,1781379610,DyLam
261999,317.507700973761,1781379610,DyLam
262999,320.1941637916305,1781379610,DyLam
263999,321.7648782467454,1781379610,DyLam
264999,321.09516232583707,1781379610,DyLam
265999,320.3234686418976,1781379610,DyLam
266999,321.62166862142067,1781379610,DyLam
267999,320.90278592624446,1781379610,DyLam
268999,321.45180309607844,1781379610,DyLam
269999,319.0875775979031,1781379610,DyLam
270999,318.4105443936077,1781379610,DyLam
271999,319.93204694312936,1781379610,DyLam
272999,321.2527747955201,1781379610,DyLam
273999,316.76239679233385,1781379610,DyLam
274999,317.46894728411166,1781379610,DyLam
275999,321.8696269276633,1781379610,DyLam
276999,323.7661956296279,1781379610,DyLam
277999,326.35161309185446,1781379610,DyLam
278999,323.1588166823186,1781379610,DyLam
279999,322.6867716321445,1781379610,DyLam
280999,327.88918007022073,1781379610,DyLam
281999,324.6844713962402,1781379610,DyLam
282999,324.99901929153214,1781379610,DyLam
283999,325.6337035000314,1781379610,DyLam
284999,322.1928819042354,1781379610,DyLam
285999,322.9036564355073,1781379610,DyLam
286999,324.74973550947146,1781379610,DyLam
287999,328.5568191794125,1781379610,DyLam
288999,329.5957645761598,1781379610,DyLam
289999,330.3038697857066,1781379610,DyLam
290999,322.41900262560915,1781379610,DyLam
291999,328.8873204989161,1781379610,DyLam
292999,324.3983557761657,1781379610,DyLam
293999,322.504713954087,1781379610,DyLam
294999,325.3549530855696,1781379610,DyLam
295999,321.97342075593366,1781379610,DyLam
296999,325.2436680791584,1781379610,DyLam
297999,322.5435187827298,1781379610,DyLam
298999,330.1772922509573,1781379610,DyLam
299999,323.9192593518966,1781379610,DyLam
300999,320.48876517375913,1781379610,DyLam
301999,326.4512250163914,1781379610,DyLam
302999,322.339658815982,1781379610,DyLam
303999,327.1817592682056,1781379610,DyLam
304999,320.0217165245496,1781379610,DyLam
305999,325.9595151189259,1781379610,DyLam
306999,331.6708814148931,1781379610,DyLam
307999,329.8382775040769,1781379610,DyLam
308999,316.7379821352707,1781379610,DyLam
309999,324.9498976751628,1781379610,DyLam
310999,328.1985484620659,1781379610,DyLam
311999,329.58593354582723,1781379610,DyLam
312999,327.1564360781144,1781379610,DyLam
313999,318.5626272495608,1781379610,DyLam
314999,319.1601345395907,1781379610,DyLam
315999,321.04820069546065,1781379610,DyLam
316999,323.5080123315745,1781379610,DyLam
317999,322.1471217801066,1781379610,DyLam
318999,325.75022981706087,1781379610,DyLam
319999,330.4600481108424,1781379610,DyLam
320999,327.7164068028964,1781379610,DyLam
321999,324.10432775050475,1781379610,DyLam
322999,328.3380717046293,1781379610,DyLam
323999,328.52505066248807,1781379610,DyLam
324999,326.8878419769675,1781379610,DyLam
325999,328.11747703403586,1781379610,DyLam
326999,329.72388385407635,1781379610,DyLam
327999,330.6243374969024,1781379610,DyLam
328999,329.2555836660845,1781379610,DyLam
329999,323.94685117043065,1781379610,DyLam
330999,325.32824879613884,1781379610,DyLam
331999,332.18449776778226,1781379610,DyLam
332999,332.52785107144905,1781379610,DyLam
333999,330.89346956309026,1781379610,DyLam
334999,331.58306994069346,1781379610,DyLam
335999,329.83064073737347,1781379610,DyLam
336999,331.8813900636808,1781379610,DyLam
337999,332.33161487097124,1781379610,DyLam
338999,331.3377390990589,1781379610,DyLam
339999,332.8246645648731,1781379610,DyLam
340999,329.91574853892735,1781379610,DyLam
341999,330.16562450305594,1781379610,DyLam
342999,327.9874461107898,1781379610,DyLam
343999,329.5861634971214,1781379610,DyLam
344999,333.55605241550325,1781379610,DyLam
345999,328.15658237622995,1781379610,DyLam
346999,333.5806798903106,1781379610,DyLam
347999,330.739185503612,1781379610,DyLam
348999,328.8205865355848,1781379610,DyLam
349999,333.92149403220265,1781379610,DyLam
350999,337.39362439546693,1781379610,DyLam
351999,333.84556197605406,1781379610,DyLam
352999,328.1178515944778,1781379610,DyLam
353999,329.43463462044394,1781379610,DyLam
354999,331.96078090495564,1781379610,DyLam
355999,332.30045348970907,1781379610,DyLam
356999,329.4566429543064,1781379610,DyLam
357999,332.954451632969,1781379610,DyLam
358999,335.4731783891191,1781379610,DyLam
359999,333.4115621475839,1781379610,DyLam
360999,337.1546640975125,1781379610,DyLam
361999,332.6747883466819,1781379610,DyLam
362999,340.5299929544583,1781379610,DyLam
363999,332.5600635856947,1781379610,DyLam
364999,339.2284699498188,1781379610,DyLam
365999,336.09949151443413,1781379610,DyLam
366999,338.48576180553863,1781379610,DyLam
367999,337.08784892386063,1781379610,DyLam
368999,332.98710282934206,1781379610,DyLam
369999,328.090338189187,1781379610,DyLam
370999,331.4853027587165,1781379610,DyLam
371999,330.1941722422093,1781379610,DyLam
372999,331.9900995199264,1781379610,DyLam
373999,340.55305859331514,1781379610,DyLam
374999,337.7423082210685,1781379610,DyLam
375999,336.9056418211196,1781379610,DyLam
376999,332.16256724815565,1781379610,DyLam
377999,331.68411716453807,1781379610,DyLam
378999,340.20419864140973,1781379610,DyLam
379999,344.5594386963682,1781379610,DyLam
380999,344.812093474923,1781379610,DyLam
381999,338.27178443996735,1781379610,DyLam
382999,348.8355781855178,1781379610,DyLam
383999,345.2811742872822,1781379610,DyLam
384999,335.8935918131645,1781379610,DyLam
385999,340.80577106534787,1781379610,DyLam
386999,341.3427492185302,1781379610,DyLam
387999,337.5516198629592,1781379610,DyLam
388999,337.3137111128808,1781379610,DyLam
389999,344.60790646941166,1781379610,DyLam
390999,342.9908899566315,1781379610,DyLam
391999,347.01885109854817,1781379610,DyLam
392999,339.3959067592598,1781379610,DyLam
393999,345.453863571241,1781379610,DyLam
394999,348.3516774210366,1781379610,DyLam
395999,348.4203019857981,1781379610,DyLam
396999,343.8577821934741,1781379610,DyLam
397999,346.93413500847646,1781379610,DyLam
398999,347.2283544969055,1781379610,DyLam
399999,341.57993642792246,1781379610,DyLam
400999,345.3411378894584,1781379610,DyLam
401999,342.89880062911425,1781379610,DyLam
402999,339.653689400057,1781379610,DyLam
403999,337.5596849167701,1781379610,DyLam
404999,346.4021617844537,1781379610,DyLam
405999,352.6115429141221,1781379610,DyLam
406999,348.9622353317736,1781379610,DyLam
407999,352.1735486191401,1781379610,DyLam
408999,346.2494241313269,1781379610,DyLam
409999,344.15502517996265,1781379610,DyLam
410999,347.66906394346,1781379610,DyLam
411999,348.9815301117703,1781379610,DyLam
412999,337.47154088783395,1781379610,DyLam
413999,351.94961487505367,1781379610,DyLam
414999,342.95064330635654,1781379610,DyLam
415999,350.0668060109054,1781379610,DyLam
416999,350.7666745084451,1781379610,DyLam
417999,357.2763091074144,1781379610,DyLam
418999,358.02912485298395,1781379610,DyLam
419999,342.322978055102,1781379610,DyLam
420999,345.5132369436713,1781379610,DyLam
421999,359.5765075629409,1781379610,DyLam
422999,361.4799226006943,1781379610,DyLam
423999,358.24572954238704,1781379610,DyLam
424999,358.8217775010781,1781379610,DyLam
425999,359.5247613948688,1781379610,DyLam
426999,357.68122859078426,1781379610,DyLam
427999,358.68312546151134,1781379610,DyLam
428999,353.15739725366035,1781379610,DyLam
429999,358.82468141262035,1781379610,DyLam
430999,372.2037990883611,1781379610,DyLam
431999,358.6995115109996,1781379610,DyLam
432999,364.6901491867923,1781379610,DyLam
433999,362.5656643141612,1781379610,DyLam
434999,366.5968845386232,1781379610,DyLam
435999,358.8423550012057,1781379610,DyLam
436999,365.9295940120499,1781379610,DyLam
437999,364.44718871037855,1781379610,DyLam
438999,353.4109413441359,1781379610,DyLam
439999,361.489075633297,1781379610,DyLam
440999,366.8694779998006,1781379610,DyLam
441999,360.09941429760727,1781379610,DyLam
442999,366.4398587882524,1781379610,DyLam
443999,356.2471820507279,1781379610,DyLam
444999,359.8669581360046,1781379610,DyLam
445999,364.62878343495015,1781379610,DyLam
446999,358.6947835223338,1781379610,DyLam
447999,364.123588077468,1781379610,DyLam
448999,363.976421167933,1781379610,DyLam
449999,359.4775236064313,1781379610,DyLam
450999,373.6004633797608,1781379610,DyLam
451999,364.8823151676064,1781379610,DyLam
452999,368.7279105566106,1781379610,DyLam
453999,372.8622515176377,1781379610,DyLam
454999,365.04114895905536,1781379610,DyLam
455999,362.1104168930624,1781379610,DyLam
456999,367.5066398984875,1781379610,DyLam
457999,372.7180375059209,1781379610,DyLam
458999,371.03682796027726,1781379610,DyLam
459999,372.4981006777077,1781379610,DyLam
460999,374.6669097325112,1781379610,DyLam
461999,361.6239261283391,1781379610,DyLam
462999,369.8876576276288,1781379610,DyLam
463999,364.94700879079227,1781379610,DyLam
464999,369.8608224682615,1781379610,DyLam
465999,368.0000800379226,1781379610,DyLam
466999,369.094530687404,1781379610,DyLam
467999,372.5349998968528,1781379610,DyLam
468999,370.4164621607281,1781379610,DyLam
469999,367.1097841324872,1781379610,DyLam
470999,372.8996660754128,1781379610,DyLam
471999,371.501485399552,1781379610,DyLam
472999,370.2785983836668,1781379610,DyLam
473999,377.0804879825397,1781379610,DyLam
474999,368.380883313572,1781379610,DyLam
475999,361.75399311123226,1781379610,DyLam
476999,367.2040074332096,1781379610,DyLam
477999,366.6040266167444,1781379610,DyLam
478999,376.0032362916153,1781379610,DyLam
479999,369.241676362705,1781379610,DyLam
480999,373.4688184231937,1781379610,DyLam
481999,371.54139301779895,1781379610,DyLam
482999,366.0065922779505,1781379610,DyLam
483999,373.5392275163941,1781379610,DyLam
484999,369.94533018617966,1781379610,DyLam
485999,375.4266032154297,1781379610,DyLam
486999,373.84946439194647,1781379610,DyLam
487999,375.7743448803222,1781379610,DyLam
488999,362.0619885415825,1781379610,DyLam
489999,382.82021082686185,1781379610,DyLam
490999,372.9642599502883,1781379610,DyLam
491999,372.6901948621878,1781379610,DyLam
492999,372.5594133437171,1781379610,DyLam
493999,379.39213062401376,1781379610,DyLam
494999,372.5619012859656,1781379610,DyLam
495999,372.1771893168132,1781379610,DyLam
496999,375.78375000256096,1781379610,DyLam
497999,368.1463820554546,1781379610,DyLam
498999,378.129890588288,1781379610,DyLam
499999,366.9790063763811,1781379610,DyLam
999,3.325734922907207,1781379605,DyLam
1999,-5.722124809189908,1781379605,DyLam
2999,-0.3154943294410124,1781379605,DyLam
3999,-5.169077437093865,1781379605,DyLam
4999,-5.986929890343056,1781379605,DyLam
5999,-6.465701583893536,1781379605,DyLam
6999,2.6338009283518997,1781379605,DyLam
7999,-4.195995734475489,1781379605,DyLam
8999,-9.406419332195757,1781379605,DyLam
9999,-0.5518830070137476,1781379605,DyLam
10999,-0.8001984387113417,1781379605,DyLam
11999,-1.9788412898615468,1781379605,DyLam
12999,-0.5610510237850171,1781379605,DyLam
13999,-6.1282159068070055,1781379605,DyLam
14999,-6.303096471735716,1781379605,DyLam
15999,-4.98142676689195,1781379605,DyLam
16999,-3.192047071750831,1781379605,DyLam
17999,-1.905453780237956,1781379605,DyLam
18999,-1.347270354195756,1781379605,DyLam
19999,-1.1450617681428816,1781379605,DyLam
20999,-2.5601125785905348,1781379605,DyLam
21999,1.207764195594293,1781379605,DyLam
22999,-4.058309556490801,1781379605,DyLam
23999,-0.3660941829228913,1781379605,DyLam
24999,4.438765457184905,1781379605,DyLam
25999,2.941169689077589,1781379605,DyLam
26999,2.988020033805814,1781379605,DyLam
27999,11.592547208538198,1781379605,DyLam
28999,11.45915211916664,1781379605,DyLam
29999,11.16496868714719,1781379605,DyLam
30999,18.77860807421397,1781379605,DyLam
31999,19.869864831841628,1781379605,DyLam
32999,7.811010834200601,1781379605,DyLam
33999,6.9945154667649065,1781379605,DyLam
34999,1.2797263706069633,1781379605,DyLam
35999,75.74475424935144,1781379605,DyLam
36999,115.20670214226242,1781379605,DyLam
37999,87.2063200671779,1781379605,DyLam
38999,133.03760990752778,1781379605,DyLam
39999,146.27152565677193,1781379605,DyLam
40999,157.55392140477682,1781379605,DyLam
41999,168.23748960366032,1781379605,DyLam
42999,177.64329954681943,1781379605,DyLam
43999,181.95562405461723,1781379605,DyLam
44999,201.13936297456095,1781379605,DyLam
45999,196.64885322065237,1781379605,DyLam
46999,213.6826858438536,1781379605,DyLam
47999,207.740718271602,1781379605,DyLam
48999,218.76986107757477,1781379605,DyLam
49999,217.36557003956275,1781379605,DyLam
50999,224.4043879781565,1781379605,DyLam
51999,240.4159576880429,1781379605,DyLam
52999,229.9698908975257,1781379605,DyLam
53999,236.986371324904,1781379605,DyLam
54999,248.5600212180885,1781379605,DyLam
55999,241.25994818712888,1781379605,DyLam
56999,243.2400703357288,1781379605,DyLam
57999,247.982631772479,1781379605,DyLam
58999,256.08280385358154,1781379605,DyLam
59999,256.3981926725089,1781379605,DyLam
60999,250.32134544761504,1781379605,DyLam
61999,253.6901622642534,1781379605,DyLam
62999,247.72778868831327,1781379605,DyLam
63999,249.6438695267188,1781379605,DyLam
64999,249.28571106459577,1781379605,DyLam
65999,247.85720429139377,1781379605,DyLam
66999,246.10560379904507,1781379605,DyLam
67999,240.59520505914685,1781379605,DyLam
68999,232.72864531652937,1781379605,DyLam
69999,240.4810285871491,1781379605,DyLam
70999,231.22824441866192,1781379605,DyLam
71999,232.8093113466057,1781379605,DyLam
72999,225.8376275259824,1781379605,DyLam
73999,227.5275319891483,1781379605,DyLam
74999,227.12593887488396,1781379605,DyLam
75999,225.15551901966185,1781379605,DyLam
76999,222.56607117087523,1781379605,DyLam
77999,224.59960312824572,1781379605,DyLam
78999,223.2067340283912,1781379605,DyLam
79999,227.8329991687587,1781379605,DyLam
80999,228.21175470492813,1781379605,DyLam
81999,227.9439927223093,1781379605,DyLam
82999,232.6147546444091,1781379605,DyLam
83999,230.54105286942985,1781379605,DyLam
84999,229.39925459925155,1781379605,DyLam
85999,236.18443482334916,1781379605,DyLam
86999,237.4577868599767,1781379605,DyLam
87999,243.0522418666357,1781379605,DyLam
88999,243.2626799048389,1781379605,DyLam
89999,248.52896866321316,1781379605,DyLam
90999,251.94595157733727,1781379605,DyLam
91999,256.4258347504127,1781379605,DyLam
92999,262.30467025663063,1781379605,DyLam
93999,257.62537444405865,1781379605,DyLam
94999,258.6829916559664,1781379605,DyLam
95999,269.9021576687676,1781379605,DyLam
96999,271.2917744677206,1781379605,DyLam
97999,269.9765525217611,1781379605,DyLam
98999,271.1566748405176,1781379605,DyLam
99999,272.2238804124098,1781379605,DyLam
100999,274.7655300652957,1781379605,DyLam
101999,282.8745504635657,1781379605,DyLam
102999,280.3638985962398,1781379605,DyLam
103999,278.1186951931264,1781379605,DyLam
104999,282.17085522066736,1781379605,DyLam
105999,284.830314039437,1781379605,DyLam
106999,288.6270748815157,1781379605,DyLam
107999,284.70788818241704,1781379605,DyLam
108999,289.9176070885576,1781379605,DyLam
109999,284.7959491845661,1781379605,DyLam
110999,289.7408758334737,1781379605,DyLam
111999,291.7845509948811,1781379605,DyLam
112999,294.33393586265686,1781379605,DyLam
113999,298.78596650953,1781379605,DyLam
114999,290.51454983807525,1781379605,DyLam
115999,290.8456773306121,1781379605,DyLam
116999,289.8043321089117,1781379605,DyLam
117999,296.0863682298547,1781379605,DyLam
118999,296.4359852583622,1781379605,DyLam
119999,289.0221157563822,1781379605,DyLam
120999,297.098300392583,1781379605,DyLam
121999,304.5502887501994,1781379605,DyLam
122999,297.88491368526854,1781379605,DyLam
123999,304.2167924848815,1781379605,DyLam
124999,305.7791741351617,1781379605,DyLam
125999,309.4882998595633,1781379605,DyLam
126999,304.98222821733594,1781379605,DyLam
127999,304.0267622218671,1781379605,DyLam
128999,306.6589988669482,1781379605,DyLam
129999,307.9372972495169,1781379605,DyLam
130999,313.5729445622154,1781379605,DyLam
131999,303.4111086119913,1781379605,DyLam
132999,308.0406545919081,1781379605,DyLam
133999,311.85875179787274,1781379605,DyLam
134999,306.4034836114907,1781379605,DyLam
135999,312.5783015791497,1781379605,DyLam
136999,305.83099338486994,1781379605,DyLam
137999,312.9009870791245,1781379605,DyLam
138999,305.3049386499208,1781379605,DyLam
139999,306.125148666431,1781379605,DyLam
140999,312.67941573903425,1781379605,DyLam
141999,311.10592275657893,1781379605,DyLam
142999,310.5052257088034,1781379605,DyLam
143999,312.231901958805,1781379605,DyLam
144999,312.68748369779047,1781379605,DyLam
145999,318.8663330976657,1781379605,DyLam
146999,315.9355810718332,1781379605,DyLam
147999,318.479854856504,1781379605,DyLam
148999,312.3959518776662,1781379605,DyLam
149999,314.532675015407,1781379605,DyLam
150999,311.32112555070336,1781379605,DyLam
151999,317.1842752725904,1781379605,DyLam
152999,314.7422212706439,1781379605,DyLam
153999,320.5795711922004,1781379605,DyLam
154999,315.8337660107892,1781379605,DyLam
155999,323.30555022716266,1781379605,DyLam
156999,318.4867684272879,1781379605,DyLam
157999,319.6354434539505,1781379605,DyLam
158999,318.4358755834385,1781379605,DyLam
159999,320.90756034467574,1781379605,DyLam
160999,318.8720960215577,1781379605,DyLam
161999,324.5693650100423,1781379605,DyLam
162999,323.3737777472085,1781379605,DyLam
163999,322.8567640270695,1781379605,DyLam
164999,325.6148203412314,1781379605,DyLam
165999,323.9985733715843,1781379605,DyLam
166999,323.40852326473845,1781379605,DyLam
167999,325.31450846976026,1781379605,DyLam
168999,322.6199456955639,1781379605,DyLam
169999,320.6831988867561,1781379605,DyLam
170999,320.5447519757621,1781379605,DyLam
171999,326.8288138642867,1781379605,DyLam
172999,314.9743498148232,1781379605,DyLam
173999,324.1826793675013,1781379605,DyLam
174999,320.23436777982005,1781379605,DyLam
175999,321.3852738683989,1781379605,DyLam
176999,316.9444567287607,1781379605,DyLam
177999,325.7159599003137,1781379605,DyLam
178999,323.8648596503997,1781379605,DyLam
179999,326.6459045203989,1781379605,DyLam
180999,321.7229100633706,1781379605,DyLam
181999,321.2423198815782,1781379605,DyLam
182999,325.70610974990984,1781379605,DyLam
183999,321.94485724925784,1781379605,DyLam
184999,329.04138022410774,1781379605,DyLam
185999,324.50788576723886,1781379605,DyLam
186999,325.7665891725412,1781379605,DyLam
187999,323.06067576334743,1781379605,DyLam
188999,330.5320773603851,1781379605,DyLam
189999,323.5902163285822,1781379605,DyLam
190999,324.0859902970022,1781379605,DyLam
191999,329.2284509749988,1781379605,DyLam
192999,328.6640916949543,1781379605,DyLam
193999,331.0226354391274,1781379605,DyLam
194999,326.81097709559083,1781379605,DyLam
195999,327.6206094897687,1781379605,DyLam
196999,323.4058482037649,1781379605,DyLam
197999,329.5720931161256,1781379605,DyLam
198999,326.42512562205684,1781379605,DyLam
199999,325.50634067130267,1781379605,DyLam
200999,336.067094494408,1781379605,DyLam
201999,331.33158483147224,1781379605,DyLam
202999,337.3074807592953,1781379605,DyLam
203999,327.90783754649965,1781379605,DyLam
204999,329.5233556492671,1781379605,DyLam
205999,341.1880842132233,1781379605,DyLam
206999,337.9026303121462,1781379605,DyLam
207999,334.97810118384723,1781379605,DyLam
208999,339.4434684375369,1781379605,DyLam
209999,332.9693581190688,1781379605,DyLam
210999,334.0181086175552,1781379605,DyLam
211999,333.3255116268399,1781379605,DyLam
212999,339.79740016008174,1781379605,DyLam
213999,334.2710049813565,1781379605,DyLam
214999,335.38613457144004,1781379605,DyLam
215999,335.50065200325133,1781379605,DyLam
216999,336.2919279213955,1781379605,DyLam
217999,332.1078363265188,1781379605,DyLam
218999,342.17193033436286,1781379605,DyLam
219999,332.8086253023543,1781379605,DyLam
220999,340.5181947005548,1781379605,DyLam
221999,339.2475997367504,1781379605,DyLam
222999,341.80802022059504,1781379605,DyLam
223999,337.7019455070953,1781379605,DyLam
224999,334.67278429095126,1781379605,DyLam
225999,331.69846834822465,1781379605,DyLam
226999,346.5358976210181,1781379605,DyLam
227999,342.82631261510903,1781379605,DyLam
228999,342.70432985971627,1781379605,DyLam
229999,350.40352797821794,1781379605,DyLam
230999,349.78898084549604,1781379605,DyLam
231999,343.315422308561,1781379605,DyLam
232999,346.04239283414904,1781379605,DyLam
233999,344.068129203524,1781379605,DyLam
234999,344.1443164701101,1781379605,DyLam
235999,345.61586071821785,1781379605,DyLam
236999,334.36310023525897,1781379605,DyLam
237999,348.4682052742894,1781379605,DyLam
238999,341.85802692585605,1781379605,DyLam
239999,348.13298893197805,1781379605,DyLam
240999,351.8624558624136,1781379605,DyLam
241999,351.04297779918727,1781379605,DyLam
242999,352.7109299059675,1781379605,DyLam
243999,359.35489526806174,1781379605,DyLam
244999,348.1249627648576,1781379605,DyLam
245999,347.0919102830674,1781379605,DyLam
246999,358.42748112962613,1781379605,DyLam
247999,349.0179491396313,1781379605,DyLam
248999,354.3515797196712,1781379605,DyLam
249999,361.64823838503736,1781379605,DyLam
250999,354.4600105753888,1781379605,DyLam
251999,361.9859331200802,1781379605,DyLam
252999,359.4829334825103,1781379605,DyLam
253999,50.44567131474362,1781379605,DyLam
254999,353.54648459796863,1781379605,DyLam
255999,357.8483783565365,1781379605,DyLam
256999,363.9846855725188,1781379605,DyLam
257999,367.2734867689654,1781379605,DyLam
258999,357.40924800694347,1781379605,DyLam
259999,361.18497658831706,1781379605,DyLam
260999,363.1144687831432,1781379605,DyLam
261999,363.7955539068751,1781379605,DyLam
262999,370.9258682060104,1781379605,DyLam
263999,368.0474239356967,1781379605,DyLam
264999,362.42180193017145,1781379605,DyLam
265999,371.3500477993168,1781379605,DyLam
266999,369.8682589491154,1781379605,DyLam
267999,368.4418401523516,1781379605,DyLam
268999,376.94922715267165,1781379605,DyLam
269999,360.9956278618363,1781379605,DyLam
270999,376.1989173426088,1781379605,DyLam
271999,366.02639544887984,1781379605,DyLam
272999,380.0117177362208,1781379605,DyLam
273999,372.64580667583385,1781379605,DyLam
274999,378.8383854230393,1781379605,DyLam
275999,378.5521703543147,1781379605,DyLam
276999,373.1613497469468,1781379605,DyLam
277999,369.9856609263876,1781379605,DyLam
278999,366.5182337192332,1781379605,DyLam
279999,371.1712074252221,1781379605,DyLam
280999,378.3730313869706,1781379605,DyLam
281999,368.4402618208292,1781379605,DyLam
282999,372.0949963600998,1781379605,DyLam
283999,362.71215386370005,1781379605,DyLam
284999,380.817241775896,1781379605,DyLam
285999,368.5911643742663,1781379605,DyLam
286999,376.4837472179417,1781379605,DyLam
287999,367.3988680329994,1781379605,DyLam
288999,367.0955639791253,1781379605,DyLam
289999,370.4356610874136,1781379605,DyLam
290999,356.8288685323722,1781379605,DyLam
291999,376.86077159108567,1781379605,DyLam
292999,375.2476322468288,1781379605,DyLam
293999,364.48703581994863,1781379605,DyLam
294999,365.9986076804506,1781379605,DyLam
295999,368.245684996833,1781379605,DyLam
296999,164.28021584844163,1781379605,DyLam
297999,365.4744879605045,1781379605,DyLam
298999,371.0387536538133,1781379605,DyLam
299999,381.9129606886571,1781379605,DyLam
300999,364.5651847203049,1781379605,DyLam
301999,370.77730371114257,1781379605,DyLam
302999,371.4922027287424,1781379605,DyLam
303999,374.0778674225547,1781379605,DyLam
304999,358.55815919737785,1781379605,DyLam
305999,369.4672866713596,1781379605,DyLam
306999,369.7060383746144,1781379605,DyLam
307999,131.4561520625875,1781379605,DyLam
308999,368.2068447373975,1781379605,DyLam
309999,369.4946055797483,1781379605,DyLam
310999,380.2523750957435,1781379605,DyLam
311999,373.2680526296551,1781379605,DyLam
312999,372.2826479885409,1781379605,DyLam
313999,382.6793068504396,1781379605,DyLam
314999,379.35238626725805,1781379605,DyLam
315999,386.0324669701934,1781379605,DyLam
316999,375.0884263058058,1781379605,DyLam
317999,382.6223907613576,1781379605,DyLam
318999,378.19550201251127,1781379605,DyLam
319999,377.8892149684144,1781379605,DyLam
320999,379.4727547358599,1781379605,DyLam
321999,388.2072997771944,1781379605,DyLam
322999,374.0820637892065,1781379605,DyLam
323999,384.8916323297402,1781379605,DyLam
324999,379.3637001260724,1781379605,DyLam
325999,392.88791443173193,1781379605,DyLam
326999,381.5051113037301,1781379605,DyLam
327999,386.4683293620147,1781379605,DyLam
328999,387.21709693100246,1781379605,DyLam
329999,387.3198391431567,1781379605,DyLam
330999,389.660403880172,1781379605,DyLam
331999,378.2161381727517,1781379605,DyLam
332999,382.028134915546,1781379605,DyLam
333999,388.9159649808334,1781379605,DyLam
334999,389.05573190829006,1781379605,DyLam
335999,224.9680611521768,1781379605,DyLam
336999,400.423743344236,1781379605,DyLam
337999,399.28830118757486,1781379605,DyLam
338999,399.1058324911269,1781379605,DyLam
339999,396.1255295797593,1781379605,DyLam
340999,389.2980930223074,1781379605,DyLam
341999,389.5319696710802,1781379605,DyLam
342999,390.75416953764415,1781379605,DyLam
343999,398.4933699036703,1781379605,DyLam
344999,385.27136468394673,1781379605,DyLam
345999,394.12609438420094,1781379605,DyLam
346999,391.1362715662461,1781379605,DyLam
347999,392.6002254927102,1781379605,DyLam
348999,391.7802898955712,1781379605,DyLam
349999,395.2720856402405,1781379605,DyLam
350999,388.0045036001512,1781379605,DyLam
351999,392.8625602223544,1781379605,DyLam
352999,390.4864370965197,1781379605,DyLam
353999,392.2525140387762,1781379605,DyLam
354999,393.6748223113869,1781379605,DyLam
355999,392.8069361976538,1781379605,DyLam
356999,390.7085450318935,1781379605,DyLam
357999,390.1912118403598,1781379605,DyLam
358999,396.0467487346942,1781379605,DyLam
359999,401.8451705378091,1781379605,DyLam
360999,402.74491530130496,1781379605,DyLam
361999,398.71172763392855,1781379605,DyLam
362999,369.9394252472075,1781379605,DyLam
363999,384.4994750365569,1781379605,DyLam
364999,391.7711653869282,1781379605,DyLam
365999,397.3122902269481,1781379605,DyLam
366999,387.4289924501576,1781379605,DyLam
367999,391.3199722044349,1781379605,DyLam
368999,386.92880207855774,1781379605,DyLam
369999,376.53320201433326,1781379605,DyLam
370999,394.61093293885614,1781379605,DyLam
371999,384.5134871310671,1781379605,DyLam
372999,402.9656776865348,1781379605,DyLam
373999,390.59741140143393,1781379605,DyLam
374999,395.2392610360381,1781379605,DyLam
375999,393.50174078266025,1781379605,DyLam
376999,136.94547558924822,1781379605,DyLam
377999,378.5731625371173,1781379605,DyLam
378999,402.0941222440698,1781379605,DyLam
379999,399.4125592273169,1781379605,DyLam
380999,381.0482270607116,1781379605,DyLam
381999,388.0722396813298,1781379605,DyLam
382999,402.5777577394701,1781379605,DyLam
383999,402.1451725747409,1781379605,DyLam
384999,401.37042687281576,1781379605,DyLam
385999,402.867687799341,1781379605,DyLam
386999,398.67303378575673,1781379605,DyLam
387999,401.7509486506496,1781379605,DyLam
388999,398.16038302732267,1781379605,DyLam
389999,387.508264951797,1781379605,DyLam
390999,402.9768589214278,1781379605,DyLam
391999,401.4925353651416,1781379605,DyLam
392999,382.164980964704,1781379605,DyLam
393999,398.5262221424536,1781379605,DyLam
394999,407.99291530020463,1781379605,DyLam
395999,385.810767513385,1781379605,DyLam
396999,396.2020433965219,1781379605,DyLam
397999,400.3152641977248,1781379605,DyLam
398999,398.9857977910592,1781379605,DyLam
399999,398.20907267549626,1781379605,DyLam
400999,405.3152157655037,1781379605,DyLam
401999,412.868825047478,1781379605,DyLam
402999,413.2503730186845,1781379605,DyLam
403999,395.58075519782375,1781379605,DyLam
404999,389.0815618571678,1781379605,DyLam
405999,403.3029418230549,1781379605,DyLam
406999,406.6167332319334,1781379605,DyLam
407999,404.8153684493277,1781379605,DyLam
408999,390.202712103769,1781379605,DyLam
409999,407.3110019674709,1781379605,DyLam
410999,388.9795916327178,1781379605,DyLam
411999,394.3475589701492,1781379605,DyLam
412999,401.3676271630357,1781379605,DyLam
413999,398.3303776020384,1781379605,DyLam
414999,401.41087513732793,1781379605,DyLam
415999,401.2581164175623,1781379605,DyLam
416999,399.0668819103883,1781379605,DyLam
417999,400.7694442088228,1781379605,DyLam
418999,412.4122949849252,1781379605,DyLam
419999,410.0960864527844,1781379605,DyLam
420999,405.2094662487689,1781379605,DyLam
421999,382.8135435963477,1781379605,DyLam
422999,391.4640758642428,1781379605,DyLam
423999,408.58494071253807,1781379605,DyLam
424999,406.68512647420016,1781379605,DyLam
425999,403.2224310944151,1781379605,DyLam
426999,412.9472431607734,1781379605,DyLam
427999,416.5665900801289,1781379605,DyLam
428999,401.0655877003933,1781379605,DyLam
429999,403.25297802546135,1781379605,DyLam
430999,413.5098192232917,1781379605,DyLam
431999,409.0404711988348,1781379605,DyLam
432999,409.6465212757172,1781379605,DyLam
433999,411.34638285015257,1781379605,DyLam
434999,404.2870224038779,1781379605,DyLam
435999,407.860710789494,1781379605,DyLam
436999,413.385005870311,1781379605,DyLam
437999,56.06213794571092,1781379605,DyLam
438999,400.89250583876935,1781379605,DyLam
439999,386.9037463378168,1781379605,DyLam
440999,417.4177526660876,1781379605,DyLam
441999,401.31956065467824,1781379605,DyLam
442999,399.5112958880802,1781379605,DyLam
443999,404.014345906482,1781379605,DyLam
444999,407.1497323112613,1781379605,DyLam
445999,410.4638557100345,1781379605,DyLam
446999,399.6417377082155,1781379605,DyLam
447999,414.69320930281015,1781379605,DyLam
448999,410.3972846511538,1781379605,DyLam
449999,409.37480106038186,1781379605,DyLam
450999,409.3072225535715,1781379605,DyLam
451999,393.1450836271882,1781379605,DyLam
452999,398.4147069179339,1781379605,DyLam
453999,403.9895496754717,1781379605,DyLam
454999,399.1889593696308,1781379605,DyLam
455999,402.5645087860984,1781379605,DyLam
456999,401.3700174812172,1781379605,DyLam
457999,397.9117377268678,1781379605,DyLam
458999,414.5820895187789,1781379605,DyLam
459999,415.2648627050163,1781379605,DyLam
460999,402.9385906630338,1781379605,DyLam
461999,417.4788208120223,1781379605,DyLam
462999,400.2624365882642,1781379605,DyLam
463999,404.5933524265272,1781379605,DyLam
464999,417.35671293011353,1781379605,DyLam
465999,412.6301145678372,1781379605,DyLam
466999,408.4825600934376,1781379605,DyLam
467999,426.3224960900875,1781379605,DyLam
468999,399.7169422995051,1781379605,DyLam
469999,405.0713046940724,1781379605,DyLam
470999,409.42371049388646,1781379605,DyLam
471999,416.3487145593747,1781379605,DyLam
472999,406.0930297487734,1781379605,DyLam
473999,417.8775198946566,1781379605,DyLam
474999,424.428319967149,1781379605,DyLam
475999,423.31898927735375,1781379605,DyLam
476999,419.9646249012978,1781379605,DyLam
477999,426.5579504191061,1781379605,DyLam
478999,414.0773617737333,1781379605,DyLam
479999,419.25363099213735,1781379605,DyLam
480999,415.8014517188651,1781379605,DyLam
481999,419.05587119362406,1781379605,DyLam
482999,414.4997090179412,1781379605,DyLam
483999,425.3011689555892,1781379605,DyLam
484999,422.6803583496789,1781379605,DyLam
485999,416.7348102067434,1781379605,DyLam
486999,411.9008331709686,1781379605,DyLam
487999,424.3726419543876,1781379605,DyLam
488999,409.3667192118315,1781379605,DyLam
489999,417.75163096573726,1781379605,DyLam
490999,423.8688073396553,1781379605,DyLam
491999,415.0513701478845,1781379605,DyLam
492999,417.49401681556384,1781379605,DyLam
493999,425.36367903578633,1781379605,DyLam
494999,423.64322343047377,1781379605,DyLam
495999,413.52644004911065,1781379605,DyLam
496999,422.8724576703985,1781379605,DyLam
497999,417.3008827583437,1781379605,DyLam
498999,423.8306969183827,1781379605,DyLam
499999,425.3627721440341,1781379605,DyLam
999,0.4965854762340791,1781379600,DyLam
1999,-12.707603404139611,1781379600,DyLam
2999,-6.1670473691143215,1781379600,DyLam
3999,-5.894426109205144,1781379600,DyLam
4999,-0.6000872314959724,1781379600,DyLam
5999,-10.945295647334008,1781379600,DyLam
6999,-6.686636084264012,1781379600,DyLam
7999,0.1873369884322011,1781379600,DyLam
8999,0.5696319770826135,1781379600,DyLam
9999,-4.350430359752928,1781379600,DyLam
10999,2.0706443325670043,1781379600,DyLam
11999,0.5321625328983391,1781379600,DyLam
12999,-6.634983381605158,1781379600,DyLam
13999,-7.464106632839504,1781379600,DyLam
14999,-3.986337998754632,1781379600,DyLam
15999,-9.661322889134285,1781379600,DyLam
16999,-1.8387593424369044,1781379600,DyLam
17999,-2.047475678919388,1781379600,DyLam
18999,2.8127674428747085,1781379600,DyLam
19999,-4.847107136160965,1781379600,DyLam
20999,-1.4932264833358566,1781379600,DyLam
21999,-1.834953053810904,1781379600,DyLam
22999,-1.6102519255814738,1781379600,DyLam
23999,2.3988565861767035,1781379600,DyLam
24999,0.469198122628071,1781379600,DyLam
25999,4.053629498886001,1781379600,DyLam
26999,4.175236651018458,1781379600,DyLam
27999,4.891920305105825,1781379600,DyLam
28999,9.12343079615836,1781379600,DyLam
29999,9.32465151690421,1781379600,DyLam
30999,12.565371700134516,1781379600,DyLam
31999,15.11945932718781,1781379600,DyLam
32999,5.043468492784379,1781379600,DyLam
33999,10.09942387807572,1781379600,DyLam
34999,12.953944649752929,1781379600,DyLam
35999,49.38233524343949,1781379600,DyLam
36999,46.08219229140775,1781379600,DyLam
37999,55.93560077664144,1781379600,DyLam
38999,145.85547879133043,1781379600,DyLam
39999,172.3249013620871,1781379600,DyLam
40999,153.6637978607205,1781379600,DyLam
41999,136.0977406419196,1781379600,DyLam
42999,175.97482988927078,1781379600,DyLam
43999,193.9374039460666,1781379600,DyLam
44999,196.6824518553568,1781379600,DyLam
45999,206.78025426002185,1781379600,DyLam
46999,213.888043078642,1781379600,DyLam
47999,228.23130647415252,1781379600,DyLam
48999,236.2743843044289,1781379600,DyLam
49999,203.535736340382,1781379600,DyLam
50999,267.6396406218216,1781379600,DyLam
51999,268.0430496682864,1781379600,DyLam
52999,269.3476884743517,1781379600,DyLam
53999,286.9500183318638,1781379600,DyLam
54999,270.0188064296699,1781379600,DyLam
55999,281.2890603704457,1781379600,DyLam
56999,272.11530811836167,1781379600,DyLam
57999,274.2471344651791,1781379600,DyLam
58999,295.7981016350313,1781379600,DyLam
59999,287.6488122746693,1781379600,DyLam
60999,286.0559424673633,1781379600,DyLam
61999,285.9939726041871,1781379600,DyLam
62999,295.597134418104,1781379600,DyLam
63999,290.2304194401004,1781379600,DyLam
64999,301.8494173978464,1781379600,DyLam
65999,296.2813474175323,1781379600,DyLam
66999,301.3672789535677,1781379600,DyLam
67999,293.391510116416,1781379600,DyLam
68999,295.1506611619152,1781379600,DyLam
69999,288.6918525995712,1781379600,DyLam
70999,283.8611043703015,1781379600,DyLam
71999,284.24701818437615,1781379600,DyLam
72999,284.7446732240184,1781379600,DyLam
73999,269.81923629992275,1781379600,DyLam
74999,265.5314572011172,1781379600,DyLam
75999,259.33589015945114,1781379600,DyLam
76999,255.59240249867744,1781379600,DyLam
77999,253.61613999288195,1781379600,DyLam
78999,242.9877906276797,1781379600,DyLam
79999,243.40445196790915,1781379600,DyLam
80999,236.66833483724847,1781379600,DyLam
81999,240.35863496370385,1781379600,DyLam
82999,238.1774923381989,1781379600,DyLam
83999,245.06521578822824,1781379600,DyLam
84999,232.6871845261579,1781379600,DyLam
85999,234.67927715504345,1781379600,DyLam
86999,230.40256551342372,1781379600,DyLam
87999,235.69913785416875,1781379600,DyLam
88999,239.5187303840505,1781379600,DyLam
89999,244.26622355174823,1781379600,DyLam
90999,250.0177755870712,1781379600,DyLam
91999,256.22487915934875,1781379600,DyLam
92999,263.3091614076955,1781379600,DyLam
93999,266.5550644317812,1781379600,DyLam
94999,269.5314999876396,1781379600,DyLam
95999,270.714957257503,1781379600,DyLam
96999,281.42132527437326,1781379600,DyLam
97999,279.75901916709256,1781379600,DyLam
98999,284.60572822856574,1781379600,DyLam
99999,289.58278956306765,1781379600,DyLam
100999,292.02287655079846,1781379600,DyLam
101999,287.44331667008726,1781379600,DyLam
102999,296.6304669707109,1781379600,DyLam
103999,298.64813951313323,1781379600,DyLam
104999,305.7546736655275,1781379600,DyLam
105999,305.53161235976506,1781379600,DyLam
106999,305.502928800394,1781379600,DyLam
107999,303.6117676041402,1781379600,DyLam
108999,308.3181276571974,1781379600,DyLam
109999,312.9000292480109,1781379600,DyLam
110999,308.4121252725454,1781379600,DyLam
111999,313.9171036063043,1781379600,DyLam
112999,313.6893582530496,1781379600,DyLam
113999,319.3236085874213,1781379600,DyLam
114999,320.2887229387121,1781379600,DyLam
115999,315.7938531113165,1781379600,DyLam
116999,315.4790978625241,1781379600,DyLam
117999,314.8059623900529,1781379600,DyLam
118999,332.3106351527112,1781379600,DyLam
119999,317.3088692812234,1781379600,DyLam
120999,313.4294397559275,1781379600,DyLam
121999,320.8856069773124,1781379600,DyLam
122999,304.6280246563647,1781379600,DyLam
123999,310.4659292442593,1781379600,DyLam
124999,317.03001702712135,1781379600,DyLam
125999,314.5444384015788,1781379600,DyLam
126999,313.36903140135706,1781379600,DyLam
127999,313.23590837612784,1781379600,DyLam
128999,314.306794800161,1781379600,DyLam
129999,316.64437342322384,1781379600,DyLam
130999,314.4312296943418,1781379600,DyLam
131999,309.5563796199301,1781379600,DyLam
132999,315.40750613281386,1781379600,DyLam
133999,319.177044878121,1781379600,DyLam
134999,316.63101146575224,1781379600,DyLam
135999,314.54959237446496,1781379600,DyLam
136999,322.4390554658605,1781379600,DyLam
137999,318.6371588260858,1781379600,DyLam
138999,323.47569668801043,1781379600,DyLam
139999,323.92642439857275,1781379600,DyLam
140999,329.26440708214915,1781379600,DyLam
141999,335.27548530160504,1781379600,DyLam
142999,330.8781955945806,1781379600,DyLam
143999,337.0132611637253,1781379600,DyLam
144999,326.9308303347852,1781379600,DyLam
145999,337.2160611989071,1781379600,DyLam
146999,337.7929985089613,1781379600,DyLam
147999,341.5829538937737,1781379600,DyLam
148999,355.6589576544869,1781379600,DyLam
149999,348.53498340042535,1781379600,DyLam
150999,358.76756652884217,1781379600,DyLam
151999,352.8023991453148,1781379600,DyLam
152999,359.38695818391045,1781379600,DyLam
153999,361.5076245226459,1781379600,DyLam
154999,360.5543006215916,1781379600,DyLam
155999,373.3282074865032,1781379600,DyLam
156999,364.9465027375781,1781379600,DyLam
157999,380.7290536478392,1781379600,DyLam
158999,373.5037446217193,1781379600,DyLam
159999,389.156154609774,1781379600,DyLam
160999,385.2658977875973,1781379600,DyLam
161999,386.181267122028,1781379600,DyLam
162999,398.9266881855117,1781379600,DyLam
163999,390.8765612112786,1781379600,DyLam
164999,400.0327132920643,1781379600,DyLam
165999,388.0535616662632,1781379600,DyLam
166999,379.67939128145406,1781379600,DyLam
167999,404.188727822851,1781379600,DyLam
168999,410.2701078630587,1781379600,DyLam
169999,379.829570583988,1781379600,DyLam
170999,419.55482571557854,1781379600,DyLam
171999,407.1896257898093,1781379600,DyLam
172999,419.9218715698456,1781379600,DyLam
173999,421.51939872940017,1781379600,DyLam
174999,404.3873584916171,1781379600,DyLam
175999,410.3171864665557,1781379600,DyLam
176999,404.97356520827753,1781379600,DyLam
177999,429.57725009903055,1781379600,DyLam
178999,416.760691524382,1781379600,DyLam
179999,430.55797538006345,1781379600,DyLam
180999,412.2118921273354,1781379600,DyLam
181999,419.4744621465752,1781379600,DyLam
182999,416.7246527020914,1781379600,DyLam
183999,412.9428416498272,1781379600,DyLam
184999,439.83386361323466,1781379600,DyLam
185999,405.55161807075183,1781379600,DyLam
186999,420.0462817175084,1781379600,DyLam
187999,430.31306494377566,1781379600,DyLam
188999,430.19014224017405,1781379600,DyLam
189999,430.57580996171583,1781379600,DyLam
190999,450.6990582047482,1781379600,DyLam
191999,439.8284983173461,1781379600,DyLam
192999,430.005562753566,1781379600,DyLam
193999,438.2342519318335,1781379600,DyLam
194999,437.7226545130053,1781379600,DyLam
195999,426.8990476767007,1781379600,DyLam
196999,448.8018384633014,1781379600,DyLam
197999,436.9469222239554,1781379600,DyLam
198999,445.2133292364768,1781379600,DyLam
199999,442.83680979427686,1781379600,DyLam
200999,439.7931730653015,1781379600,DyLam
201999,447.3862393135316,1781379600,DyLam
202999,447.3227461147159,1781379600,DyLam
203999,455.3218537359774,1781379600,DyLam
204999,447.69256197359135,1781379600,DyLam
205999,449.12800470634335,1781379600,DyLam
206999,448.8102417172729,1781379600,DyLam
207999,449.34640251004345,1781379600,DyLam
208999,453.2967270983838,1781379600,DyLam
209999,439.8095780814278,1781379600,DyLam
210999,459.353517326862,1781379600,DyLam
211999,470.3056625819884,1781379600,DyLam
212999,457.2387757636017,1781379600,DyLam
213999,450.3791802248716,1781379600,DyLam
214999,447.95737159202287,1781379600,DyLam
215999,437.21024186493577,1781379600,DyLam
216999,454.19842911201926,1781379600,DyLam
217999,435.02033489262936,1781379600,DyLam
218999,460.10517344752594,1781379600,DyLam
219999,446.3855248067087,1781379600,DyLam
220999,456.12001162779336,1781379600,DyLam
221999,469.6735699038134,1781379600,DyLam
222999,416.3805570534856,1781379600,DyLam
223999,470.5604017873699,1781379600,DyLam
224999,434.6295583875947,1781379600,DyLam
225999,454.0392248891305,1781379600,DyLam
226999,464.1362610473102,1781379600,DyLam
227999,449.9861744166274,1781379600,DyLam
228999,454.7869658180233,1781379600,DyLam
229999,457.0216558530735,1781379600,DyLam
230999,433.93240600595095,1781379600,DyLam
231999,463.8472800305068,1781379600,DyLam
232999,462.6017582504739,1781379600,DyLam
233999,465.2488372426494,1781379600,DyLam
234999,439.6337742634857,1781379600,DyLam
235999,452.2126965732578,1781379600,DyLam
236999,432.17216451269314,1781379600,DyLam
237999,430.617570539901,1781379600,DyLam
238999,451.2447151393145,1781379600,DyLam
239999,454.8740798298981,1781379600,DyLam
240999,446.5160969000471,1781379600,DyLam
241999,451.8709872669684,1781379600,DyLam
242999,442.3897395904709,1781379600,DyLam
243999,438.0640502546777,1781379600,DyLam
244999,438.4107030902647,1781379600,DyLam
245999,446.0492503526914,1781379600,DyLam
246999,448.17708729984935,1781379600,DyLam
247999,466.099930805715,1781379600,DyLam
248999,452.758633550902,1781379600,DyLam
249999,443.721506004884,1781379600,DyLam
250999,478.22592955705903,1781379600,DyLam
251999,448.6216236738919,1781379600,DyLam
252999,455.1574207421515,1781379600,DyLam
253999,455.87857147168967,1781379600,DyLam
254999,454.025815091642,1781379600,DyLam
255999,464.3274349174453,1781379600,DyLam
256999,458.4756924261961,1781379600,DyLam
257999,456.0619985064932,1781379600,DyLam
258999,459.8131659159753,1781379600,DyLam
259999,441.1179292850762,1781379600,DyLam
260999,463.68211594293,1781379600,DyLam
261999,455.1971906162044,1781379600,DyLam
262999,462.9028952302392,1781379600,DyLam
263999,471.3329771185555,1781379600,DyLam
264999,466.2632978792074,1781379600,DyLam
265999,462.3246645988156,1781379600,DyLam
266999,466.3755469448543,1781379600,DyLam
267999,466.0558410909596,1781379600,DyLam
268999,476.70230441877976,1781379600,DyLam
269999,470.8430520702256,1781379600,DyLam
270999,477.6598450246539,1781379600,DyLam
271999,474.8192823542281,1781379600,DyLam
272999,442.2461625619926,1781379600,DyLam
273999,450.7819428500151,1781379600,DyLam
274999,473.09471669282806,1781379600,DyLam
275999,480.6592671100625,1781379600,DyLam
276999,462.1888855986346,1781379600,DyLam
277999,462.24508557461866,1781379600,DyLam
278999,470.6936337758737,1781379600,DyLam
279999,468.4954018865413,1781379600,DyLam
280999,456.22743426892976,1781379600,DyLam
281999,480.7908901039524,1781379600,DyLam
282999,158.33593817587172,1781379600,DyLam
283999,478.36710069783527,1781379600,DyLam
284999,461.03158938198106,1781379600,DyLam
285999,488.7965872046274,1781379600,DyLam
286999,458.33710250571295,1781379600,DyLam
287999,463.2986245197556,1781379600,DyLam
288999,475.9568739524711,1781379600,DyLam
289999,475.1713629365049,1781379600,DyLam
290999,477.24558372808247,1781379600,DyLam
291999,482.6496471396004,1781379600,DyLam
292999,467.8285267959314,1781379600,DyLam
293999,468.1813766188483,1781379600,DyLam
294999,472.128507656772,1781379600,DyLam
295999,470.5189164230192,1781379600,DyLam
296999,466.3058247114466,1781379600,DyLam
297999,468.51534479432746,1781379600,DyLam
298999,423.4193502830011,1781379600,DyLam
299999,443.5086184605428,1781379600,DyLam
300999,466.574226569188,1781379600,DyLam
301999,471.6952435685856,1781379600,DyLam
302999,461.292073316345,1781379600,DyLam
303999,442.9082244281621,1781379600,DyLam
304999,449.23674430165033,1781379600,DyLam
305999,447.5568282270639,1781379600,DyLam
306999,463.938841758731,1781379600,DyLam
307999,451.7685512552346,1781379600,DyLam
308999,449.0557933831629,1781379600,DyLam
309999,432.3156095238404,1781379600,DyLam
310999,484.2070232412914,1781379600,DyLam
311999,469.6793468267262,1781379600,DyLam
312999,442.77588479276665,1781379600,DyLam
313999,462.36523031883627,1781379600,DyLam
314999,465.1655983060032,1781379600,DyLam
315999,465.8503041597495,1781379600,DyLam
316999,475.5113804221609,1781379600,DyLam
317999,468.6797855037207,1781379600,DyLam
318999,465.6618535004925,1781379600,DyLam
319999,463.26643444990873,1781379600,DyLam
320999,460.6480308388056,1781379600,DyLam
321999,462.9876511290979,1781379600,DyLam
322999,457.4392880931375,1781379600,DyLam
323999,448.3725344967681,1781379600,DyLam
324999,470.92196132445696,1781379600,DyLam
325999,456.7970871776536,1781379600,DyLam
326999,446.3052756422912,1781379600,DyLam
327999,438.6985852145862,1781379600,DyLam
328999,439.7023939893825,1781379600,DyLam
329999,447.1682130380645,1781379600,DyLam
330999,477.5661273316197,1781379600,DyLam
331999,470.47133853518943,1781379600,DyLam
332999,470.58550552869207,1781379600,DyLam
333999,444.0322572463776,1781379600,DyLam
334999,450.1897929455652,1781379600,DyLam
335999,454.91437037738285,1781379600,DyLam
336999,468.7317880933813,1781379600,DyLam
337999,468.70700169384247,1781379600,DyLam
338999,465.0756810146378,1781379600,DyLam
339999,458.7430899774964,1781379600,DyLam
340999,454.26369079474426,1781379600,DyLam
341999,479.67911677633833,1781379600,DyLam
342999,438.07866125252576,1781379600,DyLam
343999,474.2600492498557,1781379600,DyLam
344999,466.6138230293997,1781379600,DyLam
345999,486.6251271481746,1781379600,DyLam
346999,472.63845439850286,1781379600,DyLam
347999,478.6424897312228,1781379600,DyLam
348999,482.201086028049,1781379600,DyLam
349999,477.7282831883178,1781379600,DyLam
350999,455.4384937426818,1781379600,DyLam
351999,469.8699296691376,1781379600,DyLam
352999,481.8705694199821,1781379600,DyLam
353999,474.8074021726064,1781379600,DyLam
354999,482.37597430429,1781379600,DyLam
355999,466.6596784952413,1781379600,DyLam
356999,454.7030630901264,1781379600,DyLam
357999,469.219470610698,1781379600,DyLam
358999,448.3936527197004,1781379600,DyLam
359999,454.86952068209206,1781379600,DyLam
360999,476.215915074952,1781379600,DyLam
361999,468.092042000409,1781379600,DyLam
362999,459.8917210188346,1781379600,DyLam
363999,453.1878917714145,1781379600,DyLam
364999,476.4274173426732,1781379600,DyLam
365999,476.6281783071528,1781379600,DyLam
366999,478.0606760667221,1781379600,DyLam
367999,467.749398420088,1781379600,DyLam
368999,476.28136111762814,1781379600,DyLam
369999,478.8711786099637,1781379600,DyLam
370999,475.4391722656008,1781379600,DyLam
371999,478.7143042951742,1781379600,DyLam
372999,484.0445490538219,1781379600,DyLam
373999,481.2989915673977,1781379600,DyLam
374999,485.23752788973854,1781379600,DyLam
375999,495.6453680133973,1781379600,DyLam
376999,478.5957447238174,1781379600,DyLam
377999,480.4773624308293,1781379600,DyLam
378999,487.1386601835956,1781379600,DyLam
379999,486.60458357291634,1781379600,DyLam
380999,487.4146595456916,1781379600,DyLam
381999,478.4798362830804,1781379600,DyLam
382999,490.8170674974397,1781379600,DyLam
383999,499.70788483515616,1781379600,DyLam
384999,486.04447589812656,1781379600,DyLam
385999,484.7336331017822,1781379600,DyLam
386999,487.0813924311578,1781379600,DyLam
387999,488.0556082200968,1781379600,DyLam
388999,489.3973558869786,1781379600,DyLam
389999,482.51476261403394,1781379600,DyLam
390999,494.204918741369,1781379600,DyLam
391999,477.5467042587414,1781379600,DyLam
392999,444.3823778766546,1781379600,DyLam
393999,473.0638065084402,1781379600,DyLam
394999,478.1755000372584,1781379600,DyLam
395999,486.7352702515717,1781379600,DyLam
396999,482.9399384004032,1781379600,DyLam
397999,468.1190458155658,1781379600,DyLam
398999,472.31836514395536,1781379600,DyLam
399999,482.4202395855484,1781379600,DyLam
400999,475.5301739866195,1781379600,DyLam
401999,472.9868782467676,1781379600,DyLam
402999,489.94811034681146,1781379600,DyLam
403999,488.084470369837,1781379600,DyLam
404999,478.1447066120745,1781379600,DyLam
405999,486.4539997960508,1781379600,DyLam
406999,471.999099196338,1781379600,DyLam
407999,492.7745640336464,1781379600,DyLam
408999,493.1419805707205,1781379600,DyLam
409999,494.00012462739016,1781379600,DyLam
410999,478.3271142161407,1781379600,DyLam
411999,466.1701736060128,1781379600,DyLam
412999,455.85191644748295,1781379600,DyLam
413999,469.8579732581778,1781379600,DyLam
414999,488.57442730596114,1781379600,DyLam
415999,450.85627294772354,1781379600,DyLam
416999,451.903294837752,1781379600,DyLam
417999,477.74791383658015,1781379600,DyLam
418999,466.2733883606431,1781379600,DyLam
419999,475.5163867043431,1781379600,DyLam
420999,479.0507347423997,1781379600,DyLam
421999,426.059498305643,1781379600,DyLam
422999,462.23172011011366,1781379600,DyLam
423999,485.86248902884313,1781379600,DyLam
424999,490.8285076168646,1781379600,DyLam
425999,472.5563168640155,1781379600,DyLam
426999,496.61298266670417,1781379600,DyLam
427999,491.0680157923724,1781379600,DyLam
428999,466.7005887362832,1781379600,DyLam
429999,484.8994586234939,1781379600,DyLam
430999,481.463269279903,1781379600,DyLam
431999,476.0070932323859,1781379600,DyLam
432999,497.050117958945,1781379600,DyLam
433999,487.1126278421962,1781379600,DyLam
434999,491.04427975676094,1781379600,DyLam
435999,480.2356323631871,1781379600,DyLam
436999,486.6185096975727,1781379600,DyLam
437999,484.9838469833386,1781379600,DyLam
438999,488.5585128265304,1781379600,DyLam
439999,466.704148350641,1781379600,DyLam
440999,493.0969565879256,1781379600,DyLam
441999,483.9907388610726,1781379600,DyLam
442999,485.0838711683837,1781379600,DyLam
443999,474.9477254111575,1781379600,DyLam
444999,497.01645904740064,1781379600,DyLam
445999,496.9718336765598,1781379600,DyLam
446999,474.7597380516818,1781379600,DyLam
447999,474.0671157151939,1781379600,DyLam
448999,497.3212693870741,1781379600,DyLam
449999,479.8923274713651,1781379600,DyLam
450999,483.9807389725222,1781379600,DyLam
451999,482.9246620805916,1781379600,DyLam
452999,489.29835046719023,1781379600,DyLam
453999,471.6705955167386,1781379600,DyLam
454999,470.2922293271382,1781379600,DyLam
455999,486.96088070032704,1781379600,DyLam
456999,483.2250490095332,1781379600,DyLam
457999,482.5029736033563,1781379600,DyLam
458999,463.8708095905198,1781379600,DyLam
459999,464.4520672562494,1781379600,DyLam
460999,465.4583748446789,1781379600,DyLam
461999,464.0830890214242,1781379600,DyLam
462999,473.9917916333972,1781379600,DyLam
463999,471.8001195901204,1781379600,DyLam
464999,480.24707042808393,1781379600,DyLam
465999,482.3684882288993,1781379600,DyLam
466999,481.7900492671454,1781379600,DyLam
467999,479.68527597403823,1781379600,DyLam
468999,485.003219340648,1781379600,DyLam
469999,491.3590733772776,1781379600,DyLam
470999,499.04065428696936,1781379600,DyLam
471999,495.3271473554936,1781379600,DyLam
472999,479.14735115029833,1781379600,DyLam
473999,485.5848576113312,1781379600,DyLam
474999,485.4703735794258,1781379600,DyLam
475999,495.4809272400155,1781379600,DyLam
476999,498.250677499485,1781379600,DyLam
477999,509.0836745720136,1781379600,DyLam
478999,496.9916962587043,1781379600,DyLam
479999,492.7135748912705,1781379600,DyLam
480999,497.7994181504877,1781379600,DyLam
481999,509.9673000430434,1781379600,DyLam
482999,501.3049878352332,1781379600,DyLam
483999,496.4788823981602,1781379600,DyLam
484999,492.8617662798314,1781379600,DyLam
485999,490.84323963862965,1781379600,DyLam
486999,483.6955241180761,1781379600,DyLam
487999,492.647211463556,1781379600,DyLam
488999,508.49112356363554,1781379600,DyLam
489999,488.985348001047,1781379600,DyLam
490999,502.1986732126637,1781379600,DyLam
491999,511.9281341071546,1781379600,DyLam
492999,501.8409755421231,1781379600,DyLam
493999,493.9757751228544,1781379600,DyLam
494999,501.4804250520292,1781379600,DyLam
495999,496.5966769028433,1781379600,DyLam
496999,497.49838883645657,1781379600,DyLam
497999,483.9059102548492,1781379600,DyLam
498999,495.2026376062376,1781379600,DyLam
499999,485.06463798677305,1781379600,DyLam
999,-8.219953792715106,1781379597,DyLam
1999,-2.561887737864702,1781379597,DyLam
2999,-1.7709070260497166,1781379597,DyLam
3999,-2.9730998648622746,1781379597,DyLam
4999,-8.168792902831413,1781379597,DyLam
5999,2.238010344581304,1781379597,DyLam
6999,-0.9742742619454472,1781379597,DyLam
7999,-10.610549865784506,1781379597,DyLam
8999,-3.1024992707524843,1781379597,DyLam
9999,-4.133042401804292,1781379597,DyLam
10999,-1.2820021678157028,1781379597,DyLam
11999,-4.139545280911769,1781379597,DyLam
12999,-6.733252961045884,1781379597,DyLam
13999,-9.953944823988724,1781379597,DyLam
14999,-4.641271063435705,1781379597,DyLam
15999,-3.579151193163767,1781379597,DyLam
16999,-14.877309005432917,1781379597,DyLam
17999,-1.9567238046726212,1781379597,DyLam
18999,1.127518015791058,1781379597,DyLam
19999,-8.096791404795592,1781379597,DyLam
20999,-1.159246550237533,1781379597,DyLam
21999,1.106220638845274,1781379597,DyLam
22999,-3.785235328313987,1781379597,DyLam
23999,2.766771228436099,1781379597,DyLam
24999,1.9444838580726005,1781379597,DyLam
25999,0.6629854050176271,1781379597,DyLam
26999,3.151545914558601,1781379597,DyLam
27999,6.395837652191521,1781379597,DyLam
28999,7.794251400242915,1781379597,DyLam
29999,11.974665619348528,1781379597,DyLam
30999,18.172944214113947,1781379597,DyLam
31999,21.56673664561935,1781379597,DyLam
32999,10.397327849479783,1781379597,DyLam
33999,6.948620331454183,1781379597,DyLam
34999,15.680368355002011,1781379597,DyLam
35999,39.43326395174625,1781379597,DyLam
36999,116.9542125781688,1781379597,DyLam
37999,113.54962613651568,1781379597,DyLam
38999,126.904035608428,1781379597,DyLam
39999,124.79421413002692,1781379597,DyLam
40999,154.6954497534449,1781379597,DyLam
41999,160.41465972415017,1781379597,DyLam
42999,172.93257507472475,1781379597,DyLam
43999,176.93635900894367,1781379597,DyLam
44999,203.67423858444604,1781379597,DyLam
45999,202.24380300541063,1781379597,DyLam
46999,210.737374326584,1781379597,DyLam
47999,228.08654535677607,1781379597,DyLam
48999,230.89399542296783,1781379597,DyLam
49999,240.07611846600904,1781379597,DyLam
50999,246.47367357745907,1781379597,DyLam
51999,236.6757538342,1781379597,DyLam
52999,233.93648144770108,1781379597,DyLam
53999,175.49241067391745,1781379597,DyLam
54999,243.57531339603767,1781379597,DyLam
55999,257.8048576443928,1781379597,DyLam
56999,254.76340380850365,1781379597,DyLam
57999,249.48443649320097,1781379597,DyLam
58999,258.1687200392093,1781379597,DyLam
59999,251.29462965717968,1781379597,DyLam
60999,255.12084271629857,1781379597,DyLam
61999,256.9873281893072,1781379597,DyLam
62999,257.9736754739603,1781379597,DyLam
63999,247.58432856548703,1781379597,DyLam
64999,262.31166169093825,1781379597,DyLam
65999,251.16275884123488,1781379597,DyLam
66999,251.6515373169352,1781379597,DyLam
67999,247.26461648671105,1781379597,DyLam
68999,253.92585252135785,1781379597,DyLam
69999,244.5395986405059,1781379597,DyLam
70999,240.5070217264141,1781379597,DyLam
71999,239.8728269078912,1781379597,DyLam
72999,243.2252159403036,1781379597,DyLam
73999,235.33910802449512,1781379597,DyLam
74999,230.27936910473647,1781379597,DyLam
75999,232.22641933496692,1781379597,DyLam
76999,227.3653332549348,1781379597,DyLam
77999,232.0332826041878,1781379597,DyLam
78999,222.48538602285515,1781379597,DyLam
79999,235.90910051983465,1781379597,DyLam
80999,234.3886600008132,1781379597,DyLam
81999,233.2281006605781,1781379597,DyLam
82999,231.12838544223493,1781379597,DyLam
83999,238.74887589089843,1781379597,DyLam
84999,242.31323165594543,1781379597,DyLam
85999,245.2830564809248,1781379597,DyLam
86999,241.36096184539835,1781379597,DyLam
87999,250.77649674801316,1781379597,DyLam
88999,251.25580425654343,1781379597,DyLam
89999,252.04047593074813,1781379597,DyLam
90999,252.6092706598149,1781379597,DyLam
91999,265.1163083708084,1781379597,DyLam
92999,256.64566066664605,1781379597,DyLam
93999,260.96805758927667,1781379597,DyLam
94999,259.128652379282,1781379597,DyLam
95999,265.29323431686913,1781379597,DyLam
96999,271.12502736317776,1781379597,DyLam
97999,266.6696563870473,1781379597,DyLam
98999,273.92156778659154,1781379597,DyLam
99999,283.98661856479634,1781379597,DyLam
100999,271.86162237253654,1781379597,DyLam
101999,285.8892207900683,1781379597,DyLam
102999,284.87794746685086,1781379597,DyLam
103999,282.55678565543667,1781379597,DyLam
104999,289.77822986477355,1781379597,DyLam
105999,280.42537668609884,1781379597,DyLam
106999,291.38354745517603,1781379597,DyLam
107999,293.3533871093866,1781379597,DyLam
108999,277.88452950237394,1781379597,DyLam
109999,287.51270298004886,1781379597,DyLam
110999,290.4829709385317,1781379597,DyLam
111999,300.1381157702664,1781379597,DyLam
112999,296.7196124548853,1781379597,DyLam
113999,302.0504636596372,1781379597,DyLam
114999,301.6069766392207,1781379597,DyLam
115999,305.54920815782936,1781379597,DyLam
116999,301.0117766407301,1781379597,DyLam
117999,307.2794292971324,1781379597,DyLam
118999,310.5157501345931,1781379597,DyLam
119999,304.6264193613006,1781379597,DyLam
120999,307.3781186810812,1781379597,DyLam
121999,309.24043778836443,1781379597,DyLam
122999,304.13174618391514,1781379597,DyLam
123999,307.437208834304,1781379597,DyLam
124999,313.90421575074123,1781379597,DyLam
125999,314.20392526338435,1781379597,DyLam
126999,316.96006622782,1781379597,DyLam
127999,317.99447615293826,1781379597,DyLam
128999,321.3736169448151,1781379597,DyLam
129999,321.55851975972286,1781379597,DyLam
130999,327.9337765490525,1781379597,DyLam
131999,316.8140434519276,1781379597,DyLam
132999,325.62039653080296,1781379597,DyLam
133999,324.1347398758245,1781379597,DyLam
134999,328.32027393821755,1781379597,DyLam
135999,328.2490975759767,1781379597,DyLam
136999,325.8770703500186,1781379597,DyLam
137999,335.28956075691383,1781379597,DyLam
138999,337.60581948582603,1781379597,DyLam
139999,333.15776837543507,1781379597,DyLam
140999,331.3903422853477,1781379597,DyLam
141999,335.05314226005515,1781379597,DyLam
142999,348.4926740477162,1781379597,DyLam
143999,346.7064047910635,1781379597,DyLam
144999,346.6861761670972,1781379597,DyLam
145999,347.015715669126,1781379597,DyLam
146999,332.3338380141647,1781379597,DyLam
147999,348.42448557250424,1781379597,DyLam
148999,355.82466664360203,1781379597,DyLam
149999,357.6880609129884,1781379597,DyLam
150999,349.5118659560408,1781379597,DyLam
151999,357.72981009102006,1781379597,DyLam
152999,359.7448483862015,1781379597,DyLam
153999,372.4734577953273,1781379597,DyLam
154999,359.79234921918226,1781379597,DyLam
155999,364.70291510468127,1781379597,DyLam
156999,365.7864407045613,1781379597,DyLam
157999,370.95541009784927,1781379597,DyLam
158999,370.2128264114177,1781379597,DyLam
159999,370.97044323830215,1781379597,DyLam
160999,365.9523527036727,1781379597,DyLam
161999,369.3493745776258,1781379597,DyLam
162999,367.43080956023886,1781379597,DyLam
163999,388.9737273842725,1781379597,DyLam
164999,385.3844227589794,1781379597,DyLam
165999,393.625928440558,1781379597,DyLam
166999,394.06546696806737,1781379597,DyLam
167999,410.8799055875146,1781379597,DyLam
168999,412.19124658564607,1781379597,DyLam
169999,401.7251471920149,1781379597,DyLam
170999,406.4083065092756,1781379597,DyLam
171999,398.7850428517989,1781379597,DyLam
172999,418.6461740353037,1781379597,DyLam
173999,411.5631703549888,1781379597,DyLam
174999,404.8225816478432,1781379597,DyLam
175999,421.9651371238058,1781379597,DyLam
176999,429.36895652917417,1781379597,DyLam
177999,438.7222987966777,1781379597,DyLam
178999,426.459611110829,1781379597,DyLam
179999,430.3930001893041,1781379597,DyLam
180999,424.2163382880833,1781379597,DyLam
181999,432.3677589127241,1781379597,DyLam
182999,445.1462333003239,1781379597,DyLam
183999,425.61339866062434,1781379597,DyLam
184999,436.2382965573277,1781379597,DyLam
185999,435.7420509394198,1781379597,DyLam
186999,429.2127672618502,1781379597,DyLam
187999,448.297890870092,1781379597,DyLam
188999,440.0555132745181,1781379597,DyLam
189999,443.0470439350032,1781379597,DyLam
190999,444.9526376660754,1781379597,DyLam
191999,442.6234075843675,1781379597,DyLam
192999,444.8720125075521,1781379597,DyLam
193999,450.5487671386401,1781379597,DyLam
194999,443.0618981096532,1781379597,DyLam
195999,449.61635677887824,1781379597,DyLam
196999,439.608955273412,1781379597,DyLam
197999,443.2310831037215,1781379597,DyLam
198999,448.9692083540388,1781379597,DyLam
199999,403.2589555642671,1781379597,DyLam
200999,445.026912321872,1781379597,DyLam
201999,448.06722411856873,1781379597,DyLam
202999,437.389083265366,1781379597,DyLam
203999,445.0869212147068,1781379597,DyLam
204999,447.7837166598069,1781379597,DyLam
205999,446.81174112054055,1781379597,DyLam
206999,446.828446728977,1781379597,DyLam
207999,453.4509451184213,1781379597,DyLam
208999,451.3771248545538,1781379597,DyLam
209999,450.84713958638974,1781379597,DyLam
210999,439.5018622477863,1781379597,DyLam
211999,431.4218388872684,1781379597,DyLam
212999,462.020019647373,1781379597,DyLam
213999,453.9487111140504,1781379597,DyLam
214999,450.3477197050482,1781379597,DyLam
215999,458.0867712119785,1781379597,DyLam
216999,456.3261800866643,1781379597,DyLam
217999,448.7670106795302,1781379597,DyLam
218999,437.5373993816663,1781379597,DyLam
219999,445.4426615919244,1781379597,DyLam
220999,458.997721740445,1781379597,DyLam
221999,450.0976352576014,1781379597,DyLam
222999,465.4574007214936,1781379597,DyLam
223999,458.9551598369054,1781379597,DyLam
224999,453.68439752469845,1781379597,DyLam
225999,442.8296121459353,1781379597,DyLam
226999,454.10807931462887,1781379597,DyLam
227999,440.3987305319246,1781379597,DyLam
228999,428.9821597371708,1781379597,DyLam
229999,426.1635285368163,1781379597,DyLam
230999,390.49462946129046,1781379597,DyLam
231999,157.58076456368158,1781379597,DyLam
232999,410.6923332993088,1781379597,DyLam
233999,433.6715023140265,1781379597,DyLam
234999,412.4181279203247,1781379597,DyLam
235999,408.7169844533071,1781379597,DyLam
236999,427.8785612645444,1781379597,DyLam
237999,431.3715461319029,1781379597,DyLam
238999,433.6044415357987,1781379597,DyLam
239999,426.3858718181247,1781379597,DyLam
240999,422.9646376466864,1781379597,DyLam
241999,439.9983858862576,1781379597,DyLam
242999,453.5825472041874,1781379597,DyLam
243999,409.1820056113905,1781379597,DyLam
244999,446.66832867193455,1781379597,DyLam
245999,447.86349641639686,1781379597,DyLam
246999,455.0243736911166,1781379597,DyLam
247999,446.9321097419812,1781379597,DyLam
248999,451.9513867757976,1781379597,DyLam
249999,456.8762232591093,1781379597,DyLam
250999,448.489700663504,1781379597,DyLam
251999,459.1484500654158,1781379597,DyLam
252999,449.6333095363043,1781379597,DyLam
253999,444.8726809850965,1781379597,DyLam
254999,461.0376631554069,1781379597,DyLam
255999,466.4100939830185,1781379597,DyLam
256999,463.5583767535329,1781379597,DyLam
257999,450.9214808699708,1781379597,DyLam
258999,465.3602449497512,1781379597,DyLam
259999,451.5066308013725,1781379597,DyLam
260999,455.3909853433539,1781379597,DyLam
261999,456.51283969279285,1781379597,DyLam
262999,473.9003683197897,1781379597,DyLam
263999,457.9864292077938,1781379597,DyLam
264999,460.6751290323973,1781379597,DyLam
265999,456.1045608647884,1781379597,DyLam
266999,468.71927720690974,1781379597,DyLam
267999,452.8325910630849,1781379597,DyLam
268999,469.14129266325057,1781379597,DyLam
269999,458.93710746383897,1781379597,DyLam
270999,473.65978546154224,1781379597,DyLam
271999,477.1517115055436,1781379597,DyLam
272999,471.7431925401307,1781379597,DyLam
273999,479.1576882904033,1781379597,DyLam
274999,473.1626515323969,1781379597,DyLam
275999,478.2478093001791,1781379597,DyLam
276999,472.5114532834748,1781379597,DyLam
277999,482.6713374414773,1781379597,DyLam
278999,467.0105315065095,1781379597,DyLam
279999,480.24879606704286,1781379597,DyLam
280999,480.2406948058269,1781379597,DyLam
281999,473.0144498171191,1781379597,DyLam
282999,475.213540349109,1781379597,DyLam
283999,471.6896009382693,1781379597,DyLam
284999,462.95822086088606,1781379597,DyLam
285999,476.2085962788044,1781379597,DyLam
286999,485.7456676168746,1781379597,DyLam
287999,477.89660954167607,1781379597,DyLam
288999,479.0866912258457,1781379597,DyLam
289999,486.922782164592,1781379597,DyLam
290999,482.30118666778753,1781379597,DyLam
291999,479.5114833446031,1781379597,DyLam
292999,485.9879356454218,1781379597,DyLam
293999,483.6429970022927,1781379597,DyLam
294999,494.5112933005368,1781379597,DyLam
295999,480.9551798402657,1781379597,DyLam
296999,495.6753364991432,1781379597,DyLam
297999,490.5863711302642,1781379597,DyLam
298999,492.6407993861762,1781379597,DyLam
299999,506.1682867713647,1781379597,DyLam
300999,281.5743987515742,1781379597,DyLam
301999,498.9133566535492,1781379597,DyLam
302999,507.9231521070217,1781379597,DyLam
303999,504.09280355137895,1781379597,DyLam
304999,506.4545775812792,1781379597,DyLam
305999,511.033418425492,1781379597,DyLam
306999,503.6360939551749,1781379597,DyLam
307999,502.32913768549406,1781379597,DyLam
308999,504.0746138217912,1781379597,DyLam
309999,514.820100581747,1781379597,DyLam
310999,511.5871276348221,1781379597,DyLam
311999,497.33619578397946,1781379597,DyLam
312999,499.38992946134215,1781379597,DyLam
313999,498.4297216963958,1781379597,DyLam
314999,506.5090191690096,1781379597,DyLam
315999,512.4753418712979,1781379597,DyLam
316999,514.3227923816091,1781379597,DyLam
317999,514.0063600505857,1781379597,DyLam
318999,486.0323963166364,1781379597,DyLam
319999,508.1688443779541,1781379597,DyLam
320999,513.6912969364703,1781379597,DyLam
321999,492.506351491465,1781379597,DyLam
322999,492.9382452308445,1781379597,DyLam
323999,507.68940547081735,1781379597,DyLam
324999,488.8265956645291,1781379597,DyLam
325999,487.5946069134632,1781379597,DyLam
326999,443.573209424254,1781379597,DyLam
327999,349.23020942414854,1781379597,DyLam
328999,480.7184913278331,1781379597,DyLam
329999,497.9236234778624,1781379597,DyLam
330999,473.0246179086429,1781379597,DyLam
331999,174.68745497022263,1781379597,DyLam
332999,487.4373413689997,1781379597,DyLam
333999,487.2204042924,1781379597,DyLam
334999,467.45525929788977,1781379597,DyLam
335999,496.5194350793526,1781379597,DyLam
336999,468.0492999462677,1781379597,DyLam
337999,471.4601709078461,1781379597,DyLam
338999,479.3773101782425,1781379597,DyLam
339999,468.8949424059864,1781379597,DyLam
340999,433.524643596722,1781379597,DyLam
341999,450.7823398379176,1781379597,DyLam
342999,464.42068690143566,1781379597,DyLam
343999,428.4652843564319,1781379597,DyLam
344999,461.8963380578301,1781379597,DyLam
345999,470.5381129633619,1781379597,DyLam
346999,458.69055326374087,1781379597,DyLam
347999,472.64299183891393,1781379597,DyLam
348999,483.8110376969162,1781379597,DyLam
349999,467.83734390070185,1781379597,DyLam
350999,492.41366558341446,1781379597,DyLam
351999,459.55043378050834,1781379597,DyLam
352999,487.88723674144,1781379597,DyLam
353999,502.4418763348629,1781379597,DyLam
354999,462.4819642905845,1781379597,DyLam
355999,499.6205586583,1781379597,DyLam
356999,506.3697361288907,1781379597,DyLam
357999,487.00707582240966,1781379597,DyLam
358999,479.7248190569968,1781379597,DyLam
359999,494.1090205992046,1781379597,DyLam
360999,507.81978561147,1781379597,DyLam
361999,485.72387658024695,1781379597,DyLam
362999,492.83523333619695,1781379597,DyLam
363999,497.1751297072066,1781379597,DyLam
364999,495.43451280345,1781379597,DyLam
365999,525.3234452997823,1781379597,DyLam
366999,496.9933131230238,1781379597,DyLam
367999,511.06718896703296,1781379597,DyLam
368999,499.0875122993938,1781379597,DyLam
369999,497.7591135132745,1781379597,DyLam
370999,499.6302876113981,1781379597,DyLam
371999,518.8653563489396,1781379597,DyLam
372999,494.0719018637503,1781379597,DyLam
373999,494.02227476279575,1781379597,DyLam
374999,496.4141340497916,1781379597,DyLam
375999,483.56874381849167,1781379597,DyLam
376999,508.1207836765846,1781379597,DyLam
377999,502.4814222329964,1781379597,DyLam
378999,506.7217233499919,1781379597,DyLam
379999,509.9226878143808,1781379597,DyLam
380999,477.519168404829,1781379597,DyLam
381999,488.4294026533884,1781379597,DyLam
382999,475.0030193341911,1781379597,DyLam
383999,496.2728493726447,1781379597,DyLam
384999,470.2894274312145,1781379597,DyLam
385999,466.850899307733,1781379597,DyLam
386999,491.1071459249733,1781379597,DyLam
387999,509.5784672125527,1781379597,DyLam
388999,487.2952188826226,1781379597,DyLam
389999,476.1120629373491,1781379597,DyLam
390999,497.3294640312613,1781379597,DyLam
391999,491.3128156116824,1781379597,DyLam
392999,469.6242171791719,1781379597,DyLam
393999,506.87281758038654,1781379597,DyLam
394999,517.1850903384692,1781379597,DyLam
395999,494.3987472226768,1781379597,DyLam
396999,493.01151167331767,1781379597,DyLam
397999,508.2568786148613,1781379597,DyLam
398999,504.38825393071824,1781379597,DyLam
399999,495.3504424221384,1781379597,DyLam
400999,461.40535910819415,1781379597,DyLam
401999,508.4035673011998,1781379597,DyLam
402999,507.2688714687852,1781379597,DyLam
403999,497.6273823922007,1781379597,DyLam
404999,505.2745201196006,1781379597,DyLam
405999,524.1102588640923,1781379597,DyLam
406999,514.7428244088466,1781379597,DyLam
407999,522.6668870009931,1781379597,DyLam
408999,509.6272010027754,1781379597,DyLam
409999,523.6930750446905,1781379597,DyLam
410999,505.4310996795616,1781379597,DyLam
411999,521.4354321446375,1781379597,DyLam
412999,524.5335923019916,1781379597,DyLam
413999,512.0614619930261,1781379597,DyLam
414999,518.069701280593,1781379597,DyLam
415999,516.4097030928747,1781379597,DyLam
416999,527.940449242962,1781379597,DyLam
417999,508.61607994654935,1781379597,DyLam
418999,528.9327495971378,1781379597,DyLam
419999,493.8041490634929,1781379597,DyLam
420999,499.59439495062185,1781379597,DyLam
421999,446.4196616458877,1781379597,DyLam
422999,535.1802316903179,1781379597,DyLam
423999,526.4475531270942,1781379597,DyLam
424999,526.2945803933338,1781379597,DyLam
425999,513.8504180614217,1781379597,DyLam
426999,535.5396983770949,1781379597,DyLam
427999,529.4120035280357,1781379597,DyLam
428999,513.5682506370766,1781379597,DyLam
429999,529.6189037907196,1781379597,DyLam
430999,526.1634029486183,1781379597,DyLam
431999,533.3397639521714,1781379597,DyLam
432999,549.0130325619406,1781379597,DyLam
433999,527.1726241180783,1781379597,DyLam
434999,515.3091417883285,1781379597,DyLam
435999,520.5679748193902,1781379597,DyLam
436999,520.0174226581894,1781379597,DyLam
437999,514.6254528530225,1781379597,DyLam
438999,530.4856591162978,1781379597,DyLam
439999,519.7962061202705,1781379597,DyLam
440999,525.6335219494798,1781379597,DyLam
441999,499.3242176472015,1781379597,DyLam
442999,530.7948610523425,1781379597,DyLam
443999,537.8342846585981,1781379597,DyLam
444999,530.0291811337275,1781379597,DyLam
445999,518.7587399213014,1781379597,DyLam
446999,538.5853161961469,1781379597,DyLam
447999,526.8439250169474,1781379597,DyLam
448999,511.2106961164866,1781379597,DyLam
449999,525.4598226142565,1781379597,DyLam
450999,518.8909440112842,1781379597,DyLam
451999,521.5991271171264,1781379597,DyLam
452999,522.4619688323226,1781379597,DyLam
453999,529.3815444373487,1781379597,DyLam
454999,515.9666429265686,1781379597,DyLam
455999,533.2191292778525,1781379597,DyLam
456999,522.2008743739997,1781379597,DyLam
457999,525.4487397302288,1781379597,DyLam
458999,537.7408459336674,1781379597,DyLam
459999,523.5606879934547,1781379597,DyLam
460999,520.0517439058469,1781379597,DyLam
461999,522.3656969144671,1781379597,DyLam
462999,513.7870218428425,1781379597,DyLam
463999,497.143238425321,1781379597,DyLam
464999,495.01588496943305,1781379597,DyLam
465999,524.4287211125618,1781379597,DyLam
466999,521.800024786493,1781379597,DyLam
467999,512.4596631134692,1781379597,DyLam
468999,504.2210637204947,1781379597,DyLam
469999,514.486115843886,1781379597,DyLam
470999,524.0508100580782,1781379597,DyLam
471999,525.5151235629305,1781379597,DyLam
472999,515.7674900971311,1781379597,DyLam
473999,499.77177170372016,1781379597,DyLam
474999,513.3235371819673,1781379597,DyLam
475999,527.2158748558855,1781379597,DyLam
476999,507.3507237709128,1781379597,DyLam
477999,534.6893616913032,1781379597,DyLam
478999,517.5519420718941,1781379597,DyLam
479999,528.5597478713395,1781379597,DyLam
480999,511.0214660079257,1781379597,DyLam
481999,541.0029892044373,1781379597,DyLam
482999,538.23795316787,1781379597,DyLam
483999,540.9121909113181,1781379597,DyLam
484999,539.09412344102,1781379597,DyLam
485999,544.2930553557518,1781379597,DyLam
486999,513.6615474389924,1781379597,DyLam
487999,535.5642695508742,1781379597,DyLam
488999,516.6118477329155,1781379597,DyLam
489999,521.65950344327,1781379597,DyLam
490999,531.1824958984179,1781379597,DyLam
491999,524.0176713766383,1781379597,DyLam
492999,528.5522711272746,1781379597,DyLam
493999,527.1925734205223,1781379597,DyLam
494999,517.88253671845,1781379597,DyLam
495999,527.3807362324665,1781379597,DyLam
496999,528.7817228728054,1781379597,DyLam
497999,502.50575226181536,1781379597,DyLam
498999,531.8145091672852,1781379597,DyLam
499999,527.7501306189472,1781379597,DyLam
999,-2.96813185552145,1778498961,DyLam
1999,-1.9726480220762383,1778498961,DyLam
2999,-3.779441571397742,1778498961,DyLam
3999,-7.482459447250475,1778498961,DyLam
4999,-3.378340911339872,1778498961,DyLam
5999,-6.170212075109947,1778498961,DyLam
6999,-8.038827544334719,1778498961,DyLam
7999,0.5767589904685959,1778498961,DyLam
8999,-3.6980722790955634,1778498961,DyLam
9999,-2.1116567793842376,1778498961,DyLam
10999,-7.799419022494117,1778498961,DyLam
11999,1.111301749480587,1778498961,DyLam
12999,-7.835020959613689,1778498961,DyLam
13999,-2.4418813599555937,1778498961,DyLam
14999,-4.899293217275659,1778498961,DyLam
15999,4.500631619024938,1778498961,DyLam
16999,-6.037964274573866,1778498961,DyLam
17999,0.3238576272325258,1778498961,DyLam
18999,-1.8039907989671435,1778498961,DyLam
19999,-1.3519551908605172,1778498961,DyLam
20999,-6.215840355931441,1778498961,DyLam
21999,-5.880701549698316,1778498961,DyLam
22999,2.0668966568002056,1778498961,DyLam
23999,-2.2751710755565475,1778498961,DyLam
24999,1.58318309326691,1778498961,DyLam
25999,0.5165168096329925,1778498961,DyLam
26999,1.2015668182063797,1778498961,DyLam
27999,8.841284142628878,1778498961,DyLam
28999,7.407118618956711,1778498961,DyLam
29999,12.377101334961388,1778498961,DyLam
30999,17.94693659961699,1778498961,DyLam
31999,10.662024292948413,1778498961,DyLam
32999,8.415805026363673,1778498961,DyLam
33999,11.375963270203044,1778498961,DyLam
34999,2.612998735012734,1778498961,DyLam
35999,9.762056592717212,1778498961,DyLam
36999,41.105147418542686,1778498961,DyLam
37999,27.16619605168994,1778498961,DyLam
38999,122.19039955101984,1778498961,DyLam
39999,130.9708311947932,1778498961,DyLam
40999,147.0728915687571,1778498961,DyLam
41999,155.9468097215559,1778498961,DyLam
42999,165.69770634914823,1778498961,DyLam
43999,178.3196394485332,1778498961,DyLam
44999,198.82706493860425,1778498961,DyLam
45999,218.9804699993551,1778498961,DyLam
46999,210.9185467676645,1778498961,DyLam
47999,224.62020035573417,1778498961,DyLam
48999,237.0301860386189,1778498961,DyLam
49999,232.55428584052768,1778498961,DyLam
50999,229.93746940257336,1778498961,DyLam
51999,249.5024320763337,1778498961,DyLam
52999,238.0003056598108,1778498961,DyLam
53999,242.56729087756523,1778498961,DyLam
54999,250.557418536176,1778498961,DyLam
55999,264.7767898324501,1778498961,DyLam
56999,266.6638251918725,1778498961,DyLam
57999,269.72062692182664,1778498961,DyLam
58999,259.7760620798807,1778498961,DyLam
59999,267.3816748350756,1778498961,DyLam
60999,260.8186995036036,1778498961,DyLam
61999,267.5404124955147,1778498961,DyLam
62999,266.79186669809167,1778498961,DyLam
63999,266.6145666045203,1778498961,DyLam
64999,266.39563868526017,1778498961,DyLam
65999,261.9359245406631,1778498961,DyLam
66999,258.78201213722963,1778498961,DyLam
67999,258.655753672602,1778498961,DyLam
68999,256.7086541832334,1778498961,DyLam
69999,257.6676058893019,1778498961,DyLam
70999,253.94813300104727,1778498961,DyLam
71999,251.3883284157999,1778498961,DyLam
72999,248.18261309606876,1778498961,DyLam
73999,250.9339135196585,1778498961,DyLam
74999,245.5966128255775,1778498961,DyLam
75999,238.75313300032,1778498961,DyLam
76999,238.259866576354,1778498961,DyLam
77999,237.73954311419632,1778498961,DyLam
78999,235.1204849022786,1778498961,DyLam
79999,233.78610280227232,1778498961,DyLam
80999,240.01997087283289,1778498961,DyLam
81999,232.97427558436144,1778498961,DyLam
82999,239.76101547577392,1778498961,DyLam
83999,241.20126089802355,1778498961,DyLam
84999,248.94507444416757,1778498961,DyLam
85999,244.476118207583,1778498961,DyLam
86999,243.19253805184076,1778498961,DyLam
87999,254.17915391229008,1778498961,DyLam
88999,253.6949243176188,1778498961,DyLam
89999,256.4132189623165,1778498961,DyLam
90999,258.19933624815974,1778498961,DyLam
91999,261.29334056620803,1778498961,DyLam
92999,269.49586569465345,1778498961,DyLam
93999,268.99900166036514,1778498961,DyLam
94999,264.80679606987576,1778498961,DyLam
95999,273.0168982526894,1778498961,DyLam
96999,274.10522584543685,1778498961,DyLam
97999,276.81075813804733,1778498961,DyLam
98999,275.779870733614,1778498961,DyLam
99999,281.3940255511159,1778498961,DyLam
100999,287.87255519004174,1778498961,DyLam
101999,292.02513377299505,1778498961,DyLam
102999,288.4475763705995,1778498961,DyLam
103999,286.4875308203314,1778498961,DyLam
104999,293.77879473079736,1778498961,DyLam
105999,288.9540659868166,1778498961,DyLam
106999,295.58085896653614,1778498961,DyLam
107999,294.35577518522086,1778498961,DyLam
108999,299.0225767280587,1778498961,DyLam
109999,295.52161466498904,1778498961,DyLam
110999,294.99293600230857,1778498961,DyLam
111999,302.7432302619259,1778498961,DyLam
112999,300.76124543806503,1778498961,DyLam
113999,296.8163712086369,1778498961,DyLam
114999,304.1511080960581,1778498961,DyLam
115999,305.0134968865677,1778498961,DyLam
116999,297.9399820867071,1778498961,DyLam
117999,306.38000017320786,1778498961,DyLam
118999,309.72437288646665,1778498961,DyLam
119999,307.343327613812,1778498961,DyLam
120999,309.9621624147602,1778498961,DyLam
121999,308.68338516582656,1778498961,DyLam
122999,310.4522323210292,1778498961,DyLam
123999,305.9535760419395,1778498961,DyLam
124999,306.26338905232325,1778498961,DyLam
125999,305.81259001463224,1778498961,DyLam
126999,306.23170471760346,1778498961,DyLam
127999,315.5239545528107,1778498961,DyLam
128999,309.35757195178894,1778498961,DyLam
129999,310.1711670005374,1778498961,DyLam
130999,312.26898527840217,1778498961,DyLam
131999,318.3036090010777,1778498961,DyLam
132999,315.3061586660931,1778498961,DyLam
133999,310.5852928954544,1778498961,DyLam
134999,315.6665973974903,1778498961,DyLam
135999,308.5873825086963,1778498961,DyLam
136999,318.8679003382737,1778498961,DyLam
137999,314.89069451557566,1778498961,DyLam
138999,322.3828843481364,1778498961,DyLam
139999,329.9777113922158,1778498961,DyLam
140999,315.4771954738021,1778498961,DyLam
141999,316.3037106123706,1778498961,DyLam
142999,324.4723781062759,1778498961,DyLam
143999,327.4970799517657,1778498961,DyLam
144999,329.3052953910396,1778498961,DyLam
145999,323.15642146337694,1778498961,DyLam
146999,327.1722264661927,1778498961,DyLam
147999,328.7924480697944,1778498961,DyLam
148999,329.31460486294685,1778498961,DyLam
149999,329.9533917177108,1778498961,DyLam
150999,330.5701649174948,1778498961,DyLam
151999,338.5127056997851,1778498961,DyLam
152999,330.7441967194969,1778498961,DyLam
153999,335.0173882198094,1778498961,DyLam
154999,336.1107521693464,1778498961,DyLam
155999,338.4842348038639,1778498961,DyLam
156999,330.3425325370517,1778498961,DyLam
157999,334.7752579567147,1778498961,DyLam
158999,340.18591554989143,1778498961,DyLam
159999,343.630762783744,1778498961,DyLam
160999,341.4728141857287,1778498961,DyLam
161999,340.2546391438726,1778498961,DyLam
162999,340.0214194649344,1778498961,DyLam
163999,339.45443237007044,1778498961,DyLam
164999,344.50781835590544,1778498961,DyLam
165999,342.0752146653053,1778498961,DyLam
166999,343.37153660921,1778498961,DyLam
167999,341.7225114008973,1778498961,DyLam
168999,349.5893798563756,1778498961,DyLam
169999,344.01421690790966,1778498961,DyLam
170999,344.612378266139,1778498961,DyLam
171999,351.5720625252001,1778498961,DyLam
172999,357.580148547728,1778498961,DyLam
173999,359.22965347642184,1778498961,DyLam
174999,359.7854361332142,1778498961,DyLam
175999,345.16826114433906,1778498961,DyLam
176999,360.8471539308812,1778498961,DyLam
177999,361.9589728820218,1778498961,DyLam
178999,364.3783670091822,1778498961,DyLam
179999,356.70908179038173,1778498961,DyLam
180999,362.3096613424053,1778498961,DyLam
181999,363.782227712864,1778498961,DyLam
182999,362.6658948591086,1778498961,DyLam
183999,376.04731027906126,1778498961,DyLam
184999,367.160629796983,1778498961,DyLam
185999,230.04082674448432,1778498961,DyLam
186999,357.14880133629623,1778498961,DyLam
187999,357.06607180035155,1778498961,DyLam
188999,345.299385228292,1778498961,DyLam
189999,360.204747224683,1778498961,DyLam
190999,349.1401355148994,1778498961,DyLam
191999,364.4227722952509,1778498961,DyLam
192999,355.86960701612765,1778498961,DyLam
193999,365.9895704870074,1778498961,DyLam
194999,378.4914174429207,1778498961,DyLam
195999,368.28505842971447,1778498961,DyLam
196999,369.31916865808256,1778498961,DyLam
197999,364.6837268471257,1778498961,DyLam
198999,366.79741343087954,1778498961,DyLam
199999,368.7929698390645,1778498961,DyLam
200999,366.1260015796321,1778498961,DyLam
201999,369.6622885515383,1778498961,DyLam
202999,367.4040006638943,1778498961,DyLam
203999,364.23244014802594,1778498961,DyLam
204999,361.9157655079266,1778498961,DyLam
205999,361.6064329422477,1778498961,DyLam
206999,367.3135782023917,1778498961,DyLam
207999,367.6557800986668,1778498961,DyLam
208999,372.4980351608979,1778498961,DyLam
209999,370.6367299466216,1778498961,DyLam
210999,374.1027310895682,1778498961,DyLam
211999,362.942496906042,1778498961,DyLam
212999,367.2404654855421,1778498961,DyLam
213999,367.00107208025065,1778498961,DyLam
214999,364.2601797276287,1778498961,DyLam
215999,377.1972666334674,1778498961,DyLam
216999,371.7557680798457,1778498961,DyLam
217999,369.64942917852846,1778498961,DyLam
218999,366.4987901669838,1778498961,DyLam
219999,358.61462927379705,1778498961,DyLam
220999,378.26060724820496,1778498961,DyLam
221999,373.5914298595966,1778498961,DyLam
222999,368.87750252997336,1778498961,DyLam
223999,360.8266530197534,1778498961,DyLam
224999,363.1624690894759,1778498961,DyLam
225999,370.5826307476698,1778498961,DyLam
226999,379.1024045361647,1778498961,DyLam
227999,381.9580169480566,1778498961,DyLam
228999,379.6141932361694,1778498961,DyLam
229999,381.017602133269,1778498961,DyLam
230999,383.56597073761645,1778498961,DyLam
231999,381.0019969735336,1778498961,DyLam
232999,374.8374278832011,1778498961,DyLam
233999,375.43025619613024,1778498961,DyLam
234999,385.81862116639024,1778498961,DyLam
235999,383.41068724089615,1778498961,DyLam
236999,381.56525412568254,1778498961,DyLam
237999,383.3436904070147,1778498961,DyLam
238999,379.4430821774379,1778498961,DyLam
239999,392.7419219266351,1778498961,DyLam
240999,394.8301999142399,1778498961,DyLam
241999,399.3776947907165,1778498961,DyLam
242999,382.9199165404253,1778498961,DyLam
243999,400.0888405074968,1778498961,DyLam
244999,395.0908788306965,1778498961,DyLam
245999,398.1145070112805,1778498961,DyLam
246999,398.1801541395632,1778498961,DyLam
247999,397.3828506686156,1778498961,DyLam
248999,387.34105511151,1778498961,DyLam
249999,397.44802489634026,1778498961,DyLam
250999,399.54262825032754,1778498961,DyLam
251999,398.5999066982623,1778498961,DyLam
252999,395.1916596591407,1778498961,DyLam
253999,399.24274356381983,1778498961,DyLam
254999,399.7954161204279,1778498961,DyLam
255999,396.30503626681246,1778498961,DyLam
256999,408.9657535420174,1778498961,DyLam
257999,399.5809755121671,1778498961,DyLam
258999,415.5405415188016,1778498961,DyLam
259999,398.48590931174897,1778498961,DyLam
260999,406.52598609579,1778498961,DyLam
261999,409.43545348072325,1778498961,DyLam
262999,408.24375362952304,1778498961,DyLam
263999,418.31427578041,1778498961,DyLam
264999,400.3349233547895,1778498961,DyLam
265999,423.21371453730745,1778498961,DyLam
266999,402.4502286134527,1778498961,DyLam
267999,405.6057163943974,1778498961,DyLam
268999,407.3265264826695,1778498961,DyLam
269999,408.95362181854057,1778498961,DyLam
270999,416.3923479639674,1778498961,DyLam
271999,399.74441945620407,1778498961,DyLam
272999,412.9683116657652,1778498961,DyLam
273999,409.2370351520161,1778498961,DyLam
274999,426.76428157407895,1778498961,DyLam
275999,414.5824428850816,1778498961,DyLam
276999,426.3732920006289,1778498961,DyLam
277999,410.7456535238027,1778498961,DyLam
278999,427.1900427173447,1778498961,DyLam
279999,415.2020539058657,1778498961,DyLam
280999,428.4085462581185,1778498961,DyLam
281999,415.7944746573311,1778498961,DyLam
282999,425.22303307159774,1778498961,DyLam
283999,427.5552490054805,1778498961,DyLam
284999,427.8028420703233,1778498961,DyLam
285999,426.8602847173328,1778498961,DyLam
286999,417.4073072649724,1778498961,DyLam
287999,428.6231192925949,1778498961,DyLam
288999,426.668864374556,1778498961,DyLam
289999,428.5280865829413,1778498961,DyLam
290999,428.93349412310255,1778498961,DyLam
291999,426.33984340187527,1778498961,DyLam
292999,403.9153518544739,1778498961,DyLam
293999,421.50634399513046,1778498961,DyLam
294999,429.24712921213353,1778498961,DyLam
295999,431.6018448444364,1778498961,DyLam
296999,428.2424330665314,1778498961,DyLam
297999,421.9348638892888,1778498961,DyLam
298999,423.95723482995896,1778498961,DyLam
299999,424.4302491022858,1778498961,DyLam
300999,416.1239466028546,1778498961,DyLam
301999,426.67460406974976,1778498961,DyLam
302999,421.3624604482973,1778498961,DyLam
303999,431.81853670560525,1778498961,DyLam
304999,428.9516911585205,1778498961,DyLam
305999,407.3431612559313,1778498961,DyLam
306999,412.35028036041183,1778498961,DyLam
307999,426.5593628039712,1778498961,DyLam
308999,426.1421135612293,1778498961,DyLam
309999,427.8989218681508,1778498961,DyLam
310999,422.9513142078771,1778498961,DyLam
311999,432.675234966686,1778498961,DyLam
312999,429.624904365768,1778498961,DyLam
313999,428.0797195076032,1778498961,DyLam
314999,425.979791061393,1778498961,DyLam
315999,430.0975180999683,1778498961,DyLam
316999,424.8106911070674,1778498961,DyLam
317999,423.1355903278637,1778498961,DyLam
318999,415.4642914524825,1778498961,DyLam
319999,429.8920369888996,1778498961,DyLam
320999,432.0471401911159,1778498961,DyLam
321999,417.9010119436549,1778498961,DyLam
322999,424.9842800893289,1778498961,DyLam
323999,433.847389622499,1778498961,DyLam
324999,422.11632472288096,1778498961,DyLam
325999,424.41510825252567,1778498961,DyLam
326999,346.7119626389229,1778498961,DyLam
327999,419.2614845870769,1778498961,DyLam
328999,423.0311943491005,1778498961,DyLam
329999,395.4514481015651,1778498961,DyLam
330999,428.2761864289587,1778498961,DyLam
331999,432.4919311665595,1778498961,DyLam
332999,416.6658599403712,1778498961,DyLam
333999,414.8750111571276,1778498961,DyLam
334999,433.6194816887287,1778498961,DyLam
335999,424.5135991277633,1778498961,DyLam
336999,425.4800057744989,1778498961,DyLam
337999,419.2448667037543,1778498961,DyLam
338999,423.4283236120123,1778498961,DyLam
339999,412.645013414579,1778498961,DyLam
340999,422.872449552065,1778498961,DyLam
341999,429.5165774452837,1778498961,DyLam
342999,424.54283051959976,1778498961,DyLam
343999,429.3062923945711,1778498961,DyLam
344999,426.3928439149248,1778498961,DyLam
345999,425.1904494968793,1778498961,DyLam
346999,408.1749784256072,1778498961,DyLam
347999,29.30065131956102,1778498961,DyLam
348999,433.7243081587306,1778498961,DyLam
349999,446.6613999189886,1778498961,DyLam
350999,442.5215991926375,1778498961,DyLam
351999,430.7632721280984,1778498961,DyLam
352999,442.2641402027553,1778498961,DyLam
353999,419.2948212878629,1778498961,DyLam
354999,441.9067317238373,1778498961,DyLam
355999,429.5924452674749,1778498961,DyLam
356999,429.3416304412109,1778498961,DyLam
357999,417.51422178109993,1778498961,DyLam
358999,434.308883744411,1778498961,DyLam
359999,421.4033267544768,1778498961,DyLam
360999,436.1057120926307,1778498961,DyLam
361999,432.1987399902555,1778498961,DyLam
362999,425.8785632471224,1778498961,DyLam
363999,425.16911814394354,1778498961,DyLam
364999,440.3730811166608,1778498961,DyLam
365999,221.30691243639936,1778498961,DyLam
366999,432.3118130674956,1778498961,DyLam
367999,442.1499578711698,1778498961,DyLam
368999,185.6107371777169,1778498961,DyLam
369999,438.4615830033359,1778498961,DyLam
370999,437.4790108154645,1778498961,DyLam
371999,438.9221031242645,1778498961,DyLam
372999,428.0535707323263,1778498961,DyLam
373999,439.47521464952905,1778498961,DyLam
374999,428.2421115127339,1778498961,DyLam
375999,421.5335784627607,1778498961,DyLam
376999,420.8710755322148,1778498961,DyLam
377999,428.2515154477828,1778498961,DyLam
378999,428.0484974476549,1778498961,DyLam
379999,430.2646572474468,1778498961,DyLam
380999,422.1223613757522,1778498961,DyLam
381999,424.8539079958217,1778498961,DyLam
382999,425.8958774847482,1778498961,DyLam
383999,413.4163979543852,1778498961,DyLam
384999,425.2105020949119,1778498961,DyLam
385999,422.7918296111239,1778498961,DyLam
386999,428.5243520158599,1778498961,DyLam
387999,414.6119022486545,1778498961,DyLam
388999,431.4206159607021,1778498961,DyLam
389999,424.2985017489111,1778498961,DyLam
390999,416.99259281130384,1778498961,DyLam
391999,414.6054478588599,1778498961,DyLam
392999,425.3625023816654,1778498961,DyLam
393999,423.9569445168197,1778498961,DyLam
394999,415.2694679967821,1778498961,DyLam
395999,434.6405406107392,1778498961,DyLam
396999,431.8202400515064,1778498961,DyLam
397999,451.3528159154095,1778498961,DyLam
398999,426.3188443205728,1778498961,DyLam
399999,420.4562552801321,1778498961,DyLam
400999,445.7875162159304,1778498961,DyLam
401999,387.747098819997,1778498961,DyLam
402999,436.49136047275096,1778498961,DyLam
403999,433.073476547905,1778498961,DyLam
404999,430.13351409861593,1778498961,DyLam
405999,438.3944276138592,1778498961,DyLam
406999,444.0988286131564,1778498961,DyLam
407999,430.614301842726,1778498961,DyLam
408999,440.933685285832,1778498961,DyLam
409999,446.0661169724696,1778498961,DyLam
410999,427.4381621380845,1778498961,DyLam
411999,434.1811124684089,1778498961,DyLam
412999,429.9193958417982,1778498961,DyLam
413999,430.848418244584,1778498961,DyLam
414999,436.3152643430257,1778498961,DyLam
415999,434.49415569521966,1778498961,DyLam
416999,433.7093358897053,1778498961,DyLam
417999,444.74951774425085,1778498961,DyLam
418999,455.5416456786145,1778498961,DyLam
419999,451.27230889103146,1778498961,DyLam
420999,451.18410690082766,1778498961,DyLam
421999,432.1993568210039,1778498961,DyLam
422999,428.6470416989516,1778498961,DyLam
423999,433.56601033921726,1778498961,DyLam
424999,426.0429164687072,1778498961,DyLam
425999,440.5119942358771,1778498961,DyLam
426999,450.7826927503168,1778498961,DyLam
427999,433.6173541149116,1778498961,DyLam
428999,437.7679546530262,1778498961,DyLam
429999,439.11747055384194,1778498961,DyLam
430999,426.0457952999519,1778498961,DyLam
431999,444.7620004759392,1778498961,DyLam
432999,440.8243699504751,1778498961,DyLam
433999,430.5396359445223,1778498961,DyLam
434999,200.07254920926945,1778498961,DyLam
435999,434.7351104087376,1778498961,DyLam
436999,438.4549117557144,1778498961,DyLam
437999,445.8016996884349,1778498961,DyLam
438999,421.86439925752353,1778498961,DyLam
439999,440.12772044792194,1778498961,DyLam
440999,435.1760171321075,1778498961,DyLam
441999,442.3276243072152,1778498961,DyLam
442999,454.4229082290009,1778498961,DyLam
443999,432.4651668760748,1778498961,DyLam
444999,430.6875781638772,1778498961,DyLam
445999,427.2368229606223,1778498961,DyLam
446999,423.5473491142368,1778498961,DyLam
447999,442.061416687889,1778498961,DyLam
448999,449.4056824477588,1778498961,DyLam
449999,447.5581512494781,1778498961,DyLam
450999,441.4867329680213,1778498961,DyLam
451999,439.9695650250335,1778498961,DyLam
452999,326.53830294173247,1778498961,DyLam
453999,444.15092872837374,1778498961,DyLam
454999,447.41149251166695,1778498961,DyLam
455999,432.7540257872481,1778498961,DyLam
456999,428.94340859613646,1778498961,DyLam
457999,430.5615498266559,1778498961,DyLam
458999,437.021390582576,1778498961,DyLam
459999,431.58510136991424,1778498961,DyLam
460999,450.40452421225206,1778498961,DyLam
461999,431.9774189484106,1778498961,DyLam
462999,431.4010710682056,1778498961,DyLam
463999,435.8500816109403,1778498961,DyLam
464999,440.0782331232019,1778498961,DyLam
465999,443.4227860486314,1778498961,DyLam
466999,450.53986412755535,1778498961,DyLam
467999,446.9374694179864,1778498961,DyLam
468999,438.1588954246698,1778498961,DyLam
469999,444.6705780589529,1778498961,DyLam
470999,432.2862399146102,1778498961,DyLam
471999,443.7141403586733,1778498961,DyLam
472999,437.3045149013422,1778498961,DyLam
473999,440.95642087295454,1778498961,DyLam
474999,439.2989415948237,1778498961,DyLam
475999,432.11433390531823,1778498961,DyLam
476999,441.7703477848773,1778498961,DyLam
477999,442.805425337204,1778498961,DyLam
478999,433.2065000960754,1778498961,DyLam
479999,422.89898631636754,1778498961,DyLam
480999,431.76990623292426,1778498961,DyLam
481999,436.1326070054888,1778498961,DyLam
482999,439.7842396044631,1778498961,DyLam
483999,443.02785218944746,1778498961,DyLam
484999,435.3207465590369,1778498961,DyLam
485999,439.969199912546,1778498961,DyLam
486999,439.93666522378,1778498961,DyLam
487999,411.6082203449493,1778498961,DyLam
488999,433.6819155067501,1778498961,DyLam
489999,422.2742080689849,1778498961,DyLam
490999,441.8637174003254,1778498961,DyLam
491999,450.53408055982857,1778498961,DyLam
492999,447.0147520229248,1778498961,DyLam
493999,442.57041899005895,1778498961,DyLam
494999,447.61756636274686,1778498961,DyLam
495999,445.425979893884,1778498961,DyLam
496999,445.0638720495369,1778498961,DyLam
497999,457.5677102524253,1778498961,DyLam
498999,455.46305220243306,1778498961,DyLam
499999,439.9354357450154,1778498961,DyLam
999,-4.86729378007688,1778498957,DyLam
1999,0.3973981668884108,1778498957,DyLam
2999,-2.47596550355338,1778498957,DyLam
3999,-5.866608959770199,1778498957,DyLam
4999,-5.919633209760727,1778498957,DyLam
5999,-7.010810816043717,1778498957,DyLam
6999,-3.1010703932442905,1778498957,DyLam
7999,-5.608304772993552,1778498957,DyLam
8999,2.848692915199136,1778498957,DyLam
9999,-8.867280986685211,1778498957,DyLam
10999,-2.9324085176687222,1778498957,DyLam
11999,0.0264630518363745,1778498957,DyLam
12999,-2.4782990640506126,1778498957,DyLam
13999,2.396480407882269,1778498957,DyLam
14999,-3.6804262531873126,1778498957,DyLam
15999,-1.2948627580469003,1778498957,DyLam
16999,-6.014677957497975,1778498957,DyLam
17999,-5.660141752062038,1778498957,DyLam
18999,-2.578751806192057,1778498957,DyLam
19999,-1.5212893094505668,1778498957,DyLam
20999,-1.8049590367305384,1778498957,DyLam
21999,-8.903211577053298,1778498957,DyLam
22999,3.4676267783001484,1778498957,DyLam
23999,-0.6009081319081775,1778498957,DyLam
24999,-0.8651299493044186,1778498957,DyLam
25999,-1.200243576977411,1778498957,DyLam
26999,2.5402048839399702,1778498957,DyLam
27999,6.754944173159392,1778498957,DyLam
28999,6.007798944438525,1778498957,DyLam
29999,11.503129054311236,1778498957,DyLam
30999,14.24813743258288,1778498957,DyLam
31999,16.827980241584786,1778498957,DyLam
32999,12.264699477899136,1778498957,DyLam
33999,54.514698175051095,1778498957,DyLam
34999,53.41669435695814,1778498957,DyLam
35999,19.439959084975595,1778498957,DyLam
36999,100.68526349708354,1778498957,DyLam
37999,122.60078534630618,1778498957,DyLam
38999,131.4729060912544,1778498957,DyLam
39999,140.39511102714334,1778498957,DyLam
40999,144.5929824427533,1778498957,DyLam
41999,159.35110595842943,1778498957,DyLam
42999,163.48018470222164,1778498957,DyLam
43999,174.16562598640311,1778498957,DyLam
44999,179.0179610155571,1778498957,DyLam
45999,181.86556530598256,1778498957,DyLam
46999,190.98901365221224,1778498957,DyLam
47999,202.5086061281785,1778498957,DyLam
48999,214.23985539000032,1778498957,DyLam
49999,221.3757507655409,1778498957,DyLam
50999,227.85811327501247,1778498957,DyLam
51999,228.1854854867792,1778498957,DyLam
52999,229.47604089291863,1778498957,DyLam
53999,234.28367925839936,1778498957,DyLam
54999,229.5015458507285,1778498957,DyLam
55999,255.5075837151993,1778498957,DyLam
56999,250.871769786907,1778498957,DyLam
57999,273.29612259663656,1778498957,DyLam
58999,274.86228175754235,1778498957,DyLam
59999,276.9014287375699,1778498957,DyLam
60999,284.69533512652714,1778498957,DyLam
61999,288.2922981678875,1778498957,DyLam
62999,286.35349437435235,1778498957,DyLam
63999,289.87670878500705,1778498957,DyLam
64999,288.6003301785242,1778498957,DyLam
65999,278.99105701810737,1778498957,DyLam
66999,292.84673570897723,1778498957,DyLam
67999,300.5643541434204,1778498957,DyLam
68999,298.01515939801743,1778498957,DyLam
69999,303.6560210199576,1778498957,DyLam
70999,295.29620256837165,1778498957,DyLam
71999,292.93635941076565,1778498957,DyLam
72999,301.0796791208832,1778498957,DyLam
73999,298.567679528184,1778498957,DyLam
74999,298.6997068517942,1778498957,DyLam
75999,292.061189970506,1778498957,DyLam
76999,288.54845953086493,1778498957,DyLam
77999,287.1016473223244,1778498957,DyLam
78999,294.46220066868904,1778498957,DyLam
79999,290.46200930473674,1778498957,DyLam
80999,288.36885367233776,1778498957,DyLam
81999,284.4641381098571,1778498957,DyLam
82999,287.5968590422363,1778498957,DyLam
83999,283.4939828231161,1778498957,DyLam
84999,287.9656090973753,1778498957,DyLam
85999,283.5224565404662,1778498957,DyLam
86999,271.7499470704688,1778498957,DyLam
87999,267.56543264787604,1778498957,DyLam
88999,269.91298309681963,1778498957,DyLam
89999,276.6717323910468,1778498957,DyLam
90999,277.4612802174988,1778498957,DyLam
91999,280.1919476078238,1778498957,DyLam
92999,275.7802130255743,1778498957,DyLam
93999,280.6723106947271,1778498957,DyLam
94999,282.36162015589434,1778498957,DyLam
95999,282.66451726995115,1778498957,DyLam
96999,289.1663905766754,1778498957,DyLam
97999,300.91443776614415,1778498957,DyLam
98999,307.791213243478,1778498957,DyLam
99999,303.0128977716138,1778498957,DyLam
100999,303.8148687954816,1778498957,DyLam
101999,307.78183613401194,1778498957,DyLam
102999,309.5767239007023,1778498957,DyLam
103999,304.1932161597677,1778498957,DyLam
104999,302.69148459645095,1778498957,DyLam
105999,312.8842962785228,1778498957,DyLam
106999,315.2184625576873,1778498957,DyLam
107999,312.4560196017864,1778498957,DyLam
108999,318.87798723845634,1778498957,DyLam
109999,324.00893175447914,1778498957,DyLam
110999,315.13574984622574,1778498957,DyLam
111999,319.83601494448413,1778498957,DyLam
112999,323.5435457479546,1778498957,DyLam
113999,324.3857620279735,1778498957,DyLam
114999,321.60636924623185,1778498957,DyLam
115999,330.02905639536925,1778498957,DyLam
116999,334.91415572611254,1778498957,DyLam
117999,331.1550690965884,1778498957,DyLam
118999,336.58748778683844,1778498957,DyLam
119999,334.67021498718185,1778498957,DyLam
120999,330.41256601142913,1778498957,DyLam
121999,329.179144434433,1778498957,DyLam
122999,332.4808740421336,1778498957,DyLam
123999,335.79056196594854,1778498957,DyLam
124999,333.6359543596899,1778498957,DyLam
125999,335.58470314103687,1778498957,DyLam
126999,341.988719219108,1778498957,DyLam
127999,344.957417626105,1778498957,DyLam
128999,343.71831450236584,1778498957,DyLam
129999,343.08216021095745,1778498957,DyLam
130999,344.00869610116666,1778498957,DyLam
131999,348.2682989325102,1778498957,DyLam
132999,348.53165414069696,1778498957,DyLam
133999,343.2300849370313,1778498957,DyLam
134999,342.8006322533817,1778498957,DyLam
135999,342.016548809905,1778498957,DyLam
136999,344.0683136988373,1778498957,DyLam
137999,346.7599543326658,1778498957,DyLam
138999,336.0385016469465,1778498957,DyLam
139999,344.7392158103364,1778498957,DyLam
140999,348.46549299247266,1778498957,DyLam
141999,349.39828154664485,1778498957,DyLam
142999,356.020378683579,1778498957,DyLam
143999,346.0782606253787,1778498957,DyLam
144999,338.2738363204193,1778498957,DyLam
145999,353.637396731716,1778498957,DyLam
146999,341.67373113032954,1778498957,DyLam
147999,348.79838407268966,1778498957,DyLam
148999,354.61129777887624,1778498957,DyLam
149999,356.2852254664977,1778498957,DyLam
150999,358.3710827690167,1778498957,DyLam
151999,354.48841226717155,1778498957,DyLam
152999,347.97193058521464,1778498957,DyLam
153999,349.4507599727636,1778498957,DyLam
154999,361.6337562027724,1778498957,DyLam
155999,356.37678611940635,1778498957,DyLam
156999,359.7216236353412,1778498957,DyLam
157999,361.5157090517699,1778498957,DyLam
158999,356.1013408136371,1778498957,DyLam
159999,367.6271392950486,1778498957,DyLam
160999,363.4356988676901,1778498957,DyLam
161999,368.38869563502976,1778498957,DyLam
162999,363.2551515744625,1778498957,DyLam
163999,365.9768734665403,1778498957,DyLam
164999,363.0817779549981,1778498957,DyLam
165999,366.5244816316923,1778498957,DyLam
166999,367.4880678045652,1778498957,DyLam
167999,370.0186940773884,1778498957,DyLam
168999,364.4611121867038,1778498957,DyLam
169999,368.6569957665714,1778498957,DyLam
170999,374.8828968819294,1778498957,DyLam
171999,367.1907801053754,1778498957,DyLam
172999,371.6246121448371,1778498957,DyLam
173999,370.2795939319054,1778498957,DyLam
174999,373.9158781536318,1778498957,DyLam
175999,372.46500685287737,1778498957,DyLam
176999,367.9965920656945,1778498957,DyLam
177999,365.7855298964556,1778498957,DyLam
178999,372.3523062183022,1778498957,DyLam
179999,373.9174012164148,1778498957,DyLam
180999,373.010266848084,1778498957,DyLam
181999,372.440652953493,1778498957,DyLam
182999,371.4400453076888,1778498957,DyLam
183999,368.3791975933667,1778498957,DyLam
184999,379.2952898461044,1778498957,DyLam
185999,379.2345105726424,1778498957,DyLam
186999,374.66600909356833,1778498957,DyLam
187999,379.3004123956607,1778498957,DyLam
188999,379.29683513486265,1778498957,DyLam
189999,375.43230218057454,1778498957,DyLam
190999,384.5432541853237,1778498957,DyLam
191999,383.88812289558496,1778498957,DyLam
192999,375.1191756786737,1778498957,DyLam
193999,380.6636444176109,1778498957,DyLam
194999,379.3850025903102,1778498957,DyLam
195999,380.8652134407541,1778498957,DyLam
196999,386.1648123162437,1778498957,DyLam
197999,387.1258924621438,1778498957,DyLam
198999,388.7747550729644,1778498957,DyLam
199999,384.60662528691375,1778498957,DyLam
200999,387.01957340403936,1778498957,DyLam
201999,388.6146932852409,1778498957,DyLam
202999,393.05883996959,1778498957,DyLam
203999,393.22602484477454,1778498957,DyLam
204999,393.8204749472768,1778498957,DyLam
205999,394.2997255046034,1778498957,DyLam
206999,388.1869012975105,1778498957,DyLam
207999,395.9637299244245,1778498957,DyLam
208999,398.3202290293661,1778498957,DyLam
209999,394.7168752388772,1778498957,DyLam
210999,394.0755630552238,1778498957,DyLam
211999,397.2954778133007,1778498957,DyLam
212999,386.8621542570388,1778498957,DyLam
213999,395.5811552507112,1778498957,DyLam
214999,387.7868067184144,1778498957,DyLam
215999,132.8692170806481,1778498957,DyLam
216999,393.5359590202767,1778498957,DyLam
217999,392.26661211063015,1778498957,DyLam
218999,403.05947348755046,1778498957,DyLam
219999,387.67326360198,1778498957,DyLam
220999,385.19886429402817,1778498957,DyLam
221999,379.06131219022205,1778498957,DyLam
222999,370.75613310269154,1778498957,DyLam
223999,378.4419453654548,1778498957,DyLam
224999,372.097314663101,1778498957,DyLam
225999,367.4539920215715,1778498957,DyLam
226999,331.227254859494,1778498957,DyLam
227999,361.7994506154325,1778498957,DyLam
228999,359.42122724568674,1778498957,DyLam
229999,379.3011939306396,1778498957,DyLam
230999,370.32065105095865,1778498957,DyLam
231999,372.58035411576464,1778498957,DyLam
232999,362.59666931832135,1778498957,DyLam
233999,386.0163523212038,1778498957,DyLam
234999,374.5418253926279,1778498957,DyLam
235999,376.0942982351554,1778498957,DyLam
236999,379.6386944636119,1778498957,DyLam
237999,375.47763876113794,1778498957,DyLam
238999,380.53031276048193,1778498957,DyLam
239999,385.9176947317935,1778498957,DyLam
240999,383.7327812744129,1778498957,DyLam
241999,391.6024362171033,1778498957,DyLam
242999,382.2447575767455,1778498957,DyLam
243999,372.905026408986,1778498957,DyLam
244999,376.3768827995119,1778498957,DyLam
245999,364.259035094973,1778498957,DyLam
246999,379.86233029299655,1778498957,DyLam
247999,388.06933125575455,1778498957,DyLam
248999,376.9977811093746,1778498957,DyLam
249999,384.8197895820024,1778498957,DyLam
250999,389.8301961709112,1778498957,DyLam
251999,398.2688939044973,1778498957,DyLam
252999,390.97473246813183,1778498957,DyLam
253999,391.4835437502204,1778498957,DyLam
254999,394.3845610647234,1778498957,DyLam
255999,397.31655619424345,1778498957,DyLam
256999,401.42671934001226,1778498957,DyLam
257999,396.6193234933805,1778498957,DyLam
258999,401.5090752590646,1778498957,DyLam
259999,397.8231309951588,1778498957,DyLam
260999,392.1428012787106,1778498957,DyLam
261999,394.4137404267147,1778498957,DyLam
262999,400.3834105833059,1778498957,DyLam
263999,392.8134641344438,1778498957,DyLam
264999,406.9962886723055,1778498957,DyLam
265999,390.8856572154127,1778498957,DyLam
266999,400.0161346232533,1778498957,DyLam
267999,401.4169185696391,1778498957,DyLam
268999,396.4109956382868,1778498957,DyLam
269999,395.6907747598809,1778498957,DyLam
270999,403.2083795863228,1778498957,DyLam
271999,396.9290278080362,1778498957,DyLam
272999,399.9955172454978,1778498957,DyLam
273999,401.7682951988176,1778498957,DyLam
274999,400.2902469922749,1778498957,DyLam
275999,405.68066118781707,1778498957,DyLam
276999,399.0880245759535,1778498957,DyLam
277999,394.5514314373192,1778498957,DyLam
278999,412.43628131190445,1778498957,DyLam
279999,409.380170874044,1778498957,DyLam
280999,412.82117300807136,1778498957,DyLam
281999,408.3157986916233,1778498957,DyLam
282999,406.1920766791532,1778498957,DyLam
283999,411.19020620090816,1778498957,DyLam
284999,412.7945646375387,1778498957,DyLam
285999,413.3683028236639,1778498957,DyLam
286999,403.2638215745893,1778498957,DyLam
287999,414.9837399013314,1778498957,DyLam
288999,417.3892241872808,1778498957,DyLam
289999,408.9330502196996,1778498957,DyLam
290999,410.562594014218,1778498957,DyLam
291999,409.5588172920636,1778498957,DyLam
292999,411.2037539650923,1778498957,DyLam
293999,421.5263333561738,1778498957,DyLam
294999,420.145903608608,1778498957,DyLam
295999,417.0010176342093,1778498957,DyLam
296999,420.7333286744846,1778498957,DyLam
297999,430.4263632463459,1778498957,DyLam
298999,424.28221134405806,1778498957,DyLam
299999,427.06937784260566,1778498957,DyLam
300999,430.84384998618737,1778498957,DyLam
301999,417.0710683322481,1778498957,DyLam
302999,423.15703106101375,1778498957,DyLam
303999,388.40505732483047,1778498957,DyLam
304999,414.5092364840088,1778498957,DyLam
305999,397.24899175741047,1778498957,DyLam
306999,413.43131578661337,1778498957,DyLam
307999,422.80549463268807,1778498957,DyLam
308999,435.1223208536844,1778498957,DyLam
309999,435.8936464301763,1778498957,DyLam
310999,422.542774784295,1778498957,DyLam
311999,423.7090287901727,1778498957,DyLam
312999,434.8587489259702,1778498957,DyLam
313999,414.5554185663691,1778498957,DyLam
314999,438.42513487406495,1778498957,DyLam
315999,433.97610401175393,1778498957,DyLam
316999,428.2773683390813,1778498957,DyLam
317999,428.3764333935332,1778498957,DyLam
318999,454.9010890560364,1778498957,DyLam
319999,438.3222985276562,1778498957,DyLam
320999,428.0756252535561,1778498957,DyLam
321999,445.43362679101466,1778498957,DyLam
322999,422.8413829591237,1778498957,DyLam
323999,425.7529559861108,1778498957,DyLam
324999,434.9939072279749,1778498957,DyLam
325999,435.9605540869077,1778498957,DyLam
326999,438.2572258196694,1778498957,DyLam
327999,452.4458006998682,1778498957,DyLam
328999,444.7848551101983,1778498957,DyLam
329999,431.9402573936869,1778498957,DyLam
330999,450.00679086989294,1778498957,DyLam
331999,446.2835247607467,1778498957,DyLam
332999,440.6393612302366,1778498957,DyLam
333999,438.99271967604886,1778498957,DyLam
334999,437.0047298019258,1778498957,DyLam
335999,420.390468962014,1778498957,DyLam
336999,436.665166119916,1778498957,DyLam
337999,443.7638337248422,1778498957,DyLam
338999,426.918642612968,1778498957,DyLam
339999,442.7723246898341,1778498957,DyLam
340999,445.4556052710726,1778498957,DyLam
341999,443.7998227301466,1778498957,DyLam
342999,443.947976364922,1778498957,DyLam
343999,454.5588085275644,1778498957,DyLam
344999,453.2912683927075,1778498957,DyLam
345999,430.8367618168799,1778498957,DyLam
346999,433.0072601228357,1778498957,DyLam
347999,447.1073375563585,1778498957,DyLam
348999,427.8735897695523,1778498957,DyLam
349999,444.5194008098228,1778498957,DyLam
350999,447.2200903068693,1778498957,DyLam
351999,440.6891134210071,1778498957,DyLam
352999,449.38148244001735,1778498957,DyLam
353999,449.72261094572775,1778498957,DyLam
354999,460.10274932714987,1778498957,DyLam
355999,450.86577828722073,1778498957,DyLam
356999,401.0062322857028,1778498957,DyLam
357999,465.68958248447353,1778498957,DyLam
358999,474.965432989224,1778498957,DyLam
359999,473.9360703674223,1778498957,DyLam
360999,472.5872335056961,1778498957,DyLam
361999,463.1152931556859,1778498957,DyLam
362999,477.5912878175772,1778498957,DyLam
363999,476.5023746112326,1778498957,DyLam
364999,465.858100262854,1778498957,DyLam
365999,467.5498864718301,1778498957,DyLam
366999,486.9363889561313,1778498957,DyLam
367999,481.8226987551957,1778498957,DyLam
368999,498.83269664550346,1778498957,DyLam
369999,506.8092817090521,1778498957,DyLam
370999,497.6405714522247,1778498957,DyLam
371999,494.5185696656656,1778498957,DyLam
372999,479.3378828767367,1778498957,DyLam
373999,501.8721727298952,1778498957,DyLam
374999,496.15696165022655,1778498957,DyLam
375999,509.2309963678633,1778498957,DyLam
376999,515.8354856126862,1778498957,DyLam
377999,493.8620679290665,1778498957,DyLam
378999,498.5621008732067,1778498957,DyLam
379999,520.3138287614969,1778498957,DyLam
380999,256.1358831032217,1778498957,DyLam
381999,522.4346368430514,1778498957,DyLam
382999,501.989387582443,1778498957,DyLam
383999,494.7716655096127,1778498957,DyLam
384999,499.2504430297196,1778498957,DyLam
385999,501.8135407077216,1778498957,DyLam
386999,502.7430163307765,1778498957,DyLam
387999,515.4195676503298,1778498957,DyLam
388999,507.6620243241953,1778498957,DyLam
389999,485.2384139214436,1778498957,DyLam
390999,478.3916993273199,1778498957,DyLam
391999,371.2670670915873,1778498957,DyLam
392999,479.30467247432193,1778498957,DyLam
393999,499.3992913632412,1778498957,DyLam
394999,479.5137291870912,1778498957,DyLam
395999,507.66403421389896,1778498957,DyLam
396999,483.76165364618976,1778498957,DyLam
397999,482.2912309822252,1778498957,DyLam
398999,221.2718099983974,1778498957,DyLam
399999,498.1267422923465,1778498957,DyLam
400999,509.0637116018647,1778498957,DyLam
401999,514.0347541510594,1778498957,DyLam
402999,515.0082139782854,1778498957,DyLam
403999,492.3324438729642,1778498957,DyLam
404999,492.3040807925087,1778498957,DyLam
405999,509.83881316958497,1778498957,DyLam
406999,497.24813491036633,1778498957,DyLam
407999,502.4491026308455,1778498957,DyLam
408999,506.24340168642334,1778498957,DyLam
409999,515.2380595996027,1778498957,DyLam
410999,519.3659408013598,1778498957,DyLam
411999,494.6188329982238,1778498957,DyLam
412999,480.2705756986253,1778498957,DyLam
413999,512.7374926368893,1778498957,DyLam
414999,499.69467830770736,1778498957,DyLam
415999,487.83469110317446,1778498957,DyLam
416999,500.9773355048484,1778498957,DyLam
417999,457.2769561663104,1778498957,DyLam
418999,487.4041169107524,1778498957,DyLam
419999,505.858091575456,1778498957,DyLam
420999,495.1545493057557,1778498957,DyLam
421999,504.4275644843224,1778498957,DyLam
422999,485.8301126837865,1778498957,DyLam
423999,471.20408616373993,1778498957,DyLam
424999,474.9101019459822,1778498957,DyLam
425999,482.0034741203387,1778498957,DyLam
426999,480.8929012264967,1778498957,DyLam
427999,454.35954181842425,1778498957,DyLam
428999,484.8929720819029,1778498957,DyLam
429999,483.3523403715265,1778498957,DyLam
430999,497.5303541564903,1778498957,DyLam
431999,502.7996501429302,1778498957,DyLam
432999,495.2387435009686,1778498957,DyLam
433999,513.819133023409,1778498957,DyLam
434999,511.4848588929435,1778498957,DyLam
435999,489.5732247412768,1778498957,DyLam
436999,510.244895549151,1778498957,DyLam
437999,506.06687743443416,1778498957,DyLam
438999,505.1630951945377,1778498957,DyLam
439999,478.57168514579126,1778498957,DyLam
440999,485.9286916007775,1778498957,DyLam
441999,500.87331439129656,1778498957,DyLam
442999,519.2323933581794,1778498957,DyLam
443999,498.4776970606106,1778498957,DyLam
444999,525.8878601919415,1778498957,DyLam
445999,503.85940984256575,1778498957,DyLam
446999,490.2114375385461,1778498957,DyLam
447999,527.6921681885007,1778498957,DyLam
448999,521.6676770919696,1778498957,DyLam
449999,511.4780891880421,1778498957,DyLam
450999,521.562632639844,1778498957,DyLam
451999,515.9412947596825,1778498957,DyLam
452999,451.0863599221325,1778498957,DyLam
453999,489.99462916923807,1778498957,DyLam
454999,535.4624373530258,1778498957,DyLam
455999,488.22074331635264,1778498957,DyLam
456999,478.7556357617438,1778498957,DyLam
457999,525.2193450144315,1778498957,DyLam
458999,526.8477038477832,1778498957,DyLam
459999,489.5326855512744,1778498957,DyLam
460999,526.9480300585769,1778498957,DyLam
461999,499.8663102144813,1778498957,DyLam
462999,514.9624773372103,1778498957,DyLam
463999,522.825980967527,1778498957,DyLam
464999,496.3212483197548,1778498957,DyLam
465999,508.08019930692586,1778498957,DyLam
466999,533.311270846355,1778498957,DyLam
467999,483.7153480398599,1778498957,DyLam
468999,519.4611005691334,1778498957,DyLam
469999,534.7366038241386,1778498957,DyLam
470999,526.8108263424613,1778498957,DyLam
471999,528.8844346631208,1778498957,DyLam
472999,513.0289583744484,1778498957,DyLam
473999,518.5612906237799,1778498957,DyLam
474999,496.87039435300346,1778498957,DyLam
475999,506.4982524776349,1778498957,DyLam
476999,505.50366887494914,1778498957,DyLam
477999,511.513520032339,1778498957,DyLam
478999,472.1264716027054,1778498957,DyLam
479999,501.52098367255616,1778498957,DyLam
480999,501.68649372572105,1778498957,DyLam
481999,509.0632596678295,1778498957,DyLam
482999,508.4577139251208,1778498957,DyLam
483999,532.6677984333487,1778498957,DyLam
484999,499.2439189326345,1778498957,DyLam
485999,501.2427328359776,1778498957,DyLam
486999,512.8369365284228,1778498957,DyLam
487999,438.7299765121962,1778498957,DyLam
488999,510.7712644144207,1778498957,DyLam
489999,513.0192722621849,1778498957,DyLam
490999,521.2373597383686,1778498957,DyLam
491999,513.4955139249066,1778498957,DyLam
492999,511.80156154515817,1778498957,DyLam
493999,504.9290255027778,1778498957,DyLam
494999,396.7437262572437,1778498957,DyLam
495999,7.366367109592318,1778498957,DyLam
496999,500.5659293642915,1778498957,DyLam
497999,497.922072844787,1778498957,DyLam
498999,165.29208216859269,1778498957,DyLam
499999,499.501842112157,1778498957,DyLam
999,-4.21803622181679,1778498946,DyLam
1999,-4.76396593706825,1778498946,DyLam
2999,-5.156642890306736,1778498946,DyLam
3999,-6.1039552998645545,1778498946,DyLam
4999,-1.3793216585495802,1778498946,DyLam
5999,-2.733992081769922,1778498946,DyLam
6999,-6.529449717738708,1778498946,DyLam
7999,-1.834192863553413,1778498946,DyLam
8999,-2.5240073360143565,1778498946,DyLam
9999,-6.940035742123668,1778498946,DyLam
10999,-5.711734988669864,1778498946,DyLam
11999,-2.3203746983279565,1778498946,DyLam
12999,-10.758758206691338,1778498946,DyLam
13999,-4.247682052731072,1778498946,DyLam
14999,-11.553046053551386,1778498946,DyLam
15999,-10.956592191769984,1778498946,DyLam
16999,-4.926236505111141,1778498946,DyLam
17999,3.6928882529474127,1778498946,DyLam
18999,-5.591616620046079,1778498946,DyLam
19999,-7.402417229157918,1778498946,DyLam
20999,-6.090716539807851,1778498946,DyLam
21999,0.2680894578400423,1778498946,DyLam
22999,-1.3590291750684296,1778498946,DyLam
23999,-2.3098813968523717,1778498946,DyLam
24999,-2.4321588268501,1778498946,DyLam
25999,2.005500182663531,1778498946,DyLam
26999,-0.7185788609363776,1778498946,DyLam
27999,2.0836580551687653,1778498946,DyLam
28999,5.922574751051702,1778498946,DyLam
29999,5.183462205002814,1778498946,DyLam
30999,10.212400293469411,1778498946,DyLam
31999,14.941322570049548,1778498946,DyLam
32999,6.110342341241724,1778498946,DyLam
33999,6.0484819923082345,1778498946,DyLam
34999,10.592795112147126,1778498946,DyLam
35999,88.75877523237526,1778498946,DyLam
36999,69.4243058404323,1778498946,DyLam
37999,93.03945320090509,1778498946,DyLam
38999,102.50487264908186,1778498946,DyLam
39999,142.11304776976925,1778498946,DyLam
40999,152.9550030195474,1778498946,DyLam
41999,160.57204932758697,1778498946,DyLam
42999,176.07617504818128,1778498946,DyLam
43999,185.55993639847105,1778498946,DyLam
44999,189.34678608770005,1778498946,DyLam
45999,208.78433019297864,1778498946,DyLam
46999,197.0423712879426,1778498946,DyLam
47999,229.37122320324772,1778498946,DyLam
48999,218.2702353303933,1778498946,DyLam
49999,101.82963932315651,1778498946,DyLam
50999,232.4535552020594,1778498946,DyLam
51999,67.63586983804608,1778498946,DyLam
52999,236.04372877351676,1778498946,DyLam
53999,241.2301787917767,1778498946,DyLam
54999,232.7160912560663,1778498946,DyLam
55999,269.14264914885524,1778498946,DyLam
56999,250.82667185616265,1778498946,DyLam
57999,141.16315541483647,1778498946,DyLam
58999,264.42201696086283,1778498946,DyLam
59999,274.5835984381346,1778498946,DyLam
60999,271.9264933757402,1778498946,DyLam
61999,279.14332971917685,1778498946,DyLam
62999,156.48028582548457,1778498946,DyLam
63999,280.81456459064265,1778498946,DyLam
64999,285.7125223127354,1778498946,DyLam
65999,277.04408698514965,1778498946,DyLam
66999,282.3610399652493,1778498946,DyLam
67999,268.23864961304014,1778498946,DyLam
68999,286.9095224166624,1778498946,DyLam
69999,290.81547688559203,1778498946,DyLam
70999,294.789147065648,1778498946,DyLam
71999,287.86991526991176,1778498946,DyLam
72999,296.0741998633478,1778498946,DyLam
73999,297.4213134949498,1778498946,DyLam
74999,288.0097661726746,1778498946,DyLam
75999,301.9725003490724,1778498946,DyLam
76999,296.163994367967,1778498946,DyLam
77999,305.61644748716583,1778498946,DyLam
78999,306.6256359650945,1778498946,DyLam
79999,304.1911520688664,1778498946,DyLam
80999,306.5542775706201,1778498946,DyLam
81999,310.2291326495232,1778498946,DyLam
82999,307.92754380033165,1778498946,DyLam
83999,304.7508327519363,1778498946,DyLam
84999,306.9277863575137,1778498946,DyLam
85999,309.43207801784695,1778498946,DyLam
86999,302.2949426026172,1778498946,DyLam
87999,305.8144601008429,1778498946,DyLam
88999,305.7388297840462,1778498946,DyLam
89999,313.3952213129008,1778498946,DyLam
90999,314.14302181609173,1778498946,DyLam
91999,307.5481875728188,1778498946,DyLam
92999,320.28211190721584,1778498946,DyLam
93999,317.66577401218007,1778498946,DyLam
94999,313.52827104292714,1778498946,DyLam
95999,312.9587662556198,1778498946,DyLam
96999,320.2392651713089,1778498946,DyLam
97999,319.8490930203047,1778498946,DyLam
98999,318.89493218502446,1778498946,DyLam
99999,321.7297374340507,1778498946,DyLam
100999,320.2654135835196,1778498946,DyLam
101999,326.316575064443,1778498946,DyLam
102999,324.8027350089522,1778498946,DyLam
103999,328.3273050635614,1778498946,DyLam
104999,327.86279598450665,1778498946,DyLam
105999,329.7725920340713,1778498946,DyLam
106999,323.66666197758144,1778498946,DyLam
107999,330.17068222349235,1778498946,DyLam
108999,330.9144665231591,1778498946,DyLam
109999,338.9886642584482,1778498946,DyLam
110999,339.528040056288,1778498946,DyLam
111999,333.4854090897618,1778498946,DyLam
112999,340.92511470220023,1778498946,DyLam
113999,341.37369686592973,1778498946,DyLam
114999,340.1678718501164,1778498946,DyLam
115999,341.0984024990449,1778498946,DyLam
116999,346.4429025760818,1778498946,DyLam
117999,347.1185226514858,1778498946,DyLam
118999,350.0056194052677,1778498946,DyLam
119999,347.1021331638383,1778498946,DyLam
120999,345.47441088074936,1778498946,DyLam
121999,358.165852944642,1778498946,DyLam
122999,353.8024181002051,1778498946,DyLam
123999,343.86061861311714,1778498946,DyLam
124999,358.91554420380965,1778498946,DyLam
125999,351.8898610723996,1778498946,DyLam
126999,353.8301086377006,1778498946,DyLam
127999,361.6267207987235,1778498946,DyLam
128999,362.6477499682487,1778498946,DyLam
129999,358.5899966622083,1778498946,DyLam
130999,353.8987429956234,1778498946,DyLam
131999,360.4201495024652,1778498946,DyLam
132999,359.8062423364847,1778498946,DyLam
133999,362.19698386864906,1778498946,DyLam
134999,358.9003898639701,1778498946,DyLam
135999,346.53115911273125,1778498946,DyLam
136999,356.21658104606104,1778498946,DyLam
137999,355.1489697969991,1778498946,DyLam
138999,356.1114414952621,1778498946,DyLam
139999,356.56490788283634,1778498946,DyLam
140999,354.76001948948795,1778498946,DyLam
141999,355.60588185468373,1778498946,DyLam
142999,361.7225030228046,1778498946,DyLam
143999,359.24114019094424,1778498946,DyLam
144999,357.6939757651347,1778498946,DyLam
145999,355.53288921871524,1778498946,DyLam
146999,359.0708832598239,1778498946,DyLam
147999,358.0014104859088,1778498946,DyLam
148999,358.6355894725044,1778498946,DyLam
149999,358.7735585601708,1778498946,DyLam
150999,357.92241764179835,1778498946,DyLam
151999,365.1506982026845,1778498946,DyLam
152999,366.68538413686406,1778498946,DyLam
153999,365.1014234286666,1778498946,DyLam
154999,365.6396540871589,1778498946,DyLam
155999,366.5209510535908,1778498946,DyLam
156999,367.2184268785894,1778498946,DyLam
157999,373.7005821140157,1778498946,DyLam
158999,370.4477148866717,1778498946,DyLam
159999,372.99319348142313,1778498946,DyLam
160999,372.9594675928902,1778498946,DyLam
161999,373.2721734881159,1778498946,DyLam
162999,375.3813296149632,1778498946,DyLam
163999,376.4854957768272,1778498946,DyLam
164999,376.0320321333734,1778498946,DyLam
165999,382.1923966643448,1778498946,DyLam
166999,377.4299249490774,1778498946,DyLam
167999,373.7950481118156,1778498946,DyLam
168999,381.1780523355137,1778498946,DyLam
169999,380.2367014654312,1778498946,DyLam
170999,387.1940515242044,1778498946,DyLam
171999,392.9404220673147,1778498946,DyLam
172999,388.6338105887107,1778498946,DyLam
173999,386.5667007383855,1778498946,DyLam
174999,388.3058653134598,1778498946,DyLam
175999,390.76635092122,1778498946,DyLam
176999,392.5795247320228,1778498946,DyLam
177999,397.6666577852587,1778498946,DyLam
178999,390.3925138528661,1778498946,DyLam
179999,402.57324787373415,1778498946,DyLam
180999,391.749843124909,1778498946,DyLam
181999,329.9053284323557,1778498946,DyLam
182999,372.3501398756368,1778498946,DyLam
183999,303.84155959784783,1778498946,DyLam
184999,68.74980959418164,1778498946,DyLam
185999,367.437972320806,1778498946,DyLam
186999,37.07373781604133,1778498946,DyLam
187999,373.46289040909744,1778498946,DyLam
188999,359.94666428063294,1778498946,DyLam
189999,358.7085116014225,1778498946,DyLam
190999,365.80338865960334,1778498946,DyLam
191999,367.37463535177824,1778498946,DyLam
192999,181.10045422538883,1778498946,DyLam
193999,377.2242884576095,1778498946,DyLam
194999,372.35960771278377,1778498946,DyLam
195999,377.0446648583,1778498946,DyLam
196999,371.9047731183467,1778498946,DyLam
197999,376.8987737359162,1778498946,DyLam
198999,395.1819899305219,1778498946,DyLam
199999,379.3769448162773,1778498946,DyLam
200999,371.8158312245414,1778498946,DyLam
201999,390.46317843792383,1778498946,DyLam
202999,373.31249122897134,1778498946,DyLam
203999,371.4601354675992,1778498946,DyLam
204999,381.36322852195,1778498946,DyLam
205999,383.8127845607408,1778498946,DyLam
206999,379.8801782468842,1778498946,DyLam
207999,385.0520678650506,1778498946,DyLam
208999,399.16872910187766,1778498946,DyLam
209999,402.0978320034189,1778498946,DyLam
210999,393.336247634146,1778498946,DyLam
211999,389.83354038037015,1778498946,DyLam
212999,402.9129394030024,1778498946,DyLam
213999,411.0197718699316,1778498946,DyLam
214999,397.3361165131387,1778498946,DyLam
215999,409.1806442977388,1778498946,DyLam
216999,412.0111231392879,1778498946,DyLam
217999,403.25927909212766,1778498946,DyLam
218999,417.9784810522287,1778498946,DyLam
219999,409.8482756831757,1778498946,DyLam
220999,421.5256734341552,1778498946,DyLam
221999,416.7137440625849,1778498946,DyLam
222999,415.96548344205576,1778498946,DyLam
223999,432.86624428721854,1778498946,DyLam
224999,427.8660419617065,1778498946,DyLam
225999,439.7908500188132,1778498946,DyLam
226999,433.6402370833999,1778498946,DyLam
227999,436.219893450039,1778498946,DyLam
228999,439.1360744646436,1778498946,DyLam
229999,434.2491634394686,1778498946,DyLam
230999,422.1502144844151,1778498946,DyLam
231999,432.5150238899088,1778498946,DyLam
232999,440.2181783373711,1778498946,DyLam
233999,426.2233729958226,1778498946,DyLam
234999,443.4683172194207,1778498946,DyLam
235999,459.8502170113955,1778498946,DyLam
236999,450.490171528954,1778498946,DyLam
237999,440.9430435463061,1778498946,DyLam
238999,438.5878631500423,1778498946,DyLam
239999,462.43476159050255,1778498946,DyLam
240999,444.4939690430227,1778498946,DyLam
241999,453.0476176719933,1778498946,DyLam
242999,460.1666440636817,1778498946,DyLam
243999,456.2543646065225,1778498946,DyLam
244999,465.7626014890744,1778498946,DyLam
245999,462.6959475943163,1778498946,DyLam
246999,457.759586779727,1778498946,DyLam
247999,463.9386602568097,1778498946,DyLam
248999,476.75310883906405,1778498946,DyLam
249999,459.7936454344745,1778498946,DyLam
250999,474.2093597889498,1778498946,DyLam
251999,462.074636299617,1778498946,DyLam
252999,473.8184846726584,1778498946,DyLam
253999,460.46272878049626,1778498946,DyLam
254999,476.4725146869909,1778498946,DyLam
255999,478.7968742197763,1778498946,DyLam
256999,454.5263164396131,1778498946,DyLam
257999,470.3451272454562,1778498946,DyLam
258999,479.689891917346,1778498946,DyLam
259999,460.38527824782585,1778498946,DyLam
260999,481.7535751972191,1778498946,DyLam
261999,456.8872588626541,1778498946,DyLam
262999,460.7629766226727,1778498946,DyLam
263999,464.79839572547945,1778498946,DyLam
264999,458.3113032151696,1778498946,DyLam
265999,464.789690887404,1778498946,DyLam
266999,465.65334342888247,1778498946,DyLam
267999,460.0217776400086,1778498946,DyLam
268999,472.9575817321996,1778498946,DyLam
269999,460.5040968759216,1778498946,DyLam
270999,441.5077986317151,1778498946,DyLam
271999,475.514777399793,1778498946,DyLam
272999,469.00130576894674,1778498946,DyLam
273999,475.2737774820844,1778498946,DyLam
274999,470.1233122901722,1778498946,DyLam
275999,484.3251703094585,1778498946,DyLam
276999,470.1481383427397,1778498946,DyLam
277999,488.6445063709714,1778498946,DyLam
278999,470.1675771534824,1778498946,DyLam
279999,470.5589619131972,1778498946,DyLam
280999,472.7312126285539,1778498946,DyLam
281999,489.9649491284759,1778498946,DyLam
282999,472.08791301934,1778498946,DyLam
283999,493.6174937292205,1778498946,DyLam
284999,477.6306765544731,1778498946,DyLam
285999,461.5249699235839,1778498946,DyLam
286999,481.8855490621391,1778498946,DyLam
287999,478.5008879628826,1778498946,DyLam
288999,494.36480194028303,1778498946,DyLam
289999,484.8493725325575,1778498946,DyLam
290999,489.34836413715647,1778498946,DyLam
291999,472.85885076658326,1778498946,DyLam
292999,486.6220081628349,1778498946,DyLam
293999,491.7715352752974,1778498946,DyLam
294999,488.17863322248473,1778498946,DyLam
295999,495.58956020498607,1778498946,DyLam
296999,485.0686974130575,1778498946,DyLam
297999,495.49143300113786,1778498946,DyLam
298999,484.0396493746718,1778498946,DyLam
299999,493.27271642761184,1778498946,DyLam
300999,490.58015138932194,1778498946,DyLam
301999,461.63440715917903,1778498946,DyLam
302999,491.0031202108288,1778498946,DyLam
303999,455.8294956167673,1778498946,DyLam
304999,483.7824832353216,1778498946,DyLam
305999,476.5420258100337,1778498946,DyLam
306999,485.4213746047012,1778498946,DyLam
307999,23.170887343029342,1778498946,DyLam
308999,472.1120123840669,1778498946,DyLam
309999,498.9672964833127,1778498946,DyLam
310999,479.76613393136745,1778498946,DyLam
311999,484.186205913223,1778498946,DyLam
312999,489.365883698124,1778498946,DyLam
313999,474.0955353693289,1778498946,DyLam
314999,470.8007161212755,1778498946,DyLam
315999,487.354289336508,1778498946,DyLam
316999,478.6074890859848,1778498946,DyLam
317999,484.8893071941718,1778498946,DyLam
318999,492.4984138275763,1778498946,DyLam
319999,483.906109552178,1778498946,DyLam
320999,492.5968579062666,1778498946,DyLam
321999,481.7661618978328,1778498946,DyLam
322999,495.0424056593324,1778498946,DyLam
323999,469.1779648921494,1778498946,DyLam
324999,488.5967871824121,1778498946,DyLam
325999,494.10837107672006,1778498946,DyLam
326999,488.66867633678606,1778498946,DyLam
327999,488.529619396812,1778498946,DyLam
328999,480.7496008214912,1778498946,DyLam
329999,474.183553079475,1778498946,DyLam
330999,489.0979583196213,1778498946,DyLam
331999,487.7902334106144,1778498946,DyLam
332999,471.7550743817567,1778498946,DyLam
333999,490.25809180596633,1778498946,DyLam
334999,482.5950856716627,1778498946,DyLam
335999,483.59785381862497,1778498946,DyLam
336999,492.6077768182467,1778498946,DyLam
337999,504.4200180238136,1778498946,DyLam
338999,479.4924418932375,1778498946,DyLam
339999,491.4189763267928,1778498946,DyLam
340999,488.0241285215199,1778498946,DyLam
341999,496.0992001784055,1778498946,DyLam
342999,491.6094592828705,1778498946,DyLam
343999,484.65656620477154,1778498946,DyLam
344999,471.72798388347024,1778498946,DyLam
345999,496.1191264528495,1778498946,DyLam
346999,485.5439166063145,1778498946,DyLam
347999,491.7988943085077,1778498946,DyLam
348999,506.4536611531144,1778498946,DyLam
349999,480.9103716555621,1778498946,DyLam
350999,498.576071972089,1778498946,DyLam
351999,484.5452076324681,1778498946,DyLam
352999,465.2193576608876,1778498946,DyLam
353999,480.3173715163732,1778498946,DyLam
354999,491.1087761926264,1778498946,DyLam
355999,496.264458313059,1778498946,DyLam
356999,482.27681283870106,1778498946,DyLam
357999,501.2676829611989,1778498946,DyLam
358999,490.67206721278194,1778498946,DyLam
359999,492.9407543950131,1778498946,DyLam
360999,485.5224463462436,1778498946,DyLam
361999,485.8161712988989,1778498946,DyLam
362999,484.9650176979456,1778498946,DyLam
363999,484.547188360316,1778498946,DyLam
364999,485.8651290433429,1778498946,DyLam
365999,488.73134866364376,1778498946,DyLam
366999,474.33852069624805,1778498946,DyLam
367999,493.5453649905441,1778498946,DyLam
368999,488.76564642640113,1778498946,DyLam
369999,482.5301639155632,1778498946,DyLam
370999,492.25751441745706,1778498946,DyLam
371999,492.9368160987596,1778498946,DyLam
372999,486.4987602087476,1778498946,DyLam
373999,498.435020986131,1778498946,DyLam
374999,488.1655097975684,1778498946,DyLam
375999,496.3934246767004,1778498946,DyLam
376999,492.0574713480792,1778498946,DyLam
377999,488.26394255548814,1778498946,DyLam
378999,491.4109648078366,1778498946,DyLam
379999,479.7359911058672,1778498946,DyLam
380999,482.34396691971983,1778498946,DyLam
381999,483.69389943999056,1778498946,DyLam
382999,441.1827907687784,1778498946,DyLam
383999,487.89784344939096,1778498946,DyLam
384999,482.9016327520158,1778498946,DyLam
385999,450.3748459252985,1778498946,DyLam
386999,434.75719387481246,1778498946,DyLam
387999,481.9274377958027,1778498946,DyLam
388999,461.03408693977497,1778498946,DyLam
389999,482.63506776098063,1778498946,DyLam
390999,476.0311013315367,1778498946,DyLam
391999,493.86178391114345,1778498946,DyLam
392999,466.01210816061695,1778498946,DyLam
393999,451.6647759314526,1778498946,DyLam
394999,489.0042261002717,1778498946,DyLam
395999,500.2538085556017,1778498946,DyLam
396999,460.8587890336072,1778498946,DyLam
397999,505.33919426323376,1778498946,DyLam
398999,500.89916467342897,1778498946,DyLam
399999,491.28498589930814,1778498946,DyLam
400999,497.6129700575508,1778498946,DyLam
401999,490.0546017194616,1778498946,DyLam
402999,490.7669407370581,1778498946,DyLam
403999,475.41617157393455,1778498946,DyLam
404999,491.4349713873797,1778498946,DyLam
405999,490.3163343054644,1778498946,DyLam
406999,476.0667655579158,1778498946,DyLam
407999,500.6987566416868,1778498946,DyLam
408999,515.2343087680722,1778498946,DyLam
409999,482.0983965567586,1778498946,DyLam
410999,498.63038548312375,1778498946,DyLam
411999,490.6310466943443,1778498946,DyLam
412999,477.3875386034923,1778498946,DyLam
413999,466.1580435745478,1778498946,DyLam
414999,488.507261349835,1778498946,DyLam
415999,493.6945160352672,1778498946,DyLam
416999,476.9377861456171,1778498946,DyLam
417999,477.5765858411138,1778498946,DyLam
418999,475.82079041600576,1778498946,DyLam
419999,497.9795841655519,1778498946,DyLam
420999,494.0195173142833,1778498946,DyLam
421999,492.1008083649582,1778498946,DyLam
422999,491.2793386086935,1778498946,DyLam
423999,477.4071725091576,1778498946,DyLam
424999,473.353311816939,1778498946,DyLam
425999,493.24622078518166,1778498946,DyLam
426999,496.23521618772696,1778498946,DyLam
427999,493.00904606039137,1778498946,DyLam
428999,479.5992838755636,1778498946,DyLam
429999,480.8246019944837,1778498946,DyLam
430999,493.8717038527981,1778498946,DyLam
431999,501.5834341992292,1778498946,DyLam
432999,506.1823471376163,1778498946,DyLam
433999,503.1893058009983,1778498946,DyLam
434999,485.4590951518405,1778498946,DyLam
435999,503.6400593992672,1778498946,DyLam
436999,494.8279973583558,1778498946,DyLam
437999,486.0339562801682,1778498946,DyLam
438999,485.59080079005656,1778498946,DyLam
439999,497.2701442357225,1778498946,DyLam
440999,485.7559059611798,1778498946,DyLam
441999,499.22725253340815,1778498946,DyLam
442999,508.6978957306002,1778498946,DyLam
443999,497.9322076243181,1778498946,DyLam
444999,500.7370694237684,1778498946,DyLam
445999,489.7677174788509,1778498946,DyLam
446999,509.3836905308508,1778498946,DyLam
447999,499.505106401372,1778498946,DyLam
448999,502.6018458318299,1778498946,DyLam
449999,493.80371620021975,1778498946,DyLam
450999,489.3674267922691,1778498946,DyLam
451999,496.16991863087145,1778498946,DyLam
452999,508.07396852801605,1778498946,DyLam
453999,498.37618633348205,1778498946,DyLam
454999,488.0222931834741,1778498946,DyLam
455999,495.4185026009145,1778498946,DyLam
456999,488.64851491357126,1778498946,DyLam
457999,459.5871995608342,1778498946,DyLam
458999,510.0621025909817,1778498946,DyLam
459999,503.146529182632,1778498946,DyLam
460999,460.3769700055795,1778498946,DyLam
461999,503.17956538005154,1778498946,DyLam
462999,496.87784908454864,1778498946,DyLam
463999,486.3843166033335,1778498946,DyLam
464999,475.5349111378313,1778498946,DyLam
465999,483.99783815995056,1778498946,DyLam
466999,485.94508342735895,1778498946,DyLam
467999,500.675257494906,1778498946,DyLam
468999,487.8611730692479,1778498946,DyLam
469999,480.35943115533127,1778498946,DyLam
470999,470.7810346508121,1778498946,DyLam
471999,474.5262343565091,1778498946,DyLam
472999,492.7529636199058,1778498946,DyLam
473999,490.0857806715553,1778498946,DyLam
474999,494.63162034714406,1778498946,DyLam
475999,464.52922642583417,1778498946,DyLam
476999,488.9932085579688,1778498946,DyLam
477999,485.9399325483254,1778498946,DyLam
478999,492.99370695259495,1778498946,DyLam
479999,504.7462799298667,1778498946,DyLam
480999,494.2015911609124,1778498946,DyLam
481999,491.44962278181015,1778498946,DyLam
482999,486.6811629178224,1778498946,DyLam
483999,485.7135648504104,1778498946,DyLam
484999,490.3871560805151,1778498946,DyLam
485999,492.4407253580171,1778498946,DyLam
486999,507.5229367345969,1778498946,DyLam
487999,485.5906575277633,1778498946,DyLam
488999,492.6281533985932,1778498946,DyLam
489999,488.06761667575233,1778498946,DyLam
490999,506.39043399088473,1778498946,DyLam
491999,509.4835047602172,1778498946,DyLam
492999,490.1843164491969,1778498946,DyLam
493999,487.2149302683648,1778498946,DyLam
494999,482.5836074863371,1778498946,DyLam
495999,504.9638640475576,1778498946,DyLam
496999,484.5487097604094,1778498946,DyLam
497999,492.7504849745877,1778498946,DyLam
498999,498.0298751344299,1778498946,DyLam
499999,479.4157344906953,1778498946,DyLam
999,3.1531654484364555,1778498940,DyLam
1999,-2.76173519323622,1778498940,DyLam
2999,-7.880377122541143,1778498940,DyLam
3999,-1.5521475614368645,1778498940,DyLam
4999,-2.034029703599558,1778498940,DyLam
5999,-11.089413418137928,1778498940,DyLam
6999,0.3731762726053279,1778498940,DyLam
7999,-0.95363584027845,1778498940,DyLam
8999,-8.173056518481332,1778498940,DyLam
9999,-12.229552915568144,1778498940,DyLam
10999,-5.382259026387442,1778498940,DyLam
11999,1.7275037924855976,1778498940,DyLam
12999,-6.375967780858682,1778498940,DyLam
13999,-3.0373676371453304,1778498940,DyLam
14999,-7.119454031350225,1778498940,DyLam
15999,1.0461276682931018,1778498940,DyLam
16999,-8.374197172428035,1778498940,DyLam
17999,-6.2853281174372935,1778498940,DyLam
18999,1.508375515129568,1778498940,DyLam
19999,-3.423038002733849,1778498940,DyLam
20999,0.623153402336164,1778498940,DyLam
21999,-1.1979112287212057,1778498940,DyLam
22999,-5.817014526264184,1778498940,DyLam
23999,-0.2763685529101681,1778498940,DyLam
24999,-0.3213132312701419,1778498940,DyLam
25999,-2.497452198493949,1778498940,DyLam
26999,1.029843977144911,1778498940,DyLam
27999,8.081200660675638,1778498940,DyLam
28999,7.223750935835189,1778498940,DyLam
29999,5.416055817920131,1778498940,DyLam
30999,9.381188701659482,1778498940,DyLam
31999,12.961663675037908,1778498940,DyLam
32999,5.894617410890469,1778498940,DyLam
33999,17.178048773450367,1778498940,DyLam
34999,11.146475244187055,1778498940,DyLam
35999,13.073090476153876,1778498940,DyLam
36999,25.747602932349487,1778498940,DyLam
37999,52.03703813428775,1778498940,DyLam
38999,122.57238973847106,1778498940,DyLam
39999,146.256840566045,1778498940,DyLam
40999,153.88868237550352,1778498940,DyLam
41999,150.23189672967473,1778498940,DyLam
42999,172.99837530745015,1778498940,DyLam
43999,171.98705530023707,1778498940,DyLam
44999,191.97344140559665,1778498940,DyLam
45999,202.84191779812176,1778498940,DyLam
46999,188.40451665820063,1778498940,DyLam
47999,205.66701025849383,1778498940,DyLam
48999,203.4846237992836,1778498940,DyLam
49999,202.88169101411432,1778498940,DyLam
50999,219.44398756672396,1778498940,DyLam
51999,94.21936820012802,1778498940,DyLam
52999,225.3682235894203,1778498940,DyLam
53999,220.97853254434312,1778498940,DyLam
54999,224.4471571063505,1778498940,DyLam
55999,232.76599525040444,1778498940,DyLam
56999,238.91372620240196,1778498940,DyLam
57999,229.1518859415595,1778498940,DyLam
58999,244.51875496125416,1778498940,DyLam
59999,246.42263898368148,1778498940,DyLam
60999,244.70995592888835,1778498940,DyLam
61999,240.9904459772192,1778498940,DyLam
62999,245.83081763923667,1778498940,DyLam
63999,243.947664518823,1778498940,DyLam
64999,249.31418971500275,1778498940,DyLam
65999,249.93072386592937,1778498940,DyLam
66999,243.72676417889903,1778498940,DyLam
67999,255.9385655281633,1778498940,DyLam
68999,249.8613118884258,1778498940,DyLam
69999,245.6124008203181,1778498940,DyLam
70999,242.63023074740107,1778498940,DyLam
71999,259.66652690652245,1778498940,DyLam
72999,254.0940672559679,1778498940,DyLam
73999,235.61008992566843,1778498940,DyLam
74999,80.69150547169778,1778498940,DyLam
75999,255.22584147371973,1778498940,DyLam
76999,258.97874569460924,1778498940,DyLam
77999,97.69876801487044,1778498940,DyLam
78999,264.70435862316407,1778498940,DyLam
79999,259.1634354174527,1778498940,DyLam
80999,271.320938874066,1778498940,DyLam
81999,262.451502611855,1778498940,DyLam
82999,284.2851674102434,1778498940,DyLam
83999,289.55346425574913,1778498940,DyLam
84999,295.92352841716814,1778498940,DyLam
85999,284.1108843632112,1778498940,DyLam
86999,282.38482267665574,1778498940,DyLam
87999,291.57730763957613,1778498940,DyLam
88999,293.1348579288252,1778498940,DyLam
89999,306.6822069837251,1778498940,DyLam
90999,299.82217536814125,1778498940,DyLam
91999,296.8103826765925,1778498940,DyLam
92999,310.1403540099976,1778498940,DyLam
93999,311.30143389508765,1778498940,DyLam
94999,310.1461585423239,1778498940,DyLam
95999,309.83595592806216,1778498940,DyLam
96999,298.50842512740763,1778498940,DyLam
97999,304.3655636750241,1778498940,DyLam
98999,309.63032796254373,1778498940,DyLam
99999,322.3886195597308,1778498940,DyLam
100999,308.50254502191206,1778498940,DyLam
101999,317.8343621416195,1778498940,DyLam
102999,313.24258201217174,1778498940,DyLam
103999,313.6581539948418,1778498940,DyLam
104999,316.67012599716963,1778498940,DyLam
105999,311.58099552417457,1778498940,DyLam
106999,315.0858870139431,1778498940,DyLam
107999,315.7404593041126,1778498940,DyLam
108999,306.31941327363364,1778498940,DyLam
109999,312.98529206893363,1778498940,DyLam
110999,308.4938066047265,1778498940,DyLam
111999,316.8149977868651,1778498940,DyLam
112999,305.4770936072408,1778498940,DyLam
113999,308.81213920728084,1778498940,DyLam
114999,314.9915865044485,1778498940,DyLam
115999,311.32683375965667,1778498940,DyLam
116999,310.2415196269578,1778498940,DyLam
117999,310.4206580260986,1778498940,DyLam
118999,309.8850786957109,1778498940,DyLam
119999,318.6503735873351,1778498940,DyLam
120999,314.9430760979441,1778498940,DyLam
121999,320.1584876085497,1778498940,DyLam
122999,321.88935114750126,1778498940,DyLam
123999,328.48631609696383,1778498940,DyLam
124999,326.9397295354324,1778498940,DyLam
125999,336.06435488659173,1778498940,DyLam
126999,334.1041100063553,1778498940,DyLam
127999,337.8468142172559,1778498940,DyLam
128999,346.9538941740191,1778498940,DyLam
129999,349.01582892920175,1778498940,DyLam
130999,347.1592476703756,1778498940,DyLam
131999,353.3186957280212,1778498940,DyLam
132999,351.62824446410855,1778498940,DyLam
133999,354.63728816990584,1778498940,DyLam
134999,365.224134858676,1778498940,DyLam
135999,353.380952854214,1778498940,DyLam
136999,355.0983996354856,1778498940,DyLam
137999,360.5187409564527,1778498940,DyLam
138999,360.29404549343246,1778498940,DyLam
139999,366.04793339735824,1778498940,DyLam
140999,371.6597114852164,1778498940,DyLam
141999,372.19378932271417,1778498940,DyLam
142999,376.0217551829526,1778498940,DyLam
143999,375.27532323795896,1778498940,DyLam
144999,382.14400041473954,1778498940,DyLam
145999,376.042467103792,1778498940,DyLam
146999,382.07970557704834,1778498940,DyLam
147999,385.0145844427925,1778498940,DyLam
148999,389.0465293283659,1778498940,DyLam
149999,397.43161944552907,1778498940,DyLam
150999,378.24100664900897,1778498940,DyLam
151999,388.8571197275517,1778498940,DyLam
152999,394.620620655086,1778498940,DyLam
153999,398.4522364990918,1778498940,DyLam
154999,404.9448950157791,1778498940,DyLam
155999,394.5597763874754,1778498940,DyLam
156999,403.3215227169411,1778498940,DyLam
157999,397.45758186987945,1778498940,DyLam
158999,407.2085111073425,1778498940,DyLam
159999,410.7430792653768,1778498940,DyLam
160999,406.13034602943793,1778498940,DyLam
161999,411.2380119240452,1778498940,DyLam
162999,414.2244918842704,1778498940,DyLam
163999,422.3415080377435,1778498940,DyLam
164999,411.8342675677121,1778498940,DyLam
165999,424.49872954035527,1778498940,DyLam
166999,430.6113130607503,1778498940,DyLam
167999,443.7506480933183,1778498940,DyLam
168999,390.9521212122183,1778498940,DyLam
169999,439.821704668128,1778498940,DyLam
170999,451.4890489242909,1778498940,DyLam
171999,446.810097015633,1778498940,DyLam
172999,446.833888723682,1778498940,DyLam
173999,449.9645381221409,1778498940,DyLam
174999,442.4093555367141,1778498940,DyLam
175999,453.2888362634298,1778498940,DyLam
176999,449.71146174639375,1778498940,DyLam
177999,460.5297905072415,1778498940,DyLam
178999,455.07085885164827,1778498940,DyLam
179999,467.92409345807545,1778498940,DyLam
180999,454.8296928139901,1778498940,DyLam
181999,443.9653243780712,1778498940,DyLam
182999,464.9060236182671,1778498940,DyLam
183999,462.8101647868698,1778498940,DyLam
184999,466.3317958496644,1778498940,DyLam
185999,473.9462317280368,1778498940,DyLam
186999,464.5139330935448,1778498940,DyLam
187999,461.9732629085281,1778498940,DyLam
188999,468.6404993393155,1778498940,DyLam
189999,455.27032643923474,1778498940,DyLam
190999,460.6026310235901,1778498940,DyLam
191999,464.382119633357,1778498940,DyLam
192999,449.8506665475731,1778498940,DyLam
193999,475.3647945919792,1778498940,DyLam
194999,463.20825578260826,1778498940,DyLam
195999,452.7202820136427,1778498940,DyLam
196999,445.9902664389306,1778498940,DyLam
197999,475.1179772027903,1778498940,DyLam
198999,451.0226205660084,1778498940,DyLam
199999,467.55224685973553,1778498940,DyLam
200999,464.5439747981523,1778498940,DyLam
201999,451.22633653044426,1778498940,DyLam
202999,450.8436808860869,1778498940,DyLam
203999,452.63756972589965,1778498940,DyLam
204999,456.8499667933244,1778498940,DyLam
205999,444.1500533121454,1778498940,DyLam
206999,475.58566063198873,1778498940,DyLam
207999,458.0707599653908,1778498940,DyLam
208999,467.68686585915873,1778498940,DyLam
209999,460.0710750063866,1778498940,DyLam
210999,466.3604757733861,1778498940,DyLam
211999,477.3476672908062,1778498940,DyLam
212999,461.36148691624817,1778498940,DyLam
213999,469.44473924677294,1778498940,DyLam
214999,464.3040238876812,1778498940,DyLam
215999,485.3780080517079,1778498940,DyLam
216999,473.20542368893416,1778498940,DyLam
217999,499.6519462301612,1778498940,DyLam
218999,497.645677740908,1778498940,DyLam
219999,491.1273935006265,1778498940,DyLam
220999,495.25089147308006,1778498940,DyLam
221999,474.20491662360274,1778498940,DyLam
222999,499.15624737459217,1778498940,DyLam
223999,503.0298817016148,1778498940,DyLam
224999,492.4750207260772,1778498940,DyLam
225999,516.1288155121786,1778498940,DyLam
226999,500.79438867359903,1778498940,DyLam
227999,506.925697978964,1778498940,DyLam
228999,504.0967857706651,1778498940,DyLam
229999,478.4220251422988,1778498940,DyLam
230999,486.28623919175686,1778498940,DyLam
231999,489.90881848709336,1778498940,DyLam
232999,514.7522793985685,1778498940,DyLam
233999,488.4758197950059,1778498940,DyLam
234999,493.8882656454756,1778498940,DyLam
235999,500.2386076551011,1778498940,DyLam
236999,201.46474119690643,1778498940,DyLam
237999,487.4295523449395,1778498940,DyLam
238999,482.2649141562406,1778498940,DyLam
239999,481.2023053760931,1778498940,DyLam
240999,487.9998869577421,1778498940,DyLam
241999,462.7162451702135,1778498940,DyLam
242999,446.54141384059534,1778498940,DyLam
243999,466.2687580796749,1778498940,DyLam
244999,458.10454834125215,1778498940,DyLam
245999,455.5795798497724,1778498940,DyLam
246999,467.7746484214206,1778498940,DyLam
247999,464.6102624370113,1778498940,DyLam
248999,435.9093989817072,1778498940,DyLam
249999,428.7739293873757,1778498940,DyLam
250999,441.54892793581183,1778498940,DyLam
251999,379.5962817920756,1778498940,DyLam
252999,450.90808483716535,1778498940,DyLam
253999,426.41721846265546,1778498940,DyLam
254999,432.740331273089,1778498940,DyLam
255999,425.2705809684011,1778498940,DyLam
256999,432.64159735994855,1778498940,DyLam
257999,432.26779665504665,1778498940,DyLam
258999,458.20901998492434,1778498940,DyLam
259999,451.7360753980764,1778498940,DyLam
260999,483.5573902244986,1778498940,DyLam
261999,462.58690666735765,1778498940,DyLam
262999,453.0818835132166,1778498940,DyLam
263999,473.3477907621103,1778498940,DyLam
264999,477.7032133901952,1778498940,DyLam
265999,454.1707400891396,1778498940,DyLam
266999,494.4281146958254,1778498940,DyLam
267999,486.2699352506709,1778498940,DyLam
268999,462.76323614153455,1778498940,DyLam
269999,497.5955034823125,1778498940,DyLam
270999,480.8189777503493,1778498940,DyLam
271999,496.0558317867491,1778498940,DyLam
272999,496.479986750606,1778498940,DyLam
273999,461.2372064744258,1778498940,DyLam
274999,441.6368623682314,1778498940,DyLam
275999,459.8629452688849,1778498940,DyLam
276999,503.3036737845554,1778498940,DyLam
277999,477.4931156938169,1778498940,DyLam
278999,488.63917985050495,1778498940,DyLam
279999,474.8077664756691,1778498940,DyLam
280999,467.72763755890304,1778498940,DyLam
281999,471.3318897750516,1778498940,DyLam
282999,474.8019231601141,1778498940,DyLam
283999,449.1420729498048,1778498940,DyLam
284999,475.2642151112844,1778498940,DyLam
285999,446.7258120032327,1778498940,DyLam
286999,483.4331191320319,1778498940,DyLam
287999,453.1062987075896,1778498940,DyLam
288999,476.85568998393205,1778498940,DyLam
289999,464.0491436555462,1778498940,DyLam
290999,448.0517782411389,1778498940,DyLam
291999,466.8395986435325,1778498940,DyLam
292999,449.2806836213617,1778498940,DyLam
293999,433.3076595286538,1778498940,DyLam
294999,457.46299811194064,1778498940,DyLam
295999,468.3006086259895,1778498940,DyLam
296999,451.5190997627653,1778498940,DyLam
297999,442.341924471269,1778498940,DyLam
298999,435.4407411542012,1778498940,DyLam
299999,435.59936059492816,1778498940,DyLam
300999,444.29414894744383,1778498940,DyLam
301999,451.9035293333632,1778498940,DyLam
302999,457.1551193246444,1778498940,DyLam
303999,436.9898400297639,1778498940,DyLam
304999,430.519150523314,1778498940,DyLam
305999,455.5234191136791,1778498940,DyLam
306999,430.18148728773537,1778498940,DyLam
307999,424.6241220400014,1778498940,DyLam
308999,462.1896890190184,1778498940,DyLam
309999,424.17933355289887,1778498940,DyLam
310999,444.6849640542592,1778498940,DyLam
311999,434.1312006087944,1778498940,DyLam
312999,456.494861223817,1778498940,DyLam
313999,448.2304257641682,1778498940,DyLam
314999,471.9698352256621,1778498940,DyLam
315999,467.3578382657459,1778498940,DyLam
316999,457.9930869366169,1778498940,DyLam
317999,463.0090700644298,1778498940,DyLam
318999,465.1825618739866,1778498940,DyLam
319999,448.45292339211886,1778498940,DyLam
320999,466.50902579048807,1778498940,DyLam
321999,456.4479740957711,1778498940,DyLam
322999,448.7903297724225,1778498940,DyLam
323999,470.42395177090566,1778498940,DyLam
324999,477.0683823903248,1778498940,DyLam
325999,472.7523398323083,1778498940,DyLam
326999,452.0467069497256,1778498940,DyLam
327999,469.0837148736695,1778498940,DyLam
328999,496.3358147354488,1778498940,DyLam
329999,487.5173867640896,1778498940,DyLam
330999,491.97159981043774,1778498940,DyLam
331999,497.6676106432215,1778498940,DyLam
332999,498.67699849903073,1778498940,DyLam
333999,495.0120606872393,1778498940,DyLam
334999,502.3254944313247,1778498940,DyLam
335999,477.39382151714176,1778498940,DyLam
336999,491.7422986225458,1778498940,DyLam
337999,487.6085078304516,1778498940,DyLam
338999,502.05060487809175,1778498940,DyLam
339999,488.9312956511069,1778498940,DyLam
340999,490.57819524598335,1778498940,DyLam
341999,500.93525785870446,1778498940,DyLam
342999,492.48436996494894,1778498940,DyLam
343999,495.896783925122,1778498940,DyLam
344999,478.7055272821525,1778498940,DyLam
345999,479.60697191879535,1778498940,DyLam
346999,486.02456061404666,1778498940,DyLam
347999,472.5975004229405,1778498940,DyLam
348999,495.19694508811466,1778498940,DyLam
349999,476.3364435534768,1778498940,DyLam
350999,488.08106092766656,1778498940,DyLam
351999,484.2595269944396,1778498940,DyLam
352999,480.8504449482909,1778498940,DyLam
353999,490.39528981853874,1778498940,DyLam
354999,495.0185935872088,1778498940,DyLam
355999,490.81806307926166,1778498940,DyLam
356999,481.28930979453867,1778498940,DyLam
357999,482.0260581176896,1778498940,DyLam
358999,493.0137403145552,1778498940,DyLam
359999,492.1712480768928,1778498940,DyLam
360999,494.9024826601619,1778498940,DyLam
361999,470.809232062448,1778498940,DyLam
362999,129.51119264604765,1778498940,DyLam
363999,484.88370731137377,1778498940,DyLam
364999,502.1145517948975,1778498940,DyLam
365999,491.1966867660697,1778498940,DyLam
366999,485.7749492094849,1778498940,DyLam
367999,495.9123271354673,1778498940,DyLam
368999,493.885248896439,1778498940,DyLam
369999,513.7521427120968,1778498940,DyLam
370999,479.59038142273033,1778498940,DyLam
371999,505.18881625982766,1778498940,DyLam
372999,502.9483066786294,1778498940,DyLam
373999,497.4992877391752,1778498940,DyLam
374999,505.3545727593564,1778498940,DyLam
375999,508.5560403795747,1778498940,DyLam
376999,516.4064257848711,1778498940,DyLam
377999,505.6036896657422,1778498940,DyLam
378999,514.3110255616822,1778498940,DyLam
379999,509.6314049645114,1778498940,DyLam
380999,511.3273238853293,1778498940,DyLam
381999,506.9813225779224,1778498940,DyLam
382999,499.32115902055386,1778498940,DyLam
383999,511.6110256922146,1778498940,DyLam
384999,504.9391385084929,1778498940,DyLam
385999,501.2149260476968,1778498940,DyLam
386999,512.5329818480043,1778498940,DyLam
387999,504.48551731122416,1778498940,DyLam
388999,497.4762137922864,1778498940,DyLam
389999,480.6525121856941,1778498940,DyLam
390999,502.0583381345853,1778498940,DyLam
391999,490.2482678285349,1778498940,DyLam
392999,500.47148208906407,1778498940,DyLam
393999,494.08896013752286,1778498940,DyLam
394999,505.3517596576123,1778498940,DyLam
395999,505.9695107600304,1778498940,DyLam
396999,491.1455275678952,1778498940,DyLam
397999,497.4794890180477,1778498940,DyLam
398999,502.5038795219581,1778498940,DyLam
399999,495.8384690166569,1778498940,DyLam
400999,497.8772750642776,1778498940,DyLam
401999,502.779589828395,1778498940,DyLam
402999,486.02735383167294,1778498940,DyLam
403999,496.2992951667728,1778498940,DyLam
404999,495.60352202220105,1778498940,DyLam
405999,500.8973275502383,1778498940,DyLam
406999,472.0602398552415,1778498940,DyLam
407999,459.1419064522863,1778498940,DyLam
408999,486.0188260254056,1778498940,DyLam
409999,468.30104127643136,1778498940,DyLam
410999,482.6873590936148,1778498940,DyLam
411999,492.6331663034994,1778498940,DyLam
412999,473.2090108888153,1778498940,DyLam
413999,475.4634857980181,1778498940,DyLam
414999,484.3658737413514,1778498940,DyLam
415999,492.41303254769633,1778498940,DyLam
416999,497.7102918569608,1778498940,DyLam
417999,484.4576451893908,1778498940,DyLam
418999,496.97180015379706,1778498940,DyLam
419999,490.1354519300679,1778498940,DyLam
420999,489.9337183820121,1778498940,DyLam
421999,471.8269630405887,1778498940,DyLam
422999,487.74127204329807,1778498940,DyLam
423999,484.7852855714228,1778498940,DyLam
424999,482.25803292198594,1778498940,DyLam
425999,476.2536904201297,1778498940,DyLam
426999,483.2924225083573,1778498940,DyLam
427999,497.1332264669357,1778498940,DyLam
428999,493.5789772926461,1778498940,DyLam
429999,507.8822832154968,1778498940,DyLam
430999,502.56828980860456,1778498940,DyLam
431999,509.40902293852633,1778498940,DyLam
432999,497.6096596636687,1778498940,DyLam
433999,482.2001594736832,1778498940,DyLam
434999,491.55362014381257,1778498940,DyLam
435999,506.5167820353041,1778498940,DyLam
436999,505.65084654082966,1778498940,DyLam
437999,511.18651333011616,1778498940,DyLam
438999,513.7453189758792,1778498940,DyLam
439999,518.5558956726707,1778498940,DyLam
440999,509.29253866377206,1778498940,DyLam
441999,501.36281741841344,1778498940,DyLam
442999,504.7207972097939,1778498940,DyLam
443999,511.10824095264206,1778498940,DyLam
444999,494.1642713125326,1778498940,DyLam
445999,506.8293158017107,1778498940,DyLam
446999,497.1565885739905,1778498940,DyLam
447999,503.0243544145893,1778498940,DyLam
448999,491.4728672519965,1778498940,DyLam
449999,505.9528719682779,1778498940,DyLam
450999,495.6010259996903,1778498940,DyLam
451999,504.0403822981804,1778498940,DyLam
452999,499.4266068004747,1778498940,DyLam
453999,505.3120775803656,1778498940,DyLam
454999,495.8908563523434,1778498940,DyLam
455999,495.0542309322192,1778498940,DyLam
456999,504.6176850848922,1778498940,DyLam
457999,503.1809056954016,1778498940,DyLam
458999,489.205781054928,1778498940,DyLam
459999,480.9830740287652,1778498940,DyLam
460999,520.346502315946,1778498940,DyLam
461999,509.3699423251083,1778498940,DyLam
462999,508.7140364967561,1778498940,DyLam
463999,496.8724114254812,1778498940,DyLam
464999,483.45787414084407,1778498940,DyLam
465999,486.6332233197914,1778498940,DyLam
466999,173.63153592626247,1778498940,DyLam
467999,501.38900091424506,1778498940,DyLam
468999,490.774065109793,1778498940,DyLam
469999,519.7718877166716,1778498940,DyLam
470999,504.4284546738141,1778498940,DyLam
471999,497.914686658848,1778498940,DyLam
472999,502.0629735056331,1778498940,DyLam
473999,499.31220570012096,1778498940,DyLam
474999,515.1778270521281,1778498940,DyLam
475999,517.387078128954,1778498940,DyLam
476999,505.27277037797785,1778498940,DyLam
477999,490.5270962296009,1778498940,DyLam
478999,482.49573899776055,1778498940,DyLam
479999,503.941013030394,1778498940,DyLam
480999,503.2258669539181,1778498940,DyLam
481999,506.75898082589634,1778498940,DyLam
482999,515.3272953116626,1778498940,DyLam
483999,488.483811162256,1778498940,DyLam
484999,519.7362579779059,1778498940,DyLam
485999,493.92270162311735,1778498940,DyLam
486999,500.6855587438548,1778498940,DyLam
487999,521.1245922646589,1778498940,DyLam
488999,512.2499897627432,1778498940,DyLam
489999,488.333953582839,1778498940,DyLam
490999,503.8099114448171,1778498940,DyLam
491999,506.2499518973647,1778498940,DyLam
492999,517.3993999499994,1778498940,DyLam
493999,512.7544004536292,1778498940,DyLam
494999,490.5407647595213,1778498940,DyLam
495999,488.4602506487573,1778498940,DyLam
496999,503.2487177396404,1778498940,DyLam
497999,502.3547105109478,1778498940,DyLam
498999,502.5213163871466,1778498940,DyLam
499999,493.1078192576009,1778498940,DyLam
999,-3.935511778043804,1778498933,DyLam
1999,-6.160396248243156,1778498933,DyLam
2999,-3.893674190130521,1778498933,DyLam
3999,-8.044419598786785,1778498933,DyLam
4999,-2.618172350126792,1778498933,DyLam
5999,-9.178617928757074,1778498933,DyLam
6999,-3.0251055438346213,1778498933,DyLam
7999,-1.5217682336963654,1778498933,DyLam
8999,-6.459188421103547,1778498933,DyLam
9999,-4.884304237275996,1778498933,DyLam
10999,-7.524960727441651,1778498933,DyLam
11999,-0.5680118282571507,1778498933,DyLam
12999,-0.2991591674450949,1778498933,DyLam
13999,-8.288560207943357,1778498933,DyLam
14999,-4.578331687202176,1778498933,DyLam
15999,-8.588573997184296,1778498933,DyLam
16999,-3.792102450349503,1778498933,DyLam
17999,-2.533997388694494,1778498933,DyLam
18999,-4.575249098455065,1778498933,DyLam
19999,2.1292088091340764,1778498933,DyLam
20999,-2.1169391330577985,1778498933,DyLam
21999,-4.10782684080993,1778498933,DyLam
22999,0.1147513314980368,1778498933,DyLam
23999,-1.147787728367429,1778498933,DyLam
24999,2.208184903545883,1778498933,DyLam
25999,2.077023283342092,1778498933,DyLam
26999,5.826817748540491,1778498933,DyLam
27999,7.990831002013817,1778498933,DyLam
28999,7.698860273970705,1778498933,DyLam
29999,8.407509757386798,1778498933,DyLam
30999,10.082943365473575,1778498933,DyLam
31999,12.65361197522884,1778498933,DyLam
32999,8.474053603980968,1778498933,DyLam
33999,16.91732731821643,1778498933,DyLam
34999,11.762436789757746,1778498933,DyLam
35999,84.70552957058686,1778498933,DyLam
36999,92.23585412323418,1778498933,DyLam
37999,107.23673085239568,1778498933,DyLam
38999,117.01252761997158,1778498933,DyLam
39999,147.33334871786104,1778498933,DyLam
40999,165.06169985656518,1778498933,DyLam
41999,169.4595230917083,1778498933,DyLam
42999,170.68253328826916,1778498933,DyLam
43999,192.6477131700757,1778498933,DyLam
44999,203.6089143709952,1778498933,DyLam
45999,209.4222009356205,1778498933,DyLam
46999,217.32031064743447,1778498933,DyLam
47999,221.71116012759012,1778498933,DyLam
48999,217.58944034708225,1778498933,DyLam
49999,213.30124457996155,1778498933,DyLam
50999,224.226090761776,1778498933,DyLam
51999,226.0200592316172,1778498933,DyLam
52999,228.99947935793628,1778498933,DyLam
53999,233.7281908183816,1778498933,DyLam
54999,254.0675444663924,1778498933,DyLam
55999,248.54884648226752,1778498933,DyLam
56999,245.49041486316787,1778498933,DyLam
57999,243.57615167944465,1778498933,DyLam
58999,266.9860177551388,1778498933,DyLam
59999,252.45151232154348,1778498933,DyLam
60999,262.8028642122,1778498933,DyLam
61999,260.84820835306954,1778498933,DyLam
62999,269.91577773687186,1778498933,DyLam
63999,261.5044732135988,1778498933,DyLam
64999,268.2751829568616,1778498933,DyLam
65999,254.33125360150103,1778498933,DyLam
66999,258.5023611412109,1778498933,DyLam
67999,254.87993677303857,1778498933,DyLam
68999,248.69777059931064,1778498933,DyLam
69999,252.6681325989409,1778498933,DyLam
70999,243.12164915891324,1778498933,DyLam
71999,250.0192981828631,1778498933,DyLam
72999,241.49771833558177,1778498933,DyLam
73999,243.6038389836853,1778498933,DyLam
74999,238.35852332084437,1778498933,DyLam
75999,244.77620005474083,1778498933,DyLam
76999,242.42135836806,1778498933,DyLam
77999,240.5162126286274,1778498933,DyLam
78999,250.02371309320503,1778498933,DyLam
79999,240.88432597154235,1778498933,DyLam
80999,243.7057283974151,1778498933,DyLam
81999,241.6978220429094,1778498933,DyLam
82999,246.59620146965247,1778498933,DyLam
83999,253.50404535949417,1778498933,DyLam
84999,249.4080247062801,1778498933,DyLam
85999,242.2966356343572,1778498933,DyLam
86999,24.72826112312221,1778498933,DyLam
87999,253.56434405718016,1778498933,DyLam
88999,251.3803743299687,1778498933,DyLam
89999,256.8131033974888,1778498933,DyLam
90999,255.97590782913096,1778498933,DyLam
91999,258.0015039347454,1778498933,DyLam
92999,259.91420469153576,1778498933,DyLam
93999,259.30973129519725,1778498933,DyLam
94999,264.20131522300204,1778498933,DyLam
95999,267.66957812943343,1778498933,DyLam
96999,268.1679938237423,1778498933,DyLam
97999,268.76194673281947,1778498933,DyLam
98999,266.2040502316037,1778498933,DyLam
99999,274.01095202530826,1778498933,DyLam
100999,275.87485822491766,1778498933,DyLam
101999,270.9785547951652,1778498933,DyLam
102999,285.48614363093725,1778498933,DyLam
103999,277.8558478514942,1778498933,DyLam
104999,285.1235715338969,1778498933,DyLam
105999,288.4291783666236,1778498933,DyLam
106999,282.14325103988966,1778498933,DyLam
107999,288.5116152362752,1778498933,DyLam
108999,283.87266068281315,1778498933,DyLam
109999,291.565660302565,1778498933,DyLam
110999,288.8565252234781,1778498933,DyLam
111999,293.5314165763458,1778498933,DyLam
112999,289.9416942777007,1778498933,DyLam
113999,293.05848359261785,1778498933,DyLam
114999,297.9750877646519,1778498933,DyLam
115999,296.0845771680292,1778498933,DyLam
116999,300.3917950463091,1778498933,DyLam
117999,300.3456435484355,1778498933,DyLam
118999,301.6512635201826,1778498933,DyLam
119999,302.947664189613,1778498933,DyLam
120999,294.0632730819434,1778498933,DyLam
121999,302.71665137811925,1778498933,DyLam
122999,299.63509175964424,1778498933,DyLam
123999,304.3193411533286,1778498933,DyLam
124999,301.2212484610092,1778498933,DyLam
125999,311.5985756234636,1778498933,DyLam
126999,308.2856295344847,1778498933,DyLam
127999,309.1246645785912,1778498933,DyLam
128999,309.6241188558876,1778498933,DyLam
129999,311.59812092797966,1778498933,DyLam
130999,310.7051700281606,1778498933,DyLam
131999,312.03053520062986,1778498933,DyLam
132999,304.2399822134926,1778498933,DyLam
133999,311.4330550076708,1778498933,DyLam
134999,309.7387651509745,1778498933,DyLam
135999,303.806411634472,1778498933,DyLam
136999,312.5111312419659,1778498933,DyLam
137999,308.8629034862097,1778498933,DyLam
138999,314.25933008975886,1778498933,DyLam
139999,311.3665158660372,1778498933,DyLam
140999,307.44800229463414,1778498933,DyLam
141999,304.10919252321327,1778498933,DyLam
142999,306.38733007555874,1778498933,DyLam
143999,314.6912205521416,1778498933,DyLam
144999,319.0525651631108,1778498933,DyLam
145999,321.3645731105182,1778498933,DyLam
146999,311.9400456600802,1778498933,DyLam
147999,316.745125121876,1778498933,DyLam
148999,313.4742491663132,1778498933,DyLam
149999,317.5838298331221,1778498933,DyLam
150999,306.883487645763,1778498933,DyLam
151999,326.55496540416567,1778498933,DyLam
152999,316.97364533588745,1778498933,DyLam
153999,325.29646894079895,1778498933,DyLam
154999,323.114556289248,1778498933,DyLam
155999,324.0729686099062,1778498933,DyLam
156999,321.3475791830785,1778498933,DyLam
157999,328.62344235189295,1778498933,DyLam
158999,325.6305815668049,1778498933,DyLam
159999,318.857895071852,1778498933,DyLam
160999,325.8881681974866,1778498933,DyLam
161999,327.9957537296342,1778498933,DyLam
162999,333.3996857499957,1778498933,DyLam
163999,318.7588474370189,1778498933,DyLam
164999,330.3024827825189,1778498933,DyLam
165999,328.7892075127245,1778498933,DyLam
166999,327.78612262634914,1778498933,DyLam
167999,331.1570447492814,1778498933,DyLam
168999,332.08750999992594,1778498933,DyLam
169999,329.5595248627453,1778498933,DyLam
170999,329.7684775352621,1778498933,DyLam
171999,328.83949764507224,1778498933,DyLam
172999,332.4411400402217,1778498933,DyLam
173999,336.4237831412325,1778498933,DyLam
174999,334.61665950003334,1778498933,DyLam
175999,331.2816472215657,1778498933,DyLam
176999,338.15512829154454,1778498933,DyLam
177999,333.5816046681729,1778498933,DyLam
178999,334.06805370674743,1778498933,DyLam
179999,336.6498548230075,1778498933,DyLam
180999,339.19499416641673,1778498933,DyLam
181999,332.58761475461586,1778498933,DyLam
182999,335.80672207628925,1778498933,DyLam
183999,335.1690793924898,1778498933,DyLam
184999,340.98906921684204,1778498933,DyLam
185999,342.03894950806284,1778498933,DyLam
186999,340.02186304261903,1778498933,DyLam
187999,343.97824962636884,1778498933,DyLam
188999,344.4204203375552,1778498933,DyLam
189999,339.2584921513753,1778498933,DyLam
190999,348.72763235658124,1778498933,DyLam
191999,345.26144272291594,1778498933,DyLam
192999,345.6251298771816,1778498933,DyLam
193999,341.57654209038185,1778498933,DyLam
194999,343.1359237553229,1778498933,DyLam
195999,345.59259242971115,1778498933,DyLam
196999,341.0062590376388,1778498933,DyLam
197999,347.43058285150795,1778498933,DyLam
198999,350.3500321659529,1778498933,DyLam
199999,353.45993087056087,1778498933,DyLam
200999,356.4376146320631,1778498933,DyLam
201999,360.906539414034,1778498933,DyLam
202999,357.0829091469089,1778498933,DyLam
203999,355.2299654782719,1778498933,DyLam
204999,352.92098896991195,1778498933,DyLam
205999,359.5473050934714,1778498933,DyLam
206999,352.36213115431747,1778498933,DyLam
207999,355.85865479023124,1778498933,DyLam
208999,340.150922722429,1778498933,DyLam
209999,351.4036698788806,1778498933,DyLam
210999,339.9870314799078,1778498933,DyLam
211999,350.7191712148851,1778498933,DyLam
212999,367.8695661925456,1778498933,DyLam
213999,359.873159595587,1778498933,DyLam
214999,351.9958765848049,1778498933,DyLam
215999,349.8803873684167,1778498933,DyLam
216999,354.53938237666057,1778498933,DyLam
217999,342.80584394951785,1778498933,DyLam
218999,349.3498913371524,1778498933,DyLam
219999,353.7952938372861,1778498933,DyLam
220999,342.4762924390066,1778498933,DyLam
221999,335.2453582096477,1778498933,DyLam
222999,339.63095508585644,1778498933,DyLam
223999,355.44086121486424,1778498933,DyLam
224999,355.9788691217542,1778498933,DyLam
225999,353.86975826405563,1778498933,DyLam
226999,339.03191465022064,1778498933,DyLam
227999,348.2639473617361,1778498933,DyLam
228999,352.08634049669104,1778498933,DyLam
229999,358.2856734953615,1778498933,DyLam
230999,344.4981664190461,1778498933,DyLam
231999,352.6925985657715,1778498933,DyLam
232999,352.7865057710272,1778498933,DyLam
233999,353.1508539496813,1778498933,DyLam
234999,355.6406096965533,1778498933,DyLam
235999,358.6512587009615,1778498933,DyLam
236999,361.4366191837961,1778498933,DyLam
237999,360.9079802951722,1778498933,DyLam
238999,356.72805129765766,1778498933,DyLam
239999,352.42167507201265,1778498933,DyLam
240999,353.8099390660439,1778498933,DyLam
241999,365.6376784965876,1778498933,DyLam
242999,365.3658431999007,1778498933,DyLam
243999,366.9806348090092,1778498933,DyLam
244999,364.9204121292348,1778498933,DyLam
245999,359.14075843552496,1778498933,DyLam
246999,365.8082321870463,1778498933,DyLam
247999,369.712552281839,1778498933,DyLam
248999,221.7328207700769,1778498933,DyLam
249999,377.9541763352061,1778498933,DyLam
250999,368.47030547323527,1778498933,DyLam
251999,372.2179219681413,1778498933,DyLam
252999,356.1280584410175,1778498933,DyLam
253999,365.7296476990136,1778498933,DyLam
254999,367.1933860972932,1778498933,DyLam
255999,372.6976902485302,1778498933,DyLam
256999,371.0511197258968,1778498933,DyLam
257999,372.1447009344244,1778498933,DyLam
258999,371.82300292303296,1778498933,DyLam
259999,360.9526423011057,1778498933,DyLam
260999,365.5076157420723,1778498933,DyLam
261999,96.029902825937,1778498933,DyLam
262999,365.8934277756695,1778498933,DyLam
263999,374.3015618423276,1778498933,DyLam
264999,379.2492695157207,1778498933,DyLam
265999,376.28006985209777,1778498933,DyLam
266999,373.7660342929698,1778498933,DyLam
267999,364.9114902517128,1778498933,DyLam
268999,373.215910618065,1778498933,DyLam
269999,369.4819118041956,1778498933,DyLam
270999,367.2880699730485,1778498933,DyLam
271999,372.1370426040044,1778498933,DyLam
272999,378.0181383831048,1778498933,DyLam
273999,364.3640747017607,1778498933,DyLam
274999,371.6354894205143,1778498933,DyLam
275999,370.434528509788,1778498933,DyLam
276999,370.2731532868319,1778498933,DyLam
277999,366.9856866529436,1778498933,DyLam
278999,365.47232779644736,1778498933,DyLam
279999,375.86764785996166,1778498933,DyLam
280999,371.28853282083406,1778498933,DyLam
281999,367.57045929329104,1778498933,DyLam
282999,380.3462678932638,1778498933,DyLam
283999,378.3655088305576,1778498933,DyLam
284999,372.4719684868352,1778498933,DyLam
285999,376.1998182237563,1778498933,DyLam
286999,373.768665278549,1778498933,DyLam
287999,376.7072451708824,1778498933,DyLam
288999,378.9837107623689,1778498933,DyLam
289999,382.9313398947009,1778498933,DyLam
290999,379.69122594015226,1778498933,DyLam
291999,376.30806090921016,1778498933,DyLam
292999,356.2705747685855,1778498933,DyLam
293999,381.61726330108047,1778498933,DyLam
294999,369.8809185708682,1778498933,DyLam
295999,379.6468117173128,1778498933,DyLam
296999,387.9885327279093,1778498933,DyLam
297999,377.4644348902056,1778498933,DyLam
298999,382.1186538132456,1778498933,DyLam
299999,379.1277581812449,1778498933,DyLam
300999,385.2031210964452,1778498933,DyLam
301999,358.480268759895,1778498933,DyLam
302999,383.28184051171655,1778498933,DyLam
303999,358.7241084890097,1778498933,DyLam
304999,384.17866202416826,1778498933,DyLam
305999,366.0191341698899,1778498933,DyLam
306999,367.1824833397379,1778498933,DyLam
307999,378.5864903622462,1778498933,DyLam
308999,391.3526577160254,1778498933,DyLam
309999,378.9687216743087,1778498933,DyLam
310999,385.2931597092656,1778498933,DyLam
311999,385.7820379882329,1778498933,DyLam
312999,381.9361058825447,1778498933,DyLam
313999,394.2815247357738,1778498933,DyLam
314999,390.70557335868654,1778498933,DyLam
315999,382.1638960178248,1778498933,DyLam
316999,377.6884779674846,1778498933,DyLam
317999,379.21205166230425,1778498933,DyLam
318999,378.0568781821207,1778498933,DyLam
319999,394.47465794088686,1778498933,DyLam
320999,385.9779916900686,1778498933,DyLam
321999,381.3040735605101,1778498933,DyLam
322999,385.1736817783549,1778498933,DyLam
323999,371.46583358669096,1778498933,DyLam
324999,397.2810066449195,1778498933,DyLam
325999,388.138525091101,1778498933,DyLam
326999,388.0060969410108,1778498933,DyLam
327999,376.1594547600947,1778498933,DyLam
328999,388.37935062634057,1778498933,DyLam
329999,380.0007478886239,1778498933,DyLam
330999,387.43234884178815,1778498933,DyLam
331999,379.0467045457799,1778498933,DyLam
332999,370.6103020315222,1778498933,DyLam
333999,377.26558972798153,1778498933,DyLam
334999,389.3520026686174,1778498933,DyLam
335999,385.6872637993153,1778498933,DyLam
336999,382.4432229537917,1778498933,DyLam
337999,375.49987075424247,1778498933,DyLam
338999,378.6336728369587,1778498933,DyLam
339999,387.6528838800136,1778498933,DyLam
340999,377.0798027221613,1778498933,DyLam
341999,353.39160132419687,1778498933,DyLam
342999,394.3152360799572,1778498933,DyLam
343999,388.7193846260367,1778498933,DyLam
344999,380.0643079302779,1778498933,DyLam
345999,376.77061408349886,1778498933,DyLam
346999,370.3315389052029,1778498933,DyLam
347999,381.7933705932932,1778498933,DyLam
348999,381.6357127362181,1778498933,DyLam
349999,368.73183934704633,1778498933,DyLam
350999,386.5030251515981,1778498933,DyLam
351999,382.3999639977605,1778498933,DyLam
352999,380.11163386277696,1778498933,DyLam
353999,390.54850736026486,1778498933,DyLam
354999,376.1375382550353,1778498933,DyLam
355999,398.0095012744188,1778498933,DyLam
356999,388.3324046460694,1778498933,DyLam
357999,395.29432054659554,1778498933,DyLam
358999,378.0879101300803,1778498933,DyLam
359999,394.6090244663735,1778498933,DyLam
360999,381.1871487802064,1778498933,DyLam
361999,394.68586345764334,1778498933,DyLam
362999,387.687145088816,1778498933,DyLam
363999,389.221672680845,1778498933,DyLam
364999,388.2280805511824,1778498933,DyLam
365999,391.7002772044305,1778498933,DyLam
366999,397.1043832114818,1778498933,DyLam
367999,397.1979701228154,1778498933,DyLam
368999,398.3626421152493,1778498933,DyLam
369999,386.7546732397032,1778498933,DyLam
370999,388.0895939807649,1778498933,DyLam
371999,390.1971195616448,1778498933,DyLam
372999,394.0685780917999,1778498933,DyLam
373999,402.2234510482404,1778498933,DyLam
374999,394.48044875304055,1778498933,DyLam
375999,406.25725426497166,1778498933,DyLam
376999,399.984423634014,1778498933,DyLam
377999,388.2207545439649,1778498933,DyLam
378999,387.0504297960659,1778498933,DyLam
379999,397.1565277857071,1778498933,DyLam
380999,388.0619053215149,1778498933,DyLam
381999,383.86533372548257,1778498933,DyLam
382999,396.9882398182966,1778498933,DyLam
383999,392.3088762497105,1778498933,DyLam
384999,402.4858621284183,1778498933,DyLam
385999,389.80477331563816,1778498933,DyLam
386999,386.8257442100645,1778498933,DyLam
387999,387.57900276905326,1778498933,DyLam
388999,394.4039611851363,1778498933,DyLam
389999,397.2738921217122,1778498933,DyLam
390999,390.1214668255667,1778498933,DyLam
391999,381.693556321837,1778498933,DyLam
392999,396.5734336873797,1778498933,DyLam
393999,397.57540043394886,1778498933,DyLam
394999,387.6812032917696,1778498933,DyLam
395999,398.8573478542366,1778498933,DyLam
396999,398.7037355822567,1778498933,DyLam
397999,141.13771857495328,1778498933,DyLam
398999,397.0531464154765,1778498933,DyLam
399999,407.1909068811311,1778498933,DyLam
400999,396.876609184667,1778498933,DyLam
401999,398.0793362578095,1778498933,DyLam
402999,393.14308732871024,1778498933,DyLam
403999,407.87104444478,1778498933,DyLam
404999,159.36664654692942,1778498933,DyLam
405999,403.5711587835445,1778498933,DyLam
406999,406.7973303069549,1778498933,DyLam
407999,409.937806003754,1778498933,DyLam
408999,411.49875941402536,1778498933,DyLam
409999,416.3989176955537,1778498933,DyLam
410999,420.4906090540297,1778498933,DyLam
411999,406.7699292277079,1778498933,DyLam
412999,413.66343154046615,1778498933,DyLam
413999,387.0066830122441,1778498933,DyLam
414999,403.3394333071263,1778498933,DyLam
415999,406.075162189991,1778498933,DyLam
416999,424.1263173647791,1778498933,DyLam
417999,411.54941969115015,1778498933,DyLam
418999,412.4526049090634,1778498933,DyLam
419999,423.48887465073807,1778498933,DyLam
420999,412.8542712558782,1778498933,DyLam
421999,413.3271152155105,1778498933,DyLam
422999,434.5693802928066,1778498933,DyLam
423999,429.5543506755325,1778498933,DyLam
424999,419.2814184937529,1778498933,DyLam
425999,411.4935206478044,1778498933,DyLam
426999,426.65069389777176,1778498933,DyLam
427999,426.2933029715661,1778498933,DyLam
428999,418.5492379668118,1778498933,DyLam
429999,413.16435845377697,1778498933,DyLam
430999,421.1556437956533,1778498933,DyLam
431999,427.3365395461078,1778498933,DyLam
432999,422.9247984685725,1778498933,DyLam
433999,418.42740419172486,1778498933,DyLam
434999,410.5983627916818,1778498933,DyLam
435999,406.9769287861219,1778498933,DyLam
436999,425.3368568139769,1778498933,DyLam
437999,428.4558149660497,1778498933,DyLam
438999,437.6630493967083,1778498933,DyLam
439999,433.0673083206846,1778498933,DyLam
440999,417.1300679212778,1778498933,DyLam
441999,428.5945581580164,1778498933,DyLam
442999,425.4320296403258,1778498933,DyLam
443999,416.456983244511,1778498933,DyLam
444999,435.88075361047487,1778498933,DyLam
445999,413.8665750209772,1778498933,DyLam
446999,438.29991059663774,1778498933,DyLam
447999,424.1125663962306,1778498933,DyLam
448999,441.8403002797473,1778498933,DyLam
449999,444.84890103676105,1778498933,DyLam
450999,438.2013490484064,1778498933,DyLam
451999,429.35999180326087,1778498933,DyLam
452999,196.69413546911468,1778498933,DyLam
453999,423.6032984882039,1778498933,DyLam
454999,430.7784838773889,1778498933,DyLam
455999,435.2743164819315,1778498933,DyLam
456999,438.9726994926332,1778498933,DyLam
457999,429.9442173852853,1778498933,DyLam
458999,415.2501038354091,1778498933,DyLam
459999,438.3252801757314,1778498933,DyLam
460999,429.0382283574707,1778498933,DyLam
461999,439.34507443058845,1778498933,DyLam
462999,440.29128631677423,1778498933,DyLam
463999,440.40485243506095,1778498933,DyLam
464999,444.4384164929545,1778498933,DyLam
465999,436.7461297285726,1778498933,DyLam
466999,445.42258847901496,1778498933,DyLam
467999,436.64748375425455,1778498933,DyLam
468999,410.8433796132101,1778498933,DyLam
469999,444.4739970738006,1778498933,DyLam
470999,449.1262227695236,1778498933,DyLam
471999,451.2168401628895,1778498933,DyLam
472999,441.7764766624676,1778498933,DyLam
473999,438.3202332224349,1778498933,DyLam
474999,444.9228077390119,1778498933,DyLam
475999,453.4390180832201,1778498933,DyLam
476999,452.9918417706882,1778498933,DyLam
477999,449.4063705120951,1778498933,DyLam
478999,451.8604281810652,1778498933,DyLam
479999,454.9039071715961,1778498933,DyLam
480999,455.4043311419815,1778498933,DyLam
481999,451.8788450687948,1778498933,DyLam
482999,453.7807062007654,1778498933,DyLam
483999,467.6957235590983,1778498933,DyLam
484999,448.9448975191282,1778498933,DyLam
485999,454.3089170335283,1778498933,DyLam
486999,448.9218520013916,1778498933,DyLam
487999,451.5475945390182,1778498933,DyLam
488999,461.2956020989196,1778498933,DyLam
489999,445.1050528618064,1778498933,DyLam
490999,443.6969671182653,1778498933,DyLam
491999,422.1483921979848,1778498933,DyLam
492999,448.32590486505,1778498933,DyLam
493999,439.8045215383315,1778498933,DyLam
494999,443.149438577302,1778498933,DyLam
495999,426.0354511994759,1778498933,DyLam
496999,449.5567941485451,1778498933,DyLam
497999,432.584035156249,1778498933,DyLam
498999,441.5936975977904,1778498933,DyLam
499999,440.4152283463434,1778498933,DyLam
