objective_1,objective_2,__wall_time_min__
971.1862784702098,-40.969567298078076,7891.284070209662
977.5427916884888,-41.052224869171916,7891.284070209662
986.1635981051717,-41.19917452955506,7891.284070209662
