_step,ep_info/run,seed,method
999,4.0927788705457,1781379615,DyLam
1999,-3.992475739064995,1781379615,DyLam
2999,-1.0372396623888371,1781379615,DyLam
3999,-1.0242713841079158,1781379615,DyLam
4999,-4.698954850400222,1781379615,DyLam
5999,0.8680975983568409,1781379615,DyLam
6999,-3.1567084000320618,1781379615,DyLam
7999,-9.874636315663157,1781379615,DyLam
8999,4.446643541029356,1781379615,DyLam
9999,-7.795669465946107,1781379615,DyLam
10999,-7.556638632867251,1781379615,DyLam
11999,-3.632294609066097,1781379615,DyLam
12999,1.409465174879002,1781379615,DyLam
13999,-0.897271183199551,1781379615,DyLam
14999,3.837612175334576,1781379615,DyLam
15999,-0.8974355349734474,1781379615,DyLam
16999,-4.770600042912526,1781379615,DyLam
17999,-8.30840252580372,1781379615,DyLam
18999,-4.7449416901361365,1781379615,DyLam
19999,-7.090899176825883,1781379615,DyLam
20999,-7.2032080374142975,1781379615,DyLam
21999,-1.2874063134648717,1781379615,DyLam
22999,0.6930671248438249,1781379615,DyLam
23999,6.0422078211559125,1781379615,DyLam
24999,7.590682392808365,1781379615,DyLam
25999,-0.7493560170427073,1781379615,DyLam
26999,6.306889338762015,1781379615,DyLam
27999,13.395522913699699,1781379615,DyLam
28999,11.335126325293214,1781379615,DyLam
29999,5.049137483660209,1781379615,DyLam
30999,18.86492994178935,1781379615,DyLam
31999,23.793350118506318,1781379615,DyLam
32999,13.791529169495947,1781379615,DyLam
33999,15.984136242128338,1781379615,DyLam
34999,40.77842417480413,1781379615,DyLam
35999,63.59143703983051,1781379615,DyLam
36999,150.16413790193735,1781379615,DyLam
37999,160.73559923514358,1781379615,DyLam
38999,165.8715384196176,1781379615,DyLam
39999,199.08447322640245,1781379615,DyLam
40999,222.45985632422565,1781379615,DyLam
41999,223.98529072735886,1781379615,DyLam
42999,110.79482533103007,1781379615,DyLam
43999,262.34564882961854,1781379615,DyLam
44999,259.62211208215297,1781379615,DyLam
45999,275.3207924202303,1781379615,DyLam
46999,266.8581324045791,1781379615,DyLam
47999,272.8738616284742,1781379615,DyLam
48999,291.9867915959397,1781379615,DyLam
49999,154.59470699177737,1781379615,DyLam
50999,303.0217311152368,1781379615,DyLam
51999,307.4405167460622,1781379615,DyLam
52999,316.3609284452514,1781379615,DyLam
53999,320.65860406859974,1781379615,DyLam
54999,326.65332164205,1781379615,DyLam
55999,337.507048232034,1781379615,DyLam
56999,357.87516986145755,1781379615,DyLam
57999,242.3642171217072,1781379615,DyLam
58999,339.6064812935684,1781379615,DyLam
59999,342.36395417467503,1781379615,DyLam
60999,350.8125538827121,1781379615,DyLam
61999,355.53709649057066,1781379615,DyLam
62999,350.0089001895497,1781379615,DyLam
63999,339.13730596093745,1781379615,DyLam
64999,340.23064491042953,1781379615,DyLam
65999,327.481360134719,1781379615,DyLam
66999,331.3217237475195,1781379615,DyLam
67999,327.3077779300233,1781379615,DyLam
68999,329.74618417813133,1781379615,DyLam
69999,318.9955871849048,1781379615,DyLam
70999,309.0879592514783,1781379615,DyLam
71999,307.22564774025574,1781379615,DyLam
72999,310.9145649996355,1781379615,DyLam
73999,312.3730597214188,1781379615,DyLam
74999,313.50881886322054,1781379615,DyLam
75999,298.44431879972365,1781379615,DyLam
76999,304.58415833218515,1781379615,DyLam
77999,310.0157116908159,1781379615,DyLam
78999,311.29698275158864,1781379615,DyLam
79999,316.3043345994745,1781379615,DyLam
80999,312.42246881235565,1781379615,DyLam
81999,326.547130620091,1781379615,DyLam
82999,320.6622063028917,1781379615,DyLam
83999,322.17823595069274,1781379615,DyLam
84999,331.05487635121693,1781379615,DyLam
85999,324.7450849946114,1781379615,DyLam
86999,324.0406536929588,1781379615,DyLam
87999,342.9978445845753,1781379615,DyLam
88999,333.36206931613253,1781379615,DyLam
89999,349.9958713924424,1781379615,DyLam
90999,351.81033901137323,1781379615,DyLam
91999,361.87228676193536,1781379615,DyLam
92999,358.55236540857766,1781379615,DyLam
93999,365.3707391256905,1781379615,DyLam
94999,361.47786198630706,1781379615,DyLam
95999,370.60885909414026,1781379615,DyLam
96999,361.12534542562315,1781379615,DyLam
97999,369.30718544196077,1781379615,DyLam
98999,367.8098737255488,1781379615,DyLam
99999,362.72993787564906,1781379615,DyLam
100999,384.27313583149305,1781379615,DyLam
101999,382.75062650800487,1781379615,DyLam
102999,388.8922302455288,1781379615,DyLam
103999,380.0839932581789,1781379615,DyLam
104999,392.5064470169072,1781379615,DyLam
105999,397.4287632148123,1781379615,DyLam
106999,393.2082105856374,1781379615,DyLam
107999,397.93711283873915,1781379615,DyLam
108999,405.1499949159239,1781379615,DyLam
109999,396.55388009594094,1781379615,DyLam
110999,408.85547350108357,1781379615,DyLam
111999,412.8987973046042,1781379615,DyLam
112999,417.16584994459777,1781379615,DyLam
113999,430.3714909626545,1781379615,DyLam
114999,425.0794335384173,1781379615,DyLam
115999,432.8571669351434,1781379615,DyLam
116999,442.0454078738946,1781379615,DyLam
117999,431.63403199663753,1781379615,DyLam
118999,422.4934136004424,1781379615,DyLam
119999,452.7197567747551,1781379615,DyLam
120999,443.85256244681926,1781379615,DyLam
121999,370.5890713450084,1781379615,DyLam
122999,433.0798568298379,1781379615,DyLam
123999,442.61704021440016,1781379615,DyLam
124999,470.4469703498128,1781379615,DyLam
125999,474.1181359763492,1781379615,DyLam
126999,476.9300663724577,1781379615,DyLam
127999,477.29552392417526,1781379615,DyLam
128999,473.76095997723576,1781379615,DyLam
129999,473.95309141886423,1781379615,DyLam
130999,487.0643950413117,1781379615,DyLam
131999,506.6219422948151,1781379615,DyLam
132999,470.72214379028014,1781379615,DyLam
133999,499.82641601267574,1781379615,DyLam
134999,505.32913715100034,1781379615,DyLam
135999,508.6706751803167,1781379615,DyLam
136999,493.5895504121802,1781379615,DyLam
137999,500.13520003471746,1781379615,DyLam
138999,510.18079508471584,1781379615,DyLam
139999,502.6919710245915,1781379615,DyLam
140999,523.6436758425326,1781379615,DyLam
141999,513.4204050599797,1781379615,DyLam
142999,510.140381489399,1781379615,DyLam
143999,504.9231708543713,1781379615,DyLam
144999,518.2483018619445,1781379615,DyLam
145999,508.30615129394374,1781379615,DyLam
146999,532.6104566104286,1781379615,DyLam
147999,524.7240073172379,1781379615,DyLam
148999,522.8602215966005,1781379615,DyLam
149999,514.3225258271003,1781379615,DyLam
150999,521.1077626831205,1781379615,DyLam
151999,520.2454775800957,1781379615,DyLam
152999,533.1334457546026,1781379615,DyLam
153999,537.0336263496865,1781379615,DyLam
154999,534.6545859323769,1781379615,DyLam
155999,516.5850797246967,1781379615,DyLam
156999,503.16580499871856,1781379615,DyLam
157999,523.7660763517206,1781379615,DyLam
158999,529.8243251797408,1781379615,DyLam
159999,539.0626051192133,1781379615,DyLam
160999,546.7836744126206,1781379615,DyLam
161999,531.7556194629088,1781379615,DyLam
162999,519.3702096653741,1781379615,DyLam
163999,561.2492718990366,1781379615,DyLam
164999,512.3585481587727,1781379615,DyLam
165999,569.8603731321274,1781379615,DyLam
166999,532.3066604916584,1781379615,DyLam
167999,518.45167895897,1781379615,DyLam
168999,529.5485698088714,1781379615,DyLam
169999,551.4326912128846,1781379615,DyLam
170999,536.6420771444625,1781379615,DyLam
171999,566.3071404857833,1781379615,DyLam
172999,543.4104600235305,1781379615,DyLam
173999,544.509783965772,1781379615,DyLam
174999,545.9403420838312,1781379615,DyLam
175999,535.901809943149,1781379615,DyLam
176999,556.1293177817985,1781379615,DyLam
177999,550.4292800750611,1781379615,DyLam
178999,565.8845312614914,1781379615,DyLam
179999,558.0333569829882,1781379615,DyLam
180999,557.3119536173515,1781379615,DyLam
181999,565.4493029984415,1781379615,DyLam
182999,568.2130692315981,1781379615,DyLam
183999,575.0962193247253,1781379615,DyLam
184999,556.7498461537502,1781379615,DyLam
185999,574.2249024569013,1781379615,DyLam
186999,583.9234202505693,1781379615,DyLam
187999,591.6406818200793,1781379615,DyLam
188999,573.5511868028667,1781379615,DyLam
189999,573.5531798191489,1781379615,DyLam
190999,588.0146174123513,1781379615,DyLam
191999,583.2800255436362,1781379615,DyLam
192999,564.3095848104866,1781379615,DyLam
193999,575.8908998314593,1781379615,DyLam
194999,558.3738469432685,1781379615,DyLam
195999,565.7916292278522,1781379615,DyLam
196999,580.4604182616458,1781379615,DyLam
197999,594.5846295278243,1781379615,DyLam
198999,599.1398862652428,1781379615,DyLam
199999,569.9868236233763,1781379615,DyLam
200999,568.2478713921571,1781379615,DyLam
201999,584.9031244515099,1781379615,DyLam
202999,569.9407748067426,1781379615,DyLam
203999,563.4082623928587,1781379615,DyLam
204999,543.3767205051286,1781379615,DyLam
205999,577.3907714274899,1781379615,DyLam
206999,230.4901132294085,1781379615,DyLam
207999,557.298052101117,1781379615,DyLam
208999,573.5155618115379,1781379615,DyLam
209999,570.9450258903113,1781379615,DyLam
210999,594.6003226850471,1781379615,DyLam
211999,554.0000048122483,1781379615,DyLam
212999,580.5356278566617,1781379615,DyLam
213999,597.4469969567087,1781379615,DyLam
214999,591.2226260329415,1781379615,DyLam
215999,587.9430163192429,1781379615,DyLam
216999,572.5726375800245,1781379615,DyLam
217999,579.6677952859876,1781379615,DyLam
218999,573.6236958379058,1781379615,DyLam
219999,582.635248738095,1781379615,DyLam
220999,580.6240789811941,1781379615,DyLam
221999,589.0930699978984,1781379615,DyLam
222999,567.4413099848638,1781379615,DyLam
223999,391.8410846401209,1781379615,DyLam
224999,570.4026943436945,1781379615,DyLam
225999,570.2226445980077,1781379615,DyLam
226999,578.6086020214659,1781379615,DyLam
227999,585.1386132580618,1781379615,DyLam
228999,541.1923688968238,1781379615,DyLam
229999,560.5971895409652,1781379615,DyLam
230999,572.9141840550677,1781379615,DyLam
231999,597.3819791174697,1781379615,DyLam
232999,577.3848731971243,1781379615,DyLam
233999,599.0892996416565,1781379615,DyLam
234999,574.3315020821656,1781379615,DyLam
235999,592.4710253345131,1781379615,DyLam
236999,600.2172033407263,1781379615,DyLam
237999,595.0164620740692,1781379615,DyLam
238999,600.7638012323704,1781379615,DyLam
239999,568.764452750387,1781379615,DyLam
240999,537.3576349181798,1781379615,DyLam
241999,574.5051130515819,1781379615,DyLam
242999,592.4013894459497,1781379615,DyLam
243999,583.0993873325722,1781379615,DyLam
244999,560.1082687099725,1781379615,DyLam
245999,580.1677894939918,1781379615,DyLam
246999,568.5840751893828,1781379615,DyLam
247999,560.9319186339291,1781379615,DyLam
248999,582.0495210702061,1781379615,DyLam
249999,580.6785327803409,1781379615,DyLam
250999,543.4561274740724,1781379615,DyLam
251999,605.5750519051107,1781379615,DyLam
252999,584.4408911331612,1781379615,DyLam
253999,585.0765291532427,1781379615,DyLam
254999,546.4265398164631,1781379615,DyLam
255999,581.8511014133437,1781379615,DyLam
256999,588.5572368933513,1781379615,DyLam
257999,572.7641350290405,1781379615,DyLam
258999,586.7334054816048,1781379615,DyLam
259999,589.034440793364,1781379615,DyLam
260999,591.7229399459939,1781379615,DyLam
261999,580.3823381224468,1781379615,DyLam
262999,592.9356522134352,1781379615,DyLam
263999,541.9386687132499,1781379615,DyLam
264999,583.3640785963387,1781379615,DyLam
265999,599.1799420485636,1781379615,DyLam
266999,595.5787012916784,1781379615,DyLam
267999,607.6336264897302,1781379615,DyLam
268999,580.2826699688729,1781379615,DyLam
269999,582.3271558291586,1781379615,DyLam
270999,590.5238497622106,1781379615,DyLam
271999,603.7304639035065,1781379615,DyLam
272999,590.5049238604298,1781379615,DyLam
273999,586.7593110443871,1781379615,DyLam
274999,585.9090423651285,1781379615,DyLam
275999,597.4355132927524,1781379615,DyLam
276999,585.7038480560867,1781379615,DyLam
277999,586.1342959380594,1781379615,DyLam
278999,582.5884496315412,1781379615,DyLam
279999,592.0207480111231,1781379615,DyLam
280999,603.6068631165393,1781379615,DyLam
281999,616.2777122399665,1781379615,DyLam
282999,625.1407741956756,1781379615,DyLam
283999,579.6889434261353,1781379615,DyLam
284999,602.6192535140759,1781379615,DyLam
285999,581.0053741562895,1781379615,DyLam
286999,616.9652417999146,1781379615,DyLam
287999,411.31009763187075,1781379615,DyLam
288999,578.0446829863505,1781379615,DyLam
289999,134.23916639592724,1781379615,DyLam
290999,536.9262956229253,1781379615,DyLam
291999,574.402276735673,1781379615,DyLam
292999,592.6190533586772,1781379615,DyLam
293999,588.7782386835167,1781379615,DyLam
294999,598.680929453845,1781379615,DyLam
295999,563.488107159527,1781379615,DyLam
296999,583.7445072548016,1781379615,DyLam
297999,603.358961515826,1781379615,DyLam
298999,595.9053969407579,1781379615,DyLam
299999,566.0686175462212,1781379615,DyLam
300999,574.0519920869664,1781379615,DyLam
301999,610.8045739220456,1781379615,DyLam
302999,588.329013559014,1781379615,DyLam
303999,548.4216223810788,1781379615,DyLam
304999,565.8282406581911,1781379615,DyLam
305999,559.5954733641397,1781379615,DyLam
306999,588.9469725976271,1781379615,DyLam
307999,570.484293743759,1781379615,DyLam
308999,577.4844721418676,1781379615,DyLam
309999,578.636127998564,1781379615,DyLam
310999,582.4190913199969,1781379615,DyLam
311999,584.0803310236972,1781379615,DyLam
312999,582.4417808165083,1781379615,DyLam
313999,578.5883036243586,1781379615,DyLam
314999,590.6881457242769,1781379615,DyLam
315999,598.7416459100695,1781379615,DyLam
316999,584.1623669869442,1781379615,DyLam
317999,596.3694099398011,1781379615,DyLam
318999,567.30698291617,1781379615,DyLam
319999,601.4118414753248,1781379615,DyLam
320999,574.496453884143,1781379615,DyLam
321999,594.6923456631434,1781379615,DyLam
322999,602.2196384079047,1781379615,DyLam
323999,590.789239201102,1781379615,DyLam
324999,591.9437487574993,1781379615,DyLam
325999,584.4123705432679,1781379615,DyLam
326999,590.6627349914446,1781379615,DyLam
327999,594.7260662088138,1781379615,DyLam
328999,602.0216145944437,1781379615,DyLam
329999,596.1504110521361,1781379615,DyLam
330999,608.9553986992622,1781379615,DyLam
331999,610.7337994605646,1781379615,DyLam
332999,600.9138701583615,1781379615,DyLam
333999,611.0268580286112,1781379615,DyLam
334999,586.2213695240165,1781379615,DyLam
335999,620.5145393089209,1781379615,DyLam
336999,590.2706928481555,1781379615,DyLam
337999,551.3088092335181,1781379615,DyLam
338999,597.9120452464983,1781379615,DyLam
339999,596.6952575118494,1781379615,DyLam
340999,604.286540583638,1781379615,DyLam
341999,605.391342727035,1781379615,DyLam
342999,602.9499201547198,1781379615,DyLam
343999,594.6422799759735,1781379615,DyLam
344999,596.8493252380566,1781379615,DyLam
345999,602.820197456536,1781379615,DyLam
346999,602.020872504291,1781379615,DyLam
347999,601.8529295977645,1781379615,DyLam
348999,603.9423897894737,1781379615,DyLam
349999,604.7615148965688,1781379615,DyLam
350999,616.5487054967202,1781379615,DyLam
351999,602.1539702298169,1781379615,DyLam
352999,600.9841420615963,1781379615,DyLam
353999,607.8604598127746,1781379615,DyLam
354999,569.7125010032977,1781379615,DyLam
355999,589.8159926972727,1781379615,DyLam
356999,615.5669756444969,1781379615,DyLam
357999,593.3537022854741,1781379615,DyLam
358999,590.0341511036739,1781379615,DyLam
359999,603.1737761407556,1781379615,DyLam
360999,612.6490605467959,1781379615,DyLam
361999,593.021423179293,1781379615,DyLam
362999,608.3183458616048,1781379615,DyLam
363999,615.9859509329508,1781379615,DyLam
364999,588.0979708954087,1781379615,DyLam
365999,616.6699270205046,1781379615,DyLam
366999,618.4937407786658,1781379615,DyLam
367999,633.9092681087707,1781379615,DyLam
368999,621.2847200113498,1781379615,DyLam
369999,610.3919380544829,1781379615,DyLam
370999,614.1813745124614,1781379615,DyLam
371999,626.4979622413698,1781379615,DyLam
372999,605.2774677774187,1781379615,DyLam
373999,619.6929443253663,1781379615,DyLam
374999,625.5813734634482,1781379615,DyLam
375999,610.5202978872729,1781379615,DyLam
376999,629.4862529938631,1781379615,DyLam
377999,586.2188832308353,1781379615,DyLam
378999,618.2196480011702,1781379615,DyLam
379999,605.0901249428689,1781379615,DyLam
380999,593.7351433857368,1781379615,DyLam
381999,586.5926227283206,1781379615,DyLam
382999,615.2926706555004,1781379615,DyLam
383999,615.5796942785821,1781379615,DyLam
384999,617.832903982101,1781379615,DyLam
385999,615.0820939852216,1781379615,DyLam
386999,580.061223199131,1781379615,DyLam
387999,608.4235872917892,1781379615,DyLam
388999,610.5568375456785,1781379615,DyLam
389999,395.4455221053697,1781379615,DyLam
390999,620.7903555122052,1781379615,DyLam
391999,588.0183330842785,1781379615,DyLam
392999,630.8546796395203,1781379615,DyLam
393999,607.8082266107324,1781379615,DyLam
394999,603.1806279928859,1781379615,DyLam
395999,591.4056376999632,1781379615,DyLam
396999,599.9609678266384,1781379615,DyLam
397999,612.6292691825686,1781379615,DyLam
398999,615.6812280479149,1781379615,DyLam
399999,598.3770737301523,1781379615,DyLam
400999,610.2931726887488,1781379615,DyLam
401999,601.747501938362,1781379615,DyLam
402999,634.127634019963,1781379615,DyLam
403999,616.8459482330891,1781379615,DyLam
404999,605.8707056561516,1781379615,DyLam
405999,598.2775672000198,1781379615,DyLam
406999,621.263964432907,1781379615,DyLam
407999,610.7556512574979,1781379615,DyLam
408999,619.9695822011499,1781379615,DyLam
409999,623.2269546822546,1781379615,DyLam
410999,618.2700837113684,1781379615,DyLam
411999,611.5111455197753,1781379615,DyLam
412999,615.4695200625079,1781379615,DyLam
413999,631.8623724806014,1781379615,DyLam
414999,614.98861160992,1781379615,DyLam
415999,622.009276757926,1781379615,DyLam
416999,624.5817742916972,1781379615,DyLam
417999,612.0795980776629,1781379615,DyLam
418999,632.1676717687238,1781379615,DyLam
419999,630.431467652168,1781379615,DyLam
420999,623.3335131632974,1781379615,DyLam
421999,613.15704572659,1781379615,DyLam
422999,626.1678800738406,1781379615,DyLam
423999,622.523998996624,1781379615,DyLam
424999,620.9630551984425,1781379615,DyLam
425999,620.6013690903021,1781379615,DyLam
426999,633.3891418917111,1781379615,DyLam
427999,618.6251489367359,1781379615,DyLam
428999,636.2094902166781,1781379615,DyLam
429999,605.2265245585044,1781379615,DyLam
430999,623.5345469708743,1781379615,DyLam
431999,623.7259614565946,1781379615,DyLam
432999,619.4656668364237,1781379615,DyLam
433999,503.85652031531623,1781379615,DyLam
434999,610.522553325784,1781379615,DyLam
435999,597.013749617292,1781379615,DyLam
436999,633.0350584236402,1781379615,DyLam
437999,611.4768398705471,1781379615,DyLam
438999,591.4098760125958,1781379615,DyLam
439999,625.5791363507225,1781379615,DyLam
440999,427.9043683635821,1781379615,DyLam
441999,623.6595700904783,1781379615,DyLam
442999,619.7832108034529,1781379615,DyLam
443999,648.2619331900215,1781379615,DyLam
444999,625.4668640001636,1781379615,DyLam
445999,637.5718518269825,1781379615,DyLam
446999,627.042662511989,1781379615,DyLam
447999,636.3599657928146,1781379615,DyLam
448999,634.6673003087427,1781379615,DyLam
449999,240.95446943111304,1781379615,DyLam
450999,642.5941978171752,1781379615,DyLam
451999,650.0007623770888,1781379615,DyLam
452999,629.7805019487748,1781379615,DyLam
453999,635.781170893281,1781379615,DyLam
454999,636.5766638827627,1781379615,DyLam
455999,607.7723185466343,1781379615,DyLam
456999,604.9414658262439,1781379615,DyLam
457999,634.3707945826371,1781379615,DyLam
458999,629.5120811841748,1781379615,DyLam
459999,629.2377800487156,1781379615,DyLam
460999,622.3640174570656,1781379615,DyLam
461999,631.64573087291,1781379615,DyLam
462999,621.3987032276143,1781379615,DyLam
463999,628.8810125260958,1781379615,DyLam
464999,629.8455122937373,1781379615,DyLam
465999,622.236974502402,1781379615,DyLam
466999,641.5995315617678,1781379615,DyLam
467999,627.9936806547537,1781379615,DyLam
468999,613.787104307485,1781379615,DyLam
469999,608.7934016034694,1781379615,DyLam
470999,627.0535344448248,1781379615,DyLam
471999,642.2097747716908,1781379615,DyLam
472999,628.3384948919244,1781379615,DyLam
473999,609.3460048762938,1781379615,DyLam
474999,614.1050776958185,1781379615,DyLam
475999,634.8462297967649,1781379615,DyLam
476999,595.2494982250566,1781379615,DyLam
477999,630.0848098588455,1781379615,DyLam
478999,618.8447810160701,1781379615,DyLam
479999,629.9935936088625,1781379615,DyLam
480999,626.9992915940715,1781379615,DyLam
481999,632.8499372257832,1781379615,DyLam
482999,641.6467550825028,1781379615,DyLam
483999,636.6469432444484,1781379615,DyLam
484999,629.6856149798285,1781379615,DyLam
485999,630.3841950943181,1781379615,DyLam
486999,635.4278232929834,1781379615,DyLam
487999,630.6506418462897,1781379615,DyLam
488999,624.6380174399593,1781379615,DyLam
489999,633.2545383714894,1781379615,DyLam
490999,630.4506209290953,1781379615,DyLam
491999,613.731686158807,1781379615,DyLam
492999,629.0120127020466,1781379615,DyLam
493999,637.3752036208996,1781379615,DyLam
494999,659.979700784349,1781379615,DyLam
495999,651.1648451896122,1781379615,DyLam
496999,641.1048473797066,1781379615,DyLam
497999,623.174661154397,1781379615,DyLam
498999,598.9148636935406,1781379615,DyLam
499999,655.353323980552,1781379615,DyLam
999,-3.1828886066562787,1781379610,DyLam
1999,0.9165857561767374,1781379610,DyLam
2999,-2.53943388608213,1781379610,DyLam
3999,-1.6039172429709354,1781379610,DyLam
4999,-6.945625314539776,1781379610,DyLam
5999,0.9943966410580886,1781379610,DyLam
6999,-17.421387586485025,1781379610,DyLam
7999,-7.172559618848542,1781379610,DyLam
8999,-8.402566387675982,1781379610,DyLam
9999,-2.552677807864892,1781379610,DyLam
10999,-1.8422410242491116,1781379610,DyLam
11999,-9.669808686516035,1781379610,DyLam
12999,3.967306320624589,1781379610,DyLam
13999,-6.273382112228829,1781379610,DyLam
14999,-3.3972264769570133,1781379610,DyLam
15999,-4.821453982202432,1781379610,DyLam
16999,-8.421979186611678,1781379610,DyLam
17999,-2.3131502257815915,1781379610,DyLam
18999,-5.086104931601409,1781379610,DyLam
19999,-8.504327675972476,1781379610,DyLam
20999,2.0250336789273073,1781379610,DyLam
21999,4.611552477186766,1781379610,DyLam
22999,-4.233802358043659,1781379610,DyLam
23999,-0.3917699474561066,1781379610,DyLam
24999,-1.121227254643154,1781379610,DyLam
25999,4.395397946335446,1781379610,DyLam
26999,-1.0688055431903718,1781379610,DyLam
27999,10.220114775612139,1781379610,DyLam
28999,11.77517011143648,1781379610,DyLam
29999,11.746633137954497,1781379610,DyLam
30999,18.565950886464027,1781379610,DyLam
31999,17.018717977692493,1781379610,DyLam
32999,12.63958756027956,1781379610,DyLam
33999,10.815937782190016,1781379610,DyLam
34999,26.702189823786767,1781379610,DyLam
35999,20.999153900560355,1781379610,DyLam
36999,100.19827908998289,1781379610,DyLam
37999,23.385669918278044,1781379610,DyLam
38999,141.86835679879258,1781379610,DyLam
39999,156.8103043284528,1781379610,DyLam
40999,178.55163937491176,1781379610,DyLam
41999,193.7985630289332,1781379610,DyLam
42999,211.42289319782896,1781379610,DyLam
43999,222.87032891010858,1781379610,DyLam
44999,245.2852515686418,1781379610,DyLam
45999,236.8990801462995,1781379610,DyLam
46999,249.34667845030577,1781379610,DyLam
47999,263.2092457098526,1781379610,DyLam
48999,269.7829738677783,1781379610,DyLam
49999,285.0939292522361,1781379610,DyLam
50999,288.3149096434905,1781379610,DyLam
51999,257.7561489340676,1781379610,DyLam
52999,309.9117042474978,1781379610,DyLam
53999,304.5623325057627,1781379610,DyLam
54999,250.5488981485259,1781379610,DyLam
55999,311.6947849433194,1781379610,DyLam
56999,132.22815878550222,1781379610,DyLam
57999,308.6646159995514,1781379610,DyLam
58999,305.29328755903543,1781379610,DyLam
59999,316.4457687955623,1781379610,DyLam
60999,319.55051795665173,1781379610,DyLam
61999,316.38228316352945,1781379610,DyLam
62999,327.8511555868195,1781379610,DyLam
63999,323.4239814077532,1781379610,DyLam
64999,324.8084434493585,1781379610,DyLam
65999,332.03117343726285,1781379610,DyLam
66999,314.982416840173,1781379610,DyLam
67999,325.4926681045417,1781379610,DyLam
68999,324.4830291752899,1781379610,DyLam
69999,314.366616610129,1781379610,DyLam
70999,307.31403250855374,1781379610,DyLam
71999,318.44030011611756,1781379610,DyLam
72999,302.48458263069585,1781379610,DyLam
73999,303.2868342137732,1781379610,DyLam
74999,303.9068470944641,1781379610,DyLam
75999,308.33235057791353,1781379610,DyLam
76999,300.71124804620587,1781379610,DyLam
77999,284.0552305323416,1781379610,DyLam
78999,286.16530743049464,1781379610,DyLam
79999,282.3506812508303,1781379610,DyLam
80999,280.2926223967357,1781379610,DyLam
81999,292.2105571199094,1781379610,DyLam
82999,295.8196867138965,1781379610,DyLam
83999,286.8212442741989,1781379610,DyLam
84999,292.9782580883935,1781379610,DyLam
85999,288.49515827861615,1781379610,DyLam
86999,288.09107545511796,1781379610,DyLam
87999,292.894548170156,1781379610,DyLam
88999,304.67129710685015,1781379610,DyLam
89999,304.4628208171874,1781379610,DyLam
90999,304.72588056403526,1781379610,DyLam
91999,303.20920120215004,1781379610,DyLam
92999,308.51144355037064,1781379610,DyLam
93999,306.32881030209836,1781379610,DyLam
94999,310.6793136994859,1781379610,DyLam
95999,314.50847558217407,1781379610,DyLam
96999,314.7030784689834,1781379610,DyLam
97999,317.5580390391074,1781379610,DyLam
98999,315.02456365603604,1781379610,DyLam
99999,324.091912825747,1781379610,DyLam
100999,322.7359562804856,1781379610,DyLam
101999,315.7756641496107,1781379610,DyLam
102999,312.9851616910731,1781379610,DyLam
103999,321.57739965231735,1781379610,DyLam
104999,325.89323642449585,1781379610,DyLam
105999,321.6810007240515,1781379610,DyLam
106999,333.3290564857388,1781379610,DyLam
107999,331.524891857605,1781379610,DyLam
108999,336.30947134320616,1781379610,DyLam
109999,333.7053173590643,1781379610,DyLam
110999,239.10191837265285,1781379610,DyLam
111999,330.84679103015293,1781379610,DyLam
112999,333.1557221974698,1781379610,DyLam
113999,348.73343341347527,1781379610,DyLam
114999,333.93440825465365,1781379610,DyLam
115999,356.4295187818899,1781379610,DyLam
116999,353.2302598756997,1781379610,DyLam
117999,350.6060359705525,1781379610,DyLam
118999,348.50444385224716,1781379610,DyLam
119999,351.3823042783646,1781379610,DyLam
120999,354.6061377872757,1781379610,DyLam
121999,356.3150140819519,1781379610,DyLam
122999,357.10222000180727,1781379610,DyLam
123999,354.4753720425163,1781379610,DyLam
124999,358.51107230276375,1781379610,DyLam
125999,350.93834126245486,1781379610,DyLam
126999,356.1942316003767,1781379610,DyLam
127999,352.77844238559265,1781379610,DyLam
128999,357.54070415910314,1781379610,DyLam
129999,355.4141159153596,1781379610,DyLam
130999,360.51216327944536,1781379610,DyLam
131999,364.09495529652634,1781379610,DyLam
132999,356.52333628609904,1781379610,DyLam
133999,361.80586171507133,1781379610,DyLam
134999,356.49026546568876,1781379610,DyLam
135999,363.9435112812462,1781379610,DyLam
136999,352.20313760207193,1781379610,DyLam
137999,351.4224679707035,1781379610,DyLam
138999,358.70815935396917,1781379610,DyLam
139999,357.8034541219514,1781379610,DyLam
140999,359.50757869510306,1781379610,DyLam
141999,364.1614769048841,1781379610,DyLam
142999,360.3327137058496,1781379610,DyLam
143999,366.79863369668715,1781379610,DyLam
144999,360.96373027122513,1781379610,DyLam
145999,357.347790896851,1781379610,DyLam
146999,362.63605251897593,1781379610,DyLam
147999,358.5062969377543,1781379610,DyLam
148999,369.32259951553976,1781379610,DyLam
149999,362.77635682934533,1781379610,DyLam
150999,360.01357960353613,1781379610,DyLam
151999,361.1363346817273,1781379610,DyLam
152999,374.71438519698427,1781379610,DyLam
153999,372.8016729583986,1781379610,DyLam
154999,372.6405612858238,1781379610,DyLam
155999,371.3424870003573,1781379610,DyLam
156999,370.3242726313193,1781379610,DyLam
157999,372.39866052300886,1781379610,DyLam
158999,371.86249946148087,1781379610,DyLam
159999,372.85173608234277,1781379610,DyLam
160999,368.87992213858166,1781379610,DyLam
161999,370.27235526810216,1781379610,DyLam
162999,372.723000417536,1781379610,DyLam
163999,376.20498412155354,1781379610,DyLam
164999,378.0407688538668,1781379610,DyLam
165999,375.52051623171684,1781379610,DyLam
166999,376.61679154164165,1781379610,DyLam
167999,364.98488951953243,1781379610,DyLam
168999,383.59116325256423,1781379610,DyLam
169999,381.52698198777216,1781379610,DyLam
170999,375.4085262201806,1781379610,DyLam
171999,373.9064889693394,1781379610,DyLam
172999,376.264746872259,1781379610,DyLam
173999,380.37264352556844,1781379610,DyLam
174999,378.5456468185748,1781379610,DyLam
175999,378.739006465465,1781379610,DyLam
176999,379.89184945891765,1781379610,DyLam
177999,388.008610195453,1781379610,DyLam
178999,382.7008232450298,1781379610,DyLam
179999,385.29946439716764,1781379610,DyLam
180999,383.8990622734659,1781379610,DyLam
181999,382.46022183735084,1781379610,DyLam
182999,385.24539334278313,1781379610,DyLam
183999,389.1029605950309,1781379610,DyLam
184999,389.19764511699077,1781379610,DyLam
185999,389.2825416752582,1781379610,DyLam
186999,392.6986433413224,1781379610,DyLam
187999,393.7776943277913,1781379610,DyLam
188999,388.7595801735779,1781379610,DyLam
189999,379.6089966349265,1781379610,DyLam
190999,387.16473697645426,1781379610,DyLam
191999,388.4782370163904,1781379610,DyLam
192999,392.31338566092614,1781379610,DyLam
193999,386.930667280586,1781379610,DyLam
194999,391.19225589766677,1781379610,DyLam
195999,390.5659207308283,1781379610,DyLam
196999,390.693542050631,1781379610,DyLam
197999,381.8491078454363,1781379610,DyLam
198999,389.0526734924254,1781379610,DyLam
199999,387.8323188403635,1781379610,DyLam
200999,389.8051397986743,1781379610,DyLam
201999,390.71458689480045,1781379610,DyLam
202999,389.0015971424957,1781379610,DyLam
203999,389.45698599091736,1781379610,DyLam
204999,390.40646774134376,1781379610,DyLam
205999,391.34040353695184,1781379610,DyLam
206999,391.056749997991,1781379610,DyLam
207999,381.7933848494151,1781379610,DyLam
208999,393.2399507660764,1781379610,DyLam
209999,383.36333467431206,1781379610,DyLam
210999,388.9309255535361,1781379610,DyLam
211999,385.2883059755181,1781379610,DyLam
212999,385.27884658385403,1781379610,DyLam
213999,388.5751890646263,1781379610,DyLam
214999,389.196074783215,1781379610,DyLam
215999,384.2217365856008,1781379610,DyLam
216999,393.85792978916834,1781379610,DyLam
217999,383.51166675978675,1781379610,DyLam
218999,387.56692491129525,1781379610,DyLam
219999,388.4543504708851,1781379610,DyLam
220999,399.49854816169153,1781379610,DyLam
221999,393.3610720714659,1781379610,DyLam
222999,396.30001614856286,1781379610,DyLam
223999,400.6456486913747,1781379610,DyLam
224999,394.95093634843124,1781379610,DyLam
225999,395.3101590443242,1781379610,DyLam
226999,400.43413436009666,1781379610,DyLam
227999,388.037506572906,1781379610,DyLam
228999,394.0955954167976,1781379610,DyLam
229999,390.3481731419874,1781379610,DyLam
230999,388.40673664157475,1781379610,DyLam
231999,400.7401532924516,1781379610,DyLam
232999,397.53953207406124,1781379610,DyLam
233999,390.97618083319975,1781379610,DyLam
234999,392.0807939716431,1781379610,DyLam
235999,382.21132291108495,1781379610,DyLam
236999,396.44849958326256,1781379610,DyLam
237999,395.3757967562271,1781379610,DyLam
238999,398.647648267861,1781379610,DyLam
239999,394.26374114776905,1781379610,DyLam
240999,395.6849966952861,1781379610,DyLam
241999,393.2799075517608,1781379610,DyLam
242999,399.26585955236374,1781379610,DyLam
243999,393.4817384168631,1781379610,DyLam
244999,392.8953432447534,1781379610,DyLam
245999,391.2531521414842,1781379610,DyLam
246999,400.13904894659987,1781379610,DyLam
247999,400.70379095359294,1781379610,DyLam
248999,395.57657348440245,1781379610,DyLam
249999,392.63993834702984,1781379610,DyLam
250999,393.2357121502034,1781379610,DyLam
251999,394.5309354346076,1781379610,DyLam
252999,395.9604881856787,1781379610,DyLam
253999,400.2821071882816,1781379610,DyLam
254999,403.3951912927128,1781379610,DyLam
255999,391.8114720027337,1781379610,DyLam
256999,399.4442608292547,1781379610,DyLam
257999,400.86066267524075,1781379610,DyLam
258999,401.34664519292346,1781379610,DyLam
259999,398.22096100021366,1781379610,DyLam
260999,400.93010402308414,1781379610,DyLam
261999,396.8557554297496,1781379610,DyLam
262999,400.16410000370604,1781379610,DyLam
263999,402.1898662205285,1781379610,DyLam
264999,401.39544945144706,1781379610,DyLam
265999,400.3527091485729,1781379610,DyLam
266999,401.9341798553543,1781379610,DyLam
267999,401.07410356033813,1781379610,DyLam
268999,401.72363017596143,1781379610,DyLam
269999,398.83465567643907,1781379610,DyLam
270999,397.97925358037,1781379610,DyLam
271999,399.81684105937757,1781379610,DyLam
272999,401.6122116111619,1781379610,DyLam
273999,395.9703396030431,1781379610,DyLam
274999,396.75443758043724,1781379610,DyLam
275999,402.2222792935821,1781379610,DyLam
276999,404.7038174828805,1781379610,DyLam
277999,407.83254268595795,1781379610,DyLam
278999,403.97937986642626,1781379610,DyLam
279999,403.36112852444205,1781379610,DyLam
280999,409.79279594546193,1781379610,DyLam
281999,405.88216708446794,1781379610,DyLam
282999,406.24675795867995,1781379610,DyLam
283999,407.11407223032336,1781379610,DyLam
284999,402.6705442320474,1781379610,DyLam
285999,403.6173726445397,1781379610,DyLam
286999,405.8358283756197,1781379610,DyLam
287999,410.6337807385127,1781379610,DyLam
288999,411.90818729911143,1781379610,DyLam
289999,412.9104227603909,1781379610,DyLam
290999,403.12450908611174,1781379610,DyLam
291999,411.1736764799677,1781379610,DyLam
292999,405.6046133280266,1781379610,DyLam
293999,403.07284705969465,1781379610,DyLam
294999,406.76134069189396,1781379610,DyLam
295999,402.5591901621281,1781379610,DyLam
296999,406.62480924204965,1781379610,DyLam
297999,403.06077771505795,1781379610,DyLam
298999,412.8426317249916,1781379610,DyLam
299999,404.95197680056765,1781379610,DyLam
300999,400.6140577369117,1781379610,DyLam
301999,408.1832817265514,1781379610,DyLam
302999,402.91059067001333,1781379610,DyLam
303999,408.8552843310234,1781379610,DyLam
304999,399.96510817759344,1781379610,DyLam
305999,407.4308382631655,1781379610,DyLam
306999,414.6585103986557,1781379610,DyLam
307999,412.2756839050232,1781379610,DyLam
308999,395.8029395407691,1781379610,DyLam
309999,406.2142167140159,1781379610,DyLam
310999,410.15248296453285,1781379610,DyLam
311999,411.8608684659297,1781379610,DyLam
312999,408.93879622589776,1781379610,DyLam
313999,398.20759836192406,1781379610,DyLam
314999,398.8673439564641,1781379610,DyLam
315999,401.20160185616345,1781379610,DyLam
316999,404.39849752779696,1781379610,DyLam
317999,402.72138518470865,1781379610,DyLam
318999,407.1324131054533,1781379610,DyLam
319999,413.1702964338051,1781379610,DyLam
320999,409.700982661517,1781379610,DyLam
321999,405.1559906459775,1781379610,DyLam
322999,410.4827686466905,1781379610,DyLam
323999,410.5961613936674,1781379610,DyLam
324999,408.5063181185671,1781379610,DyLam
325999,410.11051623446406,1781379610,DyLam
326999,412.225872076383,1781379610,DyLam
327999,413.3423413699875,1781379610,DyLam
328999,411.5903063822702,1781379610,DyLam
329999,404.8141418970273,1781379610,DyLam
330999,406.70207397763534,1781379610,DyLam
331999,415.2344704840238,1781379610,DyLam
332999,415.7774486476561,1781379610,DyLam
333999,413.5157554233886,1781379610,DyLam
334999,414.42798942387515,1781379610,DyLam
335999,412.2323409852506,1781379610,DyLam
336999,414.81360330166694,1781379610,DyLam
337999,415.4142495016261,1781379610,DyLam
338999,414.0514298291665,1781379610,DyLam
339999,415.9926765634792,1781379610,DyLam
340999,412.47192862364346,1781379610,DyLam
341999,412.7751671867083,1781379610,DyLam
342999,410.1000982164444,1781379610,DyLam
343999,411.96651300183817,1781379610,DyLam
344999,416.96072717780055,1781379610,DyLam
345999,410.1393944573522,1781379610,DyLam
346999,416.98029095931435,1781379610,DyLam
347999,413.42379323472784,1781379610,DyLam
348999,411.1378868693024,1781379610,DyLam
349999,417.46124996897646,1781379610,DyLam
350999,421.6291537466119,1781379610,DyLam
351999,417.34393285615005,1781379610,DyLam
352999,410.0869240261408,1781379610,DyLam
353999,411.8166819206838,1781379610,DyLam
354999,414.89771175437915,1781379610,DyLam
355999,415.4217802894823,1781379610,DyLam
356999,411.84073019206227,1781379610,DyLam
357999,416.11360775693953,1781379610,DyLam
358999,419.2292501579135,1781379610,DyLam
359999,416.7389165624875,1781379610,DyLam
360999,421.3915677253932,1781379610,DyLam
361999,415.7969958921975,1781379610,DyLam
362999,425.54419515556685,1781379610,DyLam
363999,415.71439804527097,1781379610,DyLam
364999,423.9514631127372,1781379610,DyLam
365999,420.1190241234214,1781379610,DyLam
366999,423.0675815160725,1781379610,DyLam
367999,421.3506523775295,1781379610,DyLam
368999,416.1840981202879,1781379610,DyLam
369999,410.00560011750855,1781379610,DyLam
370999,414.39732692469806,1781379610,DyLam
371999,412.6971842975646,1781379610,DyLam
372999,414.8629486001623,1781379610,DyLam
373999,425.6585499450275,1781379610,DyLam
374999,422.15560759331,1781379610,DyLam
375999,421.16525091739015,1781379610,DyLam
376999,415.15133117486346,1781379610,DyLam
377999,414.63567320334096,1781379610,DyLam
378999,425.2923194229971,1781379610,DyLam
379999,430.6081507624552,1781379610,DyLam
380999,430.95249518941915,1781379610,DyLam
381999,422.89686624934467,1781379610,DyLam
382999,436.00933876513955,1781379610,DyLam
383999,431.7245926953293,1781379610,DyLam
384999,419.7477472185874,1781379610,DyLam
385999,426.0055764093034,1781379610,DyLam
386999,426.7152682402945,1781379610,DyLam
387999,421.91031558192753,1781379610,DyLam
388999,421.75934720415967,1781379610,DyLam
389999,430.76901527450855,1781379610,DyLam
390999,428.8569564128577,1781379610,DyLam
391999,433.858424218706,1781379610,DyLam
392999,424.20757064324937,1781379610,DyLam
393999,431.87572506337415,1781379610,DyLam
394999,435.4404104517888,1781379610,DyLam
395999,435.5716442273403,1781379610,DyLam
396999,429.82009723409806,1781379610,DyLam
397999,433.7728486267808,1781379610,DyLam
398999,433.97371883334927,1781379610,DyLam
399999,426.8769375427464,1781379610,DyLam
400999,431.78177613577213,1781379610,DyLam
401999,428.5077350091269,1781379610,DyLam
402999,424.5088848917926,1781379610,DyLam
403999,422.0014225289715,1781379610,DyLam
404999,432.8841181606626,1781379610,DyLam
405999,440.7319890767489,1781379610,DyLam
406999,436.0884305749495,1781379610,DyLam
407999,440.3288710632204,1781379610,DyLam
408999,432.77063236835244,1781379610,DyLam
409999,430.09766077320387,1781379610,DyLam
410999,434.6385085048037,1781379610,DyLam
411999,436.11596770665665,1781379610,DyLam
412999,421.8896328059908,1781379610,DyLam
413999,440.01202058011705,1781379610,DyLam
414999,428.78604499931157,1781379610,DyLam
415999,437.567660465166,1781379610,DyLam
416999,438.5571435406848,1781379610,DyLam
417999,446.47118926998064,1781379610,DyLam
418999,447.5990960150234,1781379610,DyLam
419999,427.95415948241293,1781379610,DyLam
420999,431.7882734645063,1781379610,DyLam
421999,449.3859805792285,1781379610,DyLam
422999,451.9691208618765,1781379610,DyLam
423999,447.9235861800668,1781379610,DyLam
424999,448.41211710647275,1781379610,DyLam
425999,449.5034790442129,1781379610,DyLam
426999,447.1469638989388,1781379610,DyLam
427999,448.4182964911773,1781379610,DyLam
428999,441.43440271097865,1781379610,DyLam
429999,448.5678148695934,1781379610,DyLam
430999,465.2467998632437,1781379610,DyLam
431999,448.39109759011797,1781379610,DyLam
432999,455.9518244532947,1781379610,DyLam
433999,453.08520904428565,1781379610,DyLam
434999,458.2980009926697,1781379610,DyLam
435999,448.43522580245,1781379610,DyLam
436999,457.3714158585326,1781379610,DyLam
437999,455.4991319482683,1781379610,DyLam
438999,441.84797134809986,1781379610,DyLam
439999,451.93150814776874,1781379610,DyLam
440999,458.6199282496346,1781379610,DyLam
441999,450.03309719966006,1781379610,DyLam
442999,458.06690430568995,1781379610,DyLam
443999,445.3032911591024,1781379610,DyLam
444999,449.8853199138544,1781379610,DyLam
445999,455.83346557264997,1781379610,DyLam
446999,448.3477836467454,1781379610,DyLam
447999,455.1737006875777,1781379610,DyLam
448999,455.0001993133202,1781379610,DyLam
449999,449.3688818111759,1781379610,DyLam
450999,466.9661109497538,1781379610,DyLam
451999,456.0817982173205,1781379610,DyLam
452999,461.02644759961004,1781379610,DyLam
453999,466.0127976397973,1781379610,DyLam
454999,456.356105273066,1781379610,DyLam
455999,452.63601750012435,1781379610,DyLam
456999,459.47693588470236,1781379610,DyLam
457999,465.8210189039599,1781379610,DyLam
458999,463.7979081795269,1781379610,DyLam
459999,465.6476296771211,1781379610,DyLam
460999,468.36402083876555,1781379610,DyLam
461999,452.02621070108665,1781379610,DyLam
462999,462.3849153209255,1781379610,DyLam
463999,456.2443589513764,1781379610,DyLam
464999,462.21046846178155,1781379610,DyLam
465999,459.90326255936424,1781379610,DyLam
466999,461.3279979982391,1781379610,DyLam
467999,465.6477026619268,1781379610,DyLam
468999,463.09972314715156,1781379610,DyLam
469999,458.9642684129162,1781379610,DyLam
470999,466.11932755013936,1781379610,DyLam
471999,464.42436463643844,1781379610,DyLam
472999,462.8786300568738,1781379610,DyLam
473999,471.3450877822605,1781379610,DyLam
474999,460.47010317600393,1781379610,DyLam
475999,452.1537139611084,1781379610,DyLam
476999,459.02873507965927,1781379610,DyLam
477999,458.1756840430184,1781379610,DyLam
478999,470.01417706897274,1781379610,DyLam
479999,461.6638241451289,1781379610,DyLam
480999,466.9137418666088,1781379610,DyLam
481999,464.48298285553017,1781379610,DyLam
482999,457.50405207763566,1781379610,DyLam
483999,466.87906099883844,1781379610,DyLam
484999,462.4664666965083,1781379610,DyLam
485999,469.2271428267308,1781379610,DyLam
486999,467.40108398320467,1781379610,DyLam
487999,469.6352161816898,1781379610,DyLam
488999,452.562821457019,1781379610,DyLam
489999,478.47925134505044,1781379610,DyLam
490999,466.2049634944564,1781379610,DyLam
491999,465.9133102089568,1781379610,DyLam
492999,465.7712774620018,1781379610,DyLam
493999,474.1335978144939,1781379610,DyLam
494999,465.70295934794234,1781379610,DyLam
495999,465.1764641469696,1781379610,DyLam
496999,469.7615212336079,1781379610,DyLam
497999,460.16417843380447,1781379610,DyLam
498999,472.6861292441823,1781379610,DyLam
499999,458.78314705437936,1781379610,DyLam
999,4.1463456670263925,1781379605,DyLam
1999,-7.0382420868051785,1781379605,DyLam
2999,-0.512796920622759,1781379605,DyLam
3999,-6.434891359927597,1781379605,DyLam
4999,-7.562693036755164,1781379605,DyLam
5999,-8.14441240698289,1781379605,DyLam
6999,3.318508995339944,1781379605,DyLam
7999,-5.2753455926209165,1781379605,DyLam
8999,-11.693308092052618,1781379605,DyLam
9999,-0.5928560304795413,1781379605,DyLam
10999,-1.0561084108835028,1781379605,DyLam
11999,-2.374015708698404,1781379605,DyLam
12999,-0.6056932394533259,1781379605,DyLam
13999,-7.639109385168875,1781379605,DyLam
14999,-7.779390537661463,1781379605,DyLam
15999,-6.297732992112865,1781379605,DyLam
16999,-4.043699799304298,1781379605,DyLam
17999,-2.374545733268072,1781379605,DyLam
18999,-1.7464172907118454,1781379605,DyLam
19999,-1.4230008099396105,1781379605,DyLam
20999,-3.1677494249212033,1781379605,DyLam
21999,1.4908936857629118,1781379605,DyLam
22999,-5.1452008655851715,1781379605,DyLam
23999,-0.5514944139636172,1781379605,DyLam
24999,5.52919267151531,1781379605,DyLam
25999,3.5916705976885237,1781379605,DyLam
26999,3.816389597969393,1781379605,DyLam
27999,14.510562070406841,1781379605,DyLam
28999,14.20511369006577,1781379605,DyLam
29999,14.079374927669505,1781379605,DyLam
30999,23.4187329923796,1781379605,DyLam
31999,24.87954309804928,1781379605,DyLam
32999,9.73769395158258,1781379605,DyLam
33999,8.71252375020299,1781379605,DyLam
34999,1.6480076783491118,1781379605,DyLam
35999,94.80007996963194,1781379605,DyLam
36999,144.00969115517208,1781379605,DyLam
37999,108.92535012499833,1781379605,DyLam
38999,166.39316116168214,1781379605,DyLam
39999,182.81820565810307,1781379605,DyLam
40999,196.9041693391532,1781379605,DyLam
41999,210.24617634906085,1781379605,DyLam
42999,222.02849095945714,1781379605,DyLam
43999,227.33690005780952,1781379605,DyLam
44999,251.44404042095317,1781379605,DyLam
45999,245.9258086762251,1781379605,DyLam
46999,267.1593852823067,1781379605,DyLam
47999,259.6947559762744,1781379605,DyLam
48999,273.51838803802997,1781379605,DyLam
49999,271.6675001241878,1781379605,DyLam
50999,280.4732947311177,1781379605,DyLam
51999,300.50397440487626,1781379605,DyLam
52999,287.5575297082796,1781379605,DyLam
53999,296.2791583123692,1781379605,DyLam
54999,310.8028669643664,1781379605,DyLam
55999,301.6423079606192,1781379605,DyLam
56999,304.0053207647965,1781379605,DyLam
57999,309.8786952189381,1781379605,DyLam
58999,320.0309296517021,1781379605,DyLam
59999,320.42810683577204,1781379605,DyLam
60999,312.90795990663366,1781379605,DyLam
61999,317.08313671263863,1781379605,DyLam
62999,309.71854402101394,1781379605,DyLam
63999,312.1774490745796,1781379605,DyLam
64999,311.58329797291515,1781379605,DyLam
65999,309.77980339930593,1781379605,DyLam
66999,307.7338437422943,1781379605,DyLam
67999,300.7042071624253,1781379605,DyLam
68999,290.7891431980484,1781379605,DyLam
69999,300.5478691832702,1781379605,DyLam
70999,289.1492074432366,1781379605,DyLam
71999,291.1014628366497,1781379605,DyLam
72999,282.2619082839402,1781379605,DyLam
73999,284.5078281542758,1781379605,DyLam
74999,283.99802795510504,1781379605,DyLam
75999,281.37302804344995,1781379605,DyLam
76999,278.1787066759661,1781379605,DyLam
77999,280.8470741975417,1781379605,DyLam
78999,279.1243445519713,1781379605,DyLam
79999,284.67822850242044,1781379605,DyLam
80999,285.36308527151425,1781379605,DyLam
81999,284.93856898306194,1781379605,DyLam
82999,290.71368969949606,1781379605,DyLam
83999,288.2734991556979,1781379605,DyLam
84999,286.76893261949544,1781379605,DyLam
85999,295.1603972241339,1781379605,DyLam
86999,296.81572954311315,1781379605,DyLam
87999,303.8046170601978,1781379605,DyLam
88999,304.1306764057346,1781379605,DyLam
89999,310.7309260744477,1781379605,DyLam
90999,314.8724450475669,1781379605,DyLam
91999,320.57287836041485,1781379605,DyLam
92999,327.7921600176844,1781379605,DyLam
93999,321.94775936428897,1781379605,DyLam
94999,323.3595230173036,1781379605,DyLam
95999,337.27104995654406,1781379605,DyLam
96999,339.0451957426327,1781379605,DyLam
97999,337.3807479357906,1781379605,DyLam
98999,338.9837216679673,1781379605,DyLam
99999,340.22744276310874,1781379605,DyLam
100999,343.36391792401844,1781379605,DyLam
101999,353.7150058904703,1781379605,DyLam
102999,350.4766217222023,1781379605,DyLam
103999,347.7257635793823,1781379605,DyLam
104999,352.732949718543,1781379605,DyLam
105999,355.9891948107049,1781379605,DyLam
106999,360.75576007781746,1781379605,DyLam
107999,355.87335486861514,1781379605,DyLam
108999,362.43298432367254,1781379605,DyLam
109999,355.9742666349493,1781379605,DyLam
110999,362.1116257316145,1781379605,DyLam
111999,364.71539855144084,1781379605,DyLam
112999,367.9682118600074,1781379605,DyLam
113999,373.5086246060328,1781379605,DyLam
114999,363.1496682934867,1781379605,DyLam
115999,363.56510879574114,1781379605,DyLam
116999,362.15008249954394,1781379605,DyLam
117999,370.1459826168327,1781379605,DyLam
118999,370.60990648340055,1781379605,DyLam
119999,361.4009488037969,1781379605,DyLam
120999,371.3356145946251,1781379605,DyLam
121999,380.6629621394491,1781379605,DyLam
122999,372.4571335310883,1781379605,DyLam
123999,380.38536425509307,1781379605,DyLam
124999,382.2284573739677,1781379605,DyLam
125999,386.77178894847316,1781379605,DyLam
126999,381.13328149269233,1781379605,DyLam
127999,379.93053603703254,1781379605,DyLam
128999,383.21141592534946,1781379605,DyLam
129999,384.9635532150859,1781379605,DyLam
130999,392.0018231561715,1781379605,DyLam
131999,379.3044315570501,1781379605,DyLam
132999,385.0303510096136,1781379605,DyLam
133999,389.85776837334856,1781379605,DyLam
134999,383.0832631598716,1781379605,DyLam
135999,390.6847287160856,1781379605,DyLam
136999,382.3181625918006,1781379605,DyLam
137999,391.0214602080294,1781379605,DyLam
138999,381.60023047511083,1781379605,DyLam
139999,382.5400779712006,1781379605,DyLam
140999,390.8023494438014,1781379605,DyLam
141999,388.95249609732366,1781379605,DyLam
142999,388.0418877118599,1781379605,DyLam
143999,390.2816815413703,1781379605,DyLam
144999,390.9578714744835,1781379605,DyLam
145999,398.4936935063356,1781379605,DyLam
146999,394.83743043840735,1781379605,DyLam
147999,397.99715793414737,1781379605,DyLam
148999,390.4929838336591,1781379605,DyLam
149999,393.0843002244769,1781379605,DyLam
150999,389.2603291742783,1781379605,DyLam
151999,396.4416374740299,1781379605,DyLam
152999,393.55047701797,1781379605,DyLam
153999,400.67888586440324,1781379605,DyLam
154999,394.83896920354346,1781379605,DyLam
155999,404.13078846853125,1781379605,DyLam
156999,398.1534949919526,1781379605,DyLam
157999,399.44069344944967,1781379605,DyLam
158999,398.0757751836569,1781379605,DyLam
159999,401.0681207176224,1781379605,DyLam
160999,398.60007652533216,1781379605,DyLam
161999,405.77274818981726,1781379605,DyLam
162999,404.2446527562394,1781379605,DyLam
163999,403.60358992568376,1781379605,DyLam
164999,407.0478500278233,1781379605,DyLam
165999,405.00603183788974,1781379605,DyLam
166999,404.1406084613495,1781379605,DyLam
167999,406.6884413357157,1781379605,DyLam
168999,403.1757541236813,1781379605,DyLam
169999,400.9423108920776,1781379605,DyLam
170999,400.61949490597556,1781379605,DyLam
171999,408.530687624514,1781379605,DyLam
172999,393.62371512231596,1781379605,DyLam
173999,405.2356654226847,1781379605,DyLam
174999,400.2359727661345,1781379605,DyLam
175999,401.7599123315183,1781379605,DyLam
176999,396.26007714965573,1781379605,DyLam
177999,407.1453552368447,1781379605,DyLam
178999,404.8820808913034,1781379605,DyLam
179999,408.26593629001553,1781379605,DyLam
180999,402.2181035509575,1781379605,DyLam
181999,401.67231264561406,1781379605,DyLam
182999,407.0260510529434,1781379605,DyLam
183999,402.43788265282734,1781379605,DyLam
184999,411.41067724808744,1781379605,DyLam
185999,405.6831471876412,1781379605,DyLam
186999,407.3036949632027,1781379605,DyLam
187999,403.76491700114843,1781379605,DyLam
188999,413.0631697780075,1781379605,DyLam
189999,404.5031648362608,1781379605,DyLam
190999,405.16745697037084,1781379605,DyLam
191999,411.5854821267985,1781379605,DyLam
192999,410.7898525001396,1781379605,DyLam
193999,413.6650254077075,1781379605,DyLam
194999,408.58249844947625,1781379605,DyLam
195999,409.6419738667949,1781379605,DyLam
196999,404.1839620052547,1781379605,DyLam
197999,411.9185362253013,1781379605,DyLam
198999,407.9065762934777,1781379605,DyLam
199999,406.9099817831571,1781379605,DyLam
200999,420.09931725435933,1781379605,DyLam
201999,414.18841489780806,1781379605,DyLam
202999,421.6273626826922,1781379605,DyLam
203999,409.96172842126197,1781379605,DyLam
204999,411.86548563049826,1781379605,DyLam
205999,426.37666141916617,1781379605,DyLam
206999,422.4317743157575,1781379605,DyLam
207999,418.6364770303729,1781379605,DyLam
208999,424.40881964053233,1781379605,DyLam
209999,416.1227882609232,1781379605,DyLam
210999,417.58772626428265,1781379605,DyLam
211999,416.72586934352626,1781379605,DyLam
212999,424.85723795838004,1781379605,DyLam
213999,417.9583011075965,1781379605,DyLam
214999,419.32806784731775,1781379605,DyLam
215999,419.2694519656097,1781379605,DyLam
216999,420.3813004375995,1781379605,DyLam
217999,415.04391777324236,1781379605,DyLam
218999,427.60628079722414,1781379605,DyLam
219999,415.97984337411015,1781379605,DyLam
220999,425.7109546593157,1781379605,DyLam
221999,424.0350527997902,1781379605,DyLam
222999,427.2958513427773,1781379605,DyLam
223999,422.13921624186486,1781379605,DyLam
224999,418.369553445671,1781379605,DyLam
225999,414.6576965908968,1781379605,DyLam
226999,433.2671749410523,1781379605,DyLam
227999,428.438570125231,1781379605,DyLam
228999,428.49396594157787,1781379605,DyLam
229999,437.9011173391423,1781379605,DyLam
230999,437.2291407539335,1781379605,DyLam
231999,429.1781581587927,1781379605,DyLam
232999,432.58521190514983,1781379605,DyLam
233999,430.09971828226975,1781379605,DyLam
234999,430.11779194920604,1781379605,DyLam
235999,431.9617437155202,1781379605,DyLam
236999,418.0491055405138,1781379605,DyLam
237999,435.64963856705185,1781379605,DyLam
238999,427.4364038210006,1781379605,DyLam
239999,435.263004326927,1781379605,DyLam
240999,439.8046987532192,1781379605,DyLam
241999,438.9075344217879,1781379605,DyLam
242999,440.790005715283,1781379605,DyLam
243999,449.1712718788774,1781379605,DyLam
244999,435.0934662609361,1781379605,DyLam
245999,433.9653250782461,1781379605,DyLam
246999,447.91843884799005,1781379605,DyLam
247999,436.21586162945727,1781379605,DyLam
248999,442.8498887707566,1781379605,DyLam
249999,452.08104998891275,1781379605,DyLam
250999,442.955232128251,1781379605,DyLam
251999,452.39738714577504,1781379605,DyLam
252999,449.26390326690256,1781379605,DyLam
253999,63.10404585806606,1781379605,DyLam
254999,441.88530423497485,1781379605,DyLam
255999,447.2493999647426,1781379605,DyLam
256999,454.9375631334193,1781379605,DyLam
257999,459.1846964760956,1781379605,DyLam
258999,446.81320946627426,1781379605,DyLam
259999,451.50924248635874,1781379605,DyLam
260999,453.96434741977885,1781379605,DyLam
261999,454.8617298196848,1781379605,DyLam
262999,463.68995772322546,1781379605,DyLam
263999,460.085525608419,1781379605,DyLam
264999,452.9947811637567,1781379605,DyLam
265999,464.2622093777464,1781379605,DyLam
266999,462.3405786295732,1781379605,DyLam
267999,460.51322240767604,1781379605,DyLam
268999,471.29466870503205,1781379605,DyLam
269999,451.36034096466005,1781379605,DyLam
270999,470.3662427472709,1781379605,DyLam
271999,457.5165523568048,1781379605,DyLam
272999,474.93731527900286,1781379605,DyLam
273999,465.8338540772958,1781379605,DyLam
274999,473.65472893007717,1781379605,DyLam
275999,473.2295352852296,1781379605,DyLam
276999,466.43274437740547,1781379605,DyLam
277999,462.3730816229987,1781379605,DyLam
278999,458.2295497301699,1781379605,DyLam
279999,464.02612167597044,1781379605,DyLam
280999,472.9766550074926,1781379605,DyLam
281999,460.63164815509776,1781379605,DyLam
282999,465.1447552404371,1781379605,DyLam
283999,453.49899640487246,1781379605,DyLam
284999,476.0411212323321,1781379605,DyLam
285999,460.7941104224116,1781379605,DyLam
286999,470.58618179904624,1781379605,DyLam
287999,459.233106891921,1781379605,DyLam
288999,458.91553681017274,1781379605,DyLam
289999,463.0574362226271,1781379605,DyLam
290999,445.967383238028,1781379605,DyLam
291999,471.06946740516423,1781379605,DyLam
292999,469.00376958812535,1781379605,DyLam
293999,455.558073881043,1781379605,DyLam
294999,457.57193997474064,1781379605,DyLam
295999,460.2186513534059,1781379605,DyLam
296999,205.39155786852666,1781379605,DyLam
297999,456.89838234603076,1781379605,DyLam
298999,463.9068254299775,1781379605,DyLam
299999,477.41628528122146,1781379605,DyLam
300999,455.6539262969226,1781379605,DyLam
301999,463.5065948945501,1781379605,DyLam
302999,464.46169657406915,1781379605,DyLam
303999,467.4903427811286,1781379605,DyLam
304999,448.27089118057376,1781379605,DyLam
305999,461.9198029662399,1781379605,DyLam
306999,462.11693570891134,1781379605,DyLam
307999,164.4051005387101,1781379605,DyLam
308999,460.36840188911435,1781379605,DyLam
309999,461.9528485038617,1781379605,DyLam
310999,475.3012459243314,1781379605,DyLam
311999,466.5001522097839,1781379605,DyLam
312999,465.34124944145844,1781379605,DyLam
313999,478.3255739138134,1781379605,DyLam
314999,474.1959727904758,1781379605,DyLam
315999,482.5054683359233,1781379605,DyLam
316999,468.9363791738262,1781379605,DyLam
317999,478.35611437918294,1781379605,DyLam
318999,472.76106380858437,1781379605,DyLam
319999,472.45993669556435,1781379605,DyLam
320999,474.2722746505767,1781379605,DyLam
321999,485.36936084719423,1781379605,DyLam
322999,467.6135807895255,1781379605,DyLam
323999,481.07077232157485,1781379605,DyLam
324999,474.21296194230604,1781379605,DyLam
325999,491.0892137486494,1781379605,DyLam
326999,476.81672387830054,1781379605,DyLam
327999,483.06412341241287,1781379605,DyLam
328999,483.9127340078394,1781379605,DyLam
329999,484.2022017353619,1781379605,DyLam
330999,487.0200478013773,1781379605,DyLam
331999,472.722705095172,1781379605,DyLam
332999,477.6599890309962,1781379605,DyLam
333999,486.21156328901446,1781379605,DyLam
334999,486.3321687441814,1781379605,DyLam
335999,281.3283083190146,1781379605,DyLam
336999,500.50185284000884,1781379605,DyLam
337999,499.1043574674501,1781379605,DyLam
338999,498.88245567642343,1781379605,DyLam
339999,495.2605080476095,1781379605,DyLam
340999,486.6003396059051,1781379605,DyLam
341999,486.8949580194304,1781379605,DyLam
342999,488.3530417362455,1781379605,DyLam
343999,498.09020944659756,1781379605,DyLam
344999,481.5786263887715,1781379605,DyLam
345999,492.7260667556337,1781379605,DyLam
346999,488.8150427844665,1781379605,DyLam
347999,490.6389638669063,1781379605,DyLam
348999,489.812622412518,1781379605,DyLam
349999,494.16766153054857,1781379605,DyLam
350999,484.9901926239395,1781379605,DyLam
351999,490.9591441654439,1781379605,DyLam
352999,488.1643691880929,1781379605,DyLam
353999,490.3446370541121,1781379605,DyLam
354999,492.11303391637784,1781379605,DyLam
355999,490.9174153212294,1781379605,DyLam
356999,488.41668419085704,1781379605,DyLam
357999,487.82023314933383,1781379605,DyLam
358999,495.1306950038138,1781379605,DyLam
359999,502.2698605560158,1781379605,DyLam
360999,503.4038083112848,1781379605,DyLam
361999,498.3847137013978,1781379605,DyLam
362999,462.46905008814576,1781379605,DyLam
363999,480.5341438849246,1781379605,DyLam
364999,489.6344806258926,1781379605,DyLam
365999,496.6656105057164,1781379605,DyLam
366999,484.22440249060105,1781379605,DyLam
367999,489.25191454945445,1781379605,DyLam
368999,483.58997913549535,1781379605,DyLam
369999,470.54629406591664,1781379605,DyLam
370999,493.16831607770416,1781379605,DyLam
371999,480.75008027530873,1781379605,DyLam
372999,503.8268114459969,1781379605,DyLam
373999,488.2127390936378,1781379605,DyLam
374999,494.10927188653545,1781379605,DyLam
375999,491.76297551714345,1781379605,DyLam
376999,171.27695250199926,1781379605,DyLam
377999,473.31287253756597,1781379605,DyLam
378999,502.7189515388848,1781379605,DyLam
379999,499.2244453898287,1781379605,DyLam
380999,476.2065977554096,1781379605,DyLam
381999,485.04563162011,1781379605,DyLam
382999,503.2482103036207,1781379605,DyLam
383999,502.67269294222046,1781379605,DyLam
384999,501.66171792152454,1781379605,DyLam
385999,503.53123156360846,1781379605,DyLam
386999,498.3820251809826,1781379605,DyLam
387999,502.074610944466,1781379605,DyLam
388999,497.78351399952703,1781379605,DyLam
389999,484.393703479908,1781379605,DyLam
390999,503.678148268595,1781379605,DyLam
391999,501.8461929510345,1781379605,DyLam
392999,477.6206471518066,1781379605,DyLam
393999,498.1201239666319,1781379605,DyLam
394999,509.90515524705177,1781379605,DyLam
395999,482.28049116965394,1781379605,DyLam
396999,495.24474913091944,1781379605,DyLam
397999,500.2867506792073,1781379605,DyLam
398999,498.67027779596197,1781379605,DyLam
399999,497.6790039041681,1781379605,DyLam
400999,506.56141701674125,1781379605,DyLam
401999,516.0962006142013,1781379605,DyLam
402999,516.4886422287733,1781379605,DyLam
403999,494.5407449687468,1781379605,DyLam
404999,486.2995369164663,1781379605,DyLam
405999,504.2446121441045,1781379605,DyLam
406999,508.33069950851814,1781379605,DyLam
407999,505.91613705290104,1781379605,DyLam
408999,487.80214565894124,1781379605,DyLam
409999,509.12301100346474,1781379605,DyLam
410999,486.2184593515998,1781379605,DyLam
411999,492.86210477182027,1781379605,DyLam
412999,501.7289186201873,1781379605,DyLam
413999,497.9052444365607,1781379605,DyLam
414999,501.88292924133043,1781379605,DyLam
415999,501.60912278924167,1781379605,DyLam
416999,498.8956529190552,1781379605,DyLam
417999,500.9910117456519,1781379605,DyLam
418999,515.5218575875069,1781379605,DyLam
419999,512.5820559505488,1781379605,DyLam
420999,506.5429217773817,1781379605,DyLam
421999,478.47323250941866,1781379605,DyLam
422999,489.3475479769213,1781379605,DyLam
423999,510.7173187296039,1781379605,DyLam
424999,508.2779069243454,1781379605,DyLam
425999,503.9325142732015,1781379605,DyLam
426999,516.0908590102134,1781379605,DyLam
427999,520.6810007247313,1781379605,DyLam
428999,501.24077642185057,1781379605,DyLam
429999,503.9940506192523,1781379605,DyLam
430999,516.7881393003526,1781379605,DyLam
431999,511.2130677548874,1781379605,DyLam
432999,512.040195841177,1781379605,DyLam
433999,514.264199255037,1781379605,DyLam
434999,505.30039640263635,1781379605,DyLam
435999,509.70748628749675,1781379605,DyLam
436999,516.8558135196639,1781379605,DyLam
437999,70.02013071738415,1781379605,DyLam
438999,501.03155646547,1781379605,DyLam
439999,483.6313093629825,1781379605,DyLam
440999,521.6657659102996,1781379605,DyLam
441999,501.7053643818138,1781379605,DyLam
442999,499.2831736432483,1781379605,DyLam
443999,505.0165021543267,1781379605,DyLam
444999,509.00397411964184,1781379605,DyLam
445999,513.0852985040125,1781379605,DyLam
446999,499.5151398488855,1781379605,DyLam
447999,518.4461174932421,1781379605,DyLam
448999,513.0576742091945,1781379605,DyLam
449999,511.7220689646026,1781379605,DyLam
450999,511.539949669319,1781379605,DyLam
451999,491.3826057177646,1781379605,DyLam
452999,498.0774895062515,1781379605,DyLam
453999,504.92548643889313,1781379605,DyLam
454999,498.86535040482244,1781379605,DyLam
455999,503.12618769360483,1781379605,DyLam
456999,501.65547771858553,1781379605,DyLam
457999,497.4114984002308,1781379605,DyLam
458999,518.2006159591982,1781379605,DyLam
459999,519.0568610345183,1781379605,DyLam
460999,503.614429473764,1781379605,DyLam
461999,521.8027144254868,1781379605,DyLam
462999,500.3698314430402,1781379605,DyLam
463999,505.80965340452155,1781379605,DyLam
464999,521.6064494832632,1781379605,DyLam
465999,515.6900646623945,1781379605,DyLam
466999,510.6388721820448,1781379605,DyLam
467999,533.0235380460888,1781379605,DyLam
468999,499.5990226005099,1781379605,DyLam
469999,506.42383132411373,1781379605,DyLam
470999,511.72045643192837,1781379605,DyLam
471999,520.4474967246207,1781379605,DyLam
472999,507.6443733761847,1781379605,DyLam
473999,522.4119566875876,1781379605,DyLam
474999,530.6205301886956,1781379605,DyLam
475999,529.0832533622706,1781379605,DyLam
476999,525.0070088552297,1781379605,DyLam
477999,533.2453036828529,1781379605,DyLam
478999,517.6360307959719,1781379605,DyLam
479999,524.0634268639631,1781379605,DyLam
480999,519.7410719560289,1781379605,DyLam
481999,523.7433851857143,1781379605,DyLam
482999,518.1134448749508,1781379605,DyLam
483999,531.6353392059127,1781379605,DyLam
484999,528.3417987787002,1781379605,DyLam
485999,520.9108419509178,1781379605,DyLam
486999,514.8753415275951,1781379605,DyLam
487999,530.4793887507632,1781379605,DyLam
488999,511.71998599408863,1781379605,DyLam
489999,522.1782165122579,1781379605,DyLam
490999,529.8409147682254,1781379605,DyLam
491999,518.7388004071795,1781379605,DyLam
492999,521.9520095443991,1781379605,DyLam
493999,531.7220407816924,1781379605,DyLam
494999,529.5558693156945,1781379605,DyLam
495999,517.0065826690103,1781379605,DyLam
496999,528.5362795732167,1781379605,DyLam
497999,521.6278363131798,1781379605,DyLam
498999,529.7805127681772,1781379605,DyLam
499999,531.7277523097306,1781379605,DyLam
999,0.5730681265022254,1781379600,DyLam
1999,-15.958911149754531,1781379600,DyLam
2999,-7.768235490658558,1781379600,DyLam
3999,-7.349173700051058,1781379600,DyLam
4999,-0.6318418415732601,1781379600,DyLam
5999,-13.76262245578581,1781379600,DyLam
6999,-8.451362372375234,1781379600,DyLam
7999,0.2149484329649119,1781379600,DyLam
8999,0.7798426840327357,1781379600,DyLam
9999,-5.402454752253762,1781379600,DyLam
10999,2.5117624036973334,1781379600,DyLam
11999,0.781001998215203,1781379600,DyLam
12999,-8.360887290714953,1781379600,DyLam
13999,-9.228652565732801,1781379600,DyLam
14999,-4.96919884966237,1781379600,DyLam
15999,-12.082574785386715,1781379600,DyLam
16999,-2.1925300148471853,1781379600,DyLam
17999,-2.5061641709067497,1781379600,DyLam
18999,3.486649440110668,1781379600,DyLam
19999,-5.967854760354075,1781379600,DyLam
20999,-1.8890497186948492,1781379600,DyLam
21999,-2.3555804851241358,1781379600,DyLam
22999,-2.023365998986869,1781379600,DyLam
23999,2.9878464309131876,1781379600,DyLam
24999,0.5187694587887093,1781379600,DyLam
25999,5.178774944026863,1781379600,DyLam
26999,5.193389224833613,1781379600,DyLam
27999,6.23013874769106,1781379600,DyLam
28999,11.344699077456502,1781379600,DyLam
29999,11.663655037504224,1781379600,DyLam
30999,15.640249411578337,1781379600,DyLam
31999,18.935744256633143,1781379600,DyLam
32999,6.196162572713625,1781379600,DyLam
33999,12.666109423530559,1781379600,DyLam
34999,16.197081972484572,1781379600,DyLam
35999,61.677804742383444,1781379600,DyLam
36999,57.721163612615044,1781379600,DyLam
37999,69.88090562188529,1781379600,DyLam
38999,182.37989073198213,1781379600,DyLam
39999,215.5078936791718,1781379600,DyLam
40999,192.01728622665632,1781379600,DyLam
41999,170.08692161439188,1781379600,DyLam
42999,220.04852048822474,1781379600,DyLam
43999,242.36651608792667,1781379600,DyLam
44999,245.88535521021998,1781379600,DyLam
45999,258.46216616137764,1781379600,DyLam
46999,267.4708433586145,1781379600,DyLam
47999,285.32300612692313,1781379600,DyLam
48999,295.2795078711513,1781379600,DyLam
49999,254.50617782171506,1781379600,DyLam
50999,334.6377461638232,1781379600,DyLam
51999,335.1307916616431,1781379600,DyLam
52999,336.66815020955244,1781379600,DyLam
53999,358.5659082161927,1781379600,DyLam
54999,337.64789359393075,1781379600,DyLam
55999,351.6856459704546,1781379600,DyLam
56999,340.15711238941844,1781379600,DyLam
57999,342.68575433645435,1781379600,DyLam
58999,369.8492399188227,1781379600,DyLam
59999,359.6759484855976,1781379600,DyLam
60999,357.5135314538711,1781379600,DyLam
61999,357.59974469464953,1781379600,DyLam
62999,369.5198999590456,1781379600,DyLam
63999,362.8257648027602,1781379600,DyLam
64999,377.3076041923631,1781379600,DyLam
65999,370.29572602806576,1781379600,DyLam
66999,376.808759574588,1781379600,DyLam
67999,366.69685115426665,1781379600,DyLam
68999,369.0633264104844,1781379600,DyLam
69999,360.95519470380964,1781379600,DyLam
70999,354.9028178926922,1781379600,DyLam
71999,355.2012844033679,1781379600,DyLam
72999,355.96415904336175,1781379600,DyLam
73999,337.39144945809187,1781379600,DyLam
74999,332.0360375670647,1781379600,DyLam
75999,324.2673315628058,1781379600,DyLam
76999,319.3806043296226,1781379600,DyLam
77999,316.930664461486,1781379600,DyLam
78999,303.75426762288146,1781379600,DyLam
79999,304.18382911768083,1781379600,DyLam
80999,295.73124762789496,1781379600,DyLam
81999,300.4863148593159,1781379600,DyLam
82999,297.6636180867891,1781379600,DyLam
83999,306.27290873720926,1781379600,DyLam
84999,290.93185705053247,1781379600,DyLam
85999,293.4029347860234,1781379600,DyLam
86999,288.00694819399587,1781379600,DyLam
87999,294.6178034966783,1781379600,DyLam
88999,299.34577048713277,1781379600,DyLam
89999,305.21443250995486,1781379600,DyLam
90999,312.5295146252355,1781379600,DyLam
91999,320.2209013883324,1781379600,DyLam
92999,329.14989360896175,1781379600,DyLam
93999,333.2553779091577,1781379600,DyLam
94999,337.02169979535756,1781379600,DyLam
95999,338.3393356383241,1781379600,DyLam
96999,351.7322945431145,1781379600,DyLam
97999,349.75659185010784,1781379600,DyLam
98999,355.6479953474628,1781379600,DyLam
99999,361.8538966876697,1781379600,DyLam
100999,364.9429637441415,1781379600,DyLam
101999,359.3355351820787,1781379600,DyLam
102999,370.87693091040444,1781379600,DyLam
103999,373.2947713563643,1781379600,DyLam
104999,382.16205950138726,1781379600,DyLam
105999,381.9886067977753,1781379600,DyLam
106999,381.89358688119387,1781379600,DyLam
107999,379.5315325767801,1781379600,DyLam
108999,385.3995454048735,1781379600,DyLam
109999,391.12804232795736,1781379600,DyLam
110999,385.5585007344062,1781379600,DyLam
111999,392.4403261522314,1781379600,DyLam
112999,392.1151353802715,1781379600,DyLam
113999,399.1554206447976,1781379600,DyLam
114999,400.24507770523036,1781379600,DyLam
115999,394.68490478344023,1781379600,DyLam
116999,394.4502595892593,1781379600,DyLam
117999,393.47810596001636,1781379600,DyLam
118999,415.311325586856,1781379600,DyLam
119999,396.7267902439293,1781379600,DyLam
120999,391.7833800564231,1781379600,DyLam
121999,401.040886828051,1781379600,DyLam
122999,380.7621641511266,1781379600,DyLam
123999,387.9989796005147,1781379600,DyLam
124999,396.3328808900634,1781379600,DyLam
125999,393.1829377994068,1781379600,DyLam
126999,391.8206652269779,1781379600,DyLam
127999,391.5742429867796,1781379600,DyLam
128999,392.78850260075114,1781379600,DyLam
129999,395.761432343315,1781379600,DyLam
130999,393.12507909380764,1781379600,DyLam
131999,386.98681067425053,1781379600,DyLam
132999,394.18239577748625,1781379600,DyLam
133999,399.0150173724427,1781379600,DyLam
134999,395.8990608439794,1781379600,DyLam
135999,393.1117386837385,1781379600,DyLam
136999,403.0973529031355,1781379600,DyLam
137999,398.2052730651478,1781379600,DyLam
138999,404.39248958484274,1781379600,DyLam
139999,404.79221682468545,1781379600,DyLam
140999,411.54119656023636,1781379600,DyLam
141999,419.0594893198288,1781379600,DyLam
142999,413.5522153306461,1781379600,DyLam
143999,421.2369688779879,1781379600,DyLam
144999,408.6333368401108,1781379600,DyLam
145999,421.42533372732686,1781379600,DyLam
146999,422.16432641264754,1781379600,DyLam
147999,426.9318073527449,1781379600,DyLam
148999,444.66982287019863,1781379600,DyLam
149999,435.7140283003317,1781379600,DyLam
150999,448.50655208616934,1781379600,DyLam
151999,440.945219464586,1781379600,DyLam
152999,449.24146528399734,1781379600,DyLam
153999,451.99667008145775,1781379600,DyLam
154999,450.59988068705974,1781379600,DyLam
155999,466.58489397223116,1781379600,DyLam
156999,456.1719681251366,1781379600,DyLam
157999,476.03389194145086,1781379600,DyLam
158999,466.8988031971021,1781379600,DyLam
159999,486.32683442094435,1781379600,DyLam
160999,481.5083575774623,1781379600,DyLam
161999,482.82809382468497,1781379600,DyLam
162999,498.59280393211804,1781379600,DyLam
163999,488.5438070322153,1781379600,DyLam
164999,500.1064911123731,1781379600,DyLam
165999,485.07928749904454,1781379600,DyLam
166999,474.56681090200044,1781379600,DyLam
167999,505.1581619322765,1781379600,DyLam
168999,512.7409947969262,1781379600,DyLam
169999,474.7375527090278,1781379600,DyLam
170999,524.3447601959007,1781379600,DyLam
171999,508.93027961086284,1781379600,DyLam
172999,524.9178220500371,1781379600,DyLam
173999,526.8424018612349,1781379600,DyLam
174999,505.57398700223047,1781379600,DyLam
175999,512.9543298932231,1781379600,DyLam
176999,506.29275114709014,1781379600,DyLam
177999,537.026326818461,1781379600,DyLam
178999,520.9011765439712,1781379600,DyLam
179999,538.1539664634702,1781379600,DyLam
180999,515.263918128215,1781379600,DyLam
181999,524.2607050913325,1781379600,DyLam
182999,520.7873074326358,1781379600,DyLam
183999,516.1531671164877,1781379600,DyLam
184999,549.8141857247226,1781379600,DyLam
185999,506.91263355225817,1781379600,DyLam
186999,525.1799267473623,1781379600,DyLam
187999,537.7868517519008,1781379600,DyLam
188999,537.7229116961041,1781379600,DyLam
189999,538.1691634664925,1781379600,DyLam
190999,563.2638024143419,1781379600,DyLam
191999,549.7145756978025,1781379600,DyLam
192999,537.431729358188,1781379600,DyLam
193999,547.7438518888555,1781379600,DyLam
194999,547.0591329843545,1781379600,DyLam
195999,533.681884598449,1781379600,DyLam
196999,560.9588277302893,1781379600,DyLam
197999,546.1322018388784,1781379600,DyLam
198999,556.4030196864605,1781379600,DyLam
199999,553.6323945635166,1781379600,DyLam
200999,549.8518398936492,1781379600,DyLam
201999,559.1655339705372,1781379600,DyLam
202999,559.089218493633,1781379600,DyLam
203999,569.111501380777,1781379600,DyLam
204999,559.5046263306571,1781379600,DyLam
205999,561.4554022610147,1781379600,DyLam
206999,561.0515981851422,1781379600,DyLam
207999,561.7769495659841,1781379600,DyLam
208999,566.5303861591457,1781379600,DyLam
209999,549.7694426409586,1781379600,DyLam
210999,574.100244468017,1781379600,DyLam
211999,587.9126102081209,1781379600,DyLam
212999,571.4894518194938,1781379600,DyLam
213999,562.9624844482555,1781379600,DyLam
214999,560.0253957354272,1781379600,DyLam
215999,546.5451011870903,1781379600,DyLam
216999,567.6906293762088,1781379600,DyLam
217999,543.8306495944521,1781379600,DyLam
218999,575.1950698017068,1781379600,DyLam
219999,558.010574364721,1781379600,DyLam
220999,570.1059833633155,1781379600,DyLam
221999,587.0576876071831,1781379600,DyLam
222999,520.4500869932428,1781379600,DyLam
223999,588.2002451337547,1781379600,DyLam
224999,543.1951394466457,1781379600,DyLam
225999,567.668936451934,1781379600,DyLam
226999,580.0558350743481,1781379600,DyLam
227999,562.3960676345769,1781379600,DyLam
228999,568.6085863208732,1781379600,DyLam
229999,571.2494847038486,1781379600,DyLam
230999,542.3043916910789,1781379600,DyLam
231999,579.720354925657,1781379600,DyLam
232999,578.3463725293784,1781379600,DyLam
233999,581.48036642658,1781379600,DyLam
234999,549.656910859873,1781379600,DyLam
235999,565.1423075387579,1781379600,DyLam
236999,540.2904706283737,1781379600,DyLam
237999,538.1836747800023,1781379600,DyLam
238999,563.9866571737865,1781379600,DyLam
239999,568.703874201419,1781379600,DyLam
240999,558.1274139927121,1781379600,DyLam
241999,564.7802246098843,1781379600,DyLam
242999,553.0817116689636,1781379600,DyLam
243999,547.5077674577456,1781379600,DyLam
244999,547.948623746629,1781379600,DyLam
245999,557.4883236044857,1781379600,DyLam
246999,560.1349610742574,1781379600,DyLam
247999,582.7237803888869,1781379600,DyLam
248999,565.8816715002463,1781379600,DyLam
249999,554.5942386542081,1781379600,DyLam
250999,597.69010382498,1781379600,DyLam
251999,560.6709665565555,1781379600,DyLam
252999,568.9149059641137,1781379600,DyLam
253999,569.8631091164347,1781379600,DyLam
254999,567.4933422979198,1781379600,DyLam
255999,580.2931750839788,1781379600,DyLam
256999,573.1258742716718,1781379600,DyLam
257999,570.0529397242793,1781379600,DyLam
258999,574.7505029510603,1781379600,DyLam
259999,551.4923549413438,1781379600,DyLam
260999,579.6565436429241,1781379600,DyLam
261999,569.0210069952516,1781379600,DyLam
262999,578.674140160191,1781379600,DyLam
263999,589.2365195594912,1781379600,DyLam
264999,582.788385024888,1781379600,DyLam
265999,578.0098824517979,1781379600,DyLam
266999,582.8799291364013,1781379600,DyLam
267999,582.5729705833126,1781379600,DyLam
268999,595.80866054841,1781379600,DyLam
269999,588.6786228370606,1781379600,DyLam
270999,597.0285768376386,1781379600,DyLam
271999,593.6091397125874,1781379600,DyLam
272999,552.8804632419575,1781379600,DyLam
273999,563.6013517957126,1781379600,DyLam
274999,591.4232621554701,1781379600,DyLam
275999,600.9267945485822,1781379600,DyLam
276999,577.7204889730406,1781379600,DyLam
277999,577.6820287851369,1781379600,DyLam
278999,588.2915063538968,1781379600,DyLam
279999,585.5536026573742,1781379600,DyLam
280999,570.4051575497756,1781379600,DyLam
281999,600.9860522735491,1781379600,DyLam
282999,197.9801661647163,1781379600,DyLam
283999,598.0318655037194,1781379600,DyLam
284999,576.3208965803072,1781379600,DyLam
285999,611.0401057963525,1781379600,DyLam
286999,572.915884872777,1781379600,DyLam
287999,579.1970143613811,1781379600,DyLam
288999,595.0623791369961,1781379600,DyLam
289999,593.846342385001,1781379600,DyLam
290999,596.4591614079718,1781379600,DyLam
291999,603.3560728714293,1781379600,DyLam
292999,584.8476430615315,1781379600,DyLam
293999,585.3021799038063,1781379600,DyLam
294999,590.252666593099,1781379600,DyLam
295999,588.2369610943856,1781379600,DyLam
296999,582.9823698145549,1781379600,DyLam
297999,585.594425833215,1781379600,DyLam
298999,529.195022864267,1781379600,DyLam
299999,554.4275148858268,1781379600,DyLam
300999,583.2874662689469,1781379600,DyLam
301999,589.6790820404925,1781379600,DyLam
302999,576.7266627480847,1781379600,DyLam
303999,553.7299012059203,1781379600,DyLam
304999,561.5773578556399,1781379600,DyLam
305999,559.363912101993,1781379600,DyLam
306999,579.9427878756112,1781379600,DyLam
307999,564.6356221588145,1781379600,DyLam
308999,561.3294231187001,1781379600,DyLam
309999,540.3512147244154,1781379600,DyLam
310999,605.3808447402987,1781379600,DyLam
311999,587.2107907063471,1781379600,DyLam
312999,553.5322667734944,1781379600,DyLam
313999,577.8431922553398,1781379600,DyLam
314999,581.5665010301408,1781379600,DyLam
315999,582.2576204321471,1781379600,DyLam
316999,594.4024963547134,1781379600,DyLam
317999,585.7906738941717,1781379600,DyLam
318999,581.9961521924452,1781379600,DyLam
319999,579.0459430999998,1781379600,DyLam
320999,575.6874967191092,1781379600,DyLam
321999,578.8113722148858,1781379600,DyLam
322999,571.8034648612004,1781379600,DyLam
323999,560.435728577414,1781379600,DyLam
324999,588.7477163633799,1781379600,DyLam
325999,571.0799817789724,1781379600,DyLam
326999,557.780222360921,1781379600,DyLam
327999,548.3888710988676,1781379600,DyLam
328999,549.6091362120488,1781379600,DyLam
329999,559.0042937905708,1781379600,DyLam
330999,596.9090769279788,1781379600,DyLam
331999,588.1956362596601,1781379600,DyLam
332999,588.1290276891217,1781379600,DyLam
333999,555.1515742923524,1781379600,DyLam
334999,562.6393222590503,1781379600,DyLam
335999,568.7262997179473,1781379600,DyLam
336999,585.9633116871412,1781379600,DyLam
337999,585.869164349549,1781379600,DyLam
338999,581.4138534145475,1781379600,DyLam
339999,573.3758270788811,1781379600,DyLam
340999,567.7070307668082,1781379600,DyLam
341999,599.5846482013354,1781379600,DyLam
342999,547.5655969480565,1781379600,DyLam
343999,592.768181474113,1781379600,DyLam
344999,583.2259027076973,1781379600,DyLam
345999,608.3073121400772,1781379600,DyLam
346999,590.6925686988502,1781379600,DyLam
347999,598.2777772307559,1781379600,DyLam
348999,602.7696867317471,1781379600,DyLam
349999,597.0718185834769,1781379600,DyLam
350999,569.3346339518598,1781379600,DyLam
351999,587.2582404409366,1781379600,DyLam
352999,602.2504294157072,1781379600,DyLam
353999,593.5557002916444,1781379600,DyLam
354999,603.0917132526607,1781379600,DyLam
355999,583.2727058667133,1781379600,DyLam
356999,568.262357370578,1781379600,DyLam
357999,586.6381673615481,1781379600,DyLam
358999,560.4396620782929,1781379600,DyLam
359999,568.6450985297541,1781379600,DyLam
360999,595.3748328471845,1781379600,DyLam
361999,585.1017297908787,1781379600,DyLam
362999,574.9212628837098,1781379600,DyLam
363999,566.3789378864176,1781379600,DyLam
364999,595.4412053567106,1781379600,DyLam
365999,595.7608426597077,1781379600,DyLam
366999,597.5748635155038,1781379600,DyLam
367999,584.6624739514,1781379600,DyLam
368999,595.301403678015,1781379600,DyLam
369999,598.5722643594509,1781379600,DyLam
370999,594.3362541431711,1781379600,DyLam
371999,598.33572189534,1781379600,DyLam
372999,605.1633218883185,1781379600,DyLam
373999,601.5897566751956,1781379600,DyLam
374999,606.4254504758649,1781379600,DyLam
375999,619.4693789694551,1781379600,DyLam
376999,598.2573429032888,1781379600,DyLam
377999,600.5553705025175,1781379600,DyLam
378999,609.026019258499,1781379600,DyLam
379999,608.1465089191253,1781379600,DyLam
380999,609.1990722491821,1781379600,DyLam
381999,598.0745090092073,1781379600,DyLam
382999,613.5849868086809,1781379600,DyLam
383999,624.620287821832,1781379600,DyLam
384999,607.4771059030162,1781379600,DyLam
385999,605.9013165028234,1781379600,DyLam
386999,608.8166436289015,1781379600,DyLam
387999,610.1338083858109,1781379600,DyLam
388999,611.7031570776978,1781379600,DyLam
389999,603.154637148367,1781379600,DyLam
390999,617.8080220013514,1781379600,DyLam
391999,596.9066348394377,1781379600,DyLam
392999,555.5492217851458,1781379600,DyLam
393999,591.2493954413535,1781379600,DyLam
394999,597.7736621507497,1781379600,DyLam
395999,608.5418766274897,1781379600,DyLam
396999,603.5989806736942,1781379600,DyLam
397999,585.2056794318648,1781379600,DyLam
398999,590.4293046159152,1781379600,DyLam
399999,603.0229007921788,1781379600,DyLam
400999,594.3151628422701,1781379600,DyLam
401999,591.2049005728722,1781379600,DyLam
402999,612.4736613183088,1781379600,DyLam
403999,610.1367162726381,1781379600,DyLam
404999,597.7532907552504,1781379600,DyLam
405999,608.1747293456878,1781379600,DyLam
406999,590.0908018384397,1781379600,DyLam
407999,615.9049827410377,1781379600,DyLam
408999,616.3404988984821,1781379600,DyLam
409999,617.6113886802997,1781379600,DyLam
410999,597.956085350106,1781379600,DyLam
411999,582.6539867871791,1781379600,DyLam
412999,569.7115003327035,1781379600,DyLam
413999,587.2095633320156,1781379600,DyLam
414999,610.6484381337086,1781379600,DyLam
415999,563.5544664426344,1781379600,DyLam
416999,564.8453881195705,1781379600,DyLam
417999,597.1184490533296,1781379600,DyLam
418999,582.8035277216017,1781379600,DyLam
419999,594.4754470689163,1781379600,DyLam
420999,598.7471055769688,1781379600,DyLam
421999,532.5969884737796,1781379600,DyLam
422999,577.8284006571721,1781379600,DyLam
423999,607.222526839588,1781379600,DyLam
424999,613.5045830313742,1781379600,DyLam
425999,590.696005368816,1781379600,DyLam
426999,620.7447266308777,1781379600,DyLam
427999,613.770777269014,1781379600,DyLam
428999,583.2886403002311,1781379600,DyLam
429999,606.0856435547483,1781379600,DyLam
430999,601.826949970225,1781379600,DyLam
431999,595.0455144334762,1781379600,DyLam
432999,621.3830051853088,1781379600,DyLam
433999,608.8954814831899,1781379600,DyLam
434999,613.752722033057,1781379600,DyLam
435999,600.2501740301593,1781379600,DyLam
436999,608.3769115376988,1781379600,DyLam
437999,606.15749089637,1781379600,DyLam
438999,610.6087343604083,1781379600,DyLam
439999,583.3705611601438,1781379600,DyLam
440999,616.3715847659422,1781379600,DyLam
441999,605.089173068106,1781379600,DyLam
442999,606.4425091213703,1781379600,DyLam
443999,593.6263192324365,1781379600,DyLam
444999,621.3338712500909,1781379600,DyLam
445999,621.2378060808209,1781379600,DyLam
446999,593.4244982190742,1781379600,DyLam
447999,592.4925264105984,1781379600,DyLam
448999,621.5827953314056,1781379600,DyLam
449999,599.908857552215,1781379600,DyLam
450999,605.0021886612022,1781379600,DyLam
451999,603.6857388657792,1781379600,DyLam
452999,611.7343787524214,1781379600,DyLam
453999,589.5227122921193,1781379600,DyLam
454999,587.8794436350531,1781379600,DyLam
455999,608.5799616245969,1781379600,DyLam
456999,603.9855732370936,1781379600,DyLam
457999,603.1118489226782,1781379600,DyLam
458999,579.8528423613554,1781379600,DyLam
459999,580.6582304257087,1781379600,DyLam
460999,581.7255032954116,1781379600,DyLam
461999,580.0886345707138,1781379600,DyLam
462999,592.3716929002431,1781379600,DyLam
463999,589.660826998236,1781379600,DyLam
464999,600.336790680858,1781379600,DyLam
465999,602.9750314905442,1781379600,DyLam
466999,602.1556060771333,1781379600,DyLam
467999,599.5503501421729,1781379600,DyLam
468999,606.3691604071496,1781379600,DyLam
469999,614.3093749381542,1781379600,DyLam
470999,623.8068668717723,1781379600,DyLam
471999,619.19665038029,1781379600,DyLam
472999,598.8668884488719,1781379600,DyLam
473999,606.8727794943254,1781379600,DyLam
474999,606.7403849523721,1781379600,DyLam
475999,619.3527484020287,1781379600,DyLam
476999,622.8025765391219,1781379600,DyLam
477999,636.3276360916267,1781379600,DyLam
478999,621.1546719315692,1781379600,DyLam
479999,615.8349058583207,1781379600,DyLam
480999,622.3175456550966,1781379600,DyLam
481999,637.5202150565588,1781379600,DyLam
482999,626.644625280828,1781379600,DyLam
483999,620.6818527590657,1781379600,DyLam
484999,616.1317631934262,1781379600,DyLam
485999,613.551602913912,1781379600,DyLam
486999,604.5874817790568,1781379600,DyLam
487999,615.6878607503095,1781379600,DyLam
488999,635.5564142339454,1781379600,DyLam
489999,611.3438256990092,1781379600,DyLam
490999,627.7286631601283,1781379600,DyLam
491999,639.9148973106082,1781379600,DyLam
492999,627.384153919965,1781379600,DyLam
493999,617.5911387061653,1781379600,DyLam
494999,626.7331882065283,1781379600,DyLam
495999,620.6570471494477,1781379600,DyLam
496999,621.9883496704409,1781379600,DyLam
497999,604.9709593217366,1781379600,DyLam
498999,618.9368314708994,1781379600,DyLam
499999,606.3045008458287,1781379600,DyLam
999,-10.279319813612975,1781379597,DyLam
1999,-3.2389200166501495,1781379597,DyLam
2999,-2.163515686522898,1781379597,DyLam
3999,-3.6684309200192087,1781379597,DyLam
4999,-10.295552177886215,1781379597,DyLam
5999,2.8172923532427636,1781379597,DyLam
6999,-1.1834697934319145,1781379597,DyLam
7999,-13.240190297594596,1781379597,DyLam
8999,-3.8713578367423396,1781379597,DyLam
9999,-5.1071705566924805,1781379597,DyLam
10999,-1.5360790632655363,1781379597,DyLam
11999,-5.282117119603608,1781379597,DyLam
12999,-8.341694101476175,1781379597,DyLam
13999,-12.54286080384135,1781379597,DyLam
14999,-5.9026217629072315,1781379597,DyLam
15999,-4.431154098805056,1781379597,DyLam
16999,-18.557516818786702,1781379597,DyLam
17999,-2.5411254006740185,1781379597,DyLam
18999,1.376922789472351,1781379597,DyLam
19999,-10.203675253063555,1781379597,DyLam
20999,-1.5429153952954846,1781379597,DyLam
21999,1.3524355597060986,1781379597,DyLam
22999,-4.677408149769616,1781379597,DyLam
23999,3.378931675544603,1781379597,DyLam
24999,2.3541491260868774,1781379597,DyLam
25999,0.7900223519350459,1781379597,DyLam
26999,4.060510156947278,1781379597,DyLam
27999,8.005007697400071,1781379597,DyLam
28999,9.628758435502295,1781379597,DyLam
29999,14.994181278606757,1781379597,DyLam
30999,22.671238372210162,1781379597,DyLam
31999,27.016170218382538,1781379597,DyLam
32999,13.03631104516802,1781379597,DyLam
33999,8.69922660798939,1781379597,DyLam
34999,19.635488430536633,1781379597,DyLam
35999,49.395779906493495,1781379597,DyLam
36999,146.2067339392949,1781379597,DyLam
37999,141.93386339167154,1781379597,DyLam
38999,158.52656213065524,1781379597,DyLam
39999,156.04382168004727,1781379597,DyLam
40999,193.3057357620928,1781379597,DyLam
41999,200.5395417877124,1781379597,DyLam
42999,216.08361029348526,1781379597,DyLam
43999,221.08095662094092,1781379597,DyLam
44999,254.47162251790263,1781379597,DyLam
45999,252.7884812473647,1781379597,DyLam
46999,263.32305859368773,1781379597,DyLam
47999,285.1162211636327,1781379597,DyLam
48999,288.61432419332533,1781379597,DyLam
49999,300.00242626176595,1781379597,DyLam
50999,308.04528230573584,1781379597,DyLam
51999,295.73907545589,1781379597,DyLam
52999,292.35648468043007,1781379597,DyLam
53999,219.28535419663302,1781379597,DyLam
54999,304.47549683681694,1781379597,DyLam
55999,322.2071103513663,1781379597,DyLam
56999,318.4928441023955,1781379597,DyLam
57999,311.7398308466853,1781379597,DyLam
58999,322.5975337084892,1781379597,DyLam
59999,314.12102373489324,1781379597,DyLam
60999,318.9006459554425,1781379597,DyLam
61999,321.18976610015346,1781379597,DyLam
62999,322.50543945605386,1781379597,DyLam
63999,309.50570131347206,1781379597,DyLam
64999,327.81283516275727,1781379597,DyLam
65999,314.04856272672413,1781379597,DyLam
66999,314.68778663225805,1781379597,DyLam
67999,309.1791844111751,1781379597,DyLam
68999,317.3064849022535,1781379597,DyLam
69999,305.659449159987,1781379597,DyLam
70999,300.69303909146606,1781379597,DyLam
71999,299.83581281368595,1781379597,DyLam
72999,304.0192225637216,1781379597,DyLam
73999,294.24446304190263,1781379597,DyLam
74999,287.80240632241333,1781379597,DyLam
75999,290.23032108823844,1781379597,DyLam
76999,284.15513574600146,1781379597,DyLam
77999,290.1075175774343,1781379597,DyLam
78999,278.09227064287046,1781379597,DyLam
79999,294.97605466574163,1781379597,DyLam
80999,292.9811995843411,1781379597,DyLam
81999,291.65238593647365,1781379597,DyLam
82999,289.02936802036106,1781379597,DyLam
83999,298.53954643210295,1781379597,DyLam
84999,302.98344858640127,1781379597,DyLam
85999,306.72547671595686,1781379597,DyLam
86999,301.62408722355394,1781379597,DyLam
87999,313.3715101357803,1781379597,DyLam
88999,314.07666366738067,1781379597,DyLam
89999,314.9972472005761,1781379597,DyLam
90999,315.69865168827823,1781379597,DyLam
91999,331.34774597386945,1781379597,DyLam
92999,320.9256257463177,1781379597,DyLam
93999,326.11400849683065,1781379597,DyLam
94999,323.9893573322497,1781379597,DyLam
95999,331.7038349466134,1781379597,DyLam
96999,338.92362378007033,1781379597,DyLam
97999,333.2773627117147,1781379597,DyLam
98999,342.515043709831,1781379597,DyLam
99999,354.9363834123887,1781379597,DyLam
100999,339.9208054511981,1781379597,DyLam
101999,357.3929229837152,1781379597,DyLam
102999,356.05171486104695,1781379597,DyLam
103999,353.29574689999697,1781379597,DyLam
104999,362.34320439828673,1781379597,DyLam
105999,350.46273832664826,1781379597,DyLam
106999,364.30841242034,1781379597,DyLam
107999,366.6111169121529,1781379597,DyLam
108999,347.3230725798569,1781379597,DyLam
109999,359.3571338122452,1781379597,DyLam
110999,363.2284312909002,1781379597,DyLam
111999,375.26576116329784,1781379597,DyLam
112999,370.84218814591026,1781379597,DyLam
113999,377.5168258475403,1781379597,DyLam
114999,377.0591943675662,1781379597,DyLam
115999,381.812247777064,1781379597,DyLam
116999,376.37269698478826,1781379597,DyLam
117999,384.2190692423853,1781379597,DyLam
118999,388.19737627633435,1781379597,DyLam
119999,380.7205413772511,1781379597,DyLam
120999,384.29312482747775,1781379597,DyLam
121999,386.65465226770084,1781379597,DyLam
122999,380.20026758434915,1781379597,DyLam
123999,384.26374122721575,1781379597,DyLam
124999,392.27458303468217,1781379597,DyLam
125999,392.8159145698502,1781379597,DyLam
126999,396.2660277625899,1781379597,DyLam
127999,397.43988541347386,1781379597,DyLam
128999,401.7370227520088,1781379597,DyLam
129999,401.9826927481903,1781379597,DyLam
130999,409.8086979235153,1781379597,DyLam
131999,395.97309170905316,1781379597,DyLam
132999,407.14524321756295,1781379597,DyLam
133999,405.1659489198048,1781379597,DyLam
134999,410.46827551885997,1781379597,DyLam
135999,410.3793310832566,1781379597,DyLam
136999,407.354338428208,1781379597,DyLam
137999,419.206208483905,1781379597,DyLam
138999,421.88625079617293,1781379597,DyLam
139999,416.4566666397653,1781379597,DyLam
140999,414.15013849530345,1781379597,DyLam
141999,418.7919663721382,1781379597,DyLam
142999,435.51632502781786,1781379597,DyLam
143999,433.4287480369892,1781379597,DyLam
144999,433.28377828736865,1781379597,DyLam
145999,433.81395617816696,1781379597,DyLam
146999,415.44001159368077,1781379597,DyLam
147999,435.633160961366,1781379597,DyLam
148999,444.74252602890704,1781379597,DyLam
149999,447.11141075843693,1781379597,DyLam
150999,436.83509228782754,1781379597,DyLam
151999,447.19353464217374,1781379597,DyLam
152999,449.7328248269804,1781379597,DyLam
153999,465.54039058765693,1781379597,DyLam
154999,449.6528092935795,1781379597,DyLam
155999,455.83977593350744,1781379597,DyLam
156999,457.18090155967286,1781379597,DyLam
157999,463.7223091561121,1781379597,DyLam
158999,462.7280927042888,1781379597,DyLam
159999,463.80018820441364,1781379597,DyLam
160999,457.5376248393343,1781379597,DyLam
161999,461.6724591514126,1781379597,DyLam
162999,459.383722993422,1781379597,DyLam
163999,486.15812211716195,1781379597,DyLam
164999,481.63471434859633,1781379597,DyLam
165999,492.01622342944194,1781379597,DyLam
166999,492.52956465883875,1781379597,DyLam
167999,513.564213873661,1781379597,DyLam
168999,515.1296425277067,1781379597,DyLam
169999,502.18490109529176,1781379597,DyLam
170999,508.09026152907586,1781379597,DyLam
171999,498.56750964457024,1781379597,DyLam
172999,523.2466911867572,1781379597,DyLam
173999,514.5033418032679,1781379597,DyLam
174999,506.01002173355806,1781379597,DyLam
175999,527.5729493698842,1781379597,DyLam
176999,536.8263039283972,1781379597,DyLam
177999,548.4033010180666,1781379597,DyLam
178999,533.0549141660832,1781379597,DyLam
179999,537.9241936508374,1781379597,DyLam
180999,530.3012777452068,1781379597,DyLam
181999,540.3609856118424,1781379597,DyLam
182999,556.387239976875,1781379597,DyLam
183999,532.0141000235558,1781379597,DyLam
184999,545.4074967917767,1781379597,DyLam
185999,544.7657850852239,1781379597,DyLam
186999,536.5784907184275,1781379597,DyLam
187999,560.4775413799298,1781379597,DyLam
188999,550.0984551185834,1781379597,DyLam
189999,553.8386590466757,1781379597,DyLam
190999,556.1875980327633,1781379597,DyLam
191999,553.3855162311414,1781379597,DyLam
192999,556.017798097836,1781379597,DyLam
193999,563.0912629124829,1781379597,DyLam
194999,553.8477053000317,1781379597,DyLam
195999,562.0845613821208,1781379597,DyLam
196999,549.5866712563907,1781379597,DyLam
197999,553.9820154461149,1781379597,DyLam
198999,561.1079053145598,1781379597,DyLam
199999,504.10718626960215,1781379597,DyLam
200999,556.2544304414746,1781379597,DyLam
201999,559.9725333087536,1781379597,DyLam
202999,546.7931054942409,1781379597,DyLam
203999,556.2690142727545,1781379597,DyLam
204999,559.80294797395,1781379597,DyLam
205999,558.5225296452068,1781379597,DyLam
206999,558.6426399708996,1781379597,DyLam
207999,566.8309412419173,1781379597,DyLam
208999,564.1804878415464,1781379597,DyLam
209999,563.5482307918974,1781379597,DyLam
210999,549.3192345238426,1781379597,DyLam
211999,539.1837183633426,1781379597,DyLam
212999,577.5825604897316,1781379597,DyLam
213999,567.4477048215795,1781379597,DyLam
214999,562.8672100837359,1781379597,DyLam
215999,572.5044237034197,1781379597,DyLam
216999,570.2927845079646,1781379597,DyLam
217999,560.8593695124508,1781379597,DyLam
218999,546.9414958035626,1781379597,DyLam
219999,556.8114660907473,1781379597,DyLam
220999,573.7559483667601,1781379597,DyLam
221999,562.6755225320647,1781379597,DyLam
222999,581.7451241658323,1781379597,DyLam
223999,573.7048878707011,1781379597,DyLam
224999,567.1029731009028,1781379597,DyLam
225999,553.6086220608904,1781379597,DyLam
226999,567.5869752985121,1781379597,DyLam
227999,550.4993283551612,1781379597,DyLam
228999,536.3500557866171,1781379597,DyLam
229999,532.8109283508933,1781379597,DyLam
230999,488.1879797131812,1781379597,DyLam
231999,196.9574069440061,1781379597,DyLam
232999,513.3001756277486,1781379597,DyLam
233999,542.0981841398705,1781379597,DyLam
234999,515.4047228166911,1781379597,DyLam
235999,510.9459208740875,1781379597,DyLam
236999,534.7817025860581,1781379597,DyLam
237999,539.2322457778722,1781379597,DyLam
238999,541.9251352296931,1781379597,DyLam
239999,532.935651840473,1781379597,DyLam
240999,528.7562975481146,1781379597,DyLam
241999,550.043876334766,1781379597,DyLam
242999,567.0449482627447,1781379597,DyLam
243999,511.55432775596296,1781379597,DyLam
244999,558.3443412852396,1781379597,DyLam
245999,559.8723863257896,1781379597,DyLam
246999,568.8863072278247,1781379597,DyLam
247999,558.7757716329165,1781379597,DyLam
248999,564.8226253319102,1781379597,DyLam
249999,571.0716365250082,1781379597,DyLam
250999,560.675804861679,1781379597,DyLam
251999,574.0540699073547,1781379597,DyLam
252999,561.9455264462648,1781379597,DyLam
253999,556.1873666171751,1781379597,DyLam
254999,576.1745573669555,1781379597,DyLam
255999,583.0900454832849,1781379597,DyLam
256999,579.5546439918592,1781379597,DyLam
257999,563.5971478780816,1781379597,DyLam
258999,581.5904332032912,1781379597,DyLam
259999,564.280689759318,1781379597,DyLam
260999,569.1197319291502,1781379597,DyLam
261999,570.7231418476589,1781379597,DyLam
262999,592.293647153972,1781379597,DyLam
263999,572.4379504003962,1781379597,DyLam
264999,575.9334117797348,1781379597,DyLam
265999,570.1031603071165,1781379597,DyLam
266999,585.9988714930107,1781379597,DyLam
267999,566.0157314652405,1781379597,DyLam
268999,586.5399250822832,1781379597,DyLam
269999,573.615613700729,1781379597,DyLam
270999,592.1708028457651,1781379597,DyLam
271999,596.4485546331822,1781379597,DyLam
272999,589.7295937881372,1781379597,DyLam
273999,598.8833787740891,1781379597,DyLam
274999,591.5097209505969,1781379597,DyLam
275999,597.8885982854525,1781379597,DyLam
276999,590.5470119861866,1781379597,DyLam
277999,603.2808624825973,1781379597,DyLam
278999,583.8325992038386,1781379597,DyLam
279999,600.2121457305215,1781379597,DyLam
280999,600.218690108604,1781379597,DyLam
281999,591.2890901722708,1781379597,DyLam
282999,593.9071160191663,1781379597,DyLam
283999,589.5316727118928,1781379597,DyLam
284999,578.5805452051662,1781379597,DyLam
285999,595.3692179985258,1781379597,DyLam
286999,607.1546448406655,1781379597,DyLam
287999,597.2771466680942,1781379597,DyLam
288999,598.9350462974512,1781379597,DyLam
289999,608.7529378383614,1781379597,DyLam
290999,602.9346644770849,1781379597,DyLam
291999,599.390594442441,1781379597,DyLam
292999,607.4316572741817,1781379597,DyLam
293999,604.5687052011035,1781379597,DyLam
294999,618.0839114579994,1781379597,DyLam
295999,601.1484961323417,1781379597,DyLam
296999,619.6340323382585,1781379597,DyLam
297999,613.2715703852258,1781379597,DyLam
298999,615.871102190591,1781379597,DyLam
299999,632.7039393158321,1781379597,DyLam
300999,351.94921335563924,1781379597,DyLam
301999,623.6113375280579,1781379597,DyLam
302999,634.8116791561117,1781379597,DyLam
303999,630.2126421773519,1781379597,DyLam
304999,633.0017813031285,1781379597,DyLam
305999,638.819026369284,1781379597,DyLam
306999,629.5631771199681,1781379597,DyLam
307999,628.0202864676891,1781379597,DyLam
308999,630.0489272868563,1781379597,DyLam
309999,643.4759774839873,1781379597,DyLam
310999,639.373785049039,1781379597,DyLam
311999,621.7328229762751,1781379597,DyLam
312999,624.1392151154448,1781379597,DyLam
313999,623.0345798268585,1781379597,DyLam
314999,633.2562210140027,1781379597,DyLam
315999,640.6405040678831,1781379597,DyLam
316999,642.9951227885836,1781379597,DyLam
317999,642.5568534253292,1781379597,DyLam
318999,607.5068995528878,1781379597,DyLam
319999,635.1256352366987,1781379597,DyLam
320999,642.0931723153749,1781379597,DyLam
321999,615.7482249014142,1781379597,DyLam
322999,616.13520752288,1781379597,DyLam
323999,634.6749236008293,1781379597,DyLam
324999,611.0540767108114,1781379597,DyLam
325999,609.5411145429326,1781379597,DyLam
326999,554.3706477218323,1781379597,DyLam
327999,436.6030983746401,1781379597,DyLam
328999,600.8934163040936,1781379597,DyLam
329999,622.4315233001972,1781379597,DyLam
330999,591.2771395950643,1781379597,DyLam
331999,218.4119791966537,1781379597,DyLam
332999,609.2027114981765,1781379597,DyLam
333999,609.0789624938753,1781379597,DyLam
334999,584.3653312102033,1781379597,DyLam
335999,620.6410309060166,1781379597,DyLam
336999,585.0352554952088,1781379597,DyLam
337999,589.4239808202506,1781379597,DyLam
338999,599.3359646160154,1781379597,DyLam
339999,586.102914947112,1781379597,DyLam
340999,541.9424107331996,1781379597,DyLam
341999,563.3582591378398,1781379597,DyLam
342999,580.6309043698893,1781379597,DyLam
343999,535.6471249738361,1781379597,DyLam
344999,577.4853156037852,1781379597,DyLam
345999,588.059538144998,1781379597,DyLam
346999,573.263923303177,1781379597,DyLam
347999,590.7290064497874,1781379597,DyLam
348999,604.850041527512,1781379597,DyLam
349999,584.8107006199724,1781379597,DyLam
350999,615.4948686990127,1781379597,DyLam
351999,574.4136794884591,1781379597,DyLam
352999,609.8640403197512,1781379597,DyLam
353999,628.0787107159233,1781379597,DyLam
354999,578.1192322282177,1781379597,DyLam
355999,624.4294031410312,1781379597,DyLam
356999,633.0277716644615,1781379597,DyLam
357999,608.6502511313394,1781379597,DyLam
358999,599.5888948753309,1781379597,DyLam
359999,617.5938081235497,1781379597,DyLam
360999,634.8658308800087,1781379597,DyLam
361999,607.0866294372436,1781379597,DyLam
362999,616.1172943841084,1781379597,DyLam
363999,621.4667876811459,1781379597,DyLam
364999,619.2567432080295,1781379597,DyLam
365999,656.5418604087141,1781379597,DyLam
366999,621.2512387307386,1781379597,DyLam
367999,638.8207096161045,1781379597,DyLam
368999,623.8059102196128,1781379597,DyLam
369999,622.148312144829,1781379597,DyLam
370999,624.5837840654988,1781379597,DyLam
371999,648.706187709872,1781379597,DyLam
372999,617.6117333231321,1781379597,DyLam
373999,617.6025830467415,1781379597,DyLam
374999,620.5470190272406,1781379597,DyLam
375999,604.5290978112571,1781379597,DyLam
376999,635.1523949843809,1781379597,DyLam
377999,628.206339805903,1781379597,DyLam
378999,633.3857564397174,1781379597,DyLam
379999,637.4251748982812,1781379597,DyLam
380999,596.9864916285158,1781379597,DyLam
381999,610.5551107809118,1781379597,DyLam
382999,593.8549826574977,1781379597,DyLam
383999,620.2288892305227,1781379597,DyLam
384999,587.7464174422498,1781379597,DyLam
385999,583.6127333325462,1781379597,DyLam
386999,613.8993752838076,1781379597,DyLam
387999,636.8810574839459,1781379597,DyLam
388999,609.0735278354585,1781379597,DyLam
389999,595.0794991853804,1781379597,DyLam
390999,621.5579807601707,1781379597,DyLam
391999,614.248342034981,1781379597,DyLam
392999,587.1499177977237,1781379597,DyLam
393999,633.471673989314,1781379597,DyLam
394999,646.5477580837853,1781379597,DyLam
395999,617.9392860269195,1781379597,DyLam
396999,616.3152997378456,1781379597,DyLam
397999,635.2177532132972,1781379597,DyLam
398999,630.5876170138735,1781379597,DyLam
399999,619.1258410503875,1781379597,DyLam
400999,576.6783200753481,1781379597,DyLam
401999,635.5326510443675,1781379597,DyLam
402999,634.0844718805354,1781379597,DyLam
403999,622.0358060434093,1781379597,DyLam
404999,631.4772423824256,1781379597,DyLam
405999,655.1430633688014,1781379597,DyLam
406999,643.5072397768251,1781379597,DyLam
407999,653.2715110867578,1781379597,DyLam
408999,636.9340261915714,1781379597,DyLam
409999,654.6609409127764,1781379597,DyLam
410999,631.7819178458324,1781379597,DyLam
411999,651.8708466135531,1781379597,DyLam
412999,655.7610064143009,1781379597,DyLam
413999,640.1686158608279,1781379597,DyLam
414999,647.5497566378674,1781379597,DyLam
415999,645.542042762735,1781379597,DyLam
416999,659.9992308818871,1781379597,DyLam
417999,635.7931736906152,1781379597,DyLam
418999,661.0859185775671,1781379597,DyLam
419999,617.211279153468,1781379597,DyLam
420999,624.4537784592005,1781379597,DyLam
421999,558.0458693225095,1781379597,DyLam
422999,669.0450300802031,1781379597,DyLam
423999,657.9826398334689,1781379597,DyLam
424999,657.8946866738625,1781379597,DyLam
425999,642.3914959609922,1781379597,DyLam
426999,669.4355433764644,1781379597,DyLam
427999,661.8574617224455,1781379597,DyLam
428999,641.9341338125037,1781379597,DyLam
429999,662.0668081849415,1781379597,DyLam
430999,657.7970929469022,1781379597,DyLam
431999,666.585158793842,1781379597,DyLam
432999,686.1570816493829,1781379597,DyLam
433999,658.877852132928,1781379597,DyLam
434999,644.190732427998,1781379597,DyLam
435999,650.8211031712478,1781379597,DyLam
436999,650.0895969417555,1781379597,DyLam
437999,643.3456407415982,1781379597,DyLam
438999,663.0503663887024,1781379597,DyLam
439999,649.7729521904492,1781379597,DyLam
440999,657.1133310468551,1781379597,DyLam
441999,624.1576990666205,1781379597,DyLam
442999,663.6146003793868,1781379597,DyLam
443999,672.2380649048004,1781379597,DyLam
444999,662.5928880942312,1781379597,DyLam
445999,648.4744807644408,1781379597,DyLam
446999,673.3526003207769,1781379597,DyLam
447999,658.6336661858973,1781379597,DyLam
448999,638.918695735567,1781379597,DyLam
449999,656.7026138704289,1781379597,DyLam
450999,648.7059066805253,1781379597,DyLam
451999,652.0260269237278,1781379597,DyLam
452999,653.1030048159375,1781379597,DyLam
453999,661.7689710852288,1781379597,DyLam
454999,645.0068627510602,1781379597,DyLam
455999,666.5498445438021,1781379597,DyLam
456999,652.71936632984,1781379597,DyLam
457999,656.8886833091913,1781379597,DyLam
458999,672.2638624910708,1781379597,DyLam
459999,654.5504684675868,1781379597,DyLam
460999,650.0188904658762,1781379597,DyLam
461999,653.0526367865756,1781379597,DyLam
462999,642.1307616756194,1781379597,DyLam
463999,621.4858217596797,1781379597,DyLam
464999,618.6791636472185,1781379597,DyLam
465999,655.540063760042,1781379597,DyLam
466999,652.3426567235613,1781379597,DyLam
467999,640.6765661022347,1781379597,DyLam
468999,630.2550747219533,1781379597,DyLam
469999,643.0453394472819,1781379597,DyLam
470999,654.9575473289635,1781379597,DyLam
471999,656.9751294278299,1781379597,DyLam
472999,644.8131206794081,1781379597,DyLam
473999,624.7753626256675,1781379597,DyLam
474999,641.5351440704635,1781379597,DyLam
475999,659.0415825210414,1781379597,DyLam
476999,634.2122089584961,1781379597,DyLam
477999,668.3946554571793,1781379597,DyLam
478999,646.8609161442168,1781379597,DyLam
479999,660.6100979469062,1781379597,DyLam
480999,638.6672571794547,1781379597,DyLam
481999,676.207900288202,1781379597,DyLam
482999,672.8486454161647,1781379597,DyLam
483999,676.1941226880806,1781379597,DyLam
484999,673.8673523052853,1781379597,DyLam
485999,680.4483862119873,1781379597,DyLam
486999,641.979459969863,1781379597,DyLam
487999,669.509482154675,1781379597,DyLam
488999,645.7759978038315,1781379597,DyLam
489999,652.0522313714412,1781379597,DyLam
490999,664.0984465981044,1781379597,DyLam
491999,654.9712229056195,1781379597,DyLam
492999,660.5703320060823,1781379597,DyLam
493999,659.037754081479,1781379597,DyLam
494999,647.4417283615388,1781379597,DyLam
495999,659.2250019191695,1781379597,DyLam
496999,660.9227649720972,1781379597,DyLam
497999,628.1021298886517,1781379597,DyLam
498999,664.7918429667471,1781379597,DyLam
499999,659.6203246815946,1781379597,DyLam
999,-3.7128193895844666,1778498961,DyLam
1999,-2.3439129633437,1778498961,DyLam
2999,-4.772588166095581,1778498961,DyLam
3999,-9.467758403757596,1778498961,DyLam
4999,-4.269182268936737,1778498961,DyLam
5999,-7.681208629582853,1778498961,DyLam
6999,-10.096921216630523,1778498961,DyLam
7999,0.5978719499081742,1778498961,DyLam
8999,-4.5285304466232805,1778498961,DyLam
9999,-2.7056923642981796,1778498961,DyLam
10999,-9.635079111743433,1778498961,DyLam
11999,1.2951117372487586,1778498961,DyLam
12999,-9.76804244235029,1778498961,DyLam
13999,-3.066003360151816,1778498961,DyLam
14999,-6.142720263711479,1778498961,DyLam
15999,5.530095059491217,1778498961,DyLam
16999,-7.502251412622675,1778498961,DyLam
17999,0.36763560170568427,1778498961,DyLam
18999,-2.3229612466583442,1778498961,DyLam
19999,-1.792583480107501,1778498961,DyLam
20999,-7.697493282737166,1778498961,DyLam
21999,-7.360275242247109,1778498961,DyLam
22999,2.5198030564170564,1778498961,DyLam
23999,-2.9042366236535497,1778498961,DyLam
24999,1.9127636002867359,1778498961,DyLam
25999,0.6115907076340031,1778498961,DyLam
26999,1.5173028434789764,1778498961,DyLam
27999,11.056284642613763,1778498961,DyLam
28999,9.24719296554433,1778498961,DyLam
29999,15.375207004644132,1778498961,DyLam
30999,22.459233816796345,1778498961,DyLam
31999,13.273972931559742,1778498961,DyLam
32999,10.429138548773135,1778498961,DyLam
33999,14.239314066414126,1778498961,DyLam
34999,3.28120618578597,1778498961,DyLam
35999,12.170234905234498,1778498961,DyLam
36999,51.38919939803001,1778498961,DyLam
37999,33.84780194386502,1778498961,DyLam
38999,152.7648441165873,1778498961,DyLam
39999,163.63820920951807,1778498961,DyLam
40999,183.93862187388328,1778498961,DyLam
41999,194.882955940704,1778498961,DyLam
42999,207.16375683325944,1778498961,DyLam
43999,222.98234032232588,1778498961,DyLam
44999,248.41059059436807,1778498961,DyLam
45999,273.72632054599086,1778498961,DyLam
46999,263.5411943728374,1778498961,DyLam
47999,280.7767013367165,1778498961,DyLam
48999,296.3031727893066,1778498961,DyLam
49999,290.6601128058289,1778498961,DyLam
50999,287.4911674711475,1778498961,DyLam
51999,311.96151600738335,1778498961,DyLam
52999,297.57995927392534,1778498961,DyLam
53999,303.3170059273483,1778498961,DyLam
54999,313.2069497939151,1778498961,DyLam
55999,330.85838150155735,1778498961,DyLam
56999,333.3284834560612,1778498961,DyLam
57999,337.22288738300097,1778498961,DyLam
58999,324.5952684112008,1778498961,DyLam
59999,334.22614024956613,1778498961,DyLam
60999,326.12753010896876,1778498961,DyLam
61999,334.32862507094086,1778498961,DyLam
62999,333.50148121799793,1778498961,DyLam
63999,333.3686108528216,1778498961,DyLam
64999,333.02503838478856,1778498961,DyLam
65999,327.4800434733798,1778498961,DyLam
66999,323.4811610024583,1778498961,DyLam
67999,323.3147444524508,1778498961,DyLam
68999,320.93915124991645,1778498961,DyLam
69999,322.13963032063657,1778498961,DyLam
70999,317.50582578529725,1778498961,DyLam
71999,314.18752171242556,1778498961,DyLam
72999,310.26086862204636,1778498961,DyLam
73999,313.5654573236578,1778498961,DyLam
74999,306.87508090203477,1778498961,DyLam
75999,298.39389843703475,1778498961,DyLam
76999,297.8518143689591,1778498961,DyLam
77999,297.15100449363405,1778498961,DyLam
78999,293.79100999748664,1778498961,DyLam
79999,292.3324119480456,1778498961,DyLam
80999,300.10268418383515,1778498961,DyLam
81999,291.2997764103326,1778498961,DyLam
82999,299.81341712719274,1778498961,DyLam
83999,301.49376934486804,1778498961,DyLam
84999,311.30111470847544,1778498961,DyLam
85999,305.7008514595249,1778498961,DyLam
86999,304.0255124211112,1778498961,DyLam
87999,317.70453736905586,1778498961,DyLam
88999,317.2148039932175,1778498961,DyLam
89999,320.4570835331714,1778498961,DyLam
90999,322.71317087719655,1778498961,DyLam
91999,326.7126922824593,1778498961,DyLam
92999,336.7852431392219,1778498961,DyLam
93999,336.16021515881755,1778498961,DyLam
94999,330.92464146099746,1778498961,DyLam
95999,341.269923614884,1778498961,DyLam
96999,342.6538014066838,1778498961,DyLam
97999,345.92286584802605,1778498961,DyLam
98999,344.7274736458189,1778498961,DyLam
99999,351.76329375725294,1778498961,DyLam
100999,359.95518567578296,1778498961,DyLam
101999,365.06914067253825,1778498961,DyLam
102999,360.6767859112042,1778498961,DyLam
103999,358.1864169828175,1778498961,DyLam
104999,367.3034247731526,1778498961,DyLam
105999,361.2923081231495,1778498961,DyLam
106999,369.4536397118301,1778498961,DyLam
107999,367.94320154934366,1778498961,DyLam
108999,373.79152541451475,1778498961,DyLam
109999,369.3882563498639,1778498961,DyLam
110999,368.63923899500946,1778498961,DyLam
111999,378.34078682920557,1778498961,DyLam
112999,375.8656017228581,1778498961,DyLam
113999,371.1072624336092,1778498961,DyLam
114999,380.2491759855852,1778498961,DyLam
115999,381.26970090568733,1778498961,DyLam
116999,372.44632571993276,1778498961,DyLam
117999,382.88066866645534,1778498961,DyLam
118999,387.26432463895145,1778498961,DyLam
119999,384.1145716652897,1778498961,DyLam
120999,387.3310063493315,1778498961,DyLam
121999,385.914800665445,1778498961,DyLam
122999,387.94780144778446,1778498961,DyLam
123999,382.33648294348603,1778498961,DyLam
124999,382.7608396008123,1778498961,DyLam
125999,382.1482427885999,1778498961,DyLam
126999,382.7172550229642,1778498961,DyLam
127999,394.52043273560895,1778498961,DyLam
128999,386.69104576405255,1778498961,DyLam
129999,387.5900153080067,1778498961,DyLam
130999,390.4408192989548,1778498961,DyLam
131999,397.8739080300105,1778498961,DyLam
132999,394.19957997157644,1778498961,DyLam
133999,388.2200719971796,1778498961,DyLam
134999,394.6709637316279,1778498961,DyLam
135999,385.70911212863183,1778498961,DyLam
136999,398.470460763015,1778498961,DyLam
137999,393.57884071666115,1778498961,DyLam
138999,402.85361421980286,1778498961,DyLam
139999,412.35351702690923,1778498961,DyLam
140999,394.29235488423683,1778498961,DyLam
141999,395.28079212585817,1778498961,DyLam
142999,405.51116042525274,1778498961,DyLam
143999,409.4618240226535,1778498961,DyLam
144999,411.52571532364794,1778498961,DyLam
145999,404.0557508641351,1778498961,DyLam
146999,409.00522425287403,1778498961,DyLam
147999,410.8688071388861,1778498961,DyLam
148999,411.5442175610905,1778498961,DyLam
149999,412.401086602543,1778498961,DyLam
150999,413.1749071864797,1778498961,DyLam
151999,423.25356168555544,1778498961,DyLam
152999,413.5505530624369,1778498961,DyLam
153999,418.8426038771738,1778498961,DyLam
154999,420.25664500536,1778498961,DyLam
155999,423.12964284745885,1778498961,DyLam
156999,412.88527657905996,1778498961,DyLam
157999,418.39439632344306,1778498961,DyLam
158999,425.21242318927045,1778498961,DyLam
159999,429.5000051561933,1778498961,DyLam
160999,426.9198633415371,1778498961,DyLam
161999,425.36403253311573,1778498961,DyLam
162999,425.1280510580178,1778498961,DyLam
163999,424.3230970527509,1778498961,DyLam
164999,430.6764493082137,1778498961,DyLam
165999,427.4838175283303,1778498961,DyLam
166999,429.160673687724,1778498961,DyLam
167999,427.1020379578382,1778498961,DyLam
168999,437.00081975629286,1778498961,DyLam
169999,430.1050719568709,1778498961,DyLam
170999,430.8823579114854,1778498961,DyLam
171999,439.43888317580763,1778498961,DyLam
172999,446.88751720864707,1778498961,DyLam
173999,449.0528568411879,1778498961,DyLam
174999,449.62219850386265,1778498961,DyLam
175999,431.5240546801666,1778498961,DyLam
176999,451.164480970547,1778498961,DyLam
177999,452.51179115332945,1778498961,DyLam
178999,455.5566828119175,1778498961,DyLam
179999,445.8309742280486,1778498961,DyLam
180999,452.90904415802646,1778498961,DyLam
181999,454.75589406029366,1778498961,DyLam
182999,453.27837184787256,1778498961,DyLam
183999,470.0677278104237,1778498961,DyLam
184999,458.97679202923626,1778498961,DyLam
185999,287.6554772273102,1778498961,DyLam
186999,446.42628225856106,1778498961,DyLam
187999,446.36522597061554,1778498961,DyLam
188999,431.7289934376875,1778498961,DyLam
189999,450.3489454728956,1778498961,DyLam
190999,436.46081671401896,1778498961,DyLam
191999,455.47572022619113,1778498961,DyLam
192999,444.88030872239517,1778498961,DyLam
193999,457.45844398738666,1778498961,DyLam
194999,473.14290050399103,1778498961,DyLam
195999,460.2602042392012,1778498961,DyLam
196999,461.6541319023055,1778498961,DyLam
197999,455.8090537259935,1778498961,DyLam
198999,458.52845566110295,1778498961,DyLam
199999,460.8864837822506,1778498961,DyLam
200999,457.61608899571826,1778498961,DyLam
201999,462.0549966236807,1778498961,DyLam
202999,459.1953923759128,1778498961,DyLam
203999,455.3858705050162,1778498961,DyLam
204999,452.39522375984916,1778498961,DyLam
205999,451.98055881176305,1778498961,DyLam
206999,459.0782195357695,1778498961,DyLam
207999,459.46550241559265,1778498961,DyLam
208999,465.740742083881,1778498961,DyLam
209999,463.37395924987516,1778498961,DyLam
210999,467.58075802442454,1778498961,DyLam
211999,453.7250373383791,1778498961,DyLam
212999,459.05175559064185,1778498961,DyLam
213999,458.7379938404059,1778498961,DyLam
214999,455.26399378165024,1778498961,DyLam
215999,471.5022387509061,1778498961,DyLam
216999,464.76605197379826,1778498961,DyLam
217999,462.0179902229983,1778498961,DyLam
218999,458.23104857132455,1778498961,DyLam
219999,448.2040717022863,1778498961,DyLam
220999,472.75043681929776,1778498961,DyLam
221999,466.8687883426901,1778498961,DyLam
222999,461.0262364709057,1778498961,DyLam
223999,450.99541202690125,1778498961,DyLam
224999,453.9212374696728,1778498961,DyLam
225999,463.169201331097,1778498961,DyLam
226999,473.7727675417877,1778498961,DyLam
227999,477.5274359984713,1778498961,DyLam
228999,474.4491211035298,1778498961,DyLam
229999,476.3464778352646,1778498961,DyLam
230999,479.34537701922176,1778498961,DyLam
231999,476.13442169750596,1778498961,DyLam
232999,468.4549586013288,1778498961,DyLam
233999,469.273586322831,1778498961,DyLam
234999,482.31874727735413,1778498961,DyLam
235999,479.1908101686306,1778498961,DyLam
236999,476.9035867959583,1778498961,DyLam
237999,479.2725997158685,1778498961,DyLam
238999,474.4060930001507,1778498961,DyLam
239999,491.03805705541777,1778498961,DyLam
240999,493.4454829709514,1778498961,DyLam
241999,499.32917244153685,1778498961,DyLam
242999,478.65242248764383,1778498961,DyLam
243999,500.17713600003253,1778498961,DyLam
244999,493.8100512271965,1778498961,DyLam
245999,497.6481311680234,1778498961,DyLam
246999,497.6155733550311,1778498961,DyLam
247999,496.74172282524614,1778498961,DyLam
248999,484.2732557507725,1778498961,DyLam
249999,496.87440808573035,1778498961,DyLam
250999,499.3929821490136,1778498961,DyLam
251999,498.346940927529,1778498961,DyLam
252999,493.97190060763046,1778498961,DyLam
253999,498.9302756427793,1778498961,DyLam
254999,499.822393240948,1778498961,DyLam
255999,495.48836339692787,1778498961,DyLam
256999,511.12694867997175,1778498961,DyLam
257999,499.5314215905956,1778498961,DyLam
258999,519.5255579191339,1778498961,DyLam
259999,498.1519036855072,1778498961,DyLam
260999,508.11226506002157,1778498961,DyLam
261999,511.68936040048436,1778498961,DyLam
262999,510.24984193492855,1778498961,DyLam
263999,522.9279247345004,1778498961,DyLam
264999,500.3064661782654,1778498961,DyLam
265999,529.0827822694739,1778498961,DyLam
266999,502.99231066176463,1778498961,DyLam
267999,507.0589837546921,1778498961,DyLam
268999,509.13956199481356,1778498961,DyLam
269999,511.31233764626785,1778498961,DyLam
270999,520.5023500287161,1778498961,DyLam
271999,499.77985968293217,1778498961,DyLam
272999,516.1672206490869,1778498961,DyLam
273999,511.4629575918056,1778498961,DyLam
274999,533.3836272797707,1778498961,DyLam
275999,518.1564527423692,1778498961,DyLam
276999,532.883777267389,1778498961,DyLam
277999,513.5427566627538,1778498961,DyLam
278999,533.9610113679086,1778498961,DyLam
279999,518.8810257832507,1778498961,DyLam
280999,535.4578610554616,1778498961,DyLam
281999,519.7962558268488,1778498961,DyLam
282999,531.4612675841175,1778498961,DyLam
283999,534.5486558892222,1778498961,DyLam
284999,534.8770594330902,1778498961,DyLam
285999,533.4953678544066,1778498961,DyLam
286999,521.8023203225263,1778498961,DyLam
287999,535.9022894883417,1778498961,DyLam
288999,533.2940756452133,1778498961,DyLam
289999,535.5616809834047,1778498961,DyLam
290999,536.1798165349356,1778498961,DyLam
291999,532.9747423717931,1778498961,DyLam
292999,505.0146011614868,1778498961,DyLam
293999,526.7674454852067,1778498961,DyLam
294999,536.4406034620546,1778498961,DyLam
295999,539.5423122244736,1778498961,DyLam
296999,535.3906509108281,1778498961,DyLam
297999,527.2981012904897,1778498961,DyLam
298999,529.8455349005038,1778498961,DyLam
299999,530.6071523026826,1778498961,DyLam
300999,520.196695446551,1778498961,DyLam
301999,533.3006405394062,1778498961,DyLam
302999,526.8072702455067,1778498961,DyLam
303999,539.7158980329003,1778498961,DyLam
304999,536.2953962718392,1778498961,DyLam
305999,509.07750981363637,1778498961,DyLam
306999,515.3529764588038,1778498961,DyLam
307999,533.2926615479169,1778498961,DyLam
308999,532.729892822518,1778498961,DyLam
309999,534.7739145151277,1778498961,DyLam
310999,528.6720941658563,1778498961,DyLam
311999,540.845779564903,1778498961,DyLam
312999,537.0505224372139,1778498961,DyLam
313999,535.1006126610657,1778498961,DyLam
314999,532.3926091720749,1778498961,DyLam
315999,537.5594195690842,1778498961,DyLam
316999,531.0846872849934,1778498961,DyLam
317999,528.9512933895078,1778498961,DyLam
318999,519.2544472911832,1778498961,DyLam
319999,537.4144140403057,1778498961,DyLam
320999,539.9348976443359,1778498961,DyLam
321999,522.3415817298574,1778498961,DyLam
322999,531.2785878406298,1778498961,DyLam
323999,542.2650995148715,1778498961,DyLam
324999,527.5244129061232,1778498961,DyLam
325999,530.625029486509,1778498961,DyLam
326999,433.3379465756665,1778498961,DyLam
327999,524.0954388247263,1778498961,DyLam
328999,528.8000486510675,1778498961,DyLam
329999,494.43861866018665,1778498961,DyLam
330999,535.4256274371908,1778498961,DyLam
331999,540.7282205283653,1778498961,DyLam
332999,520.7924116049157,1778498961,DyLam
333999,518.6321611512894,1778498961,DyLam
334999,542.0661229724826,1778498961,DyLam
335999,530.6171798992817,1778498961,DyLam
336999,531.8936978645509,1778498961,DyLam
337999,524.0914088853057,1778498961,DyLam
338999,529.3977473694353,1778498961,DyLam
339999,515.8036189046084,1778498961,DyLam
340999,528.6156913220168,1778498961,DyLam
341999,536.8348625888975,1778498961,DyLam
342999,530.6473142731745,1778498961,DyLam
343999,536.6266911445241,1778498961,DyLam
344999,532.9627701128385,1778498961,DyLam
345999,531.550649213237,1778498961,DyLam
346999,510.1881781502634,1778498961,DyLam
347999,36.740354071308374,1778498961,DyLam
348999,542.1388296977894,1778498961,DyLam
349999,558.4057953326084,1778498961,DyLam
350999,553.2436627002712,1778498961,DyLam
351999,538.3292174227904,1778498961,DyLam
352999,552.8708438221145,1778498961,DyLam
353999,524.059116346334,1778498961,DyLam
354999,552.4565828032387,1778498961,DyLam
355999,537.0256143038413,1778498961,DyLam
356999,536.7909240403363,1778498961,DyLam
357999,521.8584128367926,1778498961,DyLam
358999,542.7934134386526,1778498961,DyLam
359999,526.6928650856682,1778498961,DyLam
360999,545.2529603670739,1778498961,DyLam
361999,540.3637513300657,1778498961,DyLam
362999,532.4027513556597,1778498961,DyLam
363999,531.3420091020271,1778498961,DyLam
364999,550.5042483215659,1778498961,DyLam
365999,276.668419383269,1778498961,DyLam
366999,540.4057874901611,1778498961,DyLam
367999,552.7087593124548,1778498961,DyLam
368999,232.03131615391544,1778498961,DyLam
369999,548.0864128246803,1778498961,DyLam
370999,546.7585094407855,1778498961,DyLam
371999,548.7599474214078,1778498961,DyLam
372999,535.0806913646799,1778498961,DyLam
373999,549.3055075283296,1778498961,DyLam
374999,535.2973807330324,1778498961,DyLam
375999,526.9567897045094,1778498961,DyLam
376999,526.0725993879109,1778498961,DyLam
377999,535.3174685402554,1778498961,DyLam
378999,534.9620798118731,1778498961,DyLam
379999,537.8721920686563,1778498961,DyLam
380999,527.5331221445724,1778498961,DyLam
381999,531.0584846462849,1778498961,DyLam
382999,532.4889930328997,1778498961,DyLam
383999,516.7570625090598,1778498961,DyLam
384999,531.5418077297134,1778498961,DyLam
385999,528.4412324103359,1778498961,DyLam
386999,535.6393239998902,1778498961,DyLam
387999,518.2573504912243,1778498961,DyLam
388999,539.2351227875756,1778498961,DyLam
389999,530.4109259949669,1778498961,DyLam
390999,521.2630490933816,1778498961,DyLam
391999,518.1692828950848,1778498961,DyLam
392999,531.7319633299032,1778498961,DyLam
393999,530.0143312313213,1778498961,DyLam
394999,519.1658167194807,1778498961,DyLam
395999,543.3230196027956,1778498961,DyLam
396999,539.8979202557986,1778498961,DyLam
397999,564.1062009117841,1778498961,DyLam
398999,532.7751109244973,1778498961,DyLam
399999,525.4726733675653,1778498961,DyLam
400999,557.3163220820967,1778498961,DyLam
401999,484.69002431206974,1778498961,DyLam
402999,545.4919552454865,1778498961,DyLam
403999,541.4226840048818,1778498961,DyLam
404999,537.569601221381,1778498961,DyLam
405999,547.8805149486946,1778498961,DyLam
406999,555.1636811358765,1778498961,DyLam
407999,538.3540572496466,1778498961,DyLam
408999,551.1247674982917,1778498961,DyLam
409999,557.5310243125163,1778498961,DyLam
410999,534.3069930777772,1778498961,DyLam
411999,542.7886866882745,1778498961,DyLam
412999,537.4273102822864,1778498961,DyLam
413999,538.6831118656224,1778498961,DyLam
414999,545.3584430770309,1778498961,DyLam
415999,543.0950301064086,1778498961,DyLam
416999,542.1317749827605,1778498961,DyLam
417999,555.9760022737742,1778498961,DyLam
418999,569.3617765151444,1778498961,DyLam
419999,564.1785372236488,1778498961,DyLam
420999,563.9850514940282,1778498961,DyLam
421999,540.3177319387403,1778498961,DyLam
422999,535.7589252339241,1778498961,DyLam
423999,542.0110097574384,1778498961,DyLam
424999,532.466836237417,1778498961,DyLam
425999,550.6943546902371,1778498961,DyLam
426999,563.5657609201326,1778498961,DyLam
427999,542.0089910031952,1778498961,DyLam
428999,547.2579289569883,1778498961,DyLam
429999,548.9962991272898,1778498961,DyLam
430999,532.4411297135778,1778498961,DyLam
431999,556.0678360741141,1778498961,DyLam
432999,550.9862212644302,1778498961,DyLam
433999,538.1646844429978,1778498961,DyLam
434999,250.19432397570125,1778498961,DyLam
435999,543.4825977942595,1778498961,DyLam
436999,548.0038514815315,1778498961,DyLam
437999,557.2447558920934,1778498961,DyLam
438999,527.2169681821915,1778498961,DyLam
439999,550.252169381275,1778498961,DyLam
440999,543.9884929977605,1778498961,DyLam
441999,553.0252023440746,1778498961,DyLam
442999,567.9260317471886,1778498961,DyLam
443999,540.5278335916768,1778498961,DyLam
444999,538.2514906319074,1778498961,DyLam
445999,533.9576956899998,1778498961,DyLam
446999,529.3500394462023,1778498961,DyLam
447999,552.6283426817655,1778498961,DyLam
448999,561.8812561813172,1778498961,DyLam
449999,559.4243681787127,1778498961,DyLam
450999,551.7765964301929,1778498961,DyLam
451999,549.846502049452,1778498961,DyLam
452999,408.1462373204944,1778498961,DyLam
453999,555.1152909745585,1778498961,DyLam
454999,559.2467081073505,1778498961,DyLam
455999,541.0166954422402,1778498961,DyLam
456999,536.0980755183782,1778498961,DyLam
457999,538.2069408858871,1778498961,DyLam
458999,546.3131183741699,1778498961,DyLam
459999,539.3648199020311,1778498961,DyLam
460999,563.0800758910588,1778498961,DyLam
461999,539.9063745662564,1778498961,DyLam
462999,539.2185632531456,1778498961,DyLam
463999,544.8381864581856,1778498961,DyLam
464999,550.0061968142714,1778498961,DyLam
465999,554.17403747512,1778498961,DyLam
466999,563.0741789010033,1778498961,DyLam
467999,558.6944013494091,1778498961,DyLam
468999,547.6612535863424,1778498961,DyLam
469999,555.7875777473238,1778498961,DyLam
470999,540.3576720014728,1778498961,DyLam
471999,554.5462616443474,1778498961,DyLam
472999,546.6398481380901,1778498961,DyLam
473999,551.318618927982,1778498961,DyLam
474999,549.2204263809482,1778498961,DyLam
475999,540.1214381198133,1778498961,DyLam
476999,552.1045441444364,1778498961,DyLam
477999,553.4031370830706,1778498961,DyLam
478999,541.420659698414,1778498961,DyLam
479999,528.738929531723,1778498961,DyLam
480999,539.6895171928377,1778498961,DyLam
481999,545.156453189122,1778498961,DyLam
482999,549.6928166539066,1778498961,DyLam
483999,553.717596477337,1778498961,DyLam
484999,544.1116988145427,1778498961,DyLam
485999,549.9610392720589,1778498961,DyLam
486999,549.967527933439,1778498961,DyLam
487999,514.5019153282535,1778498961,DyLam
488999,542.1852527259937,1778498961,DyLam
489999,527.8956419284433,1778498961,DyLam
490999,552.4232340155866,1778498961,DyLam
491999,563.2795730304143,1778498961,DyLam
492999,558.6875369038389,1778498961,DyLam
493999,553.3184825054669,1778498961,DyLam
494999,559.5650557399224,1778498961,DyLam
495999,556.8349574922003,1778498961,DyLam
496999,556.3224133315703,1778498961,DyLam
497999,571.9149507017593,1778498961,DyLam
498999,569.2828005526154,1778498961,DyLam
499999,550.0125445354568,1778498961,DyLam
999,-6.1928803238380095,1778498957,DyLam
1999,0.41531102939307807,1778498957,DyLam
2999,-3.16048954461703,1778498957,DyLam
3999,-7.265792863140174,1778498957,DyLam
4999,-7.292194890419828,1778498957,DyLam
5999,-8.673644147388073,1778498957,DyLam
6999,-3.810768713287724,1778498957,DyLam
7999,-7.0685063343178625,1778498957,DyLam
8999,3.619426102187208,1778498957,DyLam
9999,-11.044348481623935,1778498957,DyLam
10999,-3.7438872335779556,1778498957,DyLam
11999,0.024395512596717253,1778498957,DyLam
12999,-3.014938044723098,1778498957,DyLam
13999,2.978835731064041,1778498957,DyLam
14999,-4.681793974083582,1778498957,DyLam
15999,-1.5413558329400192,1778498957,DyLam
16999,-7.444608857458059,1778498957,DyLam
17999,-7.166930293071081,1778498957,DyLam
18999,-3.1626682228145313,1778498957,DyLam
19999,-1.855132315079826,1778498957,DyLam
20999,-2.2849287062620487,1778498957,DyLam
21999,-11.186674794708013,1778498957,DyLam
22999,4.444342998872633,1778498957,DyLam
23999,-0.6939307046883262,1778498957,DyLam
24999,-1.2042582828661017,1778498957,DyLam
25999,-1.4717989762167536,1778498957,DyLam
26999,3.238175661786121,1778498957,DyLam
27999,8.320116492491088,1778498957,DyLam
28999,7.4943870485033255,1778498957,DyLam
29999,14.4828470868875,1778498957,DyLam
30999,17.753061582002342,1778498957,DyLam
31999,21.0831602821372,1778498957,DyLam
32999,15.374332333806867,1778498957,DyLam
33999,68.06456155462402,1778498957,DyLam
34999,66.78511442663225,1778498957,DyLam
35999,24.188919154481777,1778498957,DyLam
36999,125.96609125858481,1778498957,DyLam
37999,153.26816224194317,1778498957,DyLam
38999,164.31840016786578,1778498957,DyLam
39999,175.37988874806456,1778498957,DyLam
40999,180.8077845013799,1778498957,DyLam
41999,199.14721914152798,1778498957,DyLam
42999,204.30703055978944,1778498957,DyLam
43999,217.6749605346131,1778498957,DyLam
44999,223.7116833956412,1778498957,DyLam
45999,227.21727836830868,1778498957,DyLam
46999,238.7821854182937,1778498957,DyLam
47999,253.13392966820922,1778498957,DyLam
48999,267.9114181575016,1778498957,DyLam
49999,276.6942862136595,1778498957,DyLam
50999,284.91527155797917,1778498957,DyLam
51999,285.354602354216,1778498957,DyLam
52999,286.95529372278645,1778498957,DyLam
53999,292.8951952283364,1778498957,DyLam
54999,286.77086009840707,1778498957,DyLam
55999,319.29221137692707,1778498957,DyLam
56999,313.68489453723504,1778498957,DyLam
57999,341.6152315495818,1778498957,DyLam
58999,343.679938225624,1778498957,DyLam
59999,346.0221998109155,1778498957,DyLam
60999,355.8559747373292,1778498957,DyLam
61999,360.4060893450725,1778498957,DyLam
62999,357.89939377444205,1778498957,DyLam
63999,362.3731659019695,1778498957,DyLam
64999,360.843857648725,1778498957,DyLam
65999,348.8060288877461,1778498957,DyLam
66999,366.01428348434723,1778498957,DyLam
67999,375.64690932842433,1778498957,DyLam
68999,372.6058932584322,1778498957,DyLam
69999,379.5407656449574,1778498957,DyLam
70999,369.0478476662911,1778498957,DyLam
71999,366.114343158355,1778498957,DyLam
72999,376.40487231678514,1778498957,DyLam
73999,373.1697474091424,1778498957,DyLam
74999,373.40566135206814,1778498957,DyLam
75999,365.11315776775467,1778498957,DyLam
76999,360.56384091616974,1778498957,DyLam
77999,358.9649642294017,1778498957,DyLam
78999,367.9811884318101,1778498957,DyLam
79999,363.07873153566686,1778498957,DyLam
80999,360.5240673107586,1778498957,DyLam
81999,355.5856195359119,1778498957,DyLam
82999,359.4783790698141,1778498957,DyLam
83999,354.4000466475503,1778498957,DyLam
84999,359.9438204616156,1778498957,DyLam
85999,354.45367138434125,1778498957,DyLam
86999,339.7423396488248,1778498957,DyLam
87999,334.40325888874656,1778498957,DyLam
88999,337.50313447644527,1778498957,DyLam
89999,345.8501096173733,1778498957,DyLam
90999,346.8738123369672,1778498957,DyLam
91999,350.1449430816552,1778498957,DyLam
92999,344.8448929352754,1778498957,DyLam
93999,350.7462075638133,1778498957,DyLam
94999,353.058520073833,1778498957,DyLam
95999,353.4012712179022,1778498957,DyLam
96999,361.55756150957416,1778498957,DyLam
97999,376.1385567597863,1778498957,DyLam
98999,384.85909246146986,1778498957,DyLam
99999,378.8304163276081,1778498957,DyLam
100999,379.8602266819463,1778498957,DyLam
101999,384.82148745624903,1778498957,DyLam
102999,387.0396477096602,1778498957,DyLam
103999,380.32882822665965,1778498957,DyLam
104999,378.488924426615,1778498957,DyLam
105999,391.0162388034747,1778498957,DyLam
106999,394.01963820629504,1778498957,DyLam
107999,390.60205008906274,1778498957,DyLam
108999,398.515534194861,1778498957,DyLam
109999,404.9258138401002,1778498957,DyLam
110999,393.93594536165267,1778498957,DyLam
111999,399.83139534445263,1778498957,DyLam
112999,404.4812074177175,1778498957,DyLam
113999,405.38152208550173,1778498957,DyLam
114999,401.99290114434547,1778498957,DyLam
115999,412.47473745140206,1778498957,DyLam
116999,418.5323028463611,1778498957,DyLam
117999,413.93340118509593,1778498957,DyLam
118999,420.8128220869765,1778498957,DyLam
119999,418.32422018516064,1778498957,DyLam
120999,413.0813430874656,1778498957,DyLam
121999,411.3967459192685,1778498957,DyLam
122999,415.69114212578666,1778498957,DyLam
123999,419.69948787943906,1778498957,DyLam
124999,417.01146740923093,1778498957,DyLam
125999,419.5600868779781,1778498957,DyLam
126999,427.5616586095984,1778498957,DyLam
127999,431.1208854135918,1778498957,DyLam
128999,429.5316455132188,1778498957,DyLam
129999,428.9705758747263,1778498957,DyLam
130999,430.04382324861547,1778498957,DyLam
131999,435.2608341561341,1778498957,DyLam
132999,435.69696709965797,1778498957,DyLam
133999,429.10083139748315,1778498957,DyLam
134999,428.43317429496574,1778498957,DyLam
135999,427.53139363361856,1778498957,DyLam
136999,429.997124253814,1778498957,DyLam
137999,433.5289666208681,1778498957,DyLam
138999,420.0901499664625,1778498957,DyLam
139999,430.99383532235476,1778498957,DyLam
140999,435.7027370075714,1778498957,DyLam
141999,436.6511154840201,1778498957,DyLam
142999,445.0459413346232,1778498957,DyLam
143999,432.48347498724013,1778498957,DyLam
144999,422.88429772173083,1778498957,DyLam
145999,442.10534297264064,1778498957,DyLam
146999,427.0451194772263,1778498957,DyLam
147999,436.1057842555333,1778498957,DyLam
148999,443.164195944745,1778498957,DyLam
149999,445.2335250585514,1778498957,DyLam
150999,447.98404626712437,1778498957,DyLam
151999,443.2032628414647,1778498957,DyLam
152999,435.0239588580568,1778498957,DyLam
153999,436.84831125493497,1778498957,DyLam
154999,451.9264825125491,1778498957,DyLam
155999,445.3953298807541,1778498957,DyLam
156999,449.5792915995053,1778498957,DyLam
157999,451.9934253657022,1778498957,DyLam
158999,445.1084939054022,1778498957,DyLam
159999,459.4941346477959,1778498957,DyLam
160999,454.3194625166393,1778498957,DyLam
161999,460.40504923110336,1778498957,DyLam
162999,454.0801884134358,1778498957,DyLam
163999,457.4475847780076,1778498957,DyLam
164999,453.7438583061866,1778498957,DyLam
165999,458.14831016833017,1778498957,DyLam
166999,459.4675163800906,1778498957,DyLam
167999,462.51751939107146,1778498957,DyLam
168999,455.642150199781,1778498957,DyLam
169999,460.70806850262335,1778498957,DyLam
170999,468.5466094434373,1778498957,DyLam
171999,458.94075721881586,1778498957,DyLam
172999,464.49326400053565,1778498957,DyLam
173999,462.95067290197164,1778498957,DyLam
174999,467.3754785345037,1778498957,DyLam
175999,465.48962660620566,1778498957,DyLam
176999,459.8733151172963,1778498957,DyLam
177999,457.18665200029005,1778498957,DyLam
178999,465.4271979242066,1778498957,DyLam
179999,467.39783156765606,1778498957,DyLam
180999,466.3237658827411,1778498957,DyLam
181999,465.56438438947544,1778498957,DyLam
182999,464.348075384907,1778498957,DyLam
183999,460.4994164707595,1778498957,DyLam
184999,474.17920624823967,1778498957,DyLam
185999,474.0783408406012,1778498957,DyLam
186999,468.4077836550298,1778498957,DyLam
187999,474.18971037616905,1778498957,DyLam
188999,474.006986805653,1778498957,DyLam
189999,469.25645484942174,1778498957,DyLam
190999,480.619632145635,1778498957,DyLam
191999,479.93043624012097,1778498957,DyLam
192999,468.9947137177864,1778498957,DyLam
193999,475.86846994622545,1778498957,DyLam
194999,474.1630872539374,1778498957,DyLam
195999,476.05823780672915,1778498957,DyLam
196999,482.7527978163207,1778498957,DyLam
197999,483.9276105049628,1778498957,DyLam
198999,485.86889313112306,1778498957,DyLam
199999,480.85804575940824,1778498957,DyLam
200999,483.69369966610606,1778498957,DyLam
201999,485.8108380567592,1778498957,DyLam
202999,491.41498352823567,1778498957,DyLam
203999,491.4932044739891,1778498957,DyLam
204999,492.16412944388355,1778498957,DyLam
205999,492.7822267466844,1778498957,DyLam
206999,485.19277735333014,1778498957,DyLam
207999,495.0231377460438,1778498957,DyLam
208999,498.0015639800814,1778498957,DyLam
209999,493.4264946916057,1778498957,DyLam
210999,492.66499130990974,1778498957,DyLam
211999,496.67874528247154,1778498957,DyLam
212999,483.61688152656404,1778498957,DyLam
213999,494.3871773849665,1778498957,DyLam
214999,484.8278634056641,1778498957,DyLam
215999,166.03909695450093,1778498957,DyLam
216999,491.81209724829046,1778498957,DyLam
217999,490.3601160574429,1778498957,DyLam
218999,503.9412140706361,1778498957,DyLam
219999,484.59024878206014,1778498957,DyLam
220999,481.3880860686602,1778498957,DyLam
221999,473.7023694151314,1778498957,DyLam
222999,463.4509812964365,1778498957,DyLam
223999,473.0089664300786,1778498957,DyLam
224999,465.2224774477471,1778498957,DyLam
225999,459.2323959146924,1778498957,DyLam
226999,413.9940388631766,1778498957,DyLam
227999,452.21790144378656,1778498957,DyLam
228999,449.21892028566435,1778498957,DyLam
229999,474.2326377537365,1778498957,DyLam
230999,462.81185673734973,1778498957,DyLam
231999,465.7606093378241,1778498957,DyLam
232999,453.1352632264895,1778498957,DyLam
233999,482.61289316049033,1778498957,DyLam
234999,468.2940887778336,1778498957,DyLam
235999,470.15669205966344,1778498957,DyLam
236999,474.5818611141399,1778498957,DyLam
237999,469.41401032343737,1778498957,DyLam
238999,475.70258990268604,1778498957,DyLam
239999,482.3743894837701,1778498957,DyLam
240999,479.6123980135249,1778498957,DyLam
241999,489.3908660293429,1778498957,DyLam
242999,477.68743724406306,1778498957,DyLam
243999,466.15023330795947,1778498957,DyLam
244999,470.4165754420343,1778498957,DyLam
245999,455.3239647000423,1778498957,DyLam
246999,474.8407249763469,1778498957,DyLam
247999,485.128379193057,1778498957,DyLam
248999,471.3671168838558,1778498957,DyLam
249999,480.9511756854865,1778498957,DyLam
250999,487.3112029994169,1778498957,DyLam
251999,497.7576751128213,1778498957,DyLam
252999,488.67948041869874,1778498957,DyLam
253999,489.28743673226046,1778498957,DyLam
254999,492.87751766501003,1778498957,DyLam
255999,496.71177514720046,1778498957,DyLam
256999,501.73822796857417,1778498957,DyLam
257999,495.79903076804777,1778498957,DyLam
258999,501.9628163436989,1778498957,DyLam
259999,497.37084068504095,1778498957,DyLam
260999,490.1709060505171,1778498957,DyLam
261999,493.05704070851573,1778498957,DyLam
262999,500.58371467825145,1778498957,DyLam
263999,491.10899797190615,1778498957,DyLam
264999,508.7062624244463,1778498957,DyLam
265999,488.69051867907444,1778498957,DyLam
266999,500.1170866812972,1778498957,DyLam
267999,501.8161265356,1778498957,DyLam
268999,495.46872502034387,1778498957,DyLam
269999,494.6445827375736,1778498957,DyLam
270999,504.0367450002325,1778498957,DyLam
271999,496.2361717611293,1778498957,DyLam
272999,500.0221496630322,1778498957,DyLam
273999,502.1330151411865,1778498957,DyLam
274999,500.3888792840339,1778498957,DyLam
275999,506.9899289114872,1778498957,DyLam
276999,498.9772404268416,1778498957,DyLam
277999,493.2978622153564,1778498957,DyLam
278999,515.4540792843616,1778498957,DyLam
279999,511.65587013808954,1778498957,DyLam
280999,516.0458022003586,1778498957,DyLam
281999,510.44273938142516,1778498957,DyLam
282999,507.699825527465,1778498957,DyLam
283999,513.946659558106,1778498957,DyLam
284999,516.0167479641888,1778498957,DyLam
285999,516.7649090002504,1778498957,DyLam
286999,504.0369488928235,1778498957,DyLam
287999,518.7624910472506,1778498957,DyLam
288999,521.8327170363511,1778498957,DyLam
289999,511.0454658869752,1778498957,DyLam
290999,513.1518611808975,1778498957,DyLam
291999,511.85872280067326,1778498957,DyLam
292999,513.9974001270823,1778498957,DyLam
293999,526.8027219840633,1778498957,DyLam
294999,525.2509792649369,1778498957,DyLam
295999,521.3565580131274,1778498957,DyLam
296999,525.8816845069083,1778498957,DyLam
297999,538.0698952661146,1778498957,DyLam
298999,530.2970378343799,1778498957,DyLam
299999,533.8322566606589,1778498957,DyLam
300999,538.4528694184669,1778498957,DyLam
301999,521.2940663289452,1778498957,DyLam
302999,528.9683252713863,1778498957,DyLam
303999,485.61483567306266,1778498957,DyLam
304999,518.0285874663276,1778498957,DyLam
305999,496.5711303007565,1778498957,DyLam
306999,516.6931556602168,1778498957,DyLam
307999,528.5938434721287,1778498957,DyLam
308999,543.8983637791954,1778498957,DyLam
309999,544.9800704124361,1778498957,DyLam
310999,528.0752885514963,1778498957,DyLam
311999,529.6498345989095,1778498957,DyLam
312999,543.5152197751812,1778498957,DyLam
313999,518.1395570407723,1778498957,DyLam
314999,547.9719483357358,1778498957,DyLam
315999,542.4356350322932,1778498957,DyLam
316999,535.4254478285798,1778498957,DyLam
317999,535.4015810191695,1778498957,DyLam
318999,568.5953440850235,1778498957,DyLam
319999,547.9189646147677,1778498957,DyLam
320999,535.1532638112693,1778498957,DyLam
321999,556.7081446887631,1778498957,DyLam
322999,528.4846135468179,1778498957,DyLam
323999,532.0879419959439,1778498957,DyLam
324999,543.8018288624086,1778498957,DyLam
325999,544.9704687481419,1778498957,DyLam
326999,547.9244280938897,1778498957,DyLam
327999,565.5587353112597,1778498957,DyLam
328999,555.9326455340479,1778498957,DyLam
329999,539.8341553222089,1778498957,DyLam
330999,562.5777610609582,1778498957,DyLam
331999,557.8924640926666,1778498957,DyLam
332999,550.8581297129571,1778498957,DyLam
333999,548.8204465492826,1778498957,DyLam
334999,546.3235445982269,1778498957,DyLam
335999,525.5330498489385,1778498957,DyLam
336999,545.8583468040807,1778498957,DyLam
337999,554.7739722702314,1778498957,DyLam
338999,533.6766185180694,1778498957,DyLam
339999,553.3409270042147,1778498957,DyLam
340999,556.9310507029318,1778498957,DyLam
341999,554.6249938820779,1778498957,DyLam
342999,554.843570769361,1778498957,DyLam
343999,568.1270994949625,1778498957,DyLam
344999,566.6152585741615,1778498957,DyLam
345999,538.4238851578303,1778498957,DyLam
346999,541.2225733482143,1778498957,DyLam
347999,558.8599821677859,1778498957,DyLam
348999,534.8610281333624,1778498957,DyLam
349999,555.6470419438316,1778498957,DyLam
350999,559.1270713463214,1778498957,DyLam
351999,550.9515230051978,1778498957,DyLam
352999,561.671936720915,1778498957,DyLam
353999,562.0324899633788,1778498957,DyLam
354999,575.0435346670934,1778498957,DyLam
355999,563.6229730196177,1778498957,DyLam
356999,501.33580506697353,1778498957,DyLam
357999,582.1068864971807,1778498957,DyLam
358999,593.8178736428828,1778498957,DyLam
359999,592.3019908620622,1778498957,DyLam
360999,590.6686173748776,1778498957,DyLam
361999,578.8887208921727,1778498957,DyLam
362999,597.0117091727874,1778498957,DyLam
363999,595.6748019429436,1778498957,DyLam
364999,582.3556043769966,1778498957,DyLam
365999,584.3577565360341,1778498957,DyLam
366999,608.665804372111,1778498957,DyLam
367999,602.3004761055191,1778498957,DyLam
368999,623.4551419014264,1778498957,DyLam
369999,633.5850812104775,1778498957,DyLam
370999,621.9762637302797,1778498957,DyLam
371999,618.2379261057258,1778498957,DyLam
372999,599.2767614159984,1778498957,DyLam
373999,627.2713633921694,1778498957,DyLam
374999,620.1018442012484,1778498957,DyLam
375999,636.5165808371287,1778498957,DyLam
376999,644.7276435381091,1778498957,DyLam
377999,617.3780569638176,1778498957,DyLam
378999,623.3194506988609,1778498957,DyLam
379999,650.3108226468803,1778498957,DyLam
380999,320.2840158586072,1778498957,DyLam
381999,653.1428976200509,1778498957,DyLam
382999,627.5113638108901,1778498957,DyLam
383999,618.3553302869336,1778498957,DyLam
384999,624.0605541472864,1778498957,DyLam
385999,627.2702595856678,1778498957,DyLam
386999,628.4798052112737,1778498957,DyLam
387999,644.393032320094,1778498957,DyLam
388999,634.5982319261273,1778498957,DyLam
389999,606.4883624241281,1778498957,DyLam
390999,597.9301979738547,1778498957,DyLam
391999,464.0671036562836,1778498957,DyLam
392999,599.2432039872748,1778498957,DyLam
393999,624.2808763654039,1778498957,DyLam
394999,599.2717895421932,1778498957,DyLam
395999,634.5623334701596,1778498957,DyLam
396999,604.8123706025785,1778498957,DyLam
397999,602.7708318735278,1778498957,DyLam
398999,276.6372473042929,1778498957,DyLam
399999,622.6407302730395,1778498957,DyLam
400999,636.3260344632336,1778498957,DyLam
401999,642.4503980145921,1778498957,DyLam
402999,643.7675724161445,1778498957,DyLam
403999,615.4632949183858,1778498957,DyLam
404999,615.3403825007438,1778498957,DyLam
405999,637.2070605359004,1778498957,DyLam
406999,621.6538262949764,1778498957,DyLam
407999,628.0911028010751,1778498957,DyLam
408999,632.8736273482768,1778498957,DyLam
409999,644.0827831890356,1778498957,DyLam
410999,649.2720188078938,1778498957,DyLam
411999,618.2274326160891,1778498957,DyLam
412999,600.3206726546875,1778498957,DyLam
413999,640.8425158698162,1778498957,DyLam
414999,624.7186671451036,1778498957,DyLam
415999,609.6722300140644,1778498957,DyLam
416999,626.0971752708365,1778498957,DyLam
417999,571.6408492334077,1778498957,DyLam
418999,609.3244594108444,1778498957,DyLam
419999,632.2512043649117,1778498957,DyLam
420999,618.9490282561943,1778498957,DyLam
421999,630.4382734123352,1778498957,DyLam
422999,607.281593952195,1778498957,DyLam
423999,589.0258376530672,1778498957,DyLam
424999,593.5650129584517,1778498957,DyLam
425999,602.4898053337795,1778498957,DyLam
426999,601.044462715811,1778498957,DyLam
427999,567.9144352765118,1778498957,DyLam
428999,606.0747447344363,1778498957,DyLam
429999,604.2616229724839,1778498957,DyLam
430999,621.8293420085829,1778498957,DyLam
431999,628.620423381975,1778498957,DyLam
432999,618.9318798176149,1778498957,DyLam
433999,642.3930291640543,1778498957,DyLam
434999,639.4306495854377,1778498957,DyLam
435999,611.9580097028318,1778498957,DyLam
436999,637.8732032731687,1778498957,DyLam
437999,632.5052396713352,1778498957,DyLam
438999,631.5193505351153,1778498957,DyLam
439999,598.0973547388003,1778498957,DyLam
440999,607.3632854346511,1778498957,DyLam
441999,626.0536632772065,1778498957,DyLam
442999,649.1182255836296,1778498957,DyLam
443999,623.1131434209419,1778498957,DyLam
444999,657.2982292174501,1778498957,DyLam
445999,629.8751565348011,1778498957,DyLam
446999,612.7593012852507,1778498957,DyLam
447999,659.691219002393,1778498957,DyLam
448999,652.0998219516667,1778498957,DyLam
449999,639.4305074830723,1778498957,DyLam
450999,652.0030705794569,1778498957,DyLam
451999,644.911343778811,1778498957,DyLam
452999,563.7383664050824,1778498957,DyLam
453999,612.4632755301376,1778498957,DyLam
454999,669.2095806747914,1778498957,DyLam
455999,610.2467070552307,1778498957,DyLam
456999,598.496524662919,1778498957,DyLam
457999,656.5765088630149,1778498957,DyLam
458999,658.65741234239,1778498957,DyLam
459999,611.9880163431783,1778498957,DyLam
460999,658.5896721949263,1778498957,DyLam
461999,624.8363961034836,1778498957,DyLam
462999,643.6879774613838,1778498957,DyLam
463999,653.6359105915221,1778498957,DyLam
464999,620.5242089331203,1778498957,DyLam
465999,635.0015391042559,1778498957,DyLam
466999,666.5680122949641,1778498957,DyLam
467999,604.7621356016479,1778498957,DyLam
468999,649.3462128206231,1778498957,DyLam
469999,668.3322492965879,1778498957,DyLam
470999,658.4040972734883,1778498957,DyLam
471999,661.1354779864695,1778498957,DyLam
472999,641.4084458393309,1778498957,DyLam
473999,648.1083580105299,1778498957,DyLam
474999,621.0556267235221,1778498957,DyLam
475999,633.0348635434976,1778498957,DyLam
476999,631.8208239649466,1778498957,DyLam
477999,639.4336731405837,1778498957,DyLam
478999,590.133366825911,1778498957,DyLam
479999,626.7821264826223,1778498957,DyLam
480999,626.9931404212919,1778498957,DyLam
481999,636.311539836466,1778498957,DyLam
482999,635.5760839150803,1778498957,DyLam
483999,665.9259531702156,1778498957,DyLam
484999,623.9304352055309,1778498957,DyLam
485999,626.5619504623869,1778498957,DyLam
486999,641.0999481809803,1778498957,DyLam
487999,548.3735752018958,1778498957,DyLam
488999,638.4795750758375,1778498957,DyLam
489999,641.3520956518349,1778498957,DyLam
490999,651.4344725082049,1778498957,DyLam
491999,641.9493341465435,1778498957,DyLam
492999,639.8133519403309,1778498957,DyLam
493999,631.2502930217624,1778498957,DyLam
494999,495.88689022214453,1778498957,DyLam
495999,9.135143055150866,1778498957,DyLam
496999,625.7689133941651,1778498957,DyLam
497999,622.4709101148612,1778498957,DyLam
498999,206.7178776295695,1778498957,DyLam
499999,624.4544466560101,1778498957,DyLam
999,-5.364540863907584,1778498946,DyLam
1999,-5.988233907592984,1778498946,DyLam
2999,-6.321424297838855,1778498946,DyLam
3999,-7.600170235519314,1778498946,DyLam
4999,-1.772140592275435,1778498946,DyLam
5999,-3.497494160660336,1778498946,DyLam
6999,-8.269779896907927,1778498946,DyLam
7999,-2.3605325109926447,1778498946,DyLam
8999,-3.145246107847939,1778498946,DyLam
9999,-8.677677299689442,1778498946,DyLam
10999,-7.056686936220091,1778498946,DyLam
11999,-2.9453400941818932,1778498946,DyLam
12999,-13.353331901900187,1778498946,DyLam
13999,-5.32934929620297,1778498946,DyLam
14999,-14.467957669691915,1778498946,DyLam
15999,-13.656516571129263,1778498946,DyLam
16999,-6.0546276340146195,1778498946,DyLam
17999,4.532569169093691,1778498946,DyLam
18999,-7.059202982930302,1778498946,DyLam
19999,-9.374122924671939,1778498946,DyLam
20999,-7.696885730286377,1778498946,DyLam
21999,0.38588411230561526,1778498946,DyLam
22999,-1.6918235979396918,1778498946,DyLam
23999,-2.907535076449714,1778498946,DyLam
24999,-2.9702500192429953,1778498946,DyLam
25999,2.4382803695494766,1778498946,DyLam
26999,-0.9069980238262647,1778498946,DyLam
27999,2.5484612643747875,1778498946,DyLam
28999,7.516335392712084,1778498946,DyLam
29999,6.520351069656893,1778498946,DyLam
30999,12.784473550418326,1778498946,DyLam
31999,18.753118262343623,1778498946,DyLam
32999,7.670643323474189,1778498946,DyLam
33999,7.51868046188077,1778498946,DyLam
34999,13.356376456600938,1778498946,DyLam
35999,111.04058072318601,1778498946,DyLam
36999,86.67193419136254,1778498946,DyLam
37999,116.39539597621415,1778498946,DyLam
38999,128.045148842481,1778498946,DyLam
39999,177.68359982075884,1778498946,DyLam
40999,191.301941264934,1778498946,DyLam
41999,200.61767600865838,1778498946,DyLam
42999,220.01577971136706,1778498946,DyLam
43999,231.8591847966287,1778498946,DyLam
44999,236.5691258355554,1778498946,DyLam
45999,260.9348003086431,1778498946,DyLam
46999,246.39917229077852,1778498946,DyLam
47999,286.6525668600979,1778498946,DyLam
48999,272.7567857146749,1778498946,DyLam
49999,127.35419256012858,1778498946,DyLam
50999,290.59639880567784,1778498946,DyLam
51999,84.5268720873778,1778498946,DyLam
52999,294.97809456414154,1778498946,DyLam
53999,301.42218918886465,1778498946,DyLam
54999,290.88508992582604,1778498946,DyLam
55999,336.54803703263644,1778498946,DyLam
56999,313.49603972539626,1778498946,DyLam
57999,176.33557586887042,1778498946,DyLam
58999,330.53538156122397,1778498946,DyLam
59999,343.14434124117304,1778498946,DyLam
60999,339.78380517194785,1778498946,DyLam
61999,348.9275966022805,1778498946,DyLam
62999,195.5207017083797,1778498946,DyLam
63999,351.0544353156443,1778498946,DyLam
64999,357.0911890295956,1778498946,DyLam
65999,346.25043896203607,1778498946,DyLam
66999,352.9967159124496,1778498946,DyLam
67999,335.19214246673425,1778498946,DyLam
68999,358.52770439051073,1778498946,DyLam
69999,363.4781276986614,1778498946,DyLam
70999,368.5927920678906,1778498946,DyLam
71999,359.73401632849135,1778498946,DyLam
72999,370.0427299247658,1778498946,DyLam
73999,371.8705863527183,1778498946,DyLam
74999,360.0650739296019,1778498946,DyLam
75999,377.5355767242369,1778498946,DyLam
76999,370.3063838401256,1778498946,DyLam
77999,382.1242533149705,1778498946,DyLam
78999,383.3549820446924,1778498946,DyLam
79999,380.14050810435447,1778498946,DyLam
80999,383.21970871334366,1778498946,DyLam
81999,387.81823430153077,1778498946,DyLam
82999,384.9435790102376,1778498946,DyLam
83999,380.91814977598983,1778498946,DyLam
84999,383.654557504114,1778498946,DyLam
85999,386.8932625424924,1778498946,DyLam
86999,377.75538954736163,1778498946,DyLam
87999,382.19656091525167,1778498946,DyLam
88999,382.25994734197184,1778498946,DyLam
89999,391.64816882629526,1778498946,DyLam
90999,392.5641248068397,1778498946,DyLam
91999,384.3728237717402,1778498946,DyLam
92999,400.3581456626187,1778498946,DyLam
93999,397.0753474386803,1778498946,DyLam
94999,391.95886569508735,1778498946,DyLam
95999,391.27384439497695,1778498946,DyLam
96999,400.319481893263,1778498946,DyLam
97999,399.90955069811866,1778498946,DyLam
98999,398.49502300123845,1778498946,DyLam
99999,402.09723770172775,1778498946,DyLam
100999,400.4096539614952,1778498946,DyLam
101999,407.8039409748199,1778498946,DyLam
102999,406.00580399649255,1778498946,DyLam
103999,410.3554103303983,1778498946,DyLam
104999,409.7169609860272,1778498946,DyLam
105999,412.1612553540239,1778498946,DyLam
106999,404.55025978851023,1778498946,DyLam
107999,412.682863480047,1778498946,DyLam
108999,413.6042897049599,1778498946,DyLam
109999,423.62359655880175,1778498946,DyLam
110999,424.4485378227444,1778498946,DyLam
111999,416.8286188010987,1778498946,DyLam
112999,426.17774839194124,1778498946,DyLam
113999,426.8042778947134,1778498946,DyLam
114999,425.28024340777154,1778498946,DyLam
115999,426.4250433161184,1778498946,DyLam
116999,433.1173345794282,1778498946,DyLam
117999,433.97588472320257,1778498946,DyLam
118999,437.4770871449375,1778498946,DyLam
119999,433.7631632215097,1778498946,DyLam
120999,431.8411975602986,1778498946,DyLam
121999,447.69883257548946,1778498946,DyLam
122999,442.3277343971767,1778498946,DyLam
123999,429.7902586535116,1778498946,DyLam
124999,448.7573794555486,1778498946,DyLam
125999,439.95399877176806,1778498946,DyLam
126999,442.25673606520104,1778498946,DyLam
127999,451.9386884175884,1778498946,DyLam
128999,453.33973186975624,1778498946,DyLam
129999,448.3006657710238,1778498946,DyLam
130999,442.2868576793113,1778498946,DyLam
131999,450.5913933279546,1778498946,DyLam
132999,449.8040172714141,1778498946,DyLam
133999,452.6741905756754,1778498946,DyLam
134999,448.6452708847189,1778498946,DyLam
135999,433.224823464712,1778498946,DyLam
136999,445.3508486165131,1778498946,DyLam
137999,443.9065392658321,1778498946,DyLam
138999,445.0978502577512,1778498946,DyLam
139999,445.62206045735303,1778498946,DyLam
140999,443.445314266458,1778498946,DyLam
141999,444.5631522047794,1778498946,DyLam
142999,452.10703281657106,1778498946,DyLam
143999,449.0126903702753,1778498946,DyLam
144999,447.00342989535983,1778498946,DyLam
145999,444.40459332935603,1778498946,DyLam
146999,448.8338843427102,1778498946,DyLam
147999,447.4501289468692,1778498946,DyLam
148999,448.21284902861976,1778498946,DyLam
149999,448.3754756739007,1778498946,DyLam
150999,447.3886335762993,1778498946,DyLam
151999,456.3302294653451,1778498946,DyLam
152999,458.43137187893274,1778498946,DyLam
153999,456.30090922430196,1778498946,DyLam
154999,457.0230764275521,1778498946,DyLam
155999,458.2594898996428,1778498946,DyLam
156999,459.1006777447626,1778498946,DyLam
157999,467.0743378379795,1778498946,DyLam
158999,462.94055447708797,1778498946,DyLam
159999,466.1998494016497,1778498946,DyLam
160999,466.2952917304409,1778498946,DyLam
161999,466.63019164706003,1778498946,DyLam
162999,469.11524726627124,1778498946,DyLam
163999,470.4906814541173,1778498946,DyLam
164999,469.93100499829086,1778498946,DyLam
165999,477.86384052875223,1778498946,DyLam
166999,471.7060600806056,1778498946,DyLam
167999,467.27055979980094,1778498946,DyLam
168999,476.4119342248298,1778498946,DyLam
169999,475.39894536942404,1778498946,DyLam
170999,483.90316294398565,1778498946,DyLam
171999,491.07688972346,1778498946,DyLam
172999,485.79383465536955,1778498946,DyLam
173999,483.11576440438756,1778498946,DyLam
174999,485.44494947742663,1778498946,DyLam
175999,488.4878254948025,1778498946,DyLam
176999,490.8266497779363,1778498946,DyLam
177999,497.02197882037217,1778498946,DyLam
178999,488.01266871453964,1778498946,DyLam
179999,503.19202787672776,1778498946,DyLam
180999,489.74736393681076,1778498946,DyLam
181999,412.2766788401072,1778498946,DyLam
182999,465.480454951461,1778498946,DyLam
183999,379.92421333366923,1778498946,DyLam
184999,85.92747655250386,1778498946,DyLam
185999,459.25236364898865,1778498946,DyLam
186999,46.32662129328075,1778498946,DyLam
187999,466.79501405955875,1778498946,DyLam
188999,449.9555676002042,1778498946,DyLam
189999,448.4116507620448,1778498946,DyLam
190999,457.26991552041824,1778498946,DyLam
191999,459.33851719626864,1778498946,DyLam
192999,226.40543667971642,1778498946,DyLam
193999,471.64526353402846,1778498946,DyLam
194999,465.393326814329,1778498946,DyLam
195999,471.3036280551225,1778498946,DyLam
196999,464.7800773546634,1778498946,DyLam
197999,471.098563531788,1778498946,DyLam
198999,494.0313600412876,1778498946,DyLam
199999,474.1980575149871,1778498946,DyLam
200999,464.80104085136384,1778498946,DyLam
201999,488.154969958445,1778498946,DyLam
202999,466.6319111058802,1778498946,DyLam
203999,464.214700947614,1778498946,DyLam
204999,476.6864265916252,1778498946,DyLam
205999,479.8425225315649,1778498946,DyLam
206999,474.7305431094476,1778498946,DyLam
207999,481.37201246020754,1778498946,DyLam
208999,498.90650744816793,1778498946,DyLam
209999,502.6089814519762,1778498946,DyLam
210999,491.60031524790134,1778498946,DyLam
211999,487.3028628244633,1778498946,DyLam
212999,503.5698637043498,1778498946,DyLam
213999,513.7729121183461,1778498946,DyLam
214999,496.6812878175165,1778498946,DyLam
215999,511.59950724129294,1778498946,DyLam
216999,514.9638232643715,1778498946,DyLam
217999,504.11362546441114,1778498946,DyLam
218999,522.4811157032362,1778498946,DyLam
219999,512.2330144440527,1778498946,DyLam
220999,526.8215243957709,1778498946,DyLam
221999,520.7921469587078,1778498946,DyLam
222999,519.9111796944535,1778498946,DyLam
223999,541.1993698106637,1778498946,DyLam
224999,534.7150404274904,1778498946,DyLam
225999,549.6508684465036,1778498946,DyLam
226999,541.9840146820288,1778498946,DyLam
227999,545.1569275287411,1778498946,DyLam
228999,549.0134688915782,1778498946,DyLam
229999,542.7748433054384,1778498946,DyLam
230999,527.7489512869016,1778498946,DyLam
231999,540.5824385773491,1778498946,DyLam
232999,550.3141606849372,1778498946,DyLam
233999,532.7839279289093,1778498946,DyLam
234999,554.3320891507269,1778498946,DyLam
235999,574.8602560164418,1778498946,DyLam
236999,563.0843664549493,1778498946,DyLam
237999,551.2117860212227,1778498946,DyLam
238999,548.1632908383147,1778498946,DyLam
239999,577.9479850562944,1778498946,DyLam
240999,555.5358741993979,1778498946,DyLam
241999,566.356865648258,1778498946,DyLam
242999,575.3055161399232,1778498946,DyLam
243999,570.2714437780045,1778498946,DyLam
244999,582.2831677712202,1778498946,DyLam
245999,578.4602950144739,1778498946,DyLam
246999,572.0931819270168,1778498946,DyLam
247999,579.9100050869122,1778498946,DyLam
248999,596.0358578358513,1778498946,DyLam
249999,574.7368260551871,1778498946,DyLam
250999,592.7774129262967,1778498946,DyLam
251999,577.641478160807,1778498946,DyLam
252999,592.2977935465238,1778498946,DyLam
253999,575.6638335320432,1778498946,DyLam
254999,595.6208834945372,1778498946,DyLam
255999,598.5442034683219,1778498946,DyLam
256999,568.2306209934537,1778498946,DyLam
257999,587.9310135145225,1778498946,DyLam
258999,599.5296455787193,1778498946,DyLam
259999,575.5980452488416,1778498946,DyLam
260999,602.1204221633805,1778498946,DyLam
261999,571.1014497950745,1778498946,DyLam
262999,575.9187789150143,1778498946,DyLam
263999,581.0514832025345,1778498946,DyLam
264999,572.9264772881602,1778498946,DyLam
265999,580.8748490619045,1778498946,DyLam
266999,582.0403485767301,1778498946,DyLam
267999,574.9064461227534,1778498946,DyLam
268999,591.3102449015859,1778498946,DyLam
269999,575.7303231159981,1778498946,DyLam
270999,551.8433775834118,1778498946,DyLam
271999,594.4863353480313,1778498946,DyLam
272999,586.3521775982397,1778498946,DyLam
273999,594.0345812078233,1778498946,DyLam
274999,587.5843456249521,1778498946,DyLam
275999,605.5203141191147,1778498946,DyLam
276999,587.7119973906291,1778498946,DyLam
277999,610.7414226370784,1778498946,DyLam
278999,587.7687980990751,1778498946,DyLam
279999,588.1765990873986,1778498946,DyLam
280999,590.8182560744062,1778498946,DyLam
281999,612.553137472853,1778498946,DyLam
282999,589.9944222597967,1778498946,DyLam
283999,616.9226341042586,1778498946,DyLam
284999,597.0816195956568,1778498946,DyLam
285999,576.9558085582677,1778498946,DyLam
286999,602.2832400967961,1778498946,DyLam
287999,598.1246728441366,1778498946,DyLam
288999,618.037701476913,1778498946,DyLam
289999,606.0035334337671,1778498946,DyLam
290999,611.7414565085041,1778498946,DyLam
291999,591.140382722448,1778498946,DyLam
292999,608.3191518537125,1778498946,DyLam
293999,614.7697230307467,1778498946,DyLam
294999,610.2594953112388,1778498946,DyLam
295999,619.483294527288,1778498946,DyLam
296999,606.4069832545665,1778498946,DyLam
297999,619.3684166148328,1778498946,DyLam
298999,605.0126191115928,1778498946,DyLam
299999,616.5844422420024,1778498946,DyLam
300999,613.3421723147064,1778498946,DyLam
301999,576.9769002830311,1778498946,DyLam
302999,613.6530471929917,1778498946,DyLam
303999,569.752807907646,1778498946,DyLam
304999,604.8311619746295,1778498946,DyLam
305999,595.6325344711199,1778498946,DyLam
306999,606.8472761876892,1778498946,DyLam
307999,28.887375400568892,1778498946,DyLam
308999,590.0329162944297,1778498946,DyLam
309999,623.6136854319615,1778498946,DyLam
310999,599.714035451431,1778498946,DyLam
311999,605.1097519201961,1778498946,DyLam
312999,611.5892469763673,1778498946,DyLam
313999,592.6206021219299,1778498946,DyLam
314999,588.3794844234591,1778498946,DyLam
315999,609.1292345100532,1778498946,DyLam
316999,598.1589085503921,1778498946,DyLam
317999,606.1833386310494,1778498946,DyLam
318999,615.5882998569286,1778498946,DyLam
319999,604.891537286972,1778498946,DyLam
320999,615.8101360331494,1778498946,DyLam
321999,602.2759616171911,1778498946,DyLam
322999,618.8606017117331,1778498946,DyLam
323999,586.5057970104081,1778498946,DyLam
324999,610.7577655874679,1778498946,DyLam
325999,617.5868598871732,1778498946,DyLam
326999,610.933774479546,1778498946,DyLam
327999,610.5652276691981,1778498946,DyLam
328999,600.9891883672307,1778498946,DyLam
329999,592.7903238332586,1778498946,DyLam
330999,611.3098651626353,1778498946,DyLam
331999,609.6788649734889,1778498946,DyLam
332999,589.5859037858502,1778498946,DyLam
333999,612.7021477293424,1778498946,DyLam
334999,603.2976018739348,1778498946,DyLam
335999,604.5385766937176,1778498946,DyLam
336999,615.6809113614746,1778498946,DyLam
337999,630.4076138504481,1778498946,DyLam
338999,599.2886397514225,1778498946,DyLam
339999,614.2938257654218,1778498946,DyLam
340999,610.0848238501164,1778498946,DyLam
341999,620.2308536722071,1778498946,DyLam
342999,614.5367222157627,1778498946,DyLam
343999,605.9340079730778,1778498946,DyLam
344999,589.6432108408342,1778498946,DyLam
345999,620.2339415041092,1778498946,DyLam
346999,607.0204258613064,1778498946,DyLam
347999,614.7142519306686,1778498946,DyLam
348999,633.0852692053465,1778498946,DyLam
349999,601.1663301357053,1778498946,DyLam
350999,623.3043384627289,1778498946,DyLam
351999,605.7780917340468,1778498946,DyLam
352999,581.4900163028885,1778498946,DyLam
353999,600.491366808986,1778498946,DyLam
354999,613.9768528136277,1778498946,DyLam
355999,620.2713781894737,1778498946,DyLam
356999,602.753373990907,1778498946,DyLam
357999,626.5367539042168,1778498946,DyLam
358999,613.3685108815141,1778498946,DyLam
359999,616.237100976851,1778498946,DyLam
360999,606.9835417721523,1778498946,DyLam
361999,607.2510804712097,1778498946,DyLam
362999,606.2783383188328,1778498946,DyLam
363999,605.6380069373317,1778498946,DyLam
364999,607.2185388919359,1778498946,DyLam
365999,610.9273810676501,1778498946,DyLam
366999,592.8068001240667,1778498946,DyLam
367999,616.867218597531,1778498946,DyLam
368999,611.0314314114563,1778498946,DyLam
369999,603.180879563671,1778498946,DyLam
370999,615.4055545874515,1778498946,DyLam
371999,616.1155945632306,1778498946,DyLam
372999,608.060157702939,1778498946,DyLam
373999,623.0930588762221,1778498946,DyLam
374999,610.0868496528046,1778498946,DyLam
375999,620.4167601885109,1778498946,DyLam
376999,615.1260096695634,1778498946,DyLam
377999,610.242627845167,1778498946,DyLam
378999,614.3522041432616,1778498946,DyLam
379999,599.6243128063826,1778498946,DyLam
380999,602.9626375636235,1778498946,DyLam
381999,604.6149189466653,1778498946,DyLam
382999,551.5485864363598,1778498946,DyLam
383999,609.8264562486858,1778498946,DyLam
384999,603.6993117798746,1778498946,DyLam
385999,563.0507787889578,1778498946,DyLam
386999,543.4931017001082,1778498946,DyLam
387999,602.4276114580157,1778498946,DyLam
388999,576.1855208302754,1778498946,DyLam
389999,603.2276491122957,1778498946,DyLam
390999,595.0843497301397,1778498946,DyLam
391999,617.4156408873247,1778498946,DyLam
392999,582.4462101462703,1778498946,DyLam
393999,564.5920169331763,1778498946,DyLam
394999,611.1351100395627,1778498946,DyLam
395999,625.3666139635253,1778498946,DyLam
396999,575.9645274880727,1778498946,DyLam
397999,631.6175073577484,1778498946,DyLam
398999,626.2106486194845,1778498946,DyLam
399999,614.0082264703907,1778498946,DyLam
400999,622.1134031553455,1778498946,DyLam
401999,612.6851972613347,1778498946,DyLam
402999,613.4842614503439,1778498946,DyLam
403999,594.171393781467,1778498946,DyLam
404999,614.1941184769945,1778498946,DyLam
405999,612.8018514410875,1778498946,DyLam
406999,595.0221920029676,1778498946,DyLam
407999,625.9459200503371,1778498946,DyLam
408999,644.1044642018547,1778498946,DyLam
409999,602.7198438624555,1778498946,DyLam
410999,623.2988728814033,1778498946,DyLam
411999,613.2220081093096,1778498946,DyLam
412999,596.6375037774377,1778498946,DyLam
413999,582.6592720613469,1778498946,DyLam
414999,610.6529841170875,1778498946,DyLam
415999,617.1945457818367,1778498946,DyLam
416999,596.2201047257221,1778498946,DyLam
417999,596.902145880587,1778498946,DyLam
418999,594.6736171487156,1778498946,DyLam
419999,622.4159247672656,1778498946,DyLam
420999,617.614266188429,1778498946,DyLam
421999,615.2057140826944,1778498946,DyLam
422999,614.0980834953765,1778498946,DyLam
423999,596.7716961959159,1778498946,DyLam
424999,591.6653809837893,1778498946,DyLam
425999,616.616680393112,1778498946,DyLam
426999,620.2617552200693,1778498946,DyLam
427999,616.3574258895694,1778498946,DyLam
428999,599.4950915466806,1778498946,DyLam
429999,600.9821796050744,1778498946,DyLam
430999,617.2517421688847,1778498946,DyLam
431999,627.0848683265394,1778498946,DyLam
432999,632.8202818962003,1778498946,DyLam
433999,629.0594897566968,1778498946,DyLam
434999,606.7832763193855,1778498946,DyLam
435999,629.5510401292388,1778498946,DyLam
436999,618.5873068074875,1778498946,DyLam
437999,607.6032080119128,1778498946,DyLam
438999,606.951164333905,1778498946,DyLam
439999,621.5229374521786,1778498946,DyLam
440999,607.2580242283873,1778498946,DyLam
441999,624.1498559337011,1778498946,DyLam
442999,635.9106324023044,1778498946,DyLam
443999,622.4136341040705,1778498946,DyLam
444999,625.9937851190004,1778498946,DyLam
445999,612.1545205792145,1778498946,DyLam
446999,636.8530979613738,1778498946,DyLam
447999,624.3544082206604,1778498946,DyLam
448999,628.2094567149412,1778498946,DyLam
449999,617.1795683553227,1778498946,DyLam
450999,611.765060179071,1778498946,DyLam
451999,620.2670973204325,1778498946,DyLam
452999,635.0757022348183,1778498946,DyLam
453999,622.9294006142043,1778498946,DyLam
454999,609.9472302394465,1778498946,DyLam
455999,619.2385151594058,1778498946,DyLam
456999,610.7337562651833,1778498946,DyLam
457999,574.477142728056,1778498946,DyLam
458999,637.5718626192886,1778498946,DyLam
459999,628.8597620461469,1778498946,DyLam
460999,575.3875503990606,1778498946,DyLam
461999,629.0747392250125,1778498946,DyLam
462999,621.0203672912966,1778498946,DyLam
463999,608.048130991658,1778498946,DyLam
464999,594.4656433931659,1778498946,DyLam
465999,604.9524492654479,1778498946,DyLam
466999,607.4513506445,1778498946,DyLam
467999,625.9606271690776,1778498946,DyLam
468999,609.7031084215213,1778498946,DyLam
469999,600.3578192501847,1778498946,DyLam
470999,588.5531257416058,1778498946,DyLam
471999,593.2172603831677,1778498946,DyLam
472999,616.0335989733686,1778498946,DyLam
473999,612.673713176255,1778498946,DyLam
474999,618.4133850426399,1778498946,DyLam
475999,580.5849720578158,1778498946,DyLam
476999,611.1932811592199,1778498946,DyLam
477999,607.3707125811567,1778498946,DyLam
478999,616.1264731736483,1778498946,DyLam
479999,630.8285774672579,1778498946,DyLam
480999,617.7250019552649,1778498946,DyLam
481999,614.1876883382727,1778498946,DyLam
482999,608.3351346943319,1778498946,DyLam
483999,607.0578291349019,1778498946,DyLam
484999,613.0392201743774,1778498946,DyLam
485999,615.6009219107833,1778498946,DyLam
486999,634.3458338956607,1778498946,DyLam
487999,607.1118589321333,1778498946,DyLam
488999,615.6936473546834,1778498946,DyLam
489999,610.162749027193,1778498946,DyLam
490999,633.080206934568,1778498946,DyLam
491999,636.9329300633344,1778498946,DyLam
492999,612.6071053745671,1778498946,DyLam
493999,609.1237296100755,1778498946,DyLam
494999,603.274561349217,1778498946,DyLam
495999,631.313666055721,1778498946,DyLam
496999,605.6694932362778,1778498946,DyLam
497999,615.8857708050434,1778498946,DyLam
498999,622.5903084717572,1778498946,DyLam
499999,599.354040810135,1778498946,DyLam
999,3.8945028710899487,1778498940,DyLam
1999,-3.4533189491317846,1778498940,DyLam
2999,-9.781113978805495,1778498940,DyLam
3999,-1.8493119240648663,1778498940,DyLam
4999,-2.457979168947441,1778498940,DyLam
5999,-13.959073669652755,1778498940,DyLam
6999,0.3899904223445173,1778498940,DyLam
7999,-1.2396317378523198,1778498940,DyLam
8999,-10.259274059868444,1778498940,DyLam
9999,-15.262591691505904,1778498940,DyLam
10999,-6.671635988752562,1778498940,DyLam
11999,2.279551605328537,1778498940,DyLam
12999,-7.90665499761248,1778498940,DyLam
13999,-3.863088043846535,1778498940,DyLam
14999,-9.016294589714505,1778498940,DyLam
15999,1.1921864501551283,1778498940,DyLam
16999,-10.456123600393648,1778498940,DyLam
17999,-7.869780233421645,1778498940,DyLam
18999,1.8156174038446893,1778498940,DyLam
19999,-4.260225809721966,1778498940,DyLam
20999,0.7884216499800625,1778498940,DyLam
21999,-1.3763624298358619,1778498940,DyLam
22999,-7.158476171642953,1778498940,DyLam
23999,-0.4399580601140373,1778498940,DyLam
24999,-0.5150954951619815,1778498940,DyLam
25999,-3.0069327728966853,1778498940,DyLam
26999,1.2471531162000113,1778498940,DyLam
27999,9.986660596637886,1778498940,DyLam
28999,9.131619140636698,1778498940,DyLam
29999,6.8479381686354115,1778498940,DyLam
30999,11.82420427506865,1778498940,DyLam
31999,16.274148249040696,1778498940,DyLam
32999,7.299174486081778,1778498940,DyLam
33999,21.501627723043594,1778498940,DyLam
34999,13.824727022143737,1778498940,DyLam
35999,16.391824605088583,1778498940,DyLam
36999,32.12819467079793,1778498940,DyLam
37999,64.94533086615513,1778498940,DyLam
38999,153.24905753819016,1778498940,DyLam
39999,182.7560975237695,1778498940,DyLam
40999,192.44250300515318,1778498940,DyLam
41999,187.8796400941318,1778498940,DyLam
42999,216.32732789150816,1778498940,DyLam
43999,215.04157133083487,1778498940,DyLam
44999,240.04696151733214,1778498940,DyLam
45999,253.64129167703572,1778498940,DyLam
46999,235.4848432743645,1778498940,DyLam
47999,257.17772804486935,1778498940,DyLam
48999,254.42289901443425,1778498940,DyLam
49999,253.6629133246766,1778498940,DyLam
50999,274.28810916855616,1778498940,DyLam
51999,117.75152266538184,1778498940,DyLam
52999,281.5980919466838,1778498940,DyLam
53999,276.31409631335123,1778498940,DyLam
54999,280.6555072860407,1778498940,DyLam
55999,291.0141346337651,1778498940,DyLam
56999,298.6001907613695,1778498940,DyLam
57999,286.3275866612615,1778498940,DyLam
58999,305.6878119877021,1778498940,DyLam
59999,307.96284877157314,1778498940,DyLam
60999,305.92432604242015,1778498940,DyLam
61999,301.3044597899924,1778498940,DyLam
62999,307.2121925786251,1778498940,DyLam
63999,304.9716069164102,1778498940,DyLam
64999,311.64934258485823,1778498940,DyLam
65999,312.3038308484828,1778498940,DyLam
66999,304.73237672632746,1778498940,DyLam
67999,319.9269654564521,1778498940,DyLam
68999,312.2278423958656,1778498940,DyLam
69999,307.0383420036588,1778498940,DyLam
70999,303.2707297409626,1778498940,DyLam
71999,324.5127323189519,1778498940,DyLam
72999,317.6465861259997,1778498940,DyLam
73999,294.5532126984722,1778498940,DyLam
74999,100.92074029761321,1778498940,DyLam
75999,318.9835345846853,1778498940,DyLam
76999,323.66606719274114,1778498940,DyLam
77999,122.13756662184129,1778498940,DyLam
78999,330.9278662518547,1778498940,DyLam
79999,324.0387001528513,1778498940,DyLam
80999,339.0284355177614,1778498940,DyLam
81999,328.08125950954116,1778498940,DyLam
82999,355.3163085764047,1778498940,DyLam
83999,361.95077140003104,1778498940,DyLam
84999,370.00218871958253,1778498940,DyLam
85999,355.23663390467505,1778498940,DyLam
86999,352.93033422644396,1778498940,DyLam
87999,364.5121674065932,1778498940,DyLam
88999,366.46299589688846,1778498940,DyLam
89999,383.2583982725914,1778498940,DyLam
90999,374.84640729791676,1778498940,DyLam
91999,370.9923124425341,1778498940,DyLam
92999,387.73887455565404,1778498940,DyLam
93999,389.0989892075957,1778498940,DyLam
94999,387.7260522970681,1778498940,DyLam
95999,387.2411397063073,1778498940,DyLam
96999,373.02775399026996,1778498940,DyLam
97999,380.45724333480194,1778498940,DyLam
98999,387.02711749796345,1778498940,DyLam
99999,402.929915034076,1778498940,DyLam
100999,385.5948333890156,1778498940,DyLam
101999,397.2294859569066,1778498940,DyLam
102999,391.4448407172874,1778498940,DyLam
103999,391.965644845872,1778498940,DyLam
104999,395.90210391886797,1778498940,DyLam
105999,389.3609831590518,1778498940,DyLam
106999,393.76479151326805,1778498940,DyLam
107999,394.6577580684368,1778498940,DyLam
108999,382.8868432079904,1778498940,DyLam
109999,391.1349116558297,1778498940,DyLam
110999,385.6075232690565,1778498940,DyLam
111999,396.0019652710705,1778498940,DyLam
112999,381.89847632247245,1778498940,DyLam
113999,385.9748460016093,1778498940,DyLam
114999,393.63572740115904,1778498940,DyLam
115999,389.2305990678112,1778498940,DyLam
116999,387.7692246053322,1778498940,DyLam
117999,387.9762944282386,1778498940,DyLam
118999,387.3132254220835,1778498940,DyLam
119999,398.27437435058187,1778498940,DyLam
120999,393.6602467171122,1778498940,DyLam
121999,400.07495973213935,1778498940,DyLam
122999,402.35844079890774,1778498940,DyLam
123999,410.72492520092715,1778498940,DyLam
124999,408.5549474817436,1778498940,DyLam
125999,420.09908912663695,1778498940,DyLam
126999,417.53094427397417,1778498940,DyLam
127999,422.222505320166,1778498940,DyLam
128999,433.59397997557335,1778498940,DyLam
129999,436.3716838295477,1778498940,DyLam
130999,434.03567708112246,1778498940,DyLam
131999,441.76195563588976,1778498940,DyLam
132999,439.56765946085443,1778498940,DyLam
133999,443.26471966993523,1778498940,DyLam
134999,456.4354059970571,1778498940,DyLam
135999,441.7824778595002,1778498940,DyLam
136999,443.83289458153774,1778498940,DyLam
137999,450.57600156570857,1778498940,DyLam
138999,450.3365831434755,1778498940,DyLam
139999,457.51747531413935,1778498940,DyLam
140999,464.6435423053968,1778498940,DyLam
141999,465.23098071344657,1778498940,DyLam
142999,469.9598287009038,1778498940,DyLam
143999,469.00950352091996,1778498940,DyLam
144999,477.68088815134814,1778498940,DyLam
145999,470.0621825297433,1778498940,DyLam
146999,477.60325736618177,1778498940,DyLam
147999,481.18555723628657,1778498940,DyLam
148999,486.18469576170054,1778498940,DyLam
149999,496.72324449705684,1778498940,DyLam
150999,472.8226757514277,1778498940,DyLam
151999,486.00072547791217,1778498940,DyLam
152999,493.15283850649143,1778498940,DyLam
153999,498.0684289172425,1778498940,DyLam
154999,506.1407427412587,1778498940,DyLam
155999,493.26787447316394,1778498940,DyLam
156999,504.19568303068496,1778498940,DyLam
157999,496.74964422268056,1778498940,DyLam
158999,509.0209622526821,1778498940,DyLam
159999,513.3682690781537,1778498940,DyLam
160999,507.6320412572482,1778498940,DyLam
161999,513.9858245239272,1778498940,DyLam
162999,517.7897432276928,1778498940,DyLam
163999,527.9357081027896,1778498940,DyLam
164999,514.8018584169344,1778498940,DyLam
165999,530.6566626426816,1778498940,DyLam
166999,538.1589015150427,1778498940,DyLam
167999,554.6796180024445,1778498940,DyLam
168999,488.6481191414591,1778498940,DyLam
169999,549.8580965548639,1778498940,DyLam
170999,564.435879863025,1778498940,DyLam
171999,558.443535411938,1778498940,DyLam
172999,558.5736002132056,1778498940,DyLam
173999,562.4164994782906,1778498940,DyLam
174999,553.0770046491868,1778498940,DyLam
175999,566.7054176045845,1778498940,DyLam
176999,562.2620154317146,1778498940,DyLam
177999,575.653840606634,1778498940,DyLam
178999,568.7692722768726,1778498940,DyLam
179999,585.0271326206187,1778498940,DyLam
180999,568.4432444861701,1778498940,DyLam
181999,554.8426889303554,1778498940,DyLam
182999,581.0444995937966,1778498940,DyLam
183999,578.5670898582842,1778498940,DyLam
184999,582.896702740526,1778498940,DyLam
185999,592.3710948533713,1778498940,DyLam
186999,580.7630358811224,1778498940,DyLam
187999,577.5473972158898,1778498940,DyLam
188999,585.690673326402,1778498940,DyLam
189999,569.0424943783368,1778498940,DyLam
190999,575.8773087699178,1778498940,DyLam
191999,580.5422303518374,1778498940,DyLam
192999,562.387867566657,1778498940,DyLam
193999,594.2344038785197,1778498940,DyLam
194999,579.048920858876,1778498940,DyLam
195999,565.8575794782648,1778498940,DyLam
196999,557.3843304011789,1778498940,DyLam
197999,593.8784139005957,1778498940,DyLam
198999,563.7259259171738,1778498940,DyLam
199999,584.3219078864632,1778498940,DyLam
200999,580.6748720219634,1778498940,DyLam
201999,564.1378901207713,1778498940,DyLam
202999,563.4668661063232,1778498940,DyLam
203999,565.8043723450088,1778498940,DyLam
204999,571.0858943342914,1778498940,DyLam
205999,555.3109873520244,1778498940,DyLam
206999,594.5209667802873,1778498940,DyLam
207999,572.5334532442048,1778498940,DyLam
208999,584.6782008942939,1778498940,DyLam
209999,575.0919628368797,1778498940,DyLam
210999,583.0050139582289,1778498940,DyLam
211999,596.6615828626576,1778498940,DyLam
212999,576.587635508712,1778498940,DyLam
213999,586.8272710333682,1778498940,DyLam
214999,580.4857545048615,1778498940,DyLam
215999,606.7212067058142,1778498940,DyLam
216999,591.4649788228458,1778498940,DyLam
217999,624.6584977738829,1778498940,DyLam
218999,621.9926525646205,1778498940,DyLam
219999,613.8465016551562,1778498940,DyLam
220999,619.1839842057427,1778498940,DyLam
221999,592.8075317274449,1778498940,DyLam
222999,623.9946041768593,1778498940,DyLam
223999,628.6850361610815,1778498940,DyLam
224999,615.6388971149934,1778498940,DyLam
225999,645.0378164805427,1778498940,DyLam
226999,625.992091375979,1778498940,DyLam
227999,633.5491119919219,1778498940,DyLam
228999,630.061137810105,1778498940,DyLam
229999,597.9867155509238,1778498940,DyLam
230999,607.8485205952268,1778498940,DyLam
231999,612.3938970178065,1778498940,DyLam
232999,643.4009510917094,1778498940,DyLam
233999,610.5181984958301,1778498940,DyLam
234999,617.4315284630811,1778498940,DyLam
235999,625.2020134979997,1778498940,DyLam
236999,251.8197819854049,1778498940,DyLam
237999,609.3032447909563,1778498940,DyLam
238999,602.8197303907218,1778498940,DyLam
239999,601.6220220600983,1778498940,DyLam
240999,609.8775607226904,1778498940,DyLam
241999,578.4295291807802,1778498940,DyLam
242999,558.2769603769547,1778498940,DyLam
243999,582.7646132269225,1778498940,DyLam
244999,572.6529896593178,1778498940,DyLam
245999,569.5834799530818,1778498940,DyLam
246999,584.7844067414902,1778498940,DyLam
247999,580.7039106123979,1778498940,DyLam
248999,544.9977688476735,1778498940,DyLam
249999,535.870667589181,1778498940,DyLam
250999,551.9846961158609,1778498940,DyLam
251999,474.4330274681412,1778498940,DyLam
252999,563.7092077059887,1778498940,DyLam
253999,532.9745133812785,1778498940,DyLam
254999,541.0342087824972,1778498940,DyLam
255999,531.6184711863068,1778498940,DyLam
256999,540.8814755403524,1778498940,DyLam
257999,540.4365867250576,1778498940,DyLam
258999,572.7052594896836,1778498940,DyLam
259999,564.5475350490724,1778498940,DyLam
260999,604.394432118444,1778498940,DyLam
261999,578.3549488706503,1778498940,DyLam
262999,566.3656212335002,1778498940,DyLam
263999,591.6144165146122,1778498940,DyLam
264999,597.1351964647902,1778498940,DyLam
265999,567.616450787262,1778498940,DyLam
266999,618.1209137110825,1778498940,DyLam
267999,607.9431339481748,1778498940,DyLam
268999,578.3620105735622,1778498940,DyLam
269999,621.931173807971,1778498940,DyLam
270999,601.141688179827,1778498940,DyLam
271999,620.1186351589968,1778498940,DyLam
272999,620.5879339248572,1778498940,DyLam
273999,576.5583533760362,1778498940,DyLam
274999,552.0800418041134,1778498940,DyLam
275999,574.7876320033281,1778498940,DyLam
276999,629.1113840800074,1778498940,DyLam
277999,596.775159575393,1778498940,DyLam
278999,610.8938618758733,1778498940,DyLam
279999,593.5241685271747,1778498940,DyLam
280999,584.7300803905165,1778498940,DyLam
281999,589.057771164033,1778498940,DyLam
282999,593.4882086453275,1778498940,DyLam
283999,561.4153066354099,1778498940,DyLam
284999,594.1469525449832,1778498940,DyLam
285999,558.4839734740076,1778498940,DyLam
286999,604.3917071796789,1778498940,DyLam
287999,566.3968483364616,1778498940,DyLam
288999,596.1810277505418,1778498940,DyLam
289999,580.0212090200841,1778498940,DyLam
290999,560.0505923298498,1778498940,DyLam
291999,583.6632575019087,1778498940,DyLam
292999,561.525550102135,1778498940,DyLam
293999,541.652792910216,1778498940,DyLam
294999,571.7706483547319,1778498940,DyLam
295999,585.2508946844562,1778498940,DyLam
296999,564.4444173687858,1778498940,DyLam
297999,552.8128225232216,1778498940,DyLam
298999,544.4060073605881,1778498940,DyLam
299999,544.4562803235603,1778498940,DyLam
300999,555.348710614911,1778498940,DyLam
301999,564.7565021688713,1778498940,DyLam
302999,571.410524290484,1778498940,DyLam
303999,546.2916074793859,1778498940,DyLam
304999,538.1849225154776,1778498940,DyLam
305999,569.4357497274884,1778498940,DyLam
306999,537.8012325612261,1778498940,DyLam
307999,530.7982398876671,1778498940,DyLam
308999,577.7357382839726,1778498940,DyLam
309999,530.2884164291384,1778498940,DyLam
310999,555.9402871109473,1778498940,DyLam
311999,542.6362737886437,1778498940,DyLam
312999,570.7255950632842,1778498940,DyLam
313999,560.216537104074,1778498940,DyLam
314999,589.8793142352425,1778498940,DyLam
315999,584.2040553187977,1778498940,DyLam
316999,572.3956438511458,1778498940,DyLam
317999,578.7895219446657,1778498940,DyLam
318999,581.386511023882,1778498940,DyLam
319999,560.6486158402165,1778498940,DyLam
320999,583.2513730436333,1778498940,DyLam
321999,570.5148133298479,1778498940,DyLam
322999,560.9442452168273,1778498940,DyLam
323999,588.0985142965812,1778498940,DyLam
324999,596.3507361565014,1778498940,DyLam
325999,591.0495698447268,1778498940,DyLam
326999,565.0768290244743,1778498940,DyLam
327999,586.2674259769192,1778498940,DyLam
328999,620.3347466762458,1778498940,DyLam
329999,609.2980800155618,1778498940,DyLam
330999,614.94548174444,1778498940,DyLam
331999,622.0505860409038,1778498940,DyLam
332999,623.3978566559678,1778498940,DyLam
333999,618.7775630203998,1778498940,DyLam
334999,627.8167915837969,1778498940,DyLam
335999,596.7367736198689,1778498940,DyLam
336999,614.5883208998162,1778498940,DyLam
337999,609.4123573961563,1778498940,DyLam
338999,627.5780785243487,1778498940,DyLam
339999,611.2332861337559,1778498940,DyLam
340999,613.242346055277,1778498940,DyLam
341999,626.1328077950792,1778498940,DyLam
342999,615.6668426408447,1778498940,DyLam
343999,619.8653274598421,1778498940,DyLam
344999,598.4804774141594,1778498940,DyLam
345999,599.5848582307281,1778498940,DyLam
346999,607.5372807887707,1778498940,DyLam
347999,590.8154885383454,1778498940,DyLam
348999,618.9964231616914,1778498940,DyLam
349999,595.4751246338119,1778498940,DyLam
350999,610.2011554630086,1778498940,DyLam
351999,605.4282563204355,1778498940,DyLam
352999,601.1562249190313,1778498940,DyLam
353999,612.9555509503027,1778498940,DyLam
354999,618.776726360692,1778498940,DyLam
355999,613.6107314976441,1778498940,DyLam
356999,601.5781565851697,1778498940,DyLam
357999,602.5486861901715,1778498940,DyLam
358999,616.23858317907,1778498940,DyLam
359999,615.154879757073,1778498940,DyLam
360999,618.6883272770311,1778498940,DyLam
361999,588.5695425291877,1778498940,DyLam
362999,161.87036550768437,1778498940,DyLam
363999,606.0601950212327,1778498940,DyLam
364999,627.7446721811342,1778498940,DyLam
365999,613.9411623939062,1778498940,DyLam
366999,607.1284649729255,1778498940,DyLam
367999,619.9226669537026,1778498940,DyLam
368999,617.2823024652162,1778498940,DyLam
369999,642.1777913451622,1778498940,DyLam
370999,599.5736124553109,1778498940,DyLam
371999,631.4304064793532,1778498940,DyLam
372999,628.6161310263769,1778498940,DyLam
373999,621.80366612529,1778498940,DyLam
374999,631.7319487751081,1778498940,DyLam
375999,635.8164804392387,1778498940,DyLam
376999,645.5542745402051,1778498940,DyLam
377999,632.0999576555672,1778498940,DyLam
378999,642.9836344691288,1778498940,DyLam
379999,637.1335034066396,1778498940,DyLam
380999,639.1685253540978,1778498940,DyLam
381999,633.7240498035694,1778498940,DyLam
382999,624.1901270224779,1778498940,DyLam
383999,639.5981557732376,1778498940,DyLam
384999,631.2916106512662,1778498940,DyLam
385999,626.6405973240292,1778498940,DyLam
386999,640.5874031987963,1778498940,DyLam
387999,630.5584604143157,1778498940,DyLam
388999,621.9627474199117,1778498940,DyLam
389999,600.8440654203985,1778498940,DyLam
390999,627.655281351866,1778498940,DyLam
391999,612.8697006408187,1778498940,DyLam
392999,625.5255414700563,1778498940,DyLam
393999,617.7187077200784,1778498940,DyLam
394999,631.6750806218813,1778498940,DyLam
395999,632.383739400499,1778498940,DyLam
396999,613.9424692650579,1778498940,DyLam
397999,621.9212881304225,1778498940,DyLam
398999,628.0504185836392,1778498940,DyLam
399999,619.680965554626,1778498940,DyLam
400999,622.3016980954047,1778498940,DyLam
401999,628.485409875548,1778498940,DyLam
402999,607.5476520104205,1778498940,DyLam
403999,620.3806166351029,1778498940,DyLam
404999,619.4871899690224,1778498940,DyLam
405999,626.145516962395,1778498940,DyLam
406999,590.1469510226227,1778498940,DyLam
407999,574.0217986718629,1778498940,DyLam
408999,607.5386256316302,1778498940,DyLam
409999,585.408168281199,1778498940,DyLam
410999,603.2819387736265,1778498940,DyLam
411999,615.8237613433961,1778498940,DyLam
412999,591.4623155225497,1778498940,DyLam
413999,594.3279681706658,1778498940,DyLam
414999,605.3416091553197,1778498940,DyLam
415999,615.4470086489098,1778498940,DyLam
416999,622.1727683813751,1778498940,DyLam
417999,605.6487358672708,1778498940,DyLam
418999,621.1609639343869,1778498940,DyLam
419999,612.6582377190089,1778498940,DyLam
420999,612.3134369973727,1778498940,DyLam
421999,589.8325900034652,1778498940,DyLam
422999,609.6058998182268,1778498940,DyLam
423999,605.9009687001881,1778498940,DyLam
424999,602.8224358226713,1778498940,DyLam
425999,595.386566321263,1778498940,DyLam
426999,604.196494425248,1778498940,DyLam
427999,621.39386734619,1778498940,DyLam
428999,617.0406656052237,1778498940,DyLam
429999,634.7329217547001,1778498940,DyLam
430999,628.0934703413244,1778498940,DyLam
431999,636.8411521680384,1778498940,DyLam
432999,621.8893104519069,1778498940,DyLam
433999,602.6555338826419,1778498940,DyLam
434999,614.4462508163564,1778498940,DyLam
435999,633.0435136550652,1778498940,DyLam
436999,632.1589757403156,1778498940,DyLam
437999,639.1021773228841,1778498940,DyLam
438999,642.0610177957918,1778498940,DyLam
439999,648.1564628065661,1778498940,DyLam
440999,636.6402050109026,1778498940,DyLam
441999,626.645272075159,1778498940,DyLam
442999,630.9895355134705,1778498940,DyLam
443999,638.9628859646839,1778498940,DyLam
444999,617.7505735257943,1778498940,DyLam
445999,633.4536085004574,1778498940,DyLam
446999,621.4965185020513,1778498940,DyLam
447999,628.8594768292874,1778498940,DyLam
448999,614.4282976609558,1778498940,DyLam
449999,632.515405288239,1778498940,DyLam
450999,619.5970160789885,1778498940,DyLam
451999,630.170601166016,1778498940,DyLam
452999,624.2079760915274,1778498940,DyLam
453999,631.6399144442777,1778498940,DyLam
454999,619.8036067494739,1778498940,DyLam
455999,618.7670047111633,1778498940,DyLam
456999,630.8618857298367,1778498940,DyLam
457999,628.8952606198129,1778498940,DyLam
458999,611.5997432879033,1778498940,DyLam
459999,601.2194427111542,1778498940,DyLam
460999,650.4159124115415,1778498940,DyLam
461999,636.5995686372353,1778498940,DyLam
462999,635.9339006881855,1778498940,DyLam
463999,621.175597622499,1778498940,DyLam
464999,604.3169549025743,1778498940,DyLam
465999,608.342136029968,1778498940,DyLam
466999,217.0387726845564,1778498940,DyLam
467999,626.8062354530447,1778498940,DyLam
468999,613.3871629080053,1778498940,DyLam
469999,649.7188850638754,1778498940,DyLam
470999,630.540722351618,1778498940,DyLam
471999,622.3530703775809,1778498940,DyLam
472999,627.623329832355,1778498940,DyLam
473999,624.121838159338,1778498940,DyLam
474999,643.9322893046742,1778498940,DyLam
475999,646.7905967096738,1778498940,DyLam
476999,631.6313435369098,1778498940,DyLam
477999,613.1934863962093,1778498940,DyLam
478999,603.1760223791291,1778498940,DyLam
479999,629.8280671161651,1778498940,DyLam
480999,629.1551304485068,1778498940,DyLam
481999,633.5441285161036,1778498940,DyLam
482999,644.1274698336647,1778498940,DyLam
483999,610.4988241129834,1778498940,DyLam
484999,649.776754275023,1778498940,DyLam
485999,617.2944511127657,1778498940,DyLam
486999,625.8653940632735,1778498940,DyLam
487999,651.4717214190186,1778498940,DyLam
488999,640.3634393282176,1778498940,DyLam
489999,610.3267565707123,1778498940,DyLam
490999,629.7425847193166,1778498940,DyLam
491999,632.8717676170722,1778498940,DyLam
492999,646.8245828854692,1778498940,DyLam
493999,640.9495379321014,1778498940,DyLam
494999,613.1119572653765,1778498940,DyLam
495999,610.4522834308924,1778498940,DyLam
496999,629.109596818517,1778498940,DyLam
497999,628.0461775451469,1778498940,DyLam
498999,628.2132623052123,1778498940,DyLam
499999,616.3073388388077,1778498940,DyLam
999,-4.9129777401142425,1778498933,DyLam
1999,-7.735195136729838,1778498933,DyLam
2999,-4.844110720657203,1778498933,DyLam
3999,-10.17730408565107,1778498933,DyLam
4999,-3.2480966700660865,1778498933,DyLam
5999,-11.597375805773163,1778498933,DyLam
6999,-3.8550440099597254,1778498933,DyLam
7999,-1.8433134586883002,1778498933,DyLam
8999,-7.985221755456782,1778498933,DyLam
9999,-6.1288343608542455,1778498933,DyLam
10999,-9.377088259630739,1778498933,DyLam
11999,-0.8185987816942286,1778498933,DyLam
12999,-0.4668400030156785,1778498933,DyLam
13999,-10.32776658153351,1778498933,DyLam
14999,-5.665818767406388,1778498933,DyLam
15999,-10.823228434813702,1778498933,DyLam
16999,-4.736287940290228,1778498933,DyLam
17999,-3.2829187859001716,1778498933,DyLam
18999,-5.62461497002996,1778498933,DyLam
19999,2.563398074116222,1778498933,DyLam
20999,-2.7411147137436065,1778498933,DyLam
21999,-5.153607103035688,1778498933,DyLam
22999,0.23432325745365842,1778498933,DyLam
23999,-1.3289481886174266,1778498933,DyLam
24999,2.856512644210544,1778498933,DyLam
25999,2.64472217775132,1778498933,DyLam
26999,7.242782086193406,1778498933,DyLam
27999,9.971460147067877,1778498933,DyLam
28999,9.6115500288367,1778498933,DyLam
29999,10.426969830590295,1778498933,DyLam
30999,12.596888431229818,1778498933,DyLam
31999,15.807087880745623,1778498933,DyLam
32999,10.63219247673264,1778498933,DyLam
33999,21.11218086710255,1778498933,DyLam
34999,14.754135332407618,1778498933,DyLam
35999,105.95988398691458,1778498933,DyLam
36999,115.32804484065053,1778498933,DyLam
37999,133.9455068466705,1778498933,DyLam
38999,146.34173758119266,1778498933,DyLam
39999,184.1488874162064,1778498933,DyLam
40999,206.28022004664933,1778498933,DyLam
41999,211.82367887039268,1778498933,DyLam
42999,213.36157693520752,1778498933,DyLam
43999,240.90124767853627,1778498933,DyLam
44999,254.46120377444558,1778498933,DyLam
45999,261.77987937730313,1778498933,DyLam
46999,271.6139952024231,1778498933,DyLam
47999,277.0713917544028,1778498933,DyLam
48999,272.002594083412,1778498933,DyLam
49999,266.65958965634786,1778498933,DyLam
50999,280.33816246819055,1778498933,DyLam
51999,282.5031873865377,1778498933,DyLam
52999,286.2023633920331,1778498933,DyLam
53999,292.167179690584,1778498933,DyLam
54999,317.709095011381,1778498933,DyLam
55999,310.7209216549687,1778498933,DyLam
56999,306.9195853409844,1778498933,DyLam
57999,304.4844783506565,1778498933,DyLam
58999,333.66387832737087,1778498933,DyLam
59999,315.6485158652103,1778498933,DyLam
60999,328.60146420417624,1778498933,DyLam
61999,326.02048887886093,1778498933,DyLam
62999,337.393986888415,1778498933,DyLam
63999,326.8889949775872,1778498933,DyLam
64999,335.2371113348284,1778498933,DyLam
65999,317.9858751195999,1778498933,DyLam
66999,323.0119467596381,1778498933,DyLam
67999,318.5028323890015,1778498933,DyLam
68999,310.97188211155384,1778498933,DyLam
69999,315.84951063286496,1778498933,DyLam
70999,303.9954191930199,1778498933,DyLam
71999,312.40086082631524,1778498933,DyLam
72999,301.88972340976534,1778498933,DyLam
73999,304.5135860427974,1778498933,DyLam
74999,297.89130345784645,1778498933,DyLam
75999,306.0806698538932,1778498933,DyLam
76999,302.9031811125965,1778498933,DyLam
77999,300.5301721392152,1778498933,DyLam
78999,312.45262629120197,1778498933,DyLam
79999,301.1925298357439,1778498933,DyLam
80999,304.6512078484633,1778498933,DyLam
81999,302.1999130768657,1778498933,DyLam
82999,308.14114166418096,1778498933,DyLam
83999,316.84435365134965,1778498933,DyLam
84999,311.8502064892429,1778498933,DyLam
85999,302.97575290654777,1778498933,DyLam
86999,30.786707088390955,1778498933,DyLam
87999,316.91982899393093,1778498933,DyLam
88999,314.2269686821413,1778498933,DyLam
89999,321.00878408383375,1778498933,DyLam
90999,319.8963476002428,1778498933,DyLam
91999,322.59199810511547,1778498933,DyLam
92999,324.96995888288546,1778498933,DyLam
93999,324.0569842198378,1778498933,DyLam
94999,330.1615970658774,1778498933,DyLam
95999,334.4762031364187,1778498933,DyLam
96999,335.31437661800624,1778498933,DyLam
97999,336.0551317694001,1778498933,DyLam
98999,332.8787772771586,1778498933,DyLam
99999,342.5360994397771,1778498933,DyLam
100999,344.92199648977015,1778498933,DyLam
101999,338.66420744444787,1778498933,DyLam
102999,356.8433348503315,1778498933,DyLam
103999,347.3770987139487,1778498933,DyLam
104999,356.30360792467786,1778498933,DyLam
105999,360.5061377181392,1778498933,DyLam
106999,352.76087378822655,1778498933,DyLam
107999,360.55736258346064,1778498933,DyLam
108999,354.7372954903838,1778498933,DyLam
109999,364.34691189326907,1778498933,DyLam
110999,361.1886230890906,1778498933,DyLam
111999,366.8600671836215,1778498933,DyLam
112999,362.54621660788706,1778498933,DyLam
113999,366.4382092323367,1778498933,DyLam
114999,372.4347220137982,1778498933,DyLam
115999,370.107908281198,1778498933,DyLam
116999,375.46379637583414,1778498933,DyLam
117999,375.38698052356574,1778498933,DyLam
118999,377.04132902887966,1778498933,DyLam
119999,378.6601112395491,1778498933,DyLam
120999,367.58868454149876,1778498933,DyLam
121999,378.34661732085124,1778498933,DyLam
122999,374.5552091678628,1778498933,DyLam
123999,380.29649733131004,1778498933,DyLam
124999,376.45401307899925,1778498933,DyLam
125999,389.4970348653873,1778498933,DyLam
126999,385.4118046581016,1778498933,DyLam
127999,386.4531645426534,1778498933,DyLam
128999,386.9853185467225,1778498933,DyLam
129999,389.58797359599373,1778498933,DyLam
130999,388.4349626847253,1778498933,DyLam
131999,390.13325799411285,1778498933,DyLam
132999,380.1947290790211,1778498933,DyLam
133999,389.2783800747377,1778498933,DyLam
134999,387.05076972167217,1778498933,DyLam
135999,379.7477168227192,1778498933,DyLam
136999,390.6841378417166,1778498933,DyLam
137999,386.1764724929998,1778498933,DyLam
138999,392.8576632309948,1778498933,DyLam
139999,389.19620213074313,1778498933,DyLam
140999,384.23144653657846,1778498933,DyLam
141999,380.15619879229234,1778498933,DyLam
142999,382.87297487226317,1778498933,DyLam
143999,393.31522541563686,1778498933,DyLam
144999,398.7785072428569,1778498933,DyLam
145999,401.687847168154,1778498933,DyLam
146999,389.80193607263334,1778498933,DyLam
147999,395.9676063853651,1778498933,DyLam
148999,391.95030095724553,1778498933,DyLam
149999,397.0080953876587,1778498933,DyLam
150999,383.6092205761726,1778498933,DyLam
151999,408.1546161748546,1778498933,DyLam
152999,396.19664465434766,1778498933,DyLam
153999,406.689575354285,1778498933,DyLam
154999,403.9614815221723,1778498933,DyLam
155999,405.0462794593218,1778498933,DyLam
156999,401.78515471064327,1778498933,DyLam
157999,410.7317061778118,1778498933,DyLam
158999,406.92742401339655,1778498933,DyLam
159999,398.4615697582354,1778498933,DyLam
160999,407.2510055155136,1778498933,DyLam
161999,409.96971680745787,1778498933,DyLam
162999,416.7465959759896,1778498933,DyLam
163999,398.49878176997754,1778498933,DyLam
164999,412.96265901227025,1778498933,DyLam
165999,411.0624431050941,1778498933,DyLam
166999,409.7664011345254,1778498933,DyLam
167999,413.90497364659734,1778498933,DyLam
168999,415.16781240618025,1778498933,DyLam
169999,411.92053754763856,1778498933,DyLam
170999,412.1562624467322,1778498933,DyLam
171999,411.0363723100323,1778498933,DyLam
172999,415.55877950985735,1778498933,DyLam
173999,420.41197194929185,1778498933,DyLam
174999,418.2931806221783,1778498933,DyLam
175999,414.0507449145837,1778498933,DyLam
176999,422.72537779861375,1778498933,DyLam
177999,416.97702352619467,1778498933,DyLam
178999,417.47539779227503,1778498933,DyLam
179999,420.9204526052432,1778498933,DyLam
180999,423.8885685178396,1778498933,DyLam
181999,415.76708314824907,1778498933,DyLam
182999,419.69006747916814,1778498933,DyLam
183999,419.08240717873383,1778498933,DyLam
184999,426.3259516221658,1778498933,DyLam
185999,427.5779908924964,1778498933,DyLam
186999,424.9130871591176,1778498933,DyLam
187999,430.0866248531264,1778498933,DyLam
188999,430.52625646221134,1778498933,DyLam
189999,423.995638781263,1778498933,DyLam
190999,435.9742122005908,1778498933,DyLam
191999,431.6603045533289,1778498933,DyLam
192999,432.0343692723659,1778498933,DyLam
193999,427.02676158208106,1778498933,DyLam
194999,428.92669793863803,1778498933,DyLam
195999,432.0165522624451,1778498933,DyLam
196999,426.2292019695649,1778498933,DyLam
197999,434.2504844654386,1778498933,DyLam
198999,437.87733031096406,1778498933,DyLam
199999,441.7592278573833,1778498933,DyLam
200999,445.58371927520886,1778498933,DyLam
201999,451.0743045703681,1778498933,DyLam
202999,446.36522668050804,1778498933,DyLam
203999,443.9967819136689,1778498933,DyLam
204999,441.0650727686715,1778498933,DyLam
205999,449.5136328396536,1778498933,DyLam
206999,440.4834964891522,1778498933,DyLam
207999,444.74041986806276,1778498933,DyLam
208999,425.2922296181815,1778498933,DyLam
209999,439.3776839818936,1778498933,DyLam
210999,424.89790840418397,1778498933,DyLam
211999,438.3262998054164,1778498933,DyLam
212999,459.7518810675393,1778498933,DyLam
213999,449.78415425415744,1778498933,DyLam
214999,439.93149723453587,1778498933,DyLam
215999,437.45415908742115,1778498933,DyLam
216999,443.24482937528506,1778498933,DyLam
217999,428.48036677109985,1778498933,DyLam
218999,436.7201776964079,1778498933,DyLam
219999,442.26086118599756,1778498933,DyLam
220999,428.16722900187295,1778498933,DyLam
221999,418.9556310286649,1778498933,DyLam
222999,424.5872390344845,1778498933,DyLam
223999,444.21649402211494,1778498933,DyLam
224999,444.9582704780743,1778498933,DyLam
225999,442.3328419322438,1778498933,DyLam
226999,423.79327247572434,1778498933,DyLam
227999,435.3767352124914,1778498933,DyLam
228999,440.0284280525263,1778498933,DyLam
229999,447.7961102420865,1778498933,DyLam
230999,430.67361041036827,1778498933,DyLam
231999,440.92357011320485,1778498933,DyLam
232999,440.9623540735715,1778498933,DyLam
233999,441.4462092435838,1778498933,DyLam
234999,444.4689064639736,1778498933,DyLam
235999,448.3708796752883,1778498933,DyLam
236999,451.8299391743566,1778498933,DyLam
237999,451.14589352490214,1778498933,DyLam
238999,445.86709933563327,1778498933,DyLam
239999,440.62922735424036,1778498933,DyLam
240999,442.3478104463589,1778498933,DyLam
241999,456.98028872247914,1778498933,DyLam
242999,456.8059166107521,1778498933,DyLam
243999,458.64124374720984,1778498933,DyLam
244999,456.0650422036663,1778498933,DyLam
245999,448.994301665209,1778498933,DyLam
246999,457.2974072453406,1778498933,DyLam
247999,462.14009221807686,1778498933,DyLam
248999,277.0945437084702,1778498933,DyLam
249999,472.5341407683725,1778498933,DyLam
250999,460.54247017596504,1778498933,DyLam
251999,465.33547396961677,1778498933,DyLam
252999,445.051898191508,1778498933,DyLam
253999,457.1149407644095,1778498933,DyLam
254999,459.0461423320769,1778498933,DyLam
255999,465.83469386690575,1778498933,DyLam
256999,463.7152269888631,1778498933,DyLam
257999,465.0843905424754,1778498933,DyLam
258999,464.7984778470461,1778498933,DyLam
259999,451.1905715719181,1778498933,DyLam
260999,456.8430283572048,1778498933,DyLam
261999,120.13902170562721,1778498933,DyLam
262999,457.3070944781601,1778498933,DyLam
263999,467.99061323185776,1778498933,DyLam
264999,474.11336871144033,1778498933,DyLam
265999,470.3174948431955,1778498933,DyLam
266999,467.1888026058654,1778498933,DyLam
267999,456.0754636847726,1778498933,DyLam
268999,466.4441416907567,1778498933,DyLam
269999,461.8059061562849,1778498933,DyLam
270999,459.1137682762211,1778498933,DyLam
271999,465.17293139304167,1778498933,DyLam
272999,472.52665160183085,1778498933,DyLam
273999,455.40388108945706,1778498933,DyLam
274999,464.59978136570356,1778498933,DyLam
275999,463.0560264754341,1778498933,DyLam
276999,462.78703210437425,1778498933,DyLam
277999,458.6723950414005,1778498933,DyLam
278999,456.84662498046686,1778498933,DyLam
279999,469.7551834453848,1778498933,DyLam
280999,464.187444555219,1778498933,DyLam
281999,459.3811388667914,1778498933,DyLam
282999,475.52293796769374,1778498933,DyLam
283999,473.0191871970539,1778498933,DyLam
284999,465.7089119863208,1778498933,DyLam
285999,470.22290465885754,1778498933,DyLam
286999,467.0896093323279,1778498933,DyLam
287999,470.83162040907644,1778498933,DyLam
288999,473.7145672077826,1778498933,DyLam
289999,478.56509725525444,1778498933,DyLam
290999,474.581900183276,1778498933,DyLam
291999,470.27947530924695,1778498933,DyLam
292999,445.2867423986315,1778498933,DyLam
293999,477.0666141560985,1778498933,DyLam
294999,462.42528444350125,1778498933,DyLam
295999,474.591551213304,1778498933,DyLam
296999,485.07511625361394,1778498933,DyLam
297999,471.9531890393872,1778498933,DyLam
298999,477.68778900941874,1778498933,DyLam
299999,473.9649408416657,1778498933,DyLam
300999,481.5282830873126,1778498933,DyLam
301999,448.0868671022151,1778498933,DyLam
302999,479.0255290346528,1778498933,DyLam
303999,448.40964855298284,1778498933,DyLam
304999,480.149611197652,1778498933,DyLam
305999,457.50883569342113,1778498933,DyLam
306999,459.0059835752457,1778498933,DyLam
307999,473.1833701245244,1778498933,DyLam
308999,489.1706490398596,1778498933,DyLam
309999,473.8272695280023,1778498933,DyLam
310999,481.63577208317366,1778498933,DyLam
311999,482.14969314835207,1778498933,DyLam
312999,477.5400036860012,1778498933,DyLam
313999,492.73019845118813,1778498933,DyLam
314999,488.43861618694405,1778498933,DyLam
315999,477.5897962814287,1778498933,DyLam
316999,472.04343689067423,1778498933,DyLam
317999,474.0530145924999,1778498933,DyLam
318999,472.6674189897654,1778498933,DyLam
319999,493.08760264703994,1778498933,DyLam
320999,482.57370125171167,1778498933,DyLam
321999,476.6875837206902,1778498933,DyLam
322999,481.50664058825726,1778498933,DyLam
323999,464.45314974155787,1778498933,DyLam
324999,496.6040493923021,1778498933,DyLam
325999,485.07413202515284,1778498933,DyLam
326999,484.9738411655902,1778498933,DyLam
327999,470.31917733517537,1778498933,DyLam
328999,485.5594548432358,1778498933,DyLam
329999,474.90276669922196,1778498933,DyLam
330999,484.3167628316827,1778498933,DyLam
331999,473.8435400430271,1778498933,DyLam
332999,463.3203044067574,1778498933,DyLam
333999,471.52524555046557,1778498933,DyLam
334999,486.8007995760653,1778498933,DyLam
335999,482.1122552813398,1778498933,DyLam
336999,478.1062205743255,1778498933,DyLam
337999,469.34213434208135,1778498933,DyLam
338999,473.351593364104,1778498933,DyLam
339999,484.6552840156843,1778498933,DyLam
340999,471.26258809791,1778498933,DyLam
341999,441.6449511997142,1778498933,DyLam
342999,492.95703705287076,1778498933,DyLam
343999,485.91066172928714,1778498933,DyLam
344999,475.02616316567713,1778498933,DyLam
345999,470.8705495597327,1778498933,DyLam
346999,462.9898364082242,1778498933,DyLam
347999,477.2220548019842,1778498933,DyLam
348999,477.03498269895545,1778498933,DyLam
349999,460.84195806688854,1778498933,DyLam
350999,483.0559493127659,1778498933,DyLam
351999,478.12464334045274,1778498933,DyLam
352999,475.1564891924103,1778498933,DyLam
353999,488.25735937412355,1778498933,DyLam
354999,470.2929306321838,1778498933,DyLam
355999,497.5123261456365,1778498933,DyLam
356999,485.4247976070668,1778498933,DyLam
357999,494.08236322860796,1778498933,DyLam
358999,472.6822505807946,1778498933,DyLam
359999,493.2377766827091,1778498933,DyLam
360999,476.48819008979154,1778498933,DyLam
361999,493.4587831422965,1778498933,DyLam
362999,484.5504834893515,1778498933,DyLam
363999,486.431598982066,1778498933,DyLam
364999,485.3590756723323,1778498933,DyLam
365999,489.6573564392209,1778498933,DyLam
366999,496.34363449148384,1778498933,DyLam
367999,496.37991297979636,1778498933,DyLam
368999,497.9811398982884,1778498933,DyLam
369999,483.38217815632794,1778498933,DyLam
370999,485.11830288791657,1778498933,DyLam
371999,487.7767168375617,1778498933,DyLam
372999,492.6203724767616,1778498933,DyLam
373999,502.75132640453035,1778498933,DyLam
374999,493.04393934034266,1778498933,DyLam
375999,507.7282755379225,1778498933,DyLam
376999,500.0080734562409,1778498933,DyLam
377999,485.1594800909358,1778498933,DyLam
378999,483.9196090136533,1778498933,DyLam
379999,496.4971906395944,1778498933,DyLam
380999,485.0008881834435,1778498933,DyLam
381999,479.78789895069093,1778498933,DyLam
382999,496.1933308003446,1778498933,DyLam
383999,490.47173902995064,1778498933,DyLam
384999,503.15122017908374,1778498933,DyLam
385999,487.26264778168957,1778498933,DyLam
386999,483.4848030330574,1778498933,DyLam
387999,484.57166838351776,1778498933,DyLam
388999,492.9847798836706,1778498933,DyLam
389999,496.7040496596357,1778498933,DyLam
390999,487.6773958234432,1778498933,DyLam
391999,477.1825255484392,1778498933,DyLam
392999,495.69775696221546,1778498933,DyLam
393999,496.93182362605774,1778498933,DyLam
394999,484.68515452844065,1778498933,DyLam
395999,498.6221836462771,1778498933,DyLam
396999,498.254730814396,1778498933,DyLam
397999,176.52803022671407,1778498933,DyLam
398999,496.43817483564567,1778498933,DyLam
399999,509.0450489931418,1778498933,DyLam
400999,496.10830297220497,1778498933,DyLam
401999,497.68797142016217,1778498933,DyLam
402999,491.4249829347775,1778498933,DyLam
403999,509.7411412232499,1778498933,DyLam
404999,199.18075903127934,1778498933,DyLam
405999,504.36348768677544,1778498933,DyLam
406999,508.58419968570837,1778498933,DyLam
407999,512.318675276417,1778498933,DyLam
408999,514.3338846589828,1778498933,DyLam
409999,520.4528316665669,1778498933,DyLam
410999,525.5925267647815,1778498933,DyLam
411999,508.50827360720706,1778498933,DyLam
412999,516.9958151390333,1778498933,DyLam
413999,483.64557883313,1778498933,DyLam
414999,504.2308835131885,1778498933,DyLam
415999,507.60312327372066,1778498933,DyLam
416999,530.2441446206544,1778498933,DyLam
417999,514.4731908388633,1778498933,DyLam
418999,515.593334278662,1778498933,DyLam
419999,529.4128234984234,1778498933,DyLam
420999,516.0021920625239,1778498933,DyLam
421999,516.7466612347466,1778498933,DyLam
422999,543.2912772460577,1778498933,DyLam
423999,536.8617070756486,1778498933,DyLam
424999,524.0461878713282,1778498933,DyLam
425999,514.3036666556304,1778498933,DyLam
426999,533.2943534644696,1778498933,DyLam
427999,532.9277410716597,1778498933,DyLam
428999,523.1835415510722,1778498933,DyLam
429999,516.5353156180342,1778498933,DyLam
430999,526.5064642373502,1778498933,DyLam
431999,534.0797305412916,1778498933,DyLam
432999,528.5832448794697,1778498933,DyLam
433999,523.066102988487,1778498933,DyLam
434999,513.1994190396939,1778498933,DyLam
435999,508.77067702464205,1778498933,DyLam
436999,531.7546461528162,1778498933,DyLam
437999,535.6775876525206,1778498933,DyLam
438999,547.183575101015,1778498933,DyLam
439999,541.266440043413,1778498933,DyLam
440999,521.324548782292,1778498933,DyLam
441999,535.674289409569,1778498933,DyLam
442999,531.7062348515608,1778498933,DyLam
443999,520.451405955828,1778498933,DyLam
444999,544.9725155373488,1778498933,DyLam
445999,517.3156717768957,1778498933,DyLam
446999,547.7890320926219,1778498933,DyLam
447999,530.0405533238196,1778498933,DyLam
448999,552.398441436482,1778498933,DyLam
449999,556.1629634138126,1778498933,DyLam
450999,547.7409330490173,1778498933,DyLam
451999,536.7513703263625,1778498933,DyLam
452999,245.96308755110638,1778498933,DyLam
453999,529.4661117166805,1778498933,DyLam
454999,538.5493663234004,1778498933,DyLam
455999,544.0851803151184,1778498933,DyLam
456999,548.8107734603002,1778498933,DyLam
457999,537.5254513278198,1778498933,DyLam
458999,519.1461645809,1778498933,DyLam
459999,547.8732387237361,1778498933,DyLam
460999,536.3400231861049,1778498933,DyLam
461999,549.1290167334006,1778498933,DyLam
462999,550.3752369050582,1778498933,DyLam
463999,550.5712466654162,1778498933,DyLam
464999,555.4743564065218,1778498933,DyLam
465999,545.8498649539335,1778498933,DyLam
466999,556.8717016211474,1778498933,DyLam
467999,545.7668150928591,1778498933,DyLam
468999,513.5759383540252,1778498933,DyLam
469999,555.7135474800177,1778498933,DyLam
470999,561.3462303226547,1778498933,DyLam
471999,563.9455682450175,1778498933,DyLam
472999,552.2274056127358,1778498933,DyLam
473999,547.8681598561951,1778498933,DyLam
474999,556.2367641968784,1778498933,DyLam
475999,566.6751280442745,1778498933,DyLam
476999,566.240413469581,1778498933,DyLam
477999,561.7719129941278,1778498933,DyLam
478999,564.7511732092573,1778498933,DyLam
479999,568.6499006748436,1778498933,DyLam
480999,569.3584837142729,1778498933,DyLam
481999,564.9016231963196,1778498933,DyLam
482999,567.2975496919913,1778498933,DyLam
483999,584.5244462097227,1778498933,DyLam
484999,561.175967348472,1778498933,DyLam
485999,567.8314567290142,1778498933,DyLam
486999,561.0773692486248,1778498933,DyLam
487999,564.4076867485023,1778498933,DyLam
488999,576.5573091289482,1778498933,DyLam
489999,556.2883976250761,1778498933,DyLam
490999,554.51012285801,1778498933,DyLam
491999,527.7938203288784,1778498933,DyLam
492999,560.3578438494334,1778498933,DyLam
493999,549.7891478774204,1778498933,DyLam
494999,553.9017242959172,1778498933,DyLam
495999,532.62863415489,1778498933,DyLam
496999,561.9408475806997,1778498933,DyLam
497999,540.6063252896422,1778498933,DyLam
498999,552.0212082597966,1778498933,DyLam
499999,550.5204965268005,1778498933,DyLam
